id_estudiante,carrera,semestre,nota_actual,porcentaje_asistencia,probabilidad_riesgo_ml,nivel_riesgo,semaforo,accion_recomendada,plan_acompanamiento
STD_00001,Carrera General,Nivel General,8.1,85.0,27.96,BAJO,VERDE (ÓPTIMO),Seguimiento Regular de Aula,1. Continuar con el ritmo académico habitual. 2. Oportunidad de participación como mentor/ayudante.
STD_00001,Carrera General,Nivel General,7.4,85.0,20.35,BAJO,VERDE (ÓPTIMO),Seguimiento Regular de Aula,1. Continuar con el ritmo académico habitual. 2. Oportunidad de participación como mentor/ayudante.
STD_00001,Carrera General,Nivel General,5.9,85.0,69.88,ALTO,ROJO (CRÍTICO),Tutoría Académica Obligatoria y Derivación a Bienestar Estudiantil,1. Sesión tutorial individual semanal. 2. Plan de refuerzo en temas críticos. 3. Monitoreo continuo de asistencia.
STD_00001,Carrera General,Nivel General,9.6,85.0,21.21,BAJO,VERDE (ÓPTIMO),Seguimiento Regular de Aula,1. Continuar con el ritmo académico habitual. 2. Oportunidad de participación como mentor/ayudante.
STD_00001,Carrera General,Nivel General,9.5,85.0,41.02,MEDIO,AMARILLO (ADVERTENCIA),Acompañamiento Tutorial Preventivo y Talleres de Estudio,1. Entrevista de seguimiento bimensual. 2. Talleres grupales de resolución de ejercicios.
STD_00001,Carrera General,Nivel General,6.2,85.0,57.22,MEDIO,AMARILLO (ADVERTENCIA),Acompañamiento Tutorial Preventivo y Talleres de Estudio,1. Entrevista de seguimiento bimensual. 2. Talleres grupales de resolución de ejercicios.
STD_00001,Carrera General,Nivel General,9.7,85.0,25.22,BAJO,VERDE (ÓPTIMO),Seguimiento Regular de Aula,1. Continuar con el ritmo académico habitual. 2. Oportunidad de participación como mentor/ayudante.
STD_00001,Carrera General,Nivel General,5.9,85.0,80.26,ALTO,ROJO (CRÍTICO),Tutoría Académica Obligatoria y Derivación a Bienestar Estudiantil,1. Sesión tutorial individual semanal. 2. Plan de refuerzo en temas críticos. 3. Monitoreo continuo de asistencia.
STD_00002,Carrera General,Nivel General,5.1,85.0,95.1,ALTO,ROJO (CRÍTICO),Tutoría Académica Obligatoria y Derivación a Bienestar Estudiantil,1. Sesión tutorial individual semanal. 2. Plan de refuerzo en temas críticos. 3. Monitoreo continuo de asistencia.
STD_00002,Carrera General,Nivel General,6.8,85.0,97.35,ALTO,ROJO (CRÍTICO),Tutoría Académica Obligatoria y Derivación a Bienestar Estudiantil,1. Sesión tutorial individual semanal. 2. Plan de refuerzo en temas críticos. 3. Monitoreo continuo de asistencia.
STD_00002,Carrera General,Nivel General,6.9,85.0,96.87,ALTO,ROJO (CRÍTICO),Tutoría Académica Obligatoria y Derivación a Bienestar Estudiantil,1. Sesión tutorial individual semanal. 2. Plan de refuerzo en temas críticos. 3. Monitoreo continuo de asistencia.
STD_00002,Carrera General,Nivel General,7.1,85.0,18.76,BAJO,VERDE (ÓPTIMO),Seguimiento Regular de Aula,1. Continuar con el ritmo académico habitual. 2. Oportunidad de participación como mentor/ayudante.
STD_00002,Carrera General,Nivel General,5.7,85.0,93.59,ALTO,ROJO (CRÍTICO),Tutoría Académica Obligatoria y Derivación a Bienestar Estudiantil,1. Sesión tutorial individual semanal. 2. Plan de refuerzo en temas críticos. 3. Monitoreo continuo de asistencia.
STD_00002,Carrera General,Nivel General,5.0,85.0,90.08,ALTO,ROJO (CRÍTICO),Tutoría Académica Obligatoria y Derivación a Bienestar Estudiantil,1. Sesión tutorial individual semanal. 2. Plan de refuerzo en temas críticos. 3. Monitoreo continuo de asistencia.
STD_00002,Carrera General,Nivel General,6.2,85.0,71.58,ALTO,ROJO (CRÍTICO),Tutoría Académica Obligatoria y Derivación a Bienestar Estudiantil,1. Sesión tutorial individual semanal. 2. Plan de refuerzo en temas críticos. 3. Monitoreo continuo de asistencia.
STD_00002,Carrera General,Nivel General,5.2,85.0,92.88,ALTO,ROJO (CRÍTICO),Tutoría Académica Obligatoria y Derivación a Bienestar Estudiantil,1. Sesión tutorial individual semanal. 2. Plan de refuerzo en temas críticos. 3. Monitoreo continuo de asistencia.
STD_00003,Carrera General,Nivel General,5.3,85.0,86.75,ALTO,ROJO (CRÍTICO),Tutoría Académica Obligatoria y Derivación a Bienestar Estudiantil,1. Sesión tutorial individual semanal. 2. Plan de refuerzo en temas críticos. 3. Monitoreo continuo de asistencia.
STD_00003,Carrera General,Nivel General,5.5,85.0,86.6,ALTO,ROJO (CRÍTICO),Tutoría Académica Obligatoria y Derivación a Bienestar Estudiantil,1. Sesión tutorial individual semanal. 2. Plan de refuerzo en temas críticos. 3. Monitoreo continuo de asistencia.
STD_00003,Carrera General,Nivel General,4.4,85.0,90.88,ALTO,ROJO (CRÍTICO),Tutoría Académica Obligatoria y Derivación a Bienestar Estudiantil,1. Sesión tutorial individual semanal. 2. Plan de refuerzo en temas críticos. 3. Monitoreo continuo de asistencia.
STD_00003,Carrera General,Nivel General,5.0,85.0,87.46,ALTO,ROJO (CRÍTICO),Tutoría Académica Obligatoria y Derivación a Bienestar Estudiantil,1. Sesión tutorial individual semanal. 2. Plan de refuerzo en temas críticos. 3. Monitoreo continuo de asistencia.
STD_00003,Carrera General,Nivel General,7.3,85.0,17.83,BAJO,VERDE (ÓPTIMO),Seguimiento Regular de Aula,1. Continuar con el ritmo académico habitual. 2. Oportunidad de participación como mentor/ayudante.
STD_00003,Carrera General,Nivel General,8.3,85.0,22.93,BAJO,VERDE (ÓPTIMO),Seguimiento Regular de Aula,1. Continuar con el ritmo académico habitual. 2. Oportunidad de participación como mentor/ayudante.
STD_00003,Carrera General,Nivel General,6.6,85.0,91.55,ALTO,ROJO (CRÍTICO),Tutoría Académica Obligatoria y Derivación a Bienestar Estudiantil,1. Sesión tutorial individual semanal. 2. Plan de refuerzo en temas críticos. 3. Monitoreo continuo de asistencia.
STD_00003,Carrera General,Nivel General,11.0,85.0,18.37,BAJO,VERDE (ÓPTIMO),Seguimiento Regular de Aula,1. Continuar con el ritmo académico habitual. 2. Oportunidad de participación como mentor/ayudante.
STD_00004,Carrera General,Nivel General,4.1,85.0,85.3,ALTO,ROJO (CRÍTICO),Tutoría Académica Obligatoria y Derivación a Bienestar Estudiantil,1. Sesión tutorial individual semanal. 2. Plan de refuerzo en temas críticos. 3. Monitoreo continuo de asistencia.
STD_00004,Carrera General,Nivel General,4.6,85.0,90.35,ALTO,ROJO (CRÍTICO),Tutoría Académica Obligatoria y Derivación a Bienestar Estudiantil,1. Sesión tutorial individual semanal. 2. Plan de refuerzo en temas críticos. 3. Monitoreo continuo de asistencia.
STD_00004,Carrera General,Nivel General,4.5,85.0,86.48,ALTO,ROJO (CRÍTICO),Tutoría Académica Obligatoria y Derivación a Bienestar Estudiantil,1. Sesión tutorial individual semanal. 2. Plan de refuerzo en temas críticos. 3. Monitoreo continuo de asistencia.
STD_00004,Carrera General,Nivel General,7.9,85.0,16.54,BAJO,VERDE (ÓPTIMO),Seguimiento Regular de Aula,1. Continuar con el ritmo académico habitual. 2. Oportunidad de participación como mentor/ayudante.
STD_00004,Carrera General,Nivel General,4.4,85.0,84.45,ALTO,ROJO (CRÍTICO),Tutoría Académica Obligatoria y Derivación a Bienestar Estudiantil,1. Sesión tutorial individual semanal. 2. Plan de refuerzo en temas críticos. 3. Monitoreo continuo de asistencia.
STD_00004,Carrera General,Nivel General,4.8,85.0,82.01,ALTO,ROJO (CRÍTICO),Tutoría Académica Obligatoria y Derivación a Bienestar Estudiantil,1. Sesión tutorial individual semanal. 2. Plan de refuerzo en temas críticos. 3. Monitoreo continuo de asistencia.
STD_00004,Carrera General,Nivel General,6.6,85.0,78.47,ALTO,ROJO (CRÍTICO),Tutoría Académica Obligatoria y Derivación a Bienestar Estudiantil,1. Sesión tutorial individual semanal. 2. Plan de refuerzo en temas críticos. 3. Monitoreo continuo de asistencia.
STD_00004,Carrera General,Nivel General,9.3,85.0,16.68,BAJO,VERDE (ÓPTIMO),Seguimiento Regular de Aula,1. Continuar con el ritmo académico habitual. 2. Oportunidad de participación como mentor/ayudante.
STD_00005,Carrera General,Nivel General,9.6,85.0,20.45,BAJO,VERDE (ÓPTIMO),Seguimiento Regular de Aula,1. Continuar con el ritmo académico habitual. 2. Oportunidad de participación como mentor/ayudante.
STD_00005,Carrera General,Nivel General,9.3,85.0,27.86,BAJO,VERDE (ÓPTIMO),Seguimiento Regular de Aula,1. Continuar con el ritmo académico habitual. 2. Oportunidad de participación como mentor/ayudante.
STD_00005,Carrera General,Nivel General,4.2,85.0,78.79,ALTO,ROJO (CRÍTICO),Tutoría Académica Obligatoria y Derivación a Bienestar Estudiantil,1. Sesión tutorial individual semanal. 2. Plan de refuerzo en temas críticos. 3. Monitoreo continuo de asistencia.
STD_00005,Carrera General,Nivel General,11.0,85.0,13.92,BAJO,VERDE (ÓPTIMO),Seguimiento Regular de Aula,1. Continuar con el ritmo académico habitual. 2. Oportunidad de participación como mentor/ayudante.
STD_00005,Carrera General,Nivel General,7.7,85.0,21.69,BAJO,VERDE (ÓPTIMO),Seguimiento Regular de Aula,1. Continuar con el ritmo académico habitual. 2. Oportunidad de participación como mentor/ayudante.
STD_00005,Carrera General,Nivel General,5.4,85.0,62.77,ALTO,ROJO (CRÍTICO),Tutoría Académica Obligatoria y Derivación a Bienestar Estudiantil,1. Sesión tutorial individual semanal. 2. Plan de refuerzo en temas críticos. 3. Monitoreo continuo de asistencia.
STD_00005,Carrera General,Nivel General,11.0,85.0,26.59,BAJO,VERDE (ÓPTIMO),Seguimiento Regular de Aula,1. Continuar con el ritmo académico habitual. 2. Oportunidad de participación como mentor/ayudante.
STD_00005,Carrera General,Nivel General,4.2,85.0,65.75,ALTO,ROJO (CRÍTICO),Tutoría Académica Obligatoria y Derivación a Bienestar Estudiantil,1. Sesión tutorial individual semanal. 2. Plan de refuerzo en temas críticos. 3. Monitoreo continuo de asistencia.
STD_00006,Carrera General,Nivel General,8.4,85.0,11.4,BAJO,VERDE (ÓPTIMO),Seguimiento Regular de Aula,1. Continuar con el ritmo académico habitual. 2. Oportunidad de participación como mentor/ayudante.
STD_00006,Carrera General,Nivel General,7.7,85.0,6.08,BAJO,VERDE (ÓPTIMO),Seguimiento Regular de Aula,1. Continuar con el ritmo académico habitual. 2. Oportunidad de participación como mentor/ayudante.
STD_00006,Carrera General,Nivel General,4.3,85.0,82.37,ALTO,ROJO (CRÍTICO),Tutoría Académica Obligatoria y Derivación a Bienestar Estudiantil,1. Sesión tutorial individual semanal. 2. Plan de refuerzo en temas críticos. 3. Monitoreo continuo de asistencia.
STD_00006,Carrera General,Nivel General,7.8,85.0,17.02,BAJO,VERDE (ÓPTIMO),Seguimiento Regular de Aula,1. Continuar con el ritmo académico habitual. 2. Oportunidad de participación como mentor/ayudante.
STD_00006,Carrera General,Nivel General,9.0,85.0,12.01,BAJO,VERDE (ÓPTIMO),Seguimiento Regular de Aula,1. Continuar con el ritmo académico habitual. 2. Oportunidad de participación como mentor/ayudante.
STD_00006,Carrera General,Nivel General,9.1,85.0,17.16,BAJO,VERDE (ÓPTIMO),Seguimiento Regular de Aula,1. Continuar con el ritmo académico habitual. 2. Oportunidad de participación como mentor/ayudante.
STD_00006,Carrera General,Nivel General,8.4,85.0,12.12,BAJO,VERDE (ÓPTIMO),Seguimiento Regular de Aula,1. Continuar con el ritmo académico habitual. 2. Oportunidad de participación como mentor/ayudante.
STD_00006,Carrera General,Nivel General,6.7,85.0,62.1,MEDIO,AMARILLO (ADVERTENCIA),Acompañamiento Tutorial Preventivo y Talleres de Estudio,1. Entrevista de seguimiento bimensual. 2. Talleres grupales de resolución de ejercicios.
STD_00007,Carrera General,Nivel General,4.5,85.0,80.38,ALTO,ROJO (CRÍTICO),Tutoría Académica Obligatoria y Derivación a Bienestar Estudiantil,1. Sesión tutorial individual semanal. 2. Plan de refuerzo en temas críticos. 3. Monitoreo continuo de asistencia.
STD_00007,Carrera General,Nivel General,7.2,85.0,15.58,BAJO,VERDE (ÓPTIMO),Seguimiento Regular de Aula,1. Continuar con el ritmo académico habitual. 2. Oportunidad de participación como mentor/ayudante.
STD_00007,Carrera General,Nivel General,9.7,85.0,27.32,BAJO,VERDE (ÓPTIMO),Seguimiento Regular de Aula,1. Continuar con el ritmo académico habitual. 2. Oportunidad de participación como mentor/ayudante.
STD_00007,Carrera General,Nivel General,6.6,85.0,62.37,MEDIO,AMARILLO (ADVERTENCIA),Acompañamiento Tutorial Preventivo y Talleres de Estudio,1. Entrevista de seguimiento bimensual. 2. Talleres grupales de resolución de ejercicios.
STD_00007,Carrera General,Nivel General,9.9,85.0,19.38,BAJO,VERDE (ÓPTIMO),Seguimiento Regular de Aula,1. Continuar con el ritmo académico habitual. 2. Oportunidad de participación como mentor/ayudante.
STD_00007,Carrera General,Nivel General,8.0,85.0,19.55,BAJO,VERDE (ÓPTIMO),Seguimiento Regular de Aula,1. Continuar con el ritmo académico habitual. 2. Oportunidad de participación como mentor/ayudante.
STD_00007,Carrera General,Nivel General,6.6,85.0,85.06,ALTO,ROJO (CRÍTICO),Tutoría Académica Obligatoria y Derivación a Bienestar Estudiantil,1. Sesión tutorial individual semanal. 2. Plan de refuerzo en temas críticos. 3. Monitoreo continuo de asistencia.
STD_00007,Carrera General,Nivel General,7.4,85.0,25.7,BAJO,VERDE (ÓPTIMO),Seguimiento Regular de Aula,1. Continuar con el ritmo académico habitual. 2. Oportunidad de participación como mentor/ayudante.
STD_00008,Carrera General,Nivel General,9.7,85.0,10.97,BAJO,VERDE (ÓPTIMO),Seguimiento Regular de Aula,1. Continuar con el ritmo académico habitual. 2. Oportunidad de participación como mentor/ayudante.
STD_00008,Carrera General,Nivel General,4.9,85.0,74.87,ALTO,ROJO (CRÍTICO),Tutoría Académica Obligatoria y Derivación a Bienestar Estudiantil,1. Sesión tutorial individual semanal. 2. Plan de refuerzo en temas críticos. 3. Monitoreo continuo de asistencia.
STD_00008,Carrera General,Nivel General,8.6,85.0,20.18,BAJO,VERDE (ÓPTIMO),Seguimiento Regular de Aula,1. Continuar con el ritmo académico habitual. 2. Oportunidad de participación como mentor/ayudante.
STD_00008,Carrera General,Nivel General,8.1,85.0,10.16,BAJO,VERDE (ÓPTIMO),Seguimiento Regular de Aula,1. Continuar con el ritmo académico habitual. 2. Oportunidad de participación como mentor/ayudante.
STD_00008,Carrera General,Nivel General,8.0,85.0,20.17,BAJO,VERDE (ÓPTIMO),Seguimiento Regular de Aula,1. Continuar con el ritmo académico habitual. 2. Oportunidad de participación como mentor/ayudante.
STD_00008,Carrera General,Nivel General,9.6,85.0,5.29,BAJO,VERDE (ÓPTIMO),Seguimiento Regular de Aula,1. Continuar con el ritmo académico habitual. 2. Oportunidad de participación como mentor/ayudante.
STD_00008,Carrera General,Nivel General,9.6,85.0,12.19,BAJO,VERDE (ÓPTIMO),Seguimiento Regular de Aula,1. Continuar con el ritmo académico habitual. 2. Oportunidad de participación como mentor/ayudante.
STD_00008,Carrera General,Nivel General,6.8,85.0,81.4,ALTO,ROJO (CRÍTICO),Tutoría Académica Obligatoria y Derivación a Bienestar Estudiantil,1. Sesión tutorial individual semanal. 2. Plan de refuerzo en temas críticos. 3. Monitoreo continuo de asistencia.
STD_00009,Carrera General,Nivel General,7.4,85.0,17.53,BAJO,VERDE (ÓPTIMO),Seguimiento Regular de Aula,1. Continuar con el ritmo académico habitual. 2. Oportunidad de participación como mentor/ayudante.
STD_00009,Carrera General,Nivel General,4.7,85.0,81.78,ALTO,ROJO (CRÍTICO),Tutoría Académica Obligatoria y Derivación a Bienestar Estudiantil,1. Sesión tutorial individual semanal. 2. Plan de refuerzo en temas críticos. 3. Monitoreo continuo de asistencia.
STD_00009,Carrera General,Nivel General,6.4,85.0,78.44,ALTO,ROJO (CRÍTICO),Tutoría Académica Obligatoria y Derivación a Bienestar Estudiantil,1. Sesión tutorial individual semanal. 2. Plan de refuerzo en temas críticos. 3. Monitoreo continuo de asistencia.
STD_00009,Carrera General,Nivel General,9.6,85.0,20.16,BAJO,VERDE (ÓPTIMO),Seguimiento Regular de Aula,1. Continuar con el ritmo académico habitual. 2. Oportunidad de participación como mentor/ayudante.
STD_00009,Carrera General,Nivel General,4.4,85.0,79.08,ALTO,ROJO (CRÍTICO),Tutoría Académica Obligatoria y Derivación a Bienestar Estudiantil,1. Sesión tutorial individual semanal. 2. Plan de refuerzo en temas críticos. 3. Monitoreo continuo de asistencia.
STD_00009,Carrera General,Nivel General,9.3,85.0,17.49,BAJO,VERDE (ÓPTIMO),Seguimiento Regular de Aula,1. Continuar con el ritmo académico habitual. 2. Oportunidad de participación como mentor/ayudante.
STD_00009,Carrera General,Nivel General,6.8,85.0,83.48,ALTO,ROJO (CRÍTICO),Tutoría Académica Obligatoria y Derivación a Bienestar Estudiantil,1. Sesión tutorial individual semanal. 2. Plan de refuerzo en temas críticos. 3. Monitoreo continuo de asistencia.
STD_00009,Carrera General,Nivel General,9.9,85.0,27.07,BAJO,VERDE (ÓPTIMO),Seguimiento Regular de Aula,1. Continuar con el ritmo académico habitual. 2. Oportunidad de participación como mentor/ayudante.
STD_00010,Carrera General,Nivel General,9.4,85.0,36.38,MEDIO,AMARILLO (ADVERTENCIA),Acompañamiento Tutorial Preventivo y Talleres de Estudio,1. Entrevista de seguimiento bimensual. 2. Talleres grupales de resolución de ejercicios.
STD_00010,Carrera General,Nivel General,4.4,85.0,72.13,ALTO,ROJO (CRÍTICO),Tutoría Académica Obligatoria y Derivación a Bienestar Estudiantil,1. Sesión tutorial individual semanal. 2. Plan de refuerzo en temas críticos. 3. Monitoreo continuo de asistencia.
STD_00010,Carrera General,Nivel General,4.3,85.0,62.86,ALTO,ROJO (CRÍTICO),Tutoría Académica Obligatoria y Derivación a Bienestar Estudiantil,1. Sesión tutorial individual semanal. 2. Plan de refuerzo en temas críticos. 3. Monitoreo continuo de asistencia.
STD_00010,Carrera General,Nivel General,7.1,85.0,16.45,BAJO,VERDE (ÓPTIMO),Seguimiento Regular de Aula,1. Continuar con el ritmo académico habitual. 2. Oportunidad de participación como mentor/ayudante.
STD_00010,Carrera General,Nivel General,5.8,85.0,69.63,ALTO,ROJO (CRÍTICO),Tutoría Académica Obligatoria y Derivación a Bienestar Estudiantil,1. Sesión tutorial individual semanal. 2. Plan de refuerzo en temas críticos. 3. Monitoreo continuo de asistencia.
STD_00010,Carrera General,Nivel General,6.0,85.0,77.74,ALTO,ROJO (CRÍTICO),Tutoría Académica Obligatoria y Derivación a Bienestar Estudiantil,1. Sesión tutorial individual semanal. 2. Plan de refuerzo en temas críticos. 3. Monitoreo continuo de asistencia.
STD_00010,Carrera General,Nivel General,6.1,85.0,79.13,ALTO,ROJO (CRÍTICO),Tutoría Académica Obligatoria y Derivación a Bienestar Estudiantil,1. Sesión tutorial individual semanal. 2. Plan de refuerzo en temas críticos. 3. Monitoreo continuo de asistencia.
STD_00010,Carrera General,Nivel General,8.2,85.0,19.76,BAJO,VERDE (ÓPTIMO),Seguimiento Regular de Aula,1. Continuar con el ritmo académico habitual. 2. Oportunidad de participación como mentor/ayudante.
STD_00011,Carrera General,Nivel General,9.4,85.0,21.24,BAJO,VERDE (ÓPTIMO),Seguimiento Regular de Aula,1. Continuar con el ritmo académico habitual. 2. Oportunidad de participación como mentor/ayudante.
STD_00011,Carrera General,Nivel General,6.7,85.0,89.63,ALTO,ROJO (CRÍTICO),Tutoría Académica Obligatoria y Derivación a Bienestar Estudiantil,1. Sesión tutorial individual semanal. 2. Plan de refuerzo en temas críticos. 3. Monitoreo continuo de asistencia.
STD_00011,Carrera General,Nivel General,6.8,85.0,74.05,ALTO,ROJO (CRÍTICO),Tutoría Académica Obligatoria y Derivación a Bienestar Estudiantil,1. Sesión tutorial individual semanal. 2. Plan de refuerzo en temas críticos. 3. Monitoreo continuo de asistencia.
STD_00011,Carrera General,Nivel General,5.9,85.0,74.79,ALTO,ROJO (CRÍTICO),Tutoría Académica Obligatoria y Derivación a Bienestar Estudiantil,1. Sesión tutorial individual semanal. 2. Plan de refuerzo en temas críticos. 3. Monitoreo continuo de asistencia.
STD_00011,Carrera General,Nivel General,6.2,85.0,81.47,ALTO,ROJO (CRÍTICO),Tutoría Académica Obligatoria y Derivación a Bienestar Estudiantil,1. Sesión tutorial individual semanal. 2. Plan de refuerzo en temas críticos. 3. Monitoreo continuo de asistencia.
STD_00011,Carrera General,Nivel General,6.9,85.0,75.39,ALTO,ROJO (CRÍTICO),Tutoría Académica Obligatoria y Derivación a Bienestar Estudiantil,1. Sesión tutorial individual semanal. 2. Plan de refuerzo en temas críticos. 3. Monitoreo continuo de asistencia.
STD_00011,Carrera General,Nivel General,6.2,85.0,92.6,ALTO,ROJO (CRÍTICO),Tutoría Académica Obligatoria y Derivación a Bienestar Estudiantil,1. Sesión tutorial individual semanal. 2. Plan de refuerzo en temas críticos. 3. Monitoreo continuo de asistencia.
STD_00011,Carrera General,Nivel General,5.7,85.0,86.27,ALTO,ROJO (CRÍTICO),Tutoría Académica Obligatoria y Derivación a Bienestar Estudiantil,1. Sesión tutorial individual semanal. 2. Plan de refuerzo en temas críticos. 3. Monitoreo continuo de asistencia.
STD_00012,Carrera General,Nivel General,4.5,85.0,65.37,ALTO,ROJO (CRÍTICO),Tutoría Académica Obligatoria y Derivación a Bienestar Estudiantil,1. Sesión tutorial individual semanal. 2. Plan de refuerzo en temas críticos. 3. Monitoreo continuo de asistencia.
STD_00012,Carrera General,Nivel General,7.7,85.0,7.96,BAJO,VERDE (ÓPTIMO),Seguimiento Regular de Aula,1. Continuar con el ritmo académico habitual. 2. Oportunidad de participación como mentor/ayudante.
STD_00012,Carrera General,Nivel General,8.3,85.0,7.84,BAJO,VERDE (ÓPTIMO),Seguimiento Regular de Aula,1. Continuar con el ritmo académico habitual. 2. Oportunidad de participación como mentor/ayudante.
STD_00012,Carrera General,Nivel General,7.9,85.0,17.49,BAJO,VERDE (ÓPTIMO),Seguimiento Regular de Aula,1. Continuar con el ritmo académico habitual. 2. Oportunidad de participación como mentor/ayudante.
STD_00012,Carrera General,Nivel General,5.0,85.0,63.99,ALTO,ROJO (CRÍTICO),Tutoría Académica Obligatoria y Derivación a Bienestar Estudiantil,1. Sesión tutorial individual semanal. 2. Plan de refuerzo en temas críticos. 3. Monitoreo continuo de asistencia.
STD_00012,Carrera General,Nivel General,7.1,85.0,12.87,BAJO,VERDE (ÓPTIMO),Seguimiento Regular de Aula,1. Continuar con el ritmo académico habitual. 2. Oportunidad de participación como mentor/ayudante.
STD_00012,Carrera General,Nivel General,8.1,85.0,8.82,BAJO,VERDE (ÓPTIMO),Seguimiento Regular de Aula,1. Continuar con el ritmo académico habitual. 2. Oportunidad de participación como mentor/ayudante.
STD_00012,Carrera General,Nivel General,9.7,85.0,12.34,BAJO,VERDE (ÓPTIMO),Seguimiento Regular de Aula,1. Continuar con el ritmo académico habitual. 2. Oportunidad de participación como mentor/ayudante.
STD_00013,Carrera General,Nivel General,8.2,85.0,22.19,BAJO,VERDE (ÓPTIMO),Seguimiento Regular de Aula,1. Continuar con el ritmo académico habitual. 2. Oportunidad de participación como mentor/ayudante.
STD_00013,Carrera General,Nivel General,5.7,85.0,75.24,ALTO,ROJO (CRÍTICO),Tutoría Académica Obligatoria y Derivación a Bienestar Estudiantil,1. Sesión tutorial individual semanal. 2. Plan de refuerzo en temas críticos. 3. Monitoreo continuo de asistencia.
STD_00013,Carrera General,Nivel General,9.5,85.0,21.05,BAJO,VERDE (ÓPTIMO),Seguimiento Regular de Aula,1. Continuar con el ritmo académico habitual. 2. Oportunidad de participación como mentor/ayudante.
STD_00013,Carrera General,Nivel General,4.8,85.0,75.36,ALTO,ROJO (CRÍTICO),Tutoría Académica Obligatoria y Derivación a Bienestar Estudiantil,1. Sesión tutorial individual semanal. 2. Plan de refuerzo en temas críticos. 3. Monitoreo continuo de asistencia.
STD_00013,Carrera General,Nivel General,9.0,85.0,18.16,BAJO,VERDE (ÓPTIMO),Seguimiento Regular de Aula,1. Continuar con el ritmo académico habitual. 2. Oportunidad de participación como mentor/ayudante.
STD_00013,Carrera General,Nivel General,7.5,85.0,16.64,BAJO,VERDE (ÓPTIMO),Seguimiento Regular de Aula,1. Continuar con el ritmo académico habitual. 2. Oportunidad de participación como mentor/ayudante.
STD_00013,Carrera General,Nivel General,11.0,85.0,23.47,BAJO,VERDE (ÓPTIMO),Seguimiento Regular de Aula,1. Continuar con el ritmo académico habitual. 2. Oportunidad de participación como mentor/ayudante.
STD_00013,Carrera General,Nivel General,6.1,85.0,69.93,ALTO,ROJO (CRÍTICO),Tutoría Académica Obligatoria y Derivación a Bienestar Estudiantil,1. Sesión tutorial individual semanal. 2. Plan de refuerzo en temas críticos. 3. Monitoreo continuo de asistencia.
STD_00014,Carrera General,Nivel General,6.4,85.0,78.99,ALTO,ROJO (CRÍTICO),Tutoría Académica Obligatoria y Derivación a Bienestar Estudiantil,1. Sesión tutorial individual semanal. 2. Plan de refuerzo en temas críticos. 3. Monitoreo continuo de asistencia.
STD_00014,Carrera General,Nivel General,9.2,85.0,16.31,BAJO,VERDE (ÓPTIMO),Seguimiento Regular de Aula,1. Continuar con el ritmo académico habitual. 2. Oportunidad de participación como mentor/ayudante.
STD_00014,Carrera General,Nivel General,6.8,85.0,88.6,ALTO,ROJO (CRÍTICO),Tutoría Académica Obligatoria y Derivación a Bienestar Estudiantil,1. Sesión tutorial individual semanal. 2. Plan de refuerzo en temas críticos. 3. Monitoreo continuo de asistencia.
STD_00014,Carrera General,Nivel General,8.7,85.0,33.12,BAJO,VERDE (ÓPTIMO),Seguimiento Regular de Aula,1. Continuar con el ritmo académico habitual. 2. Oportunidad de participación como mentor/ayudante.
STD_00014,Carrera General,Nivel General,6.9,85.0,86.32,ALTO,ROJO (CRÍTICO),Tutoría Académica Obligatoria y Derivación a Bienestar Estudiantil,1. Sesión tutorial individual semanal. 2. Plan de refuerzo en temas críticos. 3. Monitoreo continuo de asistencia.
STD_00014,Carrera General,Nivel General,4.4,85.0,84.58,ALTO,ROJO (CRÍTICO),Tutoría Académica Obligatoria y Derivación a Bienestar Estudiantil,1. Sesión tutorial individual semanal. 2. Plan de refuerzo en temas críticos. 3. Monitoreo continuo de asistencia.
STD_00014,Carrera General,Nivel General,8.5,85.0,12.68,BAJO,VERDE (ÓPTIMO),Seguimiento Regular de Aula,1. Continuar con el ritmo académico habitual. 2. Oportunidad de participación como mentor/ayudante.
STD_00014,Carrera General,Nivel General,6.9,85.0,74.49,ALTO,ROJO (CRÍTICO),Tutoría Académica Obligatoria y Derivación a Bienestar Estudiantil,1. Sesión tutorial individual semanal. 2. Plan de refuerzo en temas críticos. 3. Monitoreo continuo de asistencia.
STD_00015,Carrera General,Nivel General,9.8,85.0,11.41,BAJO,VERDE (ÓPTIMO),Seguimiento Regular de Aula,1. Continuar con el ritmo académico habitual. 2. Oportunidad de participación como mentor/ayudante.
STD_00015,Carrera General,Nivel General,9.1,85.0,8.64,BAJO,VERDE (ÓPTIMO),Seguimiento Regular de Aula,1. Continuar con el ritmo académico habitual. 2. Oportunidad de participación como mentor/ayudante.
STD_00015,Carrera General,Nivel General,4.1,85.0,75.18,ALTO,ROJO (CRÍTICO),Tutoría Académica Obligatoria y Derivación a Bienestar Estudiantil,1. Sesión tutorial individual semanal. 2. Plan de refuerzo en temas críticos. 3. Monitoreo continuo de asistencia.
STD_00015,Carrera General,Nivel General,4.9,85.0,90.94,ALTO,ROJO (CRÍTICO),Tutoría Académica Obligatoria y Derivación a Bienestar Estudiantil,1. Sesión tutorial individual semanal. 2. Plan de refuerzo en temas críticos. 3. Monitoreo continuo de asistencia.
STD_00015,Carrera General,Nivel General,5.6,85.0,92.98,ALTO,ROJO (CRÍTICO),Tutoría Académica Obligatoria y Derivación a Bienestar Estudiantil,1. Sesión tutorial individual semanal. 2. Plan de refuerzo en temas críticos. 3. Monitoreo continuo de asistencia.
STD_00015,Carrera General,Nivel General,6.6,85.0,80.56,ALTO,ROJO (CRÍTICO),Tutoría Académica Obligatoria y Derivación a Bienestar Estudiantil,1. Sesión tutorial individual semanal. 2. Plan de refuerzo en temas críticos. 3. Monitoreo continuo de asistencia.
STD_00015,Carrera General,Nivel General,6.6,85.0,76.8,ALTO,ROJO (CRÍTICO),Tutoría Académica Obligatoria y Derivación a Bienestar Estudiantil,1. Sesión tutorial individual semanal. 2. Plan de refuerzo en temas críticos. 3. Monitoreo continuo de asistencia.
STD_00015,Carrera General,Nivel General,9.1,85.0,9.44,BAJO,VERDE (ÓPTIMO),Seguimiento Regular de Aula,1. Continuar con el ritmo académico habitual. 2. Oportunidad de participación como mentor/ayudante.
STD_00016,Carrera General,Nivel General,9.5,85.0,12.11,BAJO,VERDE (ÓPTIMO),Seguimiento Regular de Aula,1. Continuar con el ritmo académico habitual. 2. Oportunidad de participación como mentor/ayudante.
STD_00016,Carrera General,Nivel General,4.0,85.0,65.42,ALTO,ROJO (CRÍTICO),Tutoría Académica Obligatoria y Derivación a Bienestar Estudiantil,1. Sesión tutorial individual semanal. 2. Plan de refuerzo en temas críticos. 3. Monitoreo continuo de asistencia.
STD_00016,Carrera General,Nivel General,5.2,85.0,86.95,ALTO,ROJO (CRÍTICO),Tutoría Académica Obligatoria y Derivación a Bienestar Estudiantil,1. Sesión tutorial individual semanal. 2. Plan de refuerzo en temas críticos. 3. Monitoreo continuo de asistencia.
STD_00016,Carrera General,Nivel General,8.8,85.0,17.57,BAJO,VERDE (ÓPTIMO),Seguimiento Regular de Aula,1. Continuar con el ritmo académico habitual. 2. Oportunidad de participación como mentor/ayudante.
STD_00016,Carrera General,Nivel General,6.7,85.0,76.22,ALTO,ROJO (CRÍTICO),Tutoría Académica Obligatoria y Derivación a Bienestar Estudiantil,1. Sesión tutorial individual semanal. 2. Plan de refuerzo en temas críticos. 3. Monitoreo continuo de asistencia.
STD_00016,Carrera General,Nivel General,7.8,85.0,17.7,BAJO,VERDE (ÓPTIMO),Seguimiento Regular de Aula,1. Continuar con el ritmo académico habitual. 2. Oportunidad de participación como mentor/ayudante.
STD_00016,Carrera General,Nivel General,9.0,85.0,11.52,BAJO,VERDE (ÓPTIMO),Seguimiento Regular de Aula,1. Continuar con el ritmo académico habitual. 2. Oportunidad de participación como mentor/ayudante.
STD_00016,Carrera General,Nivel General,7.7,85.0,21.88,BAJO,VERDE (ÓPTIMO),Seguimiento Regular de Aula,1. Continuar con el ritmo académico habitual. 2. Oportunidad de participación como mentor/ayudante.
STD_00017,Carrera General,Nivel General,7.1,85.0,30.07,BAJO,VERDE (ÓPTIMO),Seguimiento Regular de Aula,1. Continuar con el ritmo académico habitual. 2. Oportunidad de participación como mentor/ayudante.
STD_00017,Carrera General,Nivel General,7.2,85.0,6.19,BAJO,VERDE (ÓPTIMO),Seguimiento Regular de Aula,1. Continuar con el ritmo académico habitual. 2. Oportunidad de participación como mentor/ayudante.
STD_00017,Carrera General,Nivel General,4.1,85.0,83.7,ALTO,ROJO (CRÍTICO),Tutoría Académica Obligatoria y Derivación a Bienestar Estudiantil,1. Sesión tutorial individual semanal. 2. Plan de refuerzo en temas críticos. 3. Monitoreo continuo de asistencia.
STD_00017,Carrera General,Nivel General,8.9,85.0,11.33,BAJO,VERDE (ÓPTIMO),Seguimiento Regular de Aula,1. Continuar con el ritmo académico habitual. 2. Oportunidad de participación como mentor/ayudante.
STD_00017,Carrera General,Nivel General,8.4,85.0,20.97,BAJO,VERDE (ÓPTIMO),Seguimiento Regular de Aula,1. Continuar con el ritmo académico habitual. 2. Oportunidad de participación como mentor/ayudante.
STD_00017,Carrera General,Nivel General,9.5,85.0,22.58,BAJO,VERDE (ÓPTIMO),Seguimiento Regular de Aula,1. Continuar con el ritmo académico habitual. 2. Oportunidad de participación como mentor/ayudante.
STD_00017,Carrera General,Nivel General,8.2,85.0,9.75,BAJO,VERDE (ÓPTIMO),Seguimiento Regular de Aula,1. Continuar con el ritmo académico habitual. 2. Oportunidad de participación como mentor/ayudante.
STD_00017,Carrera General,Nivel General,6.3,85.0,71.37,ALTO,ROJO (CRÍTICO),Tutoría Académica Obligatoria y Derivación a Bienestar Estudiantil,1. Sesión tutorial individual semanal. 2. Plan de refuerzo en temas críticos. 3. Monitoreo continuo de asistencia.
STD_00018,Carrera General,Nivel General,6.4,85.0,88.82,ALTO,ROJO (CRÍTICO),Tutoría Académica Obligatoria y Derivación a Bienestar Estudiantil,1. Sesión tutorial individual semanal. 2. Plan de refuerzo en temas críticos. 3. Monitoreo continuo de asistencia.
STD_00018,Carrera General,Nivel General,4.7,85.0,76.08,ALTO,ROJO (CRÍTICO),Tutoría Académica Obligatoria y Derivación a Bienestar Estudiantil,1. Sesión tutorial individual semanal. 2. Plan de refuerzo en temas críticos. 3. Monitoreo continuo de asistencia.
STD_00018,Carrera General,Nivel General,6.2,85.0,76.12,ALTO,ROJO (CRÍTICO),Tutoría Académica Obligatoria y Derivación a Bienestar Estudiantil,1. Sesión tutorial individual semanal. 2. Plan de refuerzo en temas críticos. 3. Monitoreo continuo de asistencia.
STD_00018,Carrera General,Nivel General,4.0,85.0,77.87,ALTO,ROJO (CRÍTICO),Tutoría Académica Obligatoria y Derivación a Bienestar Estudiantil,1. Sesión tutorial individual semanal. 2. Plan de refuerzo en temas críticos. 3. Monitoreo continuo de asistencia.
STD_00018,Carrera General,Nivel General,7.6,85.0,23.69,BAJO,VERDE (ÓPTIMO),Seguimiento Regular de Aula,1. Continuar con el ritmo académico habitual. 2. Oportunidad de participación como mentor/ayudante.
STD_00018,Carrera General,Nivel General,6.6,85.0,80.81,ALTO,ROJO (CRÍTICO),Tutoría Académica Obligatoria y Derivación a Bienestar Estudiantil,1. Sesión tutorial individual semanal. 2. Plan de refuerzo en temas críticos. 3. Monitoreo continuo de asistencia.
STD_00018,Carrera General,Nivel General,8.8,85.0,29.0,BAJO,VERDE (ÓPTIMO),Seguimiento Regular de Aula,1. Continuar con el ritmo académico habitual. 2. Oportunidad de participación como mentor/ayudante.
STD_00018,Carrera General,Nivel General,9.3,85.0,18.7,BAJO,VERDE (ÓPTIMO),Seguimiento Regular de Aula,1. Continuar con el ritmo académico habitual. 2. Oportunidad de participación como mentor/ayudante.
STD_00019,Carrera General,Nivel General,4.5,85.0,84.39,ALTO,ROJO (CRÍTICO),Tutoría Académica Obligatoria y Derivación a Bienestar Estudiantil,1. Sesión tutorial individual semanal. 2. Plan de refuerzo en temas críticos. 3. Monitoreo continuo de asistencia.
STD_00019,Carrera General,Nivel General,9.4,85.0,11.96,BAJO,VERDE (ÓPTIMO),Seguimiento Regular de Aula,1. Continuar con el ritmo académico habitual. 2. Oportunidad de participación como mentor/ayudante.
STD_00019,Carrera General,Nivel General,5.5,85.0,81.79,ALTO,ROJO (CRÍTICO),Tutoría Académica Obligatoria y Derivación a Bienestar Estudiantil,1. Sesión tutorial individual semanal. 2. Plan de refuerzo en temas críticos. 3. Monitoreo continuo de asistencia.
STD_00019,Carrera General,Nivel General,6.9,85.0,87.14,ALTO,ROJO (CRÍTICO),Tutoría Académica Obligatoria y Derivación a Bienestar Estudiantil,1. Sesión tutorial individual semanal. 2. Plan de refuerzo en temas críticos. 3. Monitoreo continuo de asistencia.
STD_00019,Carrera General,Nivel General,5.9,85.0,84.62,ALTO,ROJO (CRÍTICO),Tutoría Académica Obligatoria y Derivación a Bienestar Estudiantil,1. Sesión tutorial individual semanal. 2. Plan de refuerzo en temas críticos. 3. Monitoreo continuo de asistencia.
STD_00019,Carrera General,Nivel General,10.0,85.0,19.35,BAJO,VERDE (ÓPTIMO),Seguimiento Regular de Aula,1. Continuar con el ritmo académico habitual. 2. Oportunidad de participación como mentor/ayudante.
STD_00019,Carrera General,Nivel General,7.0,85.0,13.25,BAJO,VERDE (ÓPTIMO),Seguimiento Regular de Aula,1. Continuar con el ritmo académico habitual. 2. Oportunidad de participación como mentor/ayudante.
STD_00019,Carrera General,Nivel General,8.5,85.0,14.97,BAJO,VERDE (ÓPTIMO),Seguimiento Regular de Aula,1. Continuar con el ritmo académico habitual. 2. Oportunidad de participación como mentor/ayudante.
STD_00020,Carrera General,Nivel General,4.3,85.0,61.07,ALTO,ROJO (CRÍTICO),Tutoría Académica Obligatoria y Derivación a Bienestar Estudiantil,1. Sesión tutorial individual semanal. 2. Plan de refuerzo en temas críticos. 3. Monitoreo continuo de asistencia.
STD_00020,Carrera General,Nivel General,9.6,85.0,12.41,BAJO,VERDE (ÓPTIMO),Seguimiento Regular de Aula,1. Continuar con el ritmo académico habitual. 2. Oportunidad de participación como mentor/ayudante.
STD_00020,Carrera General,Nivel General,7.8,85.0,17.61,BAJO,VERDE (ÓPTIMO),Seguimiento Regular de Aula,1. Continuar con el ritmo académico habitual. 2. Oportunidad de participación como mentor/ayudante.
STD_00020,Carrera General,Nivel General,4.6,85.0,82.16,ALTO,ROJO (CRÍTICO),Tutoría Académica Obligatoria y Derivación a Bienestar Estudiantil,1. Sesión tutorial individual semanal. 2. Plan de refuerzo en temas críticos. 3. Monitoreo continuo de asistencia.
STD_00020,Carrera General,Nivel General,9.7,85.0,19.95,BAJO,VERDE (ÓPTIMO),Seguimiento Regular de Aula,1. Continuar con el ritmo académico habitual. 2. Oportunidad de participación como mentor/ayudante.
STD_00020,Carrera General,Nivel General,8.7,85.0,17.45,BAJO,VERDE (ÓPTIMO),Seguimiento Regular de Aula,1. Continuar con el ritmo académico habitual. 2. Oportunidad de participación como mentor/ayudante.
STD_00020,Carrera General,Nivel General,11.0,85.0,17.73,BAJO,VERDE (ÓPTIMO),Seguimiento Regular de Aula,1. Continuar con el ritmo académico habitual. 2. Oportunidad de participación como mentor/ayudante.
STD_00020,Carrera General,Nivel General,7.0,85.0,17.12,BAJO,VERDE (ÓPTIMO),Seguimiento Regular de Aula,1. Continuar con el ritmo académico habitual. 2. Oportunidad de participación como mentor/ayudante.
STD_00021,Carrera General,Nivel General,9.0,85.0,16.75,BAJO,VERDE (ÓPTIMO),Seguimiento Regular de Aula,1. Continuar con el ritmo académico habitual. 2. Oportunidad de participación como mentor/ayudante.
STD_00021,Carrera General,Nivel General,5.9,85.0,73.96,ALTO,ROJO (CRÍTICO),Tutoría Académica Obligatoria y Derivación a Bienestar Estudiantil,1. Sesión tutorial individual semanal. 2. Plan de refuerzo en temas críticos. 3. Monitoreo continuo de asistencia.
STD_00021,Carrera General,Nivel General,9.6,85.0,16.36,BAJO,VERDE (ÓPTIMO),Seguimiento Regular de Aula,1. Continuar con el ritmo académico habitual. 2. Oportunidad de participación como mentor/ayudante.
STD_00021,Carrera General,Nivel General,10.0,85.0,15.28,BAJO,VERDE (ÓPTIMO),Seguimiento Regular de Aula,1. Continuar con el ritmo académico habitual. 2. Oportunidad de participación como mentor/ayudante.
STD_00021,Carrera General,Nivel General,5.3,85.0,68.12,ALTO,ROJO (CRÍTICO),Tutoría Académica Obligatoria y Derivación a Bienestar Estudiantil,1. Sesión tutorial individual semanal. 2. Plan de refuerzo en temas críticos. 3. Monitoreo continuo de asistencia.
STD_00021,Carrera General,Nivel General,6.6,85.0,81.71,ALTO,ROJO (CRÍTICO),Tutoría Académica Obligatoria y Derivación a Bienestar Estudiantil,1. Sesión tutorial individual semanal. 2. Plan de refuerzo en temas críticos. 3. Monitoreo continuo de asistencia.
STD_00021,Carrera General,Nivel General,5.9,85.0,78.87,ALTO,ROJO (CRÍTICO),Tutoría Académica Obligatoria y Derivación a Bienestar Estudiantil,1. Sesión tutorial individual semanal. 2. Plan de refuerzo en temas críticos. 3. Monitoreo continuo de asistencia.
STD_00021,Carrera General,Nivel General,5.7,85.0,70.42,ALTO,ROJO (CRÍTICO),Tutoría Académica Obligatoria y Derivación a Bienestar Estudiantil,1. Sesión tutorial individual semanal. 2. Plan de refuerzo en temas críticos. 3. Monitoreo continuo de asistencia.
STD_00022,Carrera General,Nivel General,9.1,85.0,9.94,BAJO,VERDE (ÓPTIMO),Seguimiento Regular de Aula,1. Continuar con el ritmo académico habitual. 2. Oportunidad de participación como mentor/ayudante.
STD_00022,Carrera General,Nivel General,6.8,85.0,80.38,ALTO,ROJO (CRÍTICO),Tutoría Académica Obligatoria y Derivación a Bienestar Estudiantil,1. Sesión tutorial individual semanal. 2. Plan de refuerzo en temas críticos. 3. Monitoreo continuo de asistencia.
STD_00022,Carrera General,Nivel General,9.0,85.0,10.28,BAJO,VERDE (ÓPTIMO),Seguimiento Regular de Aula,1. Continuar con el ritmo académico habitual. 2. Oportunidad de participación como mentor/ayudante.
STD_00022,Carrera General,Nivel General,9.2,85.0,10.92,BAJO,VERDE (ÓPTIMO),Seguimiento Regular de Aula,1. Continuar con el ritmo académico habitual. 2. Oportunidad de participación como mentor/ayudante.
STD_00022,Carrera General,Nivel General,9.9,85.0,25.3,BAJO,VERDE (ÓPTIMO),Seguimiento Regular de Aula,1. Continuar con el ritmo académico habitual. 2. Oportunidad de participación como mentor/ayudante.
STD_00022,Carrera General,Nivel General,4.2,85.0,77.21,ALTO,ROJO (CRÍTICO),Tutoría Académica Obligatoria y Derivación a Bienestar Estudiantil,1. Sesión tutorial individual semanal. 2. Plan de refuerzo en temas críticos. 3. Monitoreo continuo de asistencia.
STD_00022,Carrera General,Nivel General,8.4,85.0,23.63,BAJO,VERDE (ÓPTIMO),Seguimiento Regular de Aula,1. Continuar con el ritmo académico habitual. 2. Oportunidad de participación como mentor/ayudante.
STD_00022,Carrera General,Nivel General,4.7,85.0,67.89,ALTO,ROJO (CRÍTICO),Tutoría Académica Obligatoria y Derivación a Bienestar Estudiantil,1. Sesión tutorial individual semanal. 2. Plan de refuerzo en temas críticos. 3. Monitoreo continuo de asistencia.
STD_00023,Carrera General,Nivel General,6.9,85.0,75.86,ALTO,ROJO (CRÍTICO),Tutoría Académica Obligatoria y Derivación a Bienestar Estudiantil,1. Sesión tutorial individual semanal. 2. Plan de refuerzo en temas críticos. 3. Monitoreo continuo de asistencia.
STD_00023,Carrera General,Nivel General,6.9,85.0,82.71,ALTO,ROJO (CRÍTICO),Tutoría Académica Obligatoria y Derivación a Bienestar Estudiantil,1. Sesión tutorial individual semanal. 2. Plan de refuerzo en temas críticos. 3. Monitoreo continuo de asistencia.
STD_00023,Carrera General,Nivel General,7.4,85.0,12.05,BAJO,VERDE (ÓPTIMO),Seguimiento Regular de Aula,1. Continuar con el ritmo académico habitual. 2. Oportunidad de participación como mentor/ayudante.
STD_00023,Carrera General,Nivel General,11.0,85.0,8.72,BAJO,VERDE (ÓPTIMO),Seguimiento Regular de Aula,1. Continuar con el ritmo académico habitual. 2. Oportunidad de participación como mentor/ayudante.
STD_00023,Carrera General,Nivel General,8.8,85.0,16.97,BAJO,VERDE (ÓPTIMO),Seguimiento Regular de Aula,1. Continuar con el ritmo académico habitual. 2. Oportunidad de participación como mentor/ayudante.
STD_00023,Carrera General,Nivel General,8.8,85.0,16.5,BAJO,VERDE (ÓPTIMO),Seguimiento Regular de Aula,1. Continuar con el ritmo académico habitual. 2. Oportunidad de participación como mentor/ayudante.
STD_00023,Carrera General,Nivel General,9.2,85.0,14.82,BAJO,VERDE (ÓPTIMO),Seguimiento Regular de Aula,1. Continuar con el ritmo académico habitual. 2. Oportunidad de participación como mentor/ayudante.
STD_00023,Carrera General,Nivel General,4.6,85.0,79.67,ALTO,ROJO (CRÍTICO),Tutoría Académica Obligatoria y Derivación a Bienestar Estudiantil,1. Sesión tutorial individual semanal. 2. Plan de refuerzo en temas críticos. 3. Monitoreo continuo de asistencia.
STD_00024,Carrera General,Nivel General,9.0,85.0,18.29,BAJO,VERDE (ÓPTIMO),Seguimiento Regular de Aula,1. Continuar con el ritmo académico habitual. 2. Oportunidad de participación como mentor/ayudante.
STD_00024,Carrera General,Nivel General,6.8,85.0,81.25,ALTO,ROJO (CRÍTICO),Tutoría Académica Obligatoria y Derivación a Bienestar Estudiantil,1. Sesión tutorial individual semanal. 2. Plan de refuerzo en temas críticos. 3. Monitoreo continuo de asistencia.
STD_00024,Carrera General,Nivel General,8.1,85.0,18.8,BAJO,VERDE (ÓPTIMO),Seguimiento Regular de Aula,1. Continuar con el ritmo académico habitual. 2. Oportunidad de participación como mentor/ayudante.
STD_00024,Carrera General,Nivel General,8.5,85.0,29.6,BAJO,VERDE (ÓPTIMO),Seguimiento Regular de Aula,1. Continuar con el ritmo académico habitual. 2. Oportunidad de participación como mentor/ayudante.
STD_00024,Carrera General,Nivel General,9.0,85.0,10.6,BAJO,VERDE (ÓPTIMO),Seguimiento Regular de Aula,1. Continuar con el ritmo académico habitual. 2. Oportunidad de participación como mentor/ayudante.
STD_00024,Carrera General,Nivel General,5.4,85.0,84.12,ALTO,ROJO (CRÍTICO),Tutoría Académica Obligatoria y Derivación a Bienestar Estudiantil,1. Sesión tutorial individual semanal. 2. Plan de refuerzo en temas críticos. 3. Monitoreo continuo de asistencia.
STD_00024,Carrera General,Nivel General,5.6,85.0,83.32,ALTO,ROJO (CRÍTICO),Tutoría Académica Obligatoria y Derivación a Bienestar Estudiantil,1. Sesión tutorial individual semanal. 2. Plan de refuerzo en temas críticos. 3. Monitoreo continuo de asistencia.
STD_00024,Carrera General,Nivel General,4.4,85.0,75.5,ALTO,ROJO (CRÍTICO),Tutoría Académica Obligatoria y Derivación a Bienestar Estudiantil,1. Sesión tutorial individual semanal. 2. Plan de refuerzo en temas críticos. 3. Monitoreo continuo de asistencia.
STD_00025,Carrera General,Nivel General,5.2,85.0,69.55,ALTO,ROJO (CRÍTICO),Tutoría Académica Obligatoria y Derivación a Bienestar Estudiantil,1. Sesión tutorial individual semanal. 2. Plan de refuerzo en temas críticos. 3. Monitoreo continuo de asistencia.
STD_00025,Carrera General,Nivel General,7.8,85.0,12.28,BAJO,VERDE (ÓPTIMO),Seguimiento Regular de Aula,1. Continuar con el ritmo académico habitual. 2. Oportunidad de participación como mentor/ayudante.
STD_00025,Carrera General,Nivel General,8.4,85.0,9.11,BAJO,VERDE (ÓPTIMO),Seguimiento Regular de Aula,1. Continuar con el ritmo académico habitual. 2. Oportunidad de participación como mentor/ayudante.
STD_00025,Carrera General,Nivel General,4.3,85.0,86.71,ALTO,ROJO (CRÍTICO),Tutoría Académica Obligatoria y Derivación a Bienestar Estudiantil,1. Sesión tutorial individual semanal. 2. Plan de refuerzo en temas críticos. 3. Monitoreo continuo de asistencia.
STD_00025,Carrera General,Nivel General,9.2,85.0,18.4,BAJO,VERDE (ÓPTIMO),Seguimiento Regular de Aula,1. Continuar con el ritmo académico habitual. 2. Oportunidad de participación como mentor/ayudante.
STD_00025,Carrera General,Nivel General,9.8,85.0,13.91,BAJO,VERDE (ÓPTIMO),Seguimiento Regular de Aula,1. Continuar con el ritmo académico habitual. 2. Oportunidad de participación como mentor/ayudante.
STD_00025,Carrera General,Nivel General,7.2,85.0,13.21,BAJO,VERDE (ÓPTIMO),Seguimiento Regular de Aula,1. Continuar con el ritmo académico habitual. 2. Oportunidad de participación como mentor/ayudante.
STD_00025,Carrera General,Nivel General,4.4,85.0,88.45,ALTO,ROJO (CRÍTICO),Tutoría Académica Obligatoria y Derivación a Bienestar Estudiantil,1. Sesión tutorial individual semanal. 2. Plan de refuerzo en temas críticos. 3. Monitoreo continuo de asistencia.
STD_00026,Carrera General,Nivel General,4.5,85.0,82.44,ALTO,ROJO (CRÍTICO),Tutoría Académica Obligatoria y Derivación a Bienestar Estudiantil,1. Sesión tutorial individual semanal. 2. Plan de refuerzo en temas críticos. 3. Monitoreo continuo de asistencia.
STD_00026,Carrera General,Nivel General,8.3,85.0,13.36,BAJO,VERDE (ÓPTIMO),Seguimiento Regular de Aula,1. Continuar con el ritmo académico habitual. 2. Oportunidad de participación como mentor/ayudante.
STD_00026,Carrera General,Nivel General,5.2,85.0,95.25,ALTO,ROJO (CRÍTICO),Tutoría Académica Obligatoria y Derivación a Bienestar Estudiantil,1. Sesión tutorial individual semanal. 2. Plan de refuerzo en temas críticos. 3. Monitoreo continuo de asistencia.
STD_00026,Carrera General,Nivel General,4.1,85.0,86.81,ALTO,ROJO (CRÍTICO),Tutoría Académica Obligatoria y Derivación a Bienestar Estudiantil,1. Sesión tutorial individual semanal. 2. Plan de refuerzo en temas críticos. 3. Monitoreo continuo de asistencia.
STD_00026,Carrera General,Nivel General,6.4,85.0,79.33,ALTO,ROJO (CRÍTICO),Tutoría Académica Obligatoria y Derivación a Bienestar Estudiantil,1. Sesión tutorial individual semanal. 2. Plan de refuerzo en temas críticos. 3. Monitoreo continuo de asistencia.
STD_00026,Carrera General,Nivel General,7.8,85.0,21.5,BAJO,VERDE (ÓPTIMO),Seguimiento Regular de Aula,1. Continuar con el ritmo académico habitual. 2. Oportunidad de participación como mentor/ayudante.
STD_00026,Carrera General,Nivel General,4.8,85.0,91.65,ALTO,ROJO (CRÍTICO),Tutoría Académica Obligatoria y Derivación a Bienestar Estudiantil,1. Sesión tutorial individual semanal. 2. Plan de refuerzo en temas críticos. 3. Monitoreo continuo de asistencia.
STD_00026,Carrera General,Nivel General,4.9,85.0,88.44,ALTO,ROJO (CRÍTICO),Tutoría Académica Obligatoria y Derivación a Bienestar Estudiantil,1. Sesión tutorial individual semanal. 2. Plan de refuerzo en temas críticos. 3. Monitoreo continuo de asistencia.
STD_00027,Carrera General,Nivel General,4.5,85.0,84.07,ALTO,ROJO (CRÍTICO),Tutoría Académica Obligatoria y Derivación a Bienestar Estudiantil,1. Sesión tutorial individual semanal. 2. Plan de refuerzo en temas críticos. 3. Monitoreo continuo de asistencia.
STD_00027,Carrera General,Nivel General,9.0,85.0,11.69,BAJO,VERDE (ÓPTIMO),Seguimiento Regular de Aula,1. Continuar con el ritmo académico habitual. 2. Oportunidad de participación como mentor/ayudante.
STD_00027,Carrera General,Nivel General,7.5,85.0,26.01,BAJO,VERDE (ÓPTIMO),Seguimiento Regular de Aula,1. Continuar con el ritmo académico habitual. 2. Oportunidad de participación como mentor/ayudante.
STD_00027,Carrera General,Nivel General,9.3,85.0,11.14,BAJO,VERDE (ÓPTIMO),Seguimiento Regular de Aula,1. Continuar con el ritmo académico habitual. 2. Oportunidad de participación como mentor/ayudante.
STD_00027,Carrera General,Nivel General,6.9,85.0,76.3,ALTO,ROJO (CRÍTICO),Tutoría Académica Obligatoria y Derivación a Bienestar Estudiantil,1. Sesión tutorial individual semanal. 2. Plan de refuerzo en temas críticos. 3. Monitoreo continuo de asistencia.
STD_00027,Carrera General,Nivel General,5.2,85.0,81.93,ALTO,ROJO (CRÍTICO),Tutoría Académica Obligatoria y Derivación a Bienestar Estudiantil,1. Sesión tutorial individual semanal. 2. Plan de refuerzo en temas críticos. 3. Monitoreo continuo de asistencia.
STD_00027,Carrera General,Nivel General,7.1,85.0,19.23,BAJO,VERDE (ÓPTIMO),Seguimiento Regular de Aula,1. Continuar con el ritmo académico habitual. 2. Oportunidad de participación como mentor/ayudante.
STD_00027,Carrera General,Nivel General,4.5,85.0,84.59,ALTO,ROJO (CRÍTICO),Tutoría Académica Obligatoria y Derivación a Bienestar Estudiantil,1. Sesión tutorial individual semanal. 2. Plan de refuerzo en temas críticos. 3. Monitoreo continuo de asistencia.
STD_00028,Carrera General,Nivel General,7.9,85.0,22.26,BAJO,VERDE (ÓPTIMO),Seguimiento Regular de Aula,1. Continuar con el ritmo académico habitual. 2. Oportunidad de participación como mentor/ayudante.
STD_00028,Carrera General,Nivel General,5.0,85.0,76.44,ALTO,ROJO (CRÍTICO),Tutoría Académica Obligatoria y Derivación a Bienestar Estudiantil,1. Sesión tutorial individual semanal. 2. Plan de refuerzo en temas críticos. 3. Monitoreo continuo de asistencia.
STD_00028,Carrera General,Nivel General,8.1,85.0,36.05,MEDIO,AMARILLO (ADVERTENCIA),Acompañamiento Tutorial Preventivo y Talleres de Estudio,1. Entrevista de seguimiento bimensual. 2. Talleres grupales de resolución de ejercicios.
STD_00028,Carrera General,Nivel General,6.0,85.0,63.35,MEDIO,AMARILLO (ADVERTENCIA),Acompañamiento Tutorial Preventivo y Talleres de Estudio,1. Entrevista de seguimiento bimensual. 2. Talleres grupales de resolución de ejercicios.
STD_00028,Carrera General,Nivel General,9.3,85.0,23.55,BAJO,VERDE (ÓPTIMO),Seguimiento Regular de Aula,1. Continuar con el ritmo académico habitual. 2. Oportunidad de participación como mentor/ayudante.
STD_00028,Carrera General,Nivel General,8.3,85.0,15.44,BAJO,VERDE (ÓPTIMO),Seguimiento Regular de Aula,1. Continuar con el ritmo académico habitual. 2. Oportunidad de participación como mentor/ayudante.
STD_00028,Carrera General,Nivel General,7.3,85.0,9.9,BAJO,VERDE (ÓPTIMO),Seguimiento Regular de Aula,1. Continuar con el ritmo académico habitual. 2. Oportunidad de participación como mentor/ayudante.
STD_00028,Carrera General,Nivel General,4.4,85.0,83.71,ALTO,ROJO (CRÍTICO),Tutoría Académica Obligatoria y Derivación a Bienestar Estudiantil,1. Sesión tutorial individual semanal. 2. Plan de refuerzo en temas críticos. 3. Monitoreo continuo de asistencia.
STD_00029,Carrera General,Nivel General,9.5,85.0,23.78,BAJO,VERDE (ÓPTIMO),Seguimiento Regular de Aula,1. Continuar con el ritmo académico habitual. 2. Oportunidad de participación como mentor/ayudante.
STD_00029,Carrera General,Nivel General,4.5,85.0,75.74,ALTO,ROJO (CRÍTICO),Tutoría Académica Obligatoria y Derivación a Bienestar Estudiantil,1. Sesión tutorial individual semanal. 2. Plan de refuerzo en temas críticos. 3. Monitoreo continuo de asistencia.
STD_00029,Carrera General,Nivel General,4.5,85.0,88.09,ALTO,ROJO (CRÍTICO),Tutoría Académica Obligatoria y Derivación a Bienestar Estudiantil,1. Sesión tutorial individual semanal. 2. Plan de refuerzo en temas críticos. 3. Monitoreo continuo de asistencia.
STD_00029,Carrera General,Nivel General,4.1,85.0,80.12,ALTO,ROJO (CRÍTICO),Tutoría Académica Obligatoria y Derivación a Bienestar Estudiantil,1. Sesión tutorial individual semanal. 2. Plan de refuerzo en temas críticos. 3. Monitoreo continuo de asistencia.
STD_00029,Carrera General,Nivel General,9.1,85.0,20.86,BAJO,VERDE (ÓPTIMO),Seguimiento Regular de Aula,1. Continuar con el ritmo académico habitual. 2. Oportunidad de participación como mentor/ayudante.
STD_00029,Carrera General,Nivel General,9.4,85.0,37.38,MEDIO,AMARILLO (ADVERTENCIA),Acompañamiento Tutorial Preventivo y Talleres de Estudio,1. Entrevista de seguimiento bimensual. 2. Talleres grupales de resolución de ejercicios.
STD_00029,Carrera General,Nivel General,7.7,85.0,22.23,BAJO,VERDE (ÓPTIMO),Seguimiento Regular de Aula,1. Continuar con el ritmo académico habitual. 2. Oportunidad de participación como mentor/ayudante.
STD_00029,Carrera General,Nivel General,6.6,85.0,75.65,ALTO,ROJO (CRÍTICO),Tutoría Académica Obligatoria y Derivación a Bienestar Estudiantil,1. Sesión tutorial individual semanal. 2. Plan de refuerzo en temas críticos. 3. Monitoreo continuo de asistencia.
STD_00030,Carrera General,Nivel General,9.7,85.0,19.19,BAJO,VERDE (ÓPTIMO),Seguimiento Regular de Aula,1. Continuar con el ritmo académico habitual. 2. Oportunidad de participación como mentor/ayudante.
STD_00030,Carrera General,Nivel General,4.1,85.0,71.02,ALTO,ROJO (CRÍTICO),Tutoría Académica Obligatoria y Derivación a Bienestar Estudiantil,1. Sesión tutorial individual semanal. 2. Plan de refuerzo en temas críticos. 3. Monitoreo continuo de asistencia.
STD_00030,Carrera General,Nivel General,4.8,85.0,76.68,ALTO,ROJO (CRÍTICO),Tutoría Académica Obligatoria y Derivación a Bienestar Estudiantil,1. Sesión tutorial individual semanal. 2. Plan de refuerzo en temas críticos. 3. Monitoreo continuo de asistencia.
STD_00030,Carrera General,Nivel General,9.5,85.0,25.81,BAJO,VERDE (ÓPTIMO),Seguimiento Regular de Aula,1. Continuar con el ritmo académico habitual. 2. Oportunidad de participación como mentor/ayudante.
STD_00030,Carrera General,Nivel General,9.0,85.0,35.55,MEDIO,AMARILLO (ADVERTENCIA),Acompañamiento Tutorial Preventivo y Talleres de Estudio,1. Entrevista de seguimiento bimensual. 2. Talleres grupales de resolución de ejercicios.
STD_00030,Carrera General,Nivel General,9.8,85.0,11.36,BAJO,VERDE (ÓPTIMO),Seguimiento Regular de Aula,1. Continuar con el ritmo académico habitual. 2. Oportunidad de participación como mentor/ayudante.
STD_00030,Carrera General,Nivel General,11.0,85.0,37.23,MEDIO,AMARILLO (ADVERTENCIA),Acompañamiento Tutorial Preventivo y Talleres de Estudio,1. Entrevista de seguimiento bimensual. 2. Talleres grupales de resolución de ejercicios.
STD_00030,Carrera General,Nivel General,4.1,85.0,53.92,ALTO,ROJO (CRÍTICO),Tutoría Académica Obligatoria y Derivación a Bienestar Estudiantil,1. Sesión tutorial individual semanal. 2. Plan de refuerzo en temas críticos. 3. Monitoreo continuo de asistencia.
STD_00031,Carrera General,Nivel General,8.5,85.0,5.28,BAJO,VERDE (ÓPTIMO),Seguimiento Regular de Aula,1. Continuar con el ritmo académico habitual. 2. Oportunidad de participación como mentor/ayudante.
STD_00031,Carrera General,Nivel General,9.7,85.0,19.19,BAJO,VERDE (ÓPTIMO),Seguimiento Regular de Aula,1. Continuar con el ritmo académico habitual. 2. Oportunidad de participación como mentor/ayudante.
STD_00031,Carrera General,Nivel General,5.0,85.0,78.05,ALTO,ROJO (CRÍTICO),Tutoría Académica Obligatoria y Derivación a Bienestar Estudiantil,1. Sesión tutorial individual semanal. 2. Plan de refuerzo en temas críticos. 3. Monitoreo continuo de asistencia.
STD_00031,Carrera General,Nivel General,5.3,85.0,78.97,ALTO,ROJO (CRÍTICO),Tutoría Académica Obligatoria y Derivación a Bienestar Estudiantil,1. Sesión tutorial individual semanal. 2. Plan de refuerzo en temas críticos. 3. Monitoreo continuo de asistencia.
STD_00031,Carrera General,Nivel General,8.5,85.0,9.35,BAJO,VERDE (ÓPTIMO),Seguimiento Regular de Aula,1. Continuar con el ritmo académico habitual. 2. Oportunidad de participación como mentor/ayudante.
STD_00031,Carrera General,Nivel General,5.5,85.0,84.53,ALTO,ROJO (CRÍTICO),Tutoría Académica Obligatoria y Derivación a Bienestar Estudiantil,1. Sesión tutorial individual semanal. 2. Plan de refuerzo en temas críticos. 3. Monitoreo continuo de asistencia.
STD_00031,Carrera General,Nivel General,9.5,85.0,14.96,BAJO,VERDE (ÓPTIMO),Seguimiento Regular de Aula,1. Continuar con el ritmo académico habitual. 2. Oportunidad de participación como mentor/ayudante.
STD_00031,Carrera General,Nivel General,8.2,85.0,17.58,BAJO,VERDE (ÓPTIMO),Seguimiento Regular de Aula,1. Continuar con el ritmo académico habitual. 2. Oportunidad de participación como mentor/ayudante.
STD_00032,Carrera General,Nivel General,4.8,85.0,77.86,ALTO,ROJO (CRÍTICO),Tutoría Académica Obligatoria y Derivación a Bienestar Estudiantil,1. Sesión tutorial individual semanal. 2. Plan de refuerzo en temas críticos. 3. Monitoreo continuo de asistencia.
STD_00032,Carrera General,Nivel General,4.7,85.0,77.46,ALTO,ROJO (CRÍTICO),Tutoría Académica Obligatoria y Derivación a Bienestar Estudiantil,1. Sesión tutorial individual semanal. 2. Plan de refuerzo en temas críticos. 3. Monitoreo continuo de asistencia.
STD_00032,Carrera General,Nivel General,6.5,85.0,79.68,ALTO,ROJO (CRÍTICO),Tutoría Académica Obligatoria y Derivación a Bienestar Estudiantil,1. Sesión tutorial individual semanal. 2. Plan de refuerzo en temas críticos. 3. Monitoreo continuo de asistencia.
STD_00032,Carrera General,Nivel General,9.7,85.0,16.68,BAJO,VERDE (ÓPTIMO),Seguimiento Regular de Aula,1. Continuar con el ritmo académico habitual. 2. Oportunidad de participación como mentor/ayudante.
STD_00032,Carrera General,Nivel General,6.1,85.0,74.86,ALTO,ROJO (CRÍTICO),Tutoría Académica Obligatoria y Derivación a Bienestar Estudiantil,1. Sesión tutorial individual semanal. 2. Plan de refuerzo en temas críticos. 3. Monitoreo continuo de asistencia.
STD_00032,Carrera General,Nivel General,9.1,85.0,32.7,BAJO,VERDE (ÓPTIMO),Seguimiento Regular de Aula,1. Continuar con el ritmo académico habitual. 2. Oportunidad de participación como mentor/ayudante.
STD_00032,Carrera General,Nivel General,7.3,85.0,20.24,BAJO,VERDE (ÓPTIMO),Seguimiento Regular de Aula,1. Continuar con el ritmo académico habitual. 2. Oportunidad de participación como mentor/ayudante.
STD_00032,Carrera General,Nivel General,8.3,85.0,13.59,BAJO,VERDE (ÓPTIMO),Seguimiento Regular de Aula,1. Continuar con el ritmo académico habitual. 2. Oportunidad de participación como mentor/ayudante.
STD_00033,Carrera General,Nivel General,4.7,85.0,84.43,ALTO,ROJO (CRÍTICO),Tutoría Académica Obligatoria y Derivación a Bienestar Estudiantil,1. Sesión tutorial individual semanal. 2. Plan de refuerzo en temas críticos. 3. Monitoreo continuo de asistencia.
STD_00033,Carrera General,Nivel General,7.6,85.0,29.09,BAJO,VERDE (ÓPTIMO),Seguimiento Regular de Aula,1. Continuar con el ritmo académico habitual. 2. Oportunidad de participación como mentor/ayudante.
STD_00033,Carrera General,Nivel General,4.5,85.0,88.94,ALTO,ROJO (CRÍTICO),Tutoría Académica Obligatoria y Derivación a Bienestar Estudiantil,1. Sesión tutorial individual semanal. 2. Plan de refuerzo en temas críticos. 3. Monitoreo continuo de asistencia.
STD_00033,Carrera General,Nivel General,7.2,85.0,4.88,BAJO,VERDE (ÓPTIMO),Seguimiento Regular de Aula,1. Continuar con el ritmo académico habitual. 2. Oportunidad de participación como mentor/ayudante.
STD_00033,Carrera General,Nivel General,6.8,85.0,86.69,ALTO,ROJO (CRÍTICO),Tutoría Académica Obligatoria y Derivación a Bienestar Estudiantil,1. Sesión tutorial individual semanal. 2. Plan de refuerzo en temas críticos. 3. Monitoreo continuo de asistencia.
STD_00033,Carrera General,Nivel General,4.2,85.0,86.18,ALTO,ROJO (CRÍTICO),Tutoría Académica Obligatoria y Derivación a Bienestar Estudiantil,1. Sesión tutorial individual semanal. 2. Plan de refuerzo en temas críticos. 3. Monitoreo continuo de asistencia.
STD_00033,Carrera General,Nivel General,5.8,85.0,78.35,ALTO,ROJO (CRÍTICO),Tutoría Académica Obligatoria y Derivación a Bienestar Estudiantil,1. Sesión tutorial individual semanal. 2. Plan de refuerzo en temas críticos. 3. Monitoreo continuo de asistencia.
STD_00033,Carrera General,Nivel General,11.0,85.0,23.13,BAJO,VERDE (ÓPTIMO),Seguimiento Regular de Aula,1. Continuar con el ritmo académico habitual. 2. Oportunidad de participación como mentor/ayudante.
STD_00034,Carrera General,Nivel General,6.5,85.0,85.5,ALTO,ROJO (CRÍTICO),Tutoría Académica Obligatoria y Derivación a Bienestar Estudiantil,1. Sesión tutorial individual semanal. 2. Plan de refuerzo en temas críticos. 3. Monitoreo continuo de asistencia.
STD_00034,Carrera General,Nivel General,5.2,85.0,73.7,ALTO,ROJO (CRÍTICO),Tutoría Académica Obligatoria y Derivación a Bienestar Estudiantil,1. Sesión tutorial individual semanal. 2. Plan de refuerzo en temas críticos. 3. Monitoreo continuo de asistencia.
STD_00034,Carrera General,Nivel General,11.0,85.0,25.7,BAJO,VERDE (ÓPTIMO),Seguimiento Regular de Aula,1. Continuar con el ritmo académico habitual. 2. Oportunidad de participación como mentor/ayudante.
STD_00034,Carrera General,Nivel General,6.6,85.0,84.14,ALTO,ROJO (CRÍTICO),Tutoría Académica Obligatoria y Derivación a Bienestar Estudiantil,1. Sesión tutorial individual semanal. 2. Plan de refuerzo en temas críticos. 3. Monitoreo continuo de asistencia.
STD_00034,Carrera General,Nivel General,9.3,85.0,26.95,BAJO,VERDE (ÓPTIMO),Seguimiento Regular de Aula,1. Continuar con el ritmo académico habitual. 2. Oportunidad de participación como mentor/ayudante.
STD_00034,Carrera General,Nivel General,6.3,85.0,65.91,ALTO,ROJO (CRÍTICO),Tutoría Académica Obligatoria y Derivación a Bienestar Estudiantil,1. Sesión tutorial individual semanal. 2. Plan de refuerzo en temas críticos. 3. Monitoreo continuo de asistencia.
STD_00034,Carrera General,Nivel General,7.6,85.0,21.43,BAJO,VERDE (ÓPTIMO),Seguimiento Regular de Aula,1. Continuar con el ritmo académico habitual. 2. Oportunidad de participación como mentor/ayudante.
STD_00034,Carrera General,Nivel General,5.7,85.0,81.32,ALTO,ROJO (CRÍTICO),Tutoría Académica Obligatoria y Derivación a Bienestar Estudiantil,1. Sesión tutorial individual semanal. 2. Plan de refuerzo en temas críticos. 3. Monitoreo continuo de asistencia.
STD_00035,Carrera General,Nivel General,7.8,85.0,14.38,BAJO,VERDE (ÓPTIMO),Seguimiento Regular de Aula,1. Continuar con el ritmo académico habitual. 2. Oportunidad de participación como mentor/ayudante.
STD_00035,Carrera General,Nivel General,9.6,85.0,41.3,MEDIO,AMARILLO (ADVERTENCIA),Acompañamiento Tutorial Preventivo y Talleres de Estudio,1. Entrevista de seguimiento bimensual. 2. Talleres grupales de resolución de ejercicios.
STD_00035,Carrera General,Nivel General,7.8,85.0,27.98,BAJO,VERDE (ÓPTIMO),Seguimiento Regular de Aula,1. Continuar con el ritmo académico habitual. 2. Oportunidad de participación como mentor/ayudante.
STD_00035,Carrera General,Nivel General,6.2,85.0,90.69,ALTO,ROJO (CRÍTICO),Tutoría Académica Obligatoria y Derivación a Bienestar Estudiantil,1. Sesión tutorial individual semanal. 2. Plan de refuerzo en temas críticos. 3. Monitoreo continuo de asistencia.
STD_00035,Carrera General,Nivel General,6.3,85.0,62.81,MEDIO,AMARILLO (ADVERTENCIA),Acompañamiento Tutorial Preventivo y Talleres de Estudio,1. Entrevista de seguimiento bimensual. 2. Talleres grupales de resolución de ejercicios.
STD_00035,Carrera General,Nivel General,6.0,85.0,69.53,ALTO,ROJO (CRÍTICO),Tutoría Académica Obligatoria y Derivación a Bienestar Estudiantil,1. Sesión tutorial individual semanal. 2. Plan de refuerzo en temas críticos. 3. Monitoreo continuo de asistencia.
STD_00035,Carrera General,Nivel General,5.7,85.0,86.42,ALTO,ROJO (CRÍTICO),Tutoría Académica Obligatoria y Derivación a Bienestar Estudiantil,1. Sesión tutorial individual semanal. 2. Plan de refuerzo en temas críticos. 3. Monitoreo continuo de asistencia.
STD_00035,Carrera General,Nivel General,5.8,85.0,78.73,ALTO,ROJO (CRÍTICO),Tutoría Académica Obligatoria y Derivación a Bienestar Estudiantil,1. Sesión tutorial individual semanal. 2. Plan de refuerzo en temas críticos. 3. Monitoreo continuo de asistencia.
STD_00036,Carrera General,Nivel General,9.3,85.0,13.0,BAJO,VERDE (ÓPTIMO),Seguimiento Regular de Aula,1. Continuar con el ritmo académico habitual. 2. Oportunidad de participación como mentor/ayudante.
STD_00036,Carrera General,Nivel General,7.8,85.0,15.19,BAJO,VERDE (ÓPTIMO),Seguimiento Regular de Aula,1. Continuar con el ritmo académico habitual. 2. Oportunidad de participación como mentor/ayudante.
STD_00036,Carrera General,Nivel General,5.2,85.0,88.43,ALTO,ROJO (CRÍTICO),Tutoría Académica Obligatoria y Derivación a Bienestar Estudiantil,1. Sesión tutorial individual semanal. 2. Plan de refuerzo en temas críticos. 3. Monitoreo continuo de asistencia.
STD_00036,Carrera General,Nivel General,5.1,85.0,76.73,ALTO,ROJO (CRÍTICO),Tutoría Académica Obligatoria y Derivación a Bienestar Estudiantil,1. Sesión tutorial individual semanal. 2. Plan de refuerzo en temas críticos. 3. Monitoreo continuo de asistencia.
STD_00036,Carrera General,Nivel General,4.5,85.0,92.54,ALTO,ROJO (CRÍTICO),Tutoría Académica Obligatoria y Derivación a Bienestar Estudiantil,1. Sesión tutorial individual semanal. 2. Plan de refuerzo en temas críticos. 3. Monitoreo continuo de asistencia.
STD_00036,Carrera General,Nivel General,8.3,85.0,18.61,BAJO,VERDE (ÓPTIMO),Seguimiento Regular de Aula,1. Continuar con el ritmo académico habitual. 2. Oportunidad de participación como mentor/ayudante.
STD_00036,Carrera General,Nivel General,7.2,85.0,11.71,BAJO,VERDE (ÓPTIMO),Seguimiento Regular de Aula,1. Continuar con el ritmo académico habitual. 2. Oportunidad de participación como mentor/ayudante.
STD_00036,Carrera General,Nivel General,5.1,85.0,91.09,ALTO,ROJO (CRÍTICO),Tutoría Académica Obligatoria y Derivación a Bienestar Estudiantil,1. Sesión tutorial individual semanal. 2. Plan de refuerzo en temas críticos. 3. Monitoreo continuo de asistencia.
STD_00037,Carrera General,Nivel General,7.4,85.0,14.18,BAJO,VERDE (ÓPTIMO),Seguimiento Regular de Aula,1. Continuar con el ritmo académico habitual. 2. Oportunidad de participación como mentor/ayudante.
STD_00037,Carrera General,Nivel General,5.0,85.0,73.64,ALTO,ROJO (CRÍTICO),Tutoría Académica Obligatoria y Derivación a Bienestar Estudiantil,1. Sesión tutorial individual semanal. 2. Plan de refuerzo en temas críticos. 3. Monitoreo continuo de asistencia.
STD_00037,Carrera General,Nivel General,5.0,85.0,78.41,ALTO,ROJO (CRÍTICO),Tutoría Académica Obligatoria y Derivación a Bienestar Estudiantil,1. Sesión tutorial individual semanal. 2. Plan de refuerzo en temas críticos. 3. Monitoreo continuo de asistencia.
STD_00037,Carrera General,Nivel General,11.0,85.0,13.59,BAJO,VERDE (ÓPTIMO),Seguimiento Regular de Aula,1. Continuar con el ritmo académico habitual. 2. Oportunidad de participación como mentor/ayudante.
STD_00037,Carrera General,Nivel General,8.6,85.0,23.02,BAJO,VERDE (ÓPTIMO),Seguimiento Regular de Aula,1. Continuar con el ritmo académico habitual. 2. Oportunidad de participación como mentor/ayudante.
STD_00037,Carrera General,Nivel General,4.1,85.0,55.48,ALTO,ROJO (CRÍTICO),Tutoría Académica Obligatoria y Derivación a Bienestar Estudiantil,1. Sesión tutorial individual semanal. 2. Plan de refuerzo en temas críticos. 3. Monitoreo continuo de asistencia.
STD_00037,Carrera General,Nivel General,6.8,85.0,73.85,ALTO,ROJO (CRÍTICO),Tutoría Académica Obligatoria y Derivación a Bienestar Estudiantil,1. Sesión tutorial individual semanal. 2. Plan de refuerzo en temas críticos. 3. Monitoreo continuo de asistencia.
STD_00037,Carrera General,Nivel General,9.3,85.0,22.15,BAJO,VERDE (ÓPTIMO),Seguimiento Regular de Aula,1. Continuar con el ritmo académico habitual. 2. Oportunidad de participación como mentor/ayudante.
STD_00038,Carrera General,Nivel General,6.6,85.0,83.03,ALTO,ROJO (CRÍTICO),Tutoría Académica Obligatoria y Derivación a Bienestar Estudiantil,1. Sesión tutorial individual semanal. 2. Plan de refuerzo en temas críticos. 3. Monitoreo continuo de asistencia.
STD_00038,Carrera General,Nivel General,4.9,85.0,89.96,ALTO,ROJO (CRÍTICO),Tutoría Académica Obligatoria y Derivación a Bienestar Estudiantil,1. Sesión tutorial individual semanal. 2. Plan de refuerzo en temas críticos. 3. Monitoreo continuo de asistencia.
STD_00038,Carrera General,Nivel General,7.4,85.0,26.1,BAJO,VERDE (ÓPTIMO),Seguimiento Regular de Aula,1. Continuar con el ritmo académico habitual. 2. Oportunidad de participación como mentor/ayudante.
STD_00038,Carrera General,Nivel General,4.4,85.0,93.22,ALTO,ROJO (CRÍTICO),Tutoría Académica Obligatoria y Derivación a Bienestar Estudiantil,1. Sesión tutorial individual semanal. 2. Plan de refuerzo en temas críticos. 3. Monitoreo continuo de asistencia.
STD_00038,Carrera General,Nivel General,11.0,85.0,26.1,BAJO,VERDE (ÓPTIMO),Seguimiento Regular de Aula,1. Continuar con el ritmo académico habitual. 2. Oportunidad de participación como mentor/ayudante.
STD_00038,Carrera General,Nivel General,6.7,85.0,82.17,ALTO,ROJO (CRÍTICO),Tutoría Académica Obligatoria y Derivación a Bienestar Estudiantil,1. Sesión tutorial individual semanal. 2. Plan de refuerzo en temas críticos. 3. Monitoreo continuo de asistencia.
STD_00038,Carrera General,Nivel General,6.8,85.0,95.89,ALTO,ROJO (CRÍTICO),Tutoría Académica Obligatoria y Derivación a Bienestar Estudiantil,1. Sesión tutorial individual semanal. 2. Plan de refuerzo en temas críticos. 3. Monitoreo continuo de asistencia.
STD_00038,Carrera General,Nivel General,7.0,85.0,13.59,BAJO,VERDE (ÓPTIMO),Seguimiento Regular de Aula,1. Continuar con el ritmo académico habitual. 2. Oportunidad de participación como mentor/ayudante.
STD_00039,Carrera General,Nivel General,8.6,85.0,18.68,BAJO,VERDE (ÓPTIMO),Seguimiento Regular de Aula,1. Continuar con el ritmo académico habitual. 2. Oportunidad de participación como mentor/ayudante.
STD_00039,Carrera General,Nivel General,9.7,85.0,11.69,BAJO,VERDE (ÓPTIMO),Seguimiento Regular de Aula,1. Continuar con el ritmo académico habitual. 2. Oportunidad de participación como mentor/ayudante.
STD_00039,Carrera General,Nivel General,8.9,85.0,12.99,BAJO,VERDE (ÓPTIMO),Seguimiento Regular de Aula,1. Continuar con el ritmo académico habitual. 2. Oportunidad de participación como mentor/ayudante.
STD_00039,Carrera General,Nivel General,8.3,85.0,21.75,BAJO,VERDE (ÓPTIMO),Seguimiento Regular de Aula,1. Continuar con el ritmo académico habitual. 2. Oportunidad de participación como mentor/ayudante.
STD_00039,Carrera General,Nivel General,4.3,85.0,75.4,ALTO,ROJO (CRÍTICO),Tutoría Académica Obligatoria y Derivación a Bienestar Estudiantil,1. Sesión tutorial individual semanal. 2. Plan de refuerzo en temas críticos. 3. Monitoreo continuo de asistencia.
STD_00039,Carrera General,Nivel General,11.0,85.0,26.06,BAJO,VERDE (ÓPTIMO),Seguimiento Regular de Aula,1. Continuar con el ritmo académico habitual. 2. Oportunidad de participación como mentor/ayudante.
STD_00039,Carrera General,Nivel General,5.4,85.0,80.06,ALTO,ROJO (CRÍTICO),Tutoría Académica Obligatoria y Derivación a Bienestar Estudiantil,1. Sesión tutorial individual semanal. 2. Plan de refuerzo en temas críticos. 3. Monitoreo continuo de asistencia.
STD_00039,Carrera General,Nivel General,5.0,85.0,75.66,ALTO,ROJO (CRÍTICO),Tutoría Académica Obligatoria y Derivación a Bienestar Estudiantil,1. Sesión tutorial individual semanal. 2. Plan de refuerzo en temas críticos. 3. Monitoreo continuo de asistencia.
STD_00040,Carrera General,Nivel General,6.6,85.0,86.41,ALTO,ROJO (CRÍTICO),Tutoría Académica Obligatoria y Derivación a Bienestar Estudiantil,1. Sesión tutorial individual semanal. 2. Plan de refuerzo en temas críticos. 3. Monitoreo continuo de asistencia.
STD_00040,Carrera General,Nivel General,9.2,85.0,24.97,BAJO,VERDE (ÓPTIMO),Seguimiento Regular de Aula,1. Continuar con el ritmo académico habitual. 2. Oportunidad de participación como mentor/ayudante.
STD_00040,Carrera General,Nivel General,5.7,85.0,76.99,ALTO,ROJO (CRÍTICO),Tutoría Académica Obligatoria y Derivación a Bienestar Estudiantil,1. Sesión tutorial individual semanal. 2. Plan de refuerzo en temas críticos. 3. Monitoreo continuo de asistencia.
STD_00040,Carrera General,Nivel General,6.1,85.0,67.73,ALTO,ROJO (CRÍTICO),Tutoría Académica Obligatoria y Derivación a Bienestar Estudiantil,1. Sesión tutorial individual semanal. 2. Plan de refuerzo en temas críticos. 3. Monitoreo continuo de asistencia.
STD_00040,Carrera General,Nivel General,6.9,85.0,61.87,MEDIO,AMARILLO (ADVERTENCIA),Acompañamiento Tutorial Preventivo y Talleres de Estudio,1. Entrevista de seguimiento bimensual. 2. Talleres grupales de resolución de ejercicios.
STD_00040,Carrera General,Nivel General,7.8,85.0,22.98,BAJO,VERDE (ÓPTIMO),Seguimiento Regular de Aula,1. Continuar con el ritmo académico habitual. 2. Oportunidad de participación como mentor/ayudante.
STD_00040,Carrera General,Nivel General,5.6,85.0,71.13,ALTO,ROJO (CRÍTICO),Tutoría Académica Obligatoria y Derivación a Bienestar Estudiantil,1. Sesión tutorial individual semanal. 2. Plan de refuerzo en temas críticos. 3. Monitoreo continuo de asistencia.
STD_00040,Carrera General,Nivel General,7.2,85.0,41.62,MEDIO,AMARILLO (ADVERTENCIA),Acompañamiento Tutorial Preventivo y Talleres de Estudio,1. Entrevista de seguimiento bimensual. 2. Talleres grupales de resolución de ejercicios.
STD_00041,Carrera General,Nivel General,8.8,85.0,14.68,BAJO,VERDE (ÓPTIMO),Seguimiento Regular de Aula,1. Continuar con el ritmo académico habitual. 2. Oportunidad de participación como mentor/ayudante.
STD_00041,Carrera General,Nivel General,5.5,85.0,66.73,ALTO,ROJO (CRÍTICO),Tutoría Académica Obligatoria y Derivación a Bienestar Estudiantil,1. Sesión tutorial individual semanal. 2. Plan de refuerzo en temas críticos. 3. Monitoreo continuo de asistencia.
STD_00041,Carrera General,Nivel General,9.4,85.0,18.43,BAJO,VERDE (ÓPTIMO),Seguimiento Regular de Aula,1. Continuar con el ritmo académico habitual. 2. Oportunidad de participación como mentor/ayudante.
STD_00041,Carrera General,Nivel General,9.3,85.0,18.08,BAJO,VERDE (ÓPTIMO),Seguimiento Regular de Aula,1. Continuar con el ritmo académico habitual. 2. Oportunidad de participación como mentor/ayudante.
STD_00041,Carrera General,Nivel General,7.0,85.0,16.02,BAJO,VERDE (ÓPTIMO),Seguimiento Regular de Aula,1. Continuar con el ritmo académico habitual. 2. Oportunidad de participación como mentor/ayudante.
STD_00041,Carrera General,Nivel General,8.5,85.0,24.93,BAJO,VERDE (ÓPTIMO),Seguimiento Regular de Aula,1. Continuar con el ritmo académico habitual. 2. Oportunidad de participación como mentor/ayudante.
STD_00041,Carrera General,Nivel General,5.3,85.0,87.81,ALTO,ROJO (CRÍTICO),Tutoría Académica Obligatoria y Derivación a Bienestar Estudiantil,1. Sesión tutorial individual semanal. 2. Plan de refuerzo en temas críticos. 3. Monitoreo continuo de asistencia.
STD_00041,Carrera General,Nivel General,5.0,85.0,87.87,ALTO,ROJO (CRÍTICO),Tutoría Académica Obligatoria y Derivación a Bienestar Estudiantil,1. Sesión tutorial individual semanal. 2. Plan de refuerzo en temas críticos. 3. Monitoreo continuo de asistencia.
STD_00042,Carrera General,Nivel General,4.4,85.0,78.76,ALTO,ROJO (CRÍTICO),Tutoría Académica Obligatoria y Derivación a Bienestar Estudiantil,1. Sesión tutorial individual semanal. 2. Plan de refuerzo en temas críticos. 3. Monitoreo continuo de asistencia.
STD_00042,Carrera General,Nivel General,9.1,85.0,7.71,BAJO,VERDE (ÓPTIMO),Seguimiento Regular de Aula,1. Continuar con el ritmo académico habitual. 2. Oportunidad de participación como mentor/ayudante.
STD_00042,Carrera General,Nivel General,8.0,85.0,14.54,BAJO,VERDE (ÓPTIMO),Seguimiento Regular de Aula,1. Continuar con el ritmo académico habitual. 2. Oportunidad de participación como mentor/ayudante.
STD_00042,Carrera General,Nivel General,9.2,85.0,15.13,BAJO,VERDE (ÓPTIMO),Seguimiento Regular de Aula,1. Continuar con el ritmo académico habitual. 2. Oportunidad de participación como mentor/ayudante.
STD_00042,Carrera General,Nivel General,7.2,85.0,13.36,BAJO,VERDE (ÓPTIMO),Seguimiento Regular de Aula,1. Continuar con el ritmo académico habitual. 2. Oportunidad de participación como mentor/ayudante.
STD_00042,Carrera General,Nivel General,5.8,85.0,85.45,ALTO,ROJO (CRÍTICO),Tutoría Académica Obligatoria y Derivación a Bienestar Estudiantil,1. Sesión tutorial individual semanal. 2. Plan de refuerzo en temas críticos. 3. Monitoreo continuo de asistencia.
STD_00042,Carrera General,Nivel General,4.5,85.0,80.16,ALTO,ROJO (CRÍTICO),Tutoría Académica Obligatoria y Derivación a Bienestar Estudiantil,1. Sesión tutorial individual semanal. 2. Plan de refuerzo en temas críticos. 3. Monitoreo continuo de asistencia.
STD_00042,Carrera General,Nivel General,11.0,85.0,12.4,BAJO,VERDE (ÓPTIMO),Seguimiento Regular de Aula,1. Continuar con el ritmo académico habitual. 2. Oportunidad de participación como mentor/ayudante.
STD_00043,Carrera General,Nivel General,8.1,85.0,13.08,BAJO,VERDE (ÓPTIMO),Seguimiento Regular de Aula,1. Continuar con el ritmo académico habitual. 2. Oportunidad de participación como mentor/ayudante.
STD_00043,Carrera General,Nivel General,9.9,85.0,32.3,BAJO,VERDE (ÓPTIMO),Seguimiento Regular de Aula,1. Continuar con el ritmo académico habitual. 2. Oportunidad de participación como mentor/ayudante.
STD_00043,Carrera General,Nivel General,4.7,85.0,67.64,ALTO,ROJO (CRÍTICO),Tutoría Académica Obligatoria y Derivación a Bienestar Estudiantil,1. Sesión tutorial individual semanal. 2. Plan de refuerzo en temas críticos. 3. Monitoreo continuo de asistencia.
STD_00043,Carrera General,Nivel General,7.1,85.0,15.17,BAJO,VERDE (ÓPTIMO),Seguimiento Regular de Aula,1. Continuar con el ritmo académico habitual. 2. Oportunidad de participación como mentor/ayudante.
STD_00043,Carrera General,Nivel General,9.6,85.0,19.52,BAJO,VERDE (ÓPTIMO),Seguimiento Regular de Aula,1. Continuar con el ritmo académico habitual. 2. Oportunidad de participación como mentor/ayudante.
STD_00043,Carrera General,Nivel General,6.5,85.0,65.77,ALTO,ROJO (CRÍTICO),Tutoría Académica Obligatoria y Derivación a Bienestar Estudiantil,1. Sesión tutorial individual semanal. 2. Plan de refuerzo en temas críticos. 3. Monitoreo continuo de asistencia.
STD_00043,Carrera General,Nivel General,11.0,85.0,17.61,BAJO,VERDE (ÓPTIMO),Seguimiento Regular de Aula,1. Continuar con el ritmo académico habitual. 2. Oportunidad de participación como mentor/ayudante.
STD_00043,Carrera General,Nivel General,6.5,85.0,65.28,ALTO,ROJO (CRÍTICO),Tutoría Académica Obligatoria y Derivación a Bienestar Estudiantil,1. Sesión tutorial individual semanal. 2. Plan de refuerzo en temas críticos. 3. Monitoreo continuo de asistencia.
STD_00044,Carrera General,Nivel General,7.7,85.0,14.33,BAJO,VERDE (ÓPTIMO),Seguimiento Regular de Aula,1. Continuar con el ritmo académico habitual. 2. Oportunidad de participación como mentor/ayudante.
STD_00044,Carrera General,Nivel General,8.8,85.0,24.65,BAJO,VERDE (ÓPTIMO),Seguimiento Regular de Aula,1. Continuar con el ritmo académico habitual. 2. Oportunidad de participación como mentor/ayudante.
STD_00044,Carrera General,Nivel General,5.8,85.0,83.67,ALTO,ROJO (CRÍTICO),Tutoría Académica Obligatoria y Derivación a Bienestar Estudiantil,1. Sesión tutorial individual semanal. 2. Plan de refuerzo en temas críticos. 3. Monitoreo continuo de asistencia.
STD_00044,Carrera General,Nivel General,5.5,85.0,86.34,ALTO,ROJO (CRÍTICO),Tutoría Académica Obligatoria y Derivación a Bienestar Estudiantil,1. Sesión tutorial individual semanal. 2. Plan de refuerzo en temas críticos. 3. Monitoreo continuo de asistencia.
STD_00044,Carrera General,Nivel General,5.3,85.0,86.31,ALTO,ROJO (CRÍTICO),Tutoría Académica Obligatoria y Derivación a Bienestar Estudiantil,1. Sesión tutorial individual semanal. 2. Plan de refuerzo en temas críticos. 3. Monitoreo continuo de asistencia.
STD_00044,Carrera General,Nivel General,9.8,85.0,13.47,BAJO,VERDE (ÓPTIMO),Seguimiento Regular de Aula,1. Continuar con el ritmo académico habitual. 2. Oportunidad de participación como mentor/ayudante.
STD_00044,Carrera General,Nivel General,6.4,85.0,79.47,ALTO,ROJO (CRÍTICO),Tutoría Académica Obligatoria y Derivación a Bienestar Estudiantil,1. Sesión tutorial individual semanal. 2. Plan de refuerzo en temas críticos. 3. Monitoreo continuo de asistencia.
STD_00044,Carrera General,Nivel General,7.8,85.0,11.47,BAJO,VERDE (ÓPTIMO),Seguimiento Regular de Aula,1. Continuar con el ritmo académico habitual. 2. Oportunidad de participación como mentor/ayudante.
STD_00045,Carrera General,Nivel General,4.5,85.0,88.99,ALTO,ROJO (CRÍTICO),Tutoría Académica Obligatoria y Derivación a Bienestar Estudiantil,1. Sesión tutorial individual semanal. 2. Plan de refuerzo en temas críticos. 3. Monitoreo continuo de asistencia.
STD_00045,Carrera General,Nivel General,4.3,85.0,83.12,ALTO,ROJO (CRÍTICO),Tutoría Académica Obligatoria y Derivación a Bienestar Estudiantil,1. Sesión tutorial individual semanal. 2. Plan de refuerzo en temas críticos. 3. Monitoreo continuo de asistencia.
STD_00045,Carrera General,Nivel General,9.8,85.0,13.42,BAJO,VERDE (ÓPTIMO),Seguimiento Regular de Aula,1. Continuar con el ritmo académico habitual. 2. Oportunidad de participación como mentor/ayudante.
STD_00045,Carrera General,Nivel General,7.5,85.0,17.68,BAJO,VERDE (ÓPTIMO),Seguimiento Regular de Aula,1. Continuar con el ritmo académico habitual. 2. Oportunidad de participación como mentor/ayudante.
STD_00045,Carrera General,Nivel General,9.0,85.0,18.45,BAJO,VERDE (ÓPTIMO),Seguimiento Regular de Aula,1. Continuar con el ritmo académico habitual. 2. Oportunidad de participación como mentor/ayudante.
STD_00045,Carrera General,Nivel General,5.3,85.0,84.18,ALTO,ROJO (CRÍTICO),Tutoría Académica Obligatoria y Derivación a Bienestar Estudiantil,1. Sesión tutorial individual semanal. 2. Plan de refuerzo en temas críticos. 3. Monitoreo continuo de asistencia.
STD_00045,Carrera General,Nivel General,4.3,85.0,88.12,ALTO,ROJO (CRÍTICO),Tutoría Académica Obligatoria y Derivación a Bienestar Estudiantil,1. Sesión tutorial individual semanal. 2. Plan de refuerzo en temas críticos. 3. Monitoreo continuo de asistencia.
STD_00045,Carrera General,Nivel General,9.8,85.0,21.97,BAJO,VERDE (ÓPTIMO),Seguimiento Regular de Aula,1. Continuar con el ritmo académico habitual. 2. Oportunidad de participación como mentor/ayudante.
STD_00046,Carrera General,Nivel General,8.5,85.0,10.12,BAJO,VERDE (ÓPTIMO),Seguimiento Regular de Aula,1. Continuar con el ritmo académico habitual. 2. Oportunidad de participación como mentor/ayudante.
STD_00046,Carrera General,Nivel General,8.6,85.0,4.22,BAJO,VERDE (ÓPTIMO),Seguimiento Regular de Aula,1. Continuar con el ritmo académico habitual. 2. Oportunidad de participación como mentor/ayudante.
STD_00046,Carrera General,Nivel General,9.3,85.0,8.6,BAJO,VERDE (ÓPTIMO),Seguimiento Regular de Aula,1. Continuar con el ritmo académico habitual. 2. Oportunidad de participación como mentor/ayudante.
STD_00046,Carrera General,Nivel General,8.5,85.0,11.27,BAJO,VERDE (ÓPTIMO),Seguimiento Regular de Aula,1. Continuar con el ritmo académico habitual. 2. Oportunidad de participación como mentor/ayudante.
STD_00046,Carrera General,Nivel General,7.3,85.0,10.11,BAJO,VERDE (ÓPTIMO),Seguimiento Regular de Aula,1. Continuar con el ritmo académico habitual. 2. Oportunidad de participación como mentor/ayudante.
STD_00046,Carrera General,Nivel General,4.4,85.0,76.97,ALTO,ROJO (CRÍTICO),Tutoría Académica Obligatoria y Derivación a Bienestar Estudiantil,1. Sesión tutorial individual semanal. 2. Plan de refuerzo en temas críticos. 3. Monitoreo continuo de asistencia.
STD_00046,Carrera General,Nivel General,8.1,85.0,17.3,BAJO,VERDE (ÓPTIMO),Seguimiento Regular de Aula,1. Continuar con el ritmo académico habitual. 2. Oportunidad de participación como mentor/ayudante.
STD_00046,Carrera General,Nivel General,7.9,85.0,4.69,BAJO,VERDE (ÓPTIMO),Seguimiento Regular de Aula,1. Continuar con el ritmo académico habitual. 2. Oportunidad de participación como mentor/ayudante.
STD_00047,Carrera General,Nivel General,8.2,85.0,11.64,BAJO,VERDE (ÓPTIMO),Seguimiento Regular de Aula,1. Continuar con el ritmo académico habitual. 2. Oportunidad de participación como mentor/ayudante.
STD_00047,Carrera General,Nivel General,4.3,85.0,65.0,ALTO,ROJO (CRÍTICO),Tutoría Académica Obligatoria y Derivación a Bienestar Estudiantil,1. Sesión tutorial individual semanal. 2. Plan de refuerzo en temas críticos. 3. Monitoreo continuo de asistencia.
STD_00047,Carrera General,Nivel General,4.6,85.0,80.72,ALTO,ROJO (CRÍTICO),Tutoría Académica Obligatoria y Derivación a Bienestar Estudiantil,1. Sesión tutorial individual semanal. 2. Plan de refuerzo en temas críticos. 3. Monitoreo continuo de asistencia.
STD_00047,Carrera General,Nivel General,5.5,85.0,72.59,ALTO,ROJO (CRÍTICO),Tutoría Académica Obligatoria y Derivación a Bienestar Estudiantil,1. Sesión tutorial individual semanal. 2. Plan de refuerzo en temas críticos. 3. Monitoreo continuo de asistencia.
STD_00047,Carrera General,Nivel General,7.1,85.0,15.7,BAJO,VERDE (ÓPTIMO),Seguimiento Regular de Aula,1. Continuar con el ritmo académico habitual. 2. Oportunidad de participación como mentor/ayudante.
STD_00047,Carrera General,Nivel General,8.8,85.0,19.29,BAJO,VERDE (ÓPTIMO),Seguimiento Regular de Aula,1. Continuar con el ritmo académico habitual. 2. Oportunidad de participación como mentor/ayudante.
STD_00047,Carrera General,Nivel General,7.8,85.0,19.59,BAJO,VERDE (ÓPTIMO),Seguimiento Regular de Aula,1. Continuar con el ritmo académico habitual. 2. Oportunidad de participación como mentor/ayudante.
STD_00047,Carrera General,Nivel General,9.1,85.0,21.88,BAJO,VERDE (ÓPTIMO),Seguimiento Regular de Aula,1. Continuar con el ritmo académico habitual. 2. Oportunidad de participación como mentor/ayudante.
STD_00048,Carrera General,Nivel General,5.6,85.0,92.38,ALTO,ROJO (CRÍTICO),Tutoría Académica Obligatoria y Derivación a Bienestar Estudiantil,1. Sesión tutorial individual semanal. 2. Plan de refuerzo en temas críticos. 3. Monitoreo continuo de asistencia.
STD_00048,Carrera General,Nivel General,5.8,85.0,71.97,ALTO,ROJO (CRÍTICO),Tutoría Académica Obligatoria y Derivación a Bienestar Estudiantil,1. Sesión tutorial individual semanal. 2. Plan de refuerzo en temas críticos. 3. Monitoreo continuo de asistencia.
STD_00048,Carrera General,Nivel General,9.3,85.0,14.06,BAJO,VERDE (ÓPTIMO),Seguimiento Regular de Aula,1. Continuar con el ritmo académico habitual. 2. Oportunidad de participación como mentor/ayudante.
STD_00048,Carrera General,Nivel General,7.3,85.0,15.02,BAJO,VERDE (ÓPTIMO),Seguimiento Regular de Aula,1. Continuar con el ritmo académico habitual. 2. Oportunidad de participación como mentor/ayudante.
STD_00048,Carrera General,Nivel General,4.7,85.0,88.87,ALTO,ROJO (CRÍTICO),Tutoría Académica Obligatoria y Derivación a Bienestar Estudiantil,1. Sesión tutorial individual semanal. 2. Plan de refuerzo en temas críticos. 3. Monitoreo continuo de asistencia.
STD_00048,Carrera General,Nivel General,11.0,85.0,16.3,BAJO,VERDE (ÓPTIMO),Seguimiento Regular de Aula,1. Continuar con el ritmo académico habitual. 2. Oportunidad de participación como mentor/ayudante.
STD_00048,Carrera General,Nivel General,7.1,85.0,16.11,BAJO,VERDE (ÓPTIMO),Seguimiento Regular de Aula,1. Continuar con el ritmo académico habitual. 2. Oportunidad de participación como mentor/ayudante.
STD_00048,Carrera General,Nivel General,9.5,85.0,5.93,BAJO,VERDE (ÓPTIMO),Seguimiento Regular de Aula,1. Continuar con el ritmo académico habitual. 2. Oportunidad de participación como mentor/ayudante.
STD_00049,Carrera General,Nivel General,5.7,85.0,81.28,ALTO,ROJO (CRÍTICO),Tutoría Académica Obligatoria y Derivación a Bienestar Estudiantil,1. Sesión tutorial individual semanal. 2. Plan de refuerzo en temas críticos. 3. Monitoreo continuo de asistencia.
STD_00049,Carrera General,Nivel General,7.0,85.0,29.56,BAJO,VERDE (ÓPTIMO),Seguimiento Regular de Aula,1. Continuar con el ritmo académico habitual. 2. Oportunidad de participación como mentor/ayudante.
STD_00049,Carrera General,Nivel General,6.1,85.0,83.32,ALTO,ROJO (CRÍTICO),Tutoría Académica Obligatoria y Derivación a Bienestar Estudiantil,1. Sesión tutorial individual semanal. 2. Plan de refuerzo en temas críticos. 3. Monitoreo continuo de asistencia.
STD_00049,Carrera General,Nivel General,7.7,85.0,23.08,BAJO,VERDE (ÓPTIMO),Seguimiento Regular de Aula,1. Continuar con el ritmo académico habitual. 2. Oportunidad de participación como mentor/ayudante.
STD_00049,Carrera General,Nivel General,7.9,85.0,24.69,BAJO,VERDE (ÓPTIMO),Seguimiento Regular de Aula,1. Continuar con el ritmo académico habitual. 2. Oportunidad de participación como mentor/ayudante.
STD_00049,Carrera General,Nivel General,4.9,85.0,86.11,ALTO,ROJO (CRÍTICO),Tutoría Académica Obligatoria y Derivación a Bienestar Estudiantil,1. Sesión tutorial individual semanal. 2. Plan de refuerzo en temas críticos. 3. Monitoreo continuo de asistencia.
STD_00049,Carrera General,Nivel General,4.8,85.0,93.5,ALTO,ROJO (CRÍTICO),Tutoría Académica Obligatoria y Derivación a Bienestar Estudiantil,1. Sesión tutorial individual semanal. 2. Plan de refuerzo en temas críticos. 3. Monitoreo continuo de asistencia.
STD_00049,Carrera General,Nivel General,6.8,85.0,91.68,ALTO,ROJO (CRÍTICO),Tutoría Académica Obligatoria y Derivación a Bienestar Estudiantil,1. Sesión tutorial individual semanal. 2. Plan de refuerzo en temas críticos. 3. Monitoreo continuo de asistencia.
STD_00050,Carrera General,Nivel General,5.8,85.0,78.18,ALTO,ROJO (CRÍTICO),Tutoría Académica Obligatoria y Derivación a Bienestar Estudiantil,1. Sesión tutorial individual semanal. 2. Plan de refuerzo en temas críticos. 3. Monitoreo continuo de asistencia.
STD_00050,Carrera General,Nivel General,8.6,85.0,23.32,BAJO,VERDE (ÓPTIMO),Seguimiento Regular de Aula,1. Continuar con el ritmo académico habitual. 2. Oportunidad de participación como mentor/ayudante.
STD_00050,Carrera General,Nivel General,5.7,85.0,89.34,ALTO,ROJO (CRÍTICO),Tutoría Académica Obligatoria y Derivación a Bienestar Estudiantil,1. Sesión tutorial individual semanal. 2. Plan de refuerzo en temas críticos. 3. Monitoreo continuo de asistencia.
STD_00050,Carrera General,Nivel General,5.7,85.0,79.63,ALTO,ROJO (CRÍTICO),Tutoría Académica Obligatoria y Derivación a Bienestar Estudiantil,1. Sesión tutorial individual semanal. 2. Plan de refuerzo en temas críticos. 3. Monitoreo continuo de asistencia.
STD_00050,Carrera General,Nivel General,10.0,85.0,16.68,BAJO,VERDE (ÓPTIMO),Seguimiento Regular de Aula,1. Continuar con el ritmo académico habitual. 2. Oportunidad de participación como mentor/ayudante.
STD_00050,Carrera General,Nivel General,7.9,85.0,32.28,BAJO,VERDE (ÓPTIMO),Seguimiento Regular de Aula,1. Continuar con el ritmo académico habitual. 2. Oportunidad de participación como mentor/ayudante.
STD_00050,Carrera General,Nivel General,6.4,85.0,87.63,ALTO,ROJO (CRÍTICO),Tutoría Académica Obligatoria y Derivación a Bienestar Estudiantil,1. Sesión tutorial individual semanal. 2. Plan de refuerzo en temas críticos. 3. Monitoreo continuo de asistencia.
STD_00050,Carrera General,Nivel General,5.7,85.0,74.22,ALTO,ROJO (CRÍTICO),Tutoría Académica Obligatoria y Derivación a Bienestar Estudiantil,1. Sesión tutorial individual semanal. 2. Plan de refuerzo en temas críticos. 3. Monitoreo continuo de asistencia.
STD_00051,Carrera General,Nivel General,5.8,85.0,80.32,ALTO,ROJO (CRÍTICO),Tutoría Académica Obligatoria y Derivación a Bienestar Estudiantil,1. Sesión tutorial individual semanal. 2. Plan de refuerzo en temas críticos. 3. Monitoreo continuo de asistencia.
STD_00051,Carrera General,Nivel General,7.0,85.0,17.41,BAJO,VERDE (ÓPTIMO),Seguimiento Regular de Aula,1. Continuar con el ritmo académico habitual. 2. Oportunidad de participación como mentor/ayudante.
STD_00051,Carrera General,Nivel General,5.6,85.0,85.89,ALTO,ROJO (CRÍTICO),Tutoría Académica Obligatoria y Derivación a Bienestar Estudiantil,1. Sesión tutorial individual semanal. 2. Plan de refuerzo en temas críticos. 3. Monitoreo continuo de asistencia.
STD_00051,Carrera General,Nivel General,7.0,85.0,19.82,BAJO,VERDE (ÓPTIMO),Seguimiento Regular de Aula,1. Continuar con el ritmo académico habitual. 2. Oportunidad de participación como mentor/ayudante.
STD_00051,Carrera General,Nivel General,8.6,85.0,11.29,BAJO,VERDE (ÓPTIMO),Seguimiento Regular de Aula,1. Continuar con el ritmo académico habitual. 2. Oportunidad de participación como mentor/ayudante.
STD_00051,Carrera General,Nivel General,6.8,85.0,87.15,ALTO,ROJO (CRÍTICO),Tutoría Académica Obligatoria y Derivación a Bienestar Estudiantil,1. Sesión tutorial individual semanal. 2. Plan de refuerzo en temas críticos. 3. Monitoreo continuo de asistencia.
STD_00051,Carrera General,Nivel General,9.9,85.0,13.68,BAJO,VERDE (ÓPTIMO),Seguimiento Regular de Aula,1. Continuar con el ritmo académico habitual. 2. Oportunidad de participación como mentor/ayudante.
STD_00051,Carrera General,Nivel General,5.1,85.0,84.36,ALTO,ROJO (CRÍTICO),Tutoría Académica Obligatoria y Derivación a Bienestar Estudiantil,1. Sesión tutorial individual semanal. 2. Plan de refuerzo en temas críticos. 3. Monitoreo continuo de asistencia.
STD_00052,Carrera General,Nivel General,4.8,85.0,93.23,ALTO,ROJO (CRÍTICO),Tutoría Académica Obligatoria y Derivación a Bienestar Estudiantil,1. Sesión tutorial individual semanal. 2. Plan de refuerzo en temas críticos. 3. Monitoreo continuo de asistencia.
STD_00052,Carrera General,Nivel General,7.3,85.0,33.33,BAJO,VERDE (ÓPTIMO),Seguimiento Regular de Aula,1. Continuar con el ritmo académico habitual. 2. Oportunidad de participación como mentor/ayudante.
STD_00052,Carrera General,Nivel General,6.7,85.0,94.84,ALTO,ROJO (CRÍTICO),Tutoría Académica Obligatoria y Derivación a Bienestar Estudiantil,1. Sesión tutorial individual semanal. 2. Plan de refuerzo en temas críticos. 3. Monitoreo continuo de asistencia.
STD_00052,Carrera General,Nivel General,4.1,85.0,85.07,ALTO,ROJO (CRÍTICO),Tutoría Académica Obligatoria y Derivación a Bienestar Estudiantil,1. Sesión tutorial individual semanal. 2. Plan de refuerzo en temas críticos. 3. Monitoreo continuo de asistencia.
STD_00052,Carrera General,Nivel General,5.9,85.0,90.08,ALTO,ROJO (CRÍTICO),Tutoría Académica Obligatoria y Derivación a Bienestar Estudiantil,1. Sesión tutorial individual semanal. 2. Plan de refuerzo en temas críticos. 3. Monitoreo continuo de asistencia.
STD_00052,Carrera General,Nivel General,4.6,85.0,82.34,ALTO,ROJO (CRÍTICO),Tutoría Académica Obligatoria y Derivación a Bienestar Estudiantil,1. Sesión tutorial individual semanal. 2. Plan de refuerzo en temas críticos. 3. Monitoreo continuo de asistencia.
STD_00052,Carrera General,Nivel General,4.6,85.0,77.51,ALTO,ROJO (CRÍTICO),Tutoría Académica Obligatoria y Derivación a Bienestar Estudiantil,1. Sesión tutorial individual semanal. 2. Plan de refuerzo en temas críticos. 3. Monitoreo continuo de asistencia.
STD_00052,Carrera General,Nivel General,8.9,85.0,21.11,BAJO,VERDE (ÓPTIMO),Seguimiento Regular de Aula,1. Continuar con el ritmo académico habitual. 2. Oportunidad de participación como mentor/ayudante.
STD_00053,Carrera General,Nivel General,7.4,85.0,5.47,BAJO,VERDE (ÓPTIMO),Seguimiento Regular de Aula,1. Continuar con el ritmo académico habitual. 2. Oportunidad de participación como mentor/ayudante.
STD_00053,Carrera General,Nivel General,7.2,85.0,6.33,BAJO,VERDE (ÓPTIMO),Seguimiento Regular de Aula,1. Continuar con el ritmo académico habitual. 2. Oportunidad de participación como mentor/ayudante.
STD_00053,Carrera General,Nivel General,8.7,85.0,6.61,BAJO,VERDE (ÓPTIMO),Seguimiento Regular de Aula,1. Continuar con el ritmo académico habitual. 2. Oportunidad de participación como mentor/ayudante.
STD_00053,Carrera General,Nivel General,6.9,85.0,81.03,ALTO,ROJO (CRÍTICO),Tutoría Académica Obligatoria y Derivación a Bienestar Estudiantil,1. Sesión tutorial individual semanal. 2. Plan de refuerzo en temas críticos. 3. Monitoreo continuo de asistencia.
STD_00053,Carrera General,Nivel General,5.9,85.0,72.73,ALTO,ROJO (CRÍTICO),Tutoría Académica Obligatoria y Derivación a Bienestar Estudiantil,1. Sesión tutorial individual semanal. 2. Plan de refuerzo en temas críticos. 3. Monitoreo continuo de asistencia.
STD_00053,Carrera General,Nivel General,7.8,85.0,13.55,BAJO,VERDE (ÓPTIMO),Seguimiento Regular de Aula,1. Continuar con el ritmo académico habitual. 2. Oportunidad de participación como mentor/ayudante.
STD_00053,Carrera General,Nivel General,7.2,85.0,13.74,BAJO,VERDE (ÓPTIMO),Seguimiento Regular de Aula,1. Continuar con el ritmo académico habitual. 2. Oportunidad de participación como mentor/ayudante.
STD_00053,Carrera General,Nivel General,4.5,85.0,71.73,ALTO,ROJO (CRÍTICO),Tutoría Académica Obligatoria y Derivación a Bienestar Estudiantil,1. Sesión tutorial individual semanal. 2. Plan de refuerzo en temas críticos. 3. Monitoreo continuo de asistencia.
STD_00054,Carrera General,Nivel General,8.4,85.0,20.14,BAJO,VERDE (ÓPTIMO),Seguimiento Regular de Aula,1. Continuar con el ritmo académico habitual. 2. Oportunidad de participación como mentor/ayudante.
STD_00054,Carrera General,Nivel General,5.6,85.0,62.27,ALTO,ROJO (CRÍTICO),Tutoría Académica Obligatoria y Derivación a Bienestar Estudiantil,1. Sesión tutorial individual semanal. 2. Plan de refuerzo en temas críticos. 3. Monitoreo continuo de asistencia.
STD_00054,Carrera General,Nivel General,9.0,85.0,14.11,BAJO,VERDE (ÓPTIMO),Seguimiento Regular de Aula,1. Continuar con el ritmo académico habitual. 2. Oportunidad de participación como mentor/ayudante.
STD_00054,Carrera General,Nivel General,9.2,85.0,11.18,BAJO,VERDE (ÓPTIMO),Seguimiento Regular de Aula,1. Continuar con el ritmo académico habitual. 2. Oportunidad de participación como mentor/ayudante.
STD_00054,Carrera General,Nivel General,8.4,85.0,12.95,BAJO,VERDE (ÓPTIMO),Seguimiento Regular de Aula,1. Continuar con el ritmo académico habitual. 2. Oportunidad de participación como mentor/ayudante.
STD_00054,Carrera General,Nivel General,6.6,85.0,75.27,ALTO,ROJO (CRÍTICO),Tutoría Académica Obligatoria y Derivación a Bienestar Estudiantil,1. Sesión tutorial individual semanal. 2. Plan de refuerzo en temas críticos. 3. Monitoreo continuo de asistencia.
STD_00054,Carrera General,Nivel General,7.4,85.0,6.0,BAJO,VERDE (ÓPTIMO),Seguimiento Regular de Aula,1. Continuar con el ritmo académico habitual. 2. Oportunidad de participación como mentor/ayudante.
STD_00054,Carrera General,Nivel General,9.1,85.0,10.91,BAJO,VERDE (ÓPTIMO),Seguimiento Regular de Aula,1. Continuar con el ritmo académico habitual. 2. Oportunidad de participación como mentor/ayudante.
STD_00055,Carrera General,Nivel General,6.5,85.0,62.65,MEDIO,AMARILLO (ADVERTENCIA),Acompañamiento Tutorial Preventivo y Talleres de Estudio,1. Entrevista de seguimiento bimensual. 2. Talleres grupales de resolución de ejercicios.
STD_00055,Carrera General,Nivel General,8.5,85.0,27.1,BAJO,VERDE (ÓPTIMO),Seguimiento Regular de Aula,1. Continuar con el ritmo académico habitual. 2. Oportunidad de participación como mentor/ayudante.
STD_00055,Carrera General,Nivel General,5.0,85.0,91.82,ALTO,ROJO (CRÍTICO),Tutoría Académica Obligatoria y Derivación a Bienestar Estudiantil,1. Sesión tutorial individual semanal. 2. Plan de refuerzo en temas críticos. 3. Monitoreo continuo de asistencia.
STD_00055,Carrera General,Nivel General,8.9,85.0,22.71,BAJO,VERDE (ÓPTIMO),Seguimiento Regular de Aula,1. Continuar con el ritmo académico habitual. 2. Oportunidad de participación como mentor/ayudante.
STD_00055,Carrera General,Nivel General,7.8,85.0,19.17,BAJO,VERDE (ÓPTIMO),Seguimiento Regular de Aula,1. Continuar con el ritmo académico habitual. 2. Oportunidad de participación como mentor/ayudante.
STD_00055,Carrera General,Nivel General,5.9,85.0,88.7,ALTO,ROJO (CRÍTICO),Tutoría Académica Obligatoria y Derivación a Bienestar Estudiantil,1. Sesión tutorial individual semanal. 2. Plan de refuerzo en temas críticos. 3. Monitoreo continuo de asistencia.
STD_00055,Carrera General,Nivel General,5.5,85.0,72.2,ALTO,ROJO (CRÍTICO),Tutoría Académica Obligatoria y Derivación a Bienestar Estudiantil,1. Sesión tutorial individual semanal. 2. Plan de refuerzo en temas críticos. 3. Monitoreo continuo de asistencia.
STD_00055,Carrera General,Nivel General,7.6,85.0,15.26,BAJO,VERDE (ÓPTIMO),Seguimiento Regular de Aula,1. Continuar con el ritmo académico habitual. 2. Oportunidad de participación como mentor/ayudante.
STD_00056,Carrera General,Nivel General,5.2,85.0,83.83,ALTO,ROJO (CRÍTICO),Tutoría Académica Obligatoria y Derivación a Bienestar Estudiantil,1. Sesión tutorial individual semanal. 2. Plan de refuerzo en temas críticos. 3. Monitoreo continuo de asistencia.
STD_00056,Carrera General,Nivel General,7.1,85.0,6.06,BAJO,VERDE (ÓPTIMO),Seguimiento Regular de Aula,1. Continuar con el ritmo académico habitual. 2. Oportunidad de participación como mentor/ayudante.
STD_00056,Carrera General,Nivel General,7.7,85.0,16.48,BAJO,VERDE (ÓPTIMO),Seguimiento Regular de Aula,1. Continuar con el ritmo académico habitual. 2. Oportunidad de participación como mentor/ayudante.
STD_00056,Carrera General,Nivel General,4.0,85.0,76.61,ALTO,ROJO (CRÍTICO),Tutoría Académica Obligatoria y Derivación a Bienestar Estudiantil,1. Sesión tutorial individual semanal. 2. Plan de refuerzo en temas críticos. 3. Monitoreo continuo de asistencia.
STD_00056,Carrera General,Nivel General,6.2,85.0,81.51,ALTO,ROJO (CRÍTICO),Tutoría Académica Obligatoria y Derivación a Bienestar Estudiantil,1. Sesión tutorial individual semanal. 2. Plan de refuerzo en temas críticos. 3. Monitoreo continuo de asistencia.
STD_00056,Carrera General,Nivel General,4.5,85.0,73.02,ALTO,ROJO (CRÍTICO),Tutoría Académica Obligatoria y Derivación a Bienestar Estudiantil,1. Sesión tutorial individual semanal. 2. Plan de refuerzo en temas críticos. 3. Monitoreo continuo de asistencia.
STD_00056,Carrera General,Nivel General,7.9,85.0,13.35,BAJO,VERDE (ÓPTIMO),Seguimiento Regular de Aula,1. Continuar con el ritmo académico habitual. 2. Oportunidad de participación como mentor/ayudante.
STD_00056,Carrera General,Nivel General,9.4,85.0,23.73,BAJO,VERDE (ÓPTIMO),Seguimiento Regular de Aula,1. Continuar con el ritmo académico habitual. 2. Oportunidad de participación como mentor/ayudante.
STD_00057,Carrera General,Nivel General,7.2,85.0,22.4,BAJO,VERDE (ÓPTIMO),Seguimiento Regular de Aula,1. Continuar con el ritmo académico habitual. 2. Oportunidad de participación como mentor/ayudante.
STD_00057,Carrera General,Nivel General,9.8,85.0,16.12,BAJO,VERDE (ÓPTIMO),Seguimiento Regular de Aula,1. Continuar con el ritmo académico habitual. 2. Oportunidad de participación como mentor/ayudante.
STD_00057,Carrera General,Nivel General,5.0,85.0,78.96,ALTO,ROJO (CRÍTICO),Tutoría Académica Obligatoria y Derivación a Bienestar Estudiantil,1. Sesión tutorial individual semanal. 2. Plan de refuerzo en temas críticos. 3. Monitoreo continuo de asistencia.
STD_00057,Carrera General,Nivel General,5.1,85.0,88.33,ALTO,ROJO (CRÍTICO),Tutoría Académica Obligatoria y Derivación a Bienestar Estudiantil,1. Sesión tutorial individual semanal. 2. Plan de refuerzo en temas críticos. 3. Monitoreo continuo de asistencia.
STD_00057,Carrera General,Nivel General,8.8,85.0,15.06,BAJO,VERDE (ÓPTIMO),Seguimiento Regular de Aula,1. Continuar con el ritmo académico habitual. 2. Oportunidad de participación como mentor/ayudante.
STD_00057,Carrera General,Nivel General,6.6,85.0,80.44,ALTO,ROJO (CRÍTICO),Tutoría Académica Obligatoria y Derivación a Bienestar Estudiantil,1. Sesión tutorial individual semanal. 2. Plan de refuerzo en temas críticos. 3. Monitoreo continuo de asistencia.
STD_00057,Carrera General,Nivel General,8.4,85.0,26.37,BAJO,VERDE (ÓPTIMO),Seguimiento Regular de Aula,1. Continuar con el ritmo académico habitual. 2. Oportunidad de participación como mentor/ayudante.
STD_00057,Carrera General,Nivel General,4.7,85.0,82.45,ALTO,ROJO (CRÍTICO),Tutoría Académica Obligatoria y Derivación a Bienestar Estudiantil,1. Sesión tutorial individual semanal. 2. Plan de refuerzo en temas críticos. 3. Monitoreo continuo de asistencia.
STD_00058,Carrera General,Nivel General,4.4,85.0,65.45,ALTO,ROJO (CRÍTICO),Tutoría Académica Obligatoria y Derivación a Bienestar Estudiantil,1. Sesión tutorial individual semanal. 2. Plan de refuerzo en temas críticos. 3. Monitoreo continuo de asistencia.
STD_00058,Carrera General,Nivel General,8.0,85.0,24.22,BAJO,VERDE (ÓPTIMO),Seguimiento Regular de Aula,1. Continuar con el ritmo académico habitual. 2. Oportunidad de participación como mentor/ayudante.
STD_00058,Carrera General,Nivel General,8.9,85.0,14.97,BAJO,VERDE (ÓPTIMO),Seguimiento Regular de Aula,1. Continuar con el ritmo académico habitual. 2. Oportunidad de participación como mentor/ayudante.
STD_00058,Carrera General,Nivel General,8.2,85.0,18.27,BAJO,VERDE (ÓPTIMO),Seguimiento Regular de Aula,1. Continuar con el ritmo académico habitual. 2. Oportunidad de participación como mentor/ayudante.
STD_00058,Carrera General,Nivel General,7.5,85.0,23.2,BAJO,VERDE (ÓPTIMO),Seguimiento Regular de Aula,1. Continuar con el ritmo académico habitual. 2. Oportunidad de participación como mentor/ayudante.
STD_00058,Carrera General,Nivel General,8.8,85.0,14.73,BAJO,VERDE (ÓPTIMO),Seguimiento Regular de Aula,1. Continuar con el ritmo académico habitual. 2. Oportunidad de participación como mentor/ayudante.
STD_00058,Carrera General,Nivel General,4.2,85.0,83.3,ALTO,ROJO (CRÍTICO),Tutoría Académica Obligatoria y Derivación a Bienestar Estudiantil,1. Sesión tutorial individual semanal. 2. Plan de refuerzo en temas críticos. 3. Monitoreo continuo de asistencia.
STD_00058,Carrera General,Nivel General,6.8,85.0,67.5,ALTO,ROJO (CRÍTICO),Tutoría Académica Obligatoria y Derivación a Bienestar Estudiantil,1. Sesión tutorial individual semanal. 2. Plan de refuerzo en temas críticos. 3. Monitoreo continuo de asistencia.
STD_00059,Carrera General,Nivel General,7.6,85.0,17.84,BAJO,VERDE (ÓPTIMO),Seguimiento Regular de Aula,1. Continuar con el ritmo académico habitual. 2. Oportunidad de participación como mentor/ayudante.
STD_00059,Carrera General,Nivel General,8.8,85.0,17.5,BAJO,VERDE (ÓPTIMO),Seguimiento Regular de Aula,1. Continuar con el ritmo académico habitual. 2. Oportunidad de participación como mentor/ayudante.
STD_00059,Carrera General,Nivel General,6.8,85.0,68.22,ALTO,ROJO (CRÍTICO),Tutoría Académica Obligatoria y Derivación a Bienestar Estudiantil,1. Sesión tutorial individual semanal. 2. Plan de refuerzo en temas críticos. 3. Monitoreo continuo de asistencia.
STD_00059,Carrera General,Nivel General,5.1,85.0,78.46,ALTO,ROJO (CRÍTICO),Tutoría Académica Obligatoria y Derivación a Bienestar Estudiantil,1. Sesión tutorial individual semanal. 2. Plan de refuerzo en temas críticos. 3. Monitoreo continuo de asistencia.
STD_00059,Carrera General,Nivel General,7.0,85.0,19.45,BAJO,VERDE (ÓPTIMO),Seguimiento Regular de Aula,1. Continuar con el ritmo académico habitual. 2. Oportunidad de participación como mentor/ayudante.
STD_00059,Carrera General,Nivel General,8.0,85.0,21.28,BAJO,VERDE (ÓPTIMO),Seguimiento Regular de Aula,1. Continuar con el ritmo académico habitual. 2. Oportunidad de participación como mentor/ayudante.
STD_00059,Carrera General,Nivel General,11.0,85.0,22.68,BAJO,VERDE (ÓPTIMO),Seguimiento Regular de Aula,1. Continuar con el ritmo académico habitual. 2. Oportunidad de participación como mentor/ayudante.
STD_00059,Carrera General,Nivel General,4.9,85.0,72.18,ALTO,ROJO (CRÍTICO),Tutoría Académica Obligatoria y Derivación a Bienestar Estudiantil,1. Sesión tutorial individual semanal. 2. Plan de refuerzo en temas críticos. 3. Monitoreo continuo de asistencia.
STD_00060,Carrera General,Nivel General,4.7,85.0,68.06,ALTO,ROJO (CRÍTICO),Tutoría Académica Obligatoria y Derivación a Bienestar Estudiantil,1. Sesión tutorial individual semanal. 2. Plan de refuerzo en temas críticos. 3. Monitoreo continuo de asistencia.
STD_00060,Carrera General,Nivel General,9.2,85.0,12.67,BAJO,VERDE (ÓPTIMO),Seguimiento Regular de Aula,1. Continuar con el ritmo académico habitual. 2. Oportunidad de participación como mentor/ayudante.
STD_00060,Carrera General,Nivel General,7.9,85.0,16.6,BAJO,VERDE (ÓPTIMO),Seguimiento Regular de Aula,1. Continuar con el ritmo académico habitual. 2. Oportunidad de participación como mentor/ayudante.
STD_00060,Carrera General,Nivel General,11.0,85.0,9.87,BAJO,VERDE (ÓPTIMO),Seguimiento Regular de Aula,1. Continuar con el ritmo académico habitual. 2. Oportunidad de participación como mentor/ayudante.
STD_00060,Carrera General,Nivel General,9.7,85.0,27.74,BAJO,VERDE (ÓPTIMO),Seguimiento Regular de Aula,1. Continuar con el ritmo académico habitual. 2. Oportunidad de participación como mentor/ayudante.
STD_00060,Carrera General,Nivel General,7.1,85.0,13.65,BAJO,VERDE (ÓPTIMO),Seguimiento Regular de Aula,1. Continuar con el ritmo académico habitual. 2. Oportunidad de participación como mentor/ayudante.
STD_00060,Carrera General,Nivel General,6.6,85.0,66.77,ALTO,ROJO (CRÍTICO),Tutoría Académica Obligatoria y Derivación a Bienestar Estudiantil,1. Sesión tutorial individual semanal. 2. Plan de refuerzo en temas críticos. 3. Monitoreo continuo de asistencia.
STD_00060,Carrera General,Nivel General,9.3,85.0,22.72,BAJO,VERDE (ÓPTIMO),Seguimiento Regular de Aula,1. Continuar con el ritmo académico habitual. 2. Oportunidad de participación como mentor/ayudante.
STD_00061,Carrera General,Nivel General,5.2,85.0,81.48,ALTO,ROJO (CRÍTICO),Tutoría Académica Obligatoria y Derivación a Bienestar Estudiantil,1. Sesión tutorial individual semanal. 2. Plan de refuerzo en temas críticos. 3. Monitoreo continuo de asistencia.
STD_00061,Carrera General,Nivel General,4.7,85.0,87.36,ALTO,ROJO (CRÍTICO),Tutoría Académica Obligatoria y Derivación a Bienestar Estudiantil,1. Sesión tutorial individual semanal. 2. Plan de refuerzo en temas críticos. 3. Monitoreo continuo de asistencia.
STD_00061,Carrera General,Nivel General,6.7,85.0,85.07,ALTO,ROJO (CRÍTICO),Tutoría Académica Obligatoria y Derivación a Bienestar Estudiantil,1. Sesión tutorial individual semanal. 2. Plan de refuerzo en temas críticos. 3. Monitoreo continuo de asistencia.
STD_00061,Carrera General,Nivel General,11.0,85.0,32.33,BAJO,VERDE (ÓPTIMO),Seguimiento Regular de Aula,1. Continuar con el ritmo académico habitual. 2. Oportunidad de participación como mentor/ayudante.
STD_00061,Carrera General,Nivel General,4.7,85.0,60.85,ALTO,ROJO (CRÍTICO),Tutoría Académica Obligatoria y Derivación a Bienestar Estudiantil,1. Sesión tutorial individual semanal. 2. Plan de refuerzo en temas críticos. 3. Monitoreo continuo de asistencia.
STD_00061,Carrera General,Nivel General,4.1,85.0,76.38,ALTO,ROJO (CRÍTICO),Tutoría Académica Obligatoria y Derivación a Bienestar Estudiantil,1. Sesión tutorial individual semanal. 2. Plan de refuerzo en temas críticos. 3. Monitoreo continuo de asistencia.
STD_00061,Carrera General,Nivel General,8.9,85.0,16.82,BAJO,VERDE (ÓPTIMO),Seguimiento Regular de Aula,1. Continuar con el ritmo académico habitual. 2. Oportunidad de participación como mentor/ayudante.
STD_00061,Carrera General,Nivel General,8.1,85.0,26.77,BAJO,VERDE (ÓPTIMO),Seguimiento Regular de Aula,1. Continuar con el ritmo académico habitual. 2. Oportunidad de participación como mentor/ayudante.
STD_00062,Carrera General,Nivel General,4.4,85.0,86.25,ALTO,ROJO (CRÍTICO),Tutoría Académica Obligatoria y Derivación a Bienestar Estudiantil,1. Sesión tutorial individual semanal. 2. Plan de refuerzo en temas críticos. 3. Monitoreo continuo de asistencia.
STD_00062,Carrera General,Nivel General,8.3,85.0,13.85,BAJO,VERDE (ÓPTIMO),Seguimiento Regular de Aula,1. Continuar con el ritmo académico habitual. 2. Oportunidad de participación como mentor/ayudante.
STD_00062,Carrera General,Nivel General,5.5,85.0,91.47,ALTO,ROJO (CRÍTICO),Tutoría Académica Obligatoria y Derivación a Bienestar Estudiantil,1. Sesión tutorial individual semanal. 2. Plan de refuerzo en temas críticos. 3. Monitoreo continuo de asistencia.
STD_00062,Carrera General,Nivel General,8.9,85.0,11.28,BAJO,VERDE (ÓPTIMO),Seguimiento Regular de Aula,1. Continuar con el ritmo académico habitual. 2. Oportunidad de participación como mentor/ayudante.
STD_00062,Carrera General,Nivel General,6.6,85.0,82.14,ALTO,ROJO (CRÍTICO),Tutoría Académica Obligatoria y Derivación a Bienestar Estudiantil,1. Sesión tutorial individual semanal. 2. Plan de refuerzo en temas críticos. 3. Monitoreo continuo de asistencia.
STD_00062,Carrera General,Nivel General,5.1,85.0,84.06,ALTO,ROJO (CRÍTICO),Tutoría Académica Obligatoria y Derivación a Bienestar Estudiantil,1. Sesión tutorial individual semanal. 2. Plan de refuerzo en temas críticos. 3. Monitoreo continuo de asistencia.
STD_00062,Carrera General,Nivel General,8.5,85.0,15.63,BAJO,VERDE (ÓPTIMO),Seguimiento Regular de Aula,1. Continuar con el ritmo académico habitual. 2. Oportunidad de participación como mentor/ayudante.
STD_00062,Carrera General,Nivel General,8.4,85.0,11.91,BAJO,VERDE (ÓPTIMO),Seguimiento Regular de Aula,1. Continuar con el ritmo académico habitual. 2. Oportunidad de participación como mentor/ayudante.
STD_00063,Carrera General,Nivel General,5.7,85.0,71.01,ALTO,ROJO (CRÍTICO),Tutoría Académica Obligatoria y Derivación a Bienestar Estudiantil,1. Sesión tutorial individual semanal. 2. Plan de refuerzo en temas críticos. 3. Monitoreo continuo de asistencia.
STD_00063,Carrera General,Nivel General,6.3,85.0,78.98,ALTO,ROJO (CRÍTICO),Tutoría Académica Obligatoria y Derivación a Bienestar Estudiantil,1. Sesión tutorial individual semanal. 2. Plan de refuerzo en temas críticos. 3. Monitoreo continuo de asistencia.
STD_00063,Carrera General,Nivel General,7.1,85.0,26.45,BAJO,VERDE (ÓPTIMO),Seguimiento Regular de Aula,1. Continuar con el ritmo académico habitual. 2. Oportunidad de participación como mentor/ayudante.
STD_00063,Carrera General,Nivel General,9.0,85.0,20.08,BAJO,VERDE (ÓPTIMO),Seguimiento Regular de Aula,1. Continuar con el ritmo académico habitual. 2. Oportunidad de participación como mentor/ayudante.
STD_00063,Carrera General,Nivel General,7.8,85.0,14.44,BAJO,VERDE (ÓPTIMO),Seguimiento Regular de Aula,1. Continuar con el ritmo académico habitual. 2. Oportunidad de participación como mentor/ayudante.
STD_00063,Carrera General,Nivel General,8.1,85.0,29.33,BAJO,VERDE (ÓPTIMO),Seguimiento Regular de Aula,1. Continuar con el ritmo académico habitual. 2. Oportunidad de participación como mentor/ayudante.
STD_00063,Carrera General,Nivel General,9.7,85.0,13.11,BAJO,VERDE (ÓPTIMO),Seguimiento Regular de Aula,1. Continuar con el ritmo académico habitual. 2. Oportunidad de participación como mentor/ayudante.
STD_00063,Carrera General,Nivel General,6.7,85.0,69.06,ALTO,ROJO (CRÍTICO),Tutoría Académica Obligatoria y Derivación a Bienestar Estudiantil,1. Sesión tutorial individual semanal. 2. Plan de refuerzo en temas críticos. 3. Monitoreo continuo de asistencia.
STD_00064,Carrera General,Nivel General,6.9,85.0,87.13,ALTO,ROJO (CRÍTICO),Tutoría Académica Obligatoria y Derivación a Bienestar Estudiantil,1. Sesión tutorial individual semanal. 2. Plan de refuerzo en temas críticos. 3. Monitoreo continuo de asistencia.
STD_00064,Carrera General,Nivel General,7.7,85.0,19.04,BAJO,VERDE (ÓPTIMO),Seguimiento Regular de Aula,1. Continuar con el ritmo académico habitual. 2. Oportunidad de participación como mentor/ayudante.
STD_00064,Carrera General,Nivel General,6.5,85.0,78.4,ALTO,ROJO (CRÍTICO),Tutoría Académica Obligatoria y Derivación a Bienestar Estudiantil,1. Sesión tutorial individual semanal. 2. Plan de refuerzo en temas críticos. 3. Monitoreo continuo de asistencia.
STD_00064,Carrera General,Nivel General,8.8,85.0,18.46,BAJO,VERDE (ÓPTIMO),Seguimiento Regular de Aula,1. Continuar con el ritmo académico habitual. 2. Oportunidad de participación como mentor/ayudante.
STD_00064,Carrera General,Nivel General,4.3,85.0,84.59,ALTO,ROJO (CRÍTICO),Tutoría Académica Obligatoria y Derivación a Bienestar Estudiantil,1. Sesión tutorial individual semanal. 2. Plan de refuerzo en temas críticos. 3. Monitoreo continuo de asistencia.
STD_00064,Carrera General,Nivel General,11.0,85.0,11.73,BAJO,VERDE (ÓPTIMO),Seguimiento Regular de Aula,1. Continuar con el ritmo académico habitual. 2. Oportunidad de participación como mentor/ayudante.
STD_00064,Carrera General,Nivel General,5.0,85.0,83.02,ALTO,ROJO (CRÍTICO),Tutoría Académica Obligatoria y Derivación a Bienestar Estudiantil,1. Sesión tutorial individual semanal. 2. Plan de refuerzo en temas críticos. 3. Monitoreo continuo de asistencia.
STD_00064,Carrera General,Nivel General,7.4,85.0,6.88,BAJO,VERDE (ÓPTIMO),Seguimiento Regular de Aula,1. Continuar con el ritmo académico habitual. 2. Oportunidad de participación como mentor/ayudante.
STD_00065,Carrera General,Nivel General,5.7,85.0,91.16,ALTO,ROJO (CRÍTICO),Tutoría Académica Obligatoria y Derivación a Bienestar Estudiantil,1. Sesión tutorial individual semanal. 2. Plan de refuerzo en temas críticos. 3. Monitoreo continuo de asistencia.
STD_00065,Carrera General,Nivel General,8.5,85.0,24.2,BAJO,VERDE (ÓPTIMO),Seguimiento Regular de Aula,1. Continuar con el ritmo académico habitual. 2. Oportunidad de participación como mentor/ayudante.
STD_00065,Carrera General,Nivel General,4.2,85.0,93.95,ALTO,ROJO (CRÍTICO),Tutoría Académica Obligatoria y Derivación a Bienestar Estudiantil,1. Sesión tutorial individual semanal. 2. Plan de refuerzo en temas críticos. 3. Monitoreo continuo de asistencia.
STD_00065,Carrera General,Nivel General,6.9,85.0,92.83,ALTO,ROJO (CRÍTICO),Tutoría Académica Obligatoria y Derivación a Bienestar Estudiantil,1. Sesión tutorial individual semanal. 2. Plan de refuerzo en temas críticos. 3. Monitoreo continuo de asistencia.
STD_00065,Carrera General,Nivel General,4.5,85.0,84.91,ALTO,ROJO (CRÍTICO),Tutoría Académica Obligatoria y Derivación a Bienestar Estudiantil,1. Sesión tutorial individual semanal. 2. Plan de refuerzo en temas críticos. 3. Monitoreo continuo de asistencia.
STD_00065,Carrera General,Nivel General,5.7,85.0,86.55,ALTO,ROJO (CRÍTICO),Tutoría Académica Obligatoria y Derivación a Bienestar Estudiantil,1. Sesión tutorial individual semanal. 2. Plan de refuerzo en temas críticos. 3. Monitoreo continuo de asistencia.
STD_00065,Carrera General,Nivel General,9.5,85.0,23.42,BAJO,VERDE (ÓPTIMO),Seguimiento Regular de Aula,1. Continuar con el ritmo académico habitual. 2. Oportunidad de participación como mentor/ayudante.
STD_00065,Carrera General,Nivel General,9.0,85.0,11.27,BAJO,VERDE (ÓPTIMO),Seguimiento Regular de Aula,1. Continuar con el ritmo académico habitual. 2. Oportunidad de participación como mentor/ayudante.
STD_00066,Carrera General,Nivel General,8.1,85.0,25.91,BAJO,VERDE (ÓPTIMO),Seguimiento Regular de Aula,1. Continuar con el ritmo académico habitual. 2. Oportunidad de participación como mentor/ayudante.
STD_00066,Carrera General,Nivel General,6.4,85.0,84.07,ALTO,ROJO (CRÍTICO),Tutoría Académica Obligatoria y Derivación a Bienestar Estudiantil,1. Sesión tutorial individual semanal. 2. Plan de refuerzo en temas críticos. 3. Monitoreo continuo de asistencia.
STD_00066,Carrera General,Nivel General,9.7,85.0,22.94,BAJO,VERDE (ÓPTIMO),Seguimiento Regular de Aula,1. Continuar con el ritmo académico habitual. 2. Oportunidad de participación como mentor/ayudante.
STD_00066,Carrera General,Nivel General,5.7,85.0,71.73,ALTO,ROJO (CRÍTICO),Tutoría Académica Obligatoria y Derivación a Bienestar Estudiantil,1. Sesión tutorial individual semanal. 2. Plan de refuerzo en temas críticos. 3. Monitoreo continuo de asistencia.
STD_00066,Carrera General,Nivel General,9.5,85.0,19.7,BAJO,VERDE (ÓPTIMO),Seguimiento Regular de Aula,1. Continuar con el ritmo académico habitual. 2. Oportunidad de participación como mentor/ayudante.
STD_00066,Carrera General,Nivel General,9.0,85.0,11.47,BAJO,VERDE (ÓPTIMO),Seguimiento Regular de Aula,1. Continuar con el ritmo académico habitual. 2. Oportunidad de participación como mentor/ayudante.
STD_00066,Carrera General,Nivel General,4.6,85.0,75.04,ALTO,ROJO (CRÍTICO),Tutoría Académica Obligatoria y Derivación a Bienestar Estudiantil,1. Sesión tutorial individual semanal. 2. Plan de refuerzo en temas críticos. 3. Monitoreo continuo de asistencia.
STD_00066,Carrera General,Nivel General,5.9,85.0,89.6,ALTO,ROJO (CRÍTICO),Tutoría Académica Obligatoria y Derivación a Bienestar Estudiantil,1. Sesión tutorial individual semanal. 2. Plan de refuerzo en temas críticos. 3. Monitoreo continuo de asistencia.
STD_00067,Carrera General,Nivel General,4.5,85.0,76.1,ALTO,ROJO (CRÍTICO),Tutoría Académica Obligatoria y Derivación a Bienestar Estudiantil,1. Sesión tutorial individual semanal. 2. Plan de refuerzo en temas críticos. 3. Monitoreo continuo de asistencia.
STD_00067,Carrera General,Nivel General,7.3,85.0,27.32,BAJO,VERDE (ÓPTIMO),Seguimiento Regular de Aula,1. Continuar con el ritmo académico habitual. 2. Oportunidad de participación como mentor/ayudante.
STD_00067,Carrera General,Nivel General,6.2,85.0,86.1,ALTO,ROJO (CRÍTICO),Tutoría Académica Obligatoria y Derivación a Bienestar Estudiantil,1. Sesión tutorial individual semanal. 2. Plan de refuerzo en temas críticos. 3. Monitoreo continuo de asistencia.
STD_00067,Carrera General,Nivel General,4.4,85.0,76.69,ALTO,ROJO (CRÍTICO),Tutoría Académica Obligatoria y Derivación a Bienestar Estudiantil,1. Sesión tutorial individual semanal. 2. Plan de refuerzo en temas críticos. 3. Monitoreo continuo de asistencia.
STD_00067,Carrera General,Nivel General,5.0,85.0,76.08,ALTO,ROJO (CRÍTICO),Tutoría Académica Obligatoria y Derivación a Bienestar Estudiantil,1. Sesión tutorial individual semanal. 2. Plan de refuerzo en temas críticos. 3. Monitoreo continuo de asistencia.
STD_00067,Carrera General,Nivel General,8.9,85.0,28.12,BAJO,VERDE (ÓPTIMO),Seguimiento Regular de Aula,1. Continuar con el ritmo académico habitual. 2. Oportunidad de participación como mentor/ayudante.
STD_00067,Carrera General,Nivel General,5.8,85.0,76.9,ALTO,ROJO (CRÍTICO),Tutoría Académica Obligatoria y Derivación a Bienestar Estudiantil,1. Sesión tutorial individual semanal. 2. Plan de refuerzo en temas críticos. 3. Monitoreo continuo de asistencia.
STD_00067,Carrera General,Nivel General,5.8,85.0,81.75,ALTO,ROJO (CRÍTICO),Tutoría Académica Obligatoria y Derivación a Bienestar Estudiantil,1. Sesión tutorial individual semanal. 2. Plan de refuerzo en temas críticos. 3. Monitoreo continuo de asistencia.
STD_00068,Carrera General,Nivel General,5.8,85.0,76.72,ALTO,ROJO (CRÍTICO),Tutoría Académica Obligatoria y Derivación a Bienestar Estudiantil,1. Sesión tutorial individual semanal. 2. Plan de refuerzo en temas críticos. 3. Monitoreo continuo de asistencia.
STD_00068,Carrera General,Nivel General,9.3,85.0,17.56,BAJO,VERDE (ÓPTIMO),Seguimiento Regular de Aula,1. Continuar con el ritmo académico habitual. 2. Oportunidad de participación como mentor/ayudante.
STD_00068,Carrera General,Nivel General,9.9,85.0,12.46,BAJO,VERDE (ÓPTIMO),Seguimiento Regular de Aula,1. Continuar con el ritmo académico habitual. 2. Oportunidad de participación como mentor/ayudante.
STD_00068,Carrera General,Nivel General,5.8,85.0,66.95,ALTO,ROJO (CRÍTICO),Tutoría Académica Obligatoria y Derivación a Bienestar Estudiantil,1. Sesión tutorial individual semanal. 2. Plan de refuerzo en temas críticos. 3. Monitoreo continuo de asistencia.
STD_00068,Carrera General,Nivel General,8.1,85.0,27.15,BAJO,VERDE (ÓPTIMO),Seguimiento Regular de Aula,1. Continuar con el ritmo académico habitual. 2. Oportunidad de participación como mentor/ayudante.
STD_00068,Carrera General,Nivel General,9.1,85.0,20.18,BAJO,VERDE (ÓPTIMO),Seguimiento Regular de Aula,1. Continuar con el ritmo académico habitual. 2. Oportunidad de participación como mentor/ayudante.
STD_00068,Carrera General,Nivel General,7.1,85.0,8.63,BAJO,VERDE (ÓPTIMO),Seguimiento Regular de Aula,1. Continuar con el ritmo académico habitual. 2. Oportunidad de participación como mentor/ayudante.
STD_00068,Carrera General,Nivel General,8.4,85.0,18.54,BAJO,VERDE (ÓPTIMO),Seguimiento Regular de Aula,1. Continuar con el ritmo académico habitual. 2. Oportunidad de participación como mentor/ayudante.
STD_00069,Carrera General,Nivel General,6.4,85.0,74.59,ALTO,ROJO (CRÍTICO),Tutoría Académica Obligatoria y Derivación a Bienestar Estudiantil,1. Sesión tutorial individual semanal. 2. Plan de refuerzo en temas críticos. 3. Monitoreo continuo de asistencia.
STD_00069,Carrera General,Nivel General,6.6,85.0,87.31,ALTO,ROJO (CRÍTICO),Tutoría Académica Obligatoria y Derivación a Bienestar Estudiantil,1. Sesión tutorial individual semanal. 2. Plan de refuerzo en temas críticos. 3. Monitoreo continuo de asistencia.
STD_00069,Carrera General,Nivel General,9.0,85.0,40.76,MEDIO,AMARILLO (ADVERTENCIA),Acompañamiento Tutorial Preventivo y Talleres de Estudio,1. Entrevista de seguimiento bimensual. 2. Talleres grupales de resolución de ejercicios.
STD_00069,Carrera General,Nivel General,8.3,85.0,31.02,BAJO,VERDE (ÓPTIMO),Seguimiento Regular de Aula,1. Continuar con el ritmo académico habitual. 2. Oportunidad de participación como mentor/ayudante.
STD_00069,Carrera General,Nivel General,6.5,85.0,75.54,ALTO,ROJO (CRÍTICO),Tutoría Académica Obligatoria y Derivación a Bienestar Estudiantil,1. Sesión tutorial individual semanal. 2. Plan de refuerzo en temas críticos. 3. Monitoreo continuo de asistencia.
STD_00069,Carrera General,Nivel General,6.2,85.0,87.64,ALTO,ROJO (CRÍTICO),Tutoría Académica Obligatoria y Derivación a Bienestar Estudiantil,1. Sesión tutorial individual semanal. 2. Plan de refuerzo en temas críticos. 3. Monitoreo continuo de asistencia.
STD_00069,Carrera General,Nivel General,6.5,85.0,77.16,ALTO,ROJO (CRÍTICO),Tutoría Académica Obligatoria y Derivación a Bienestar Estudiantil,1. Sesión tutorial individual semanal. 2. Plan de refuerzo en temas críticos. 3. Monitoreo continuo de asistencia.
STD_00069,Carrera General,Nivel General,8.5,85.0,26.71,BAJO,VERDE (ÓPTIMO),Seguimiento Regular de Aula,1. Continuar con el ritmo académico habitual. 2. Oportunidad de participación como mentor/ayudante.
STD_00070,Carrera General,Nivel General,8.0,85.0,24.4,BAJO,VERDE (ÓPTIMO),Seguimiento Regular de Aula,1. Continuar con el ritmo académico habitual. 2. Oportunidad de participación como mentor/ayudante.
STD_00070,Carrera General,Nivel General,8.1,85.0,14.04,BAJO,VERDE (ÓPTIMO),Seguimiento Regular de Aula,1. Continuar con el ritmo académico habitual. 2. Oportunidad de participación como mentor/ayudante.
STD_00070,Carrera General,Nivel General,6.3,85.0,68.67,ALTO,ROJO (CRÍTICO),Tutoría Académica Obligatoria y Derivación a Bienestar Estudiantil,1. Sesión tutorial individual semanal. 2. Plan de refuerzo en temas críticos. 3. Monitoreo continuo de asistencia.
STD_00070,Carrera General,Nivel General,6.2,85.0,71.23,ALTO,ROJO (CRÍTICO),Tutoría Académica Obligatoria y Derivación a Bienestar Estudiantil,1. Sesión tutorial individual semanal. 2. Plan de refuerzo en temas críticos. 3. Monitoreo continuo de asistencia.
STD_00070,Carrera General,Nivel General,5.3,85.0,71.11,ALTO,ROJO (CRÍTICO),Tutoría Académica Obligatoria y Derivación a Bienestar Estudiantil,1. Sesión tutorial individual semanal. 2. Plan de refuerzo en temas críticos. 3. Monitoreo continuo de asistencia.
STD_00070,Carrera General,Nivel General,5.8,85.0,69.63,ALTO,ROJO (CRÍTICO),Tutoría Académica Obligatoria y Derivación a Bienestar Estudiantil,1. Sesión tutorial individual semanal. 2. Plan de refuerzo en temas críticos. 3. Monitoreo continuo de asistencia.
STD_00070,Carrera General,Nivel General,7.7,85.0,28.63,BAJO,VERDE (ÓPTIMO),Seguimiento Regular de Aula,1. Continuar con el ritmo académico habitual. 2. Oportunidad de participación como mentor/ayudante.
STD_00070,Carrera General,Nivel General,5.7,85.0,81.23,ALTO,ROJO (CRÍTICO),Tutoría Académica Obligatoria y Derivación a Bienestar Estudiantil,1. Sesión tutorial individual semanal. 2. Plan de refuerzo en temas críticos. 3. Monitoreo continuo de asistencia.
STD_00071,Carrera General,Nivel General,7.5,85.0,6.29,BAJO,VERDE (ÓPTIMO),Seguimiento Regular de Aula,1. Continuar con el ritmo académico habitual. 2. Oportunidad de participación como mentor/ayudante.
STD_00071,Carrera General,Nivel General,8.7,85.0,15.11,BAJO,VERDE (ÓPTIMO),Seguimiento Regular de Aula,1. Continuar con el ritmo académico habitual. 2. Oportunidad de participación como mentor/ayudante.
STD_00071,Carrera General,Nivel General,7.0,85.0,21.96,BAJO,VERDE (ÓPTIMO),Seguimiento Regular de Aula,1. Continuar con el ritmo académico habitual. 2. Oportunidad de participación como mentor/ayudante.
STD_00071,Carrera General,Nivel General,9.4,85.0,23.52,BAJO,VERDE (ÓPTIMO),Seguimiento Regular de Aula,1. Continuar con el ritmo académico habitual. 2. Oportunidad de participación como mentor/ayudante.
STD_00071,Carrera General,Nivel General,5.6,85.0,69.48,ALTO,ROJO (CRÍTICO),Tutoría Académica Obligatoria y Derivación a Bienestar Estudiantil,1. Sesión tutorial individual semanal. 2. Plan de refuerzo en temas críticos. 3. Monitoreo continuo de asistencia.
STD_00071,Carrera General,Nivel General,8.2,85.0,26.89,BAJO,VERDE (ÓPTIMO),Seguimiento Regular de Aula,1. Continuar con el ritmo académico habitual. 2. Oportunidad de participación como mentor/ayudante.
STD_00071,Carrera General,Nivel General,6.3,85.0,75.03,ALTO,ROJO (CRÍTICO),Tutoría Académica Obligatoria y Derivación a Bienestar Estudiantil,1. Sesión tutorial individual semanal. 2. Plan de refuerzo en temas críticos. 3. Monitoreo continuo de asistencia.
STD_00071,Carrera General,Nivel General,6.1,85.0,73.94,ALTO,ROJO (CRÍTICO),Tutoría Académica Obligatoria y Derivación a Bienestar Estudiantil,1. Sesión tutorial individual semanal. 2. Plan de refuerzo en temas críticos. 3. Monitoreo continuo de asistencia.
STD_00072,Carrera General,Nivel General,7.1,85.0,21.53,BAJO,VERDE (ÓPTIMO),Seguimiento Regular de Aula,1. Continuar con el ritmo académico habitual. 2. Oportunidad de participación como mentor/ayudante.
STD_00072,Carrera General,Nivel General,4.5,85.0,80.35,ALTO,ROJO (CRÍTICO),Tutoría Académica Obligatoria y Derivación a Bienestar Estudiantil,1. Sesión tutorial individual semanal. 2. Plan de refuerzo en temas críticos. 3. Monitoreo continuo de asistencia.
STD_00072,Carrera General,Nivel General,9.7,85.0,40.74,MEDIO,AMARILLO (ADVERTENCIA),Acompañamiento Tutorial Preventivo y Talleres de Estudio,1. Entrevista de seguimiento bimensual. 2. Talleres grupales de resolución de ejercicios.
STD_00072,Carrera General,Nivel General,7.4,85.0,27.44,BAJO,VERDE (ÓPTIMO),Seguimiento Regular de Aula,1. Continuar con el ritmo académico habitual. 2. Oportunidad de participación como mentor/ayudante.
STD_00072,Carrera General,Nivel General,4.7,85.0,71.83,ALTO,ROJO (CRÍTICO),Tutoría Académica Obligatoria y Derivación a Bienestar Estudiantil,1. Sesión tutorial individual semanal. 2. Plan de refuerzo en temas críticos. 3. Monitoreo continuo de asistencia.
STD_00072,Carrera General,Nivel General,8.5,85.0,16.5,BAJO,VERDE (ÓPTIMO),Seguimiento Regular de Aula,1. Continuar con el ritmo académico habitual. 2. Oportunidad de participación como mentor/ayudante.
STD_00072,Carrera General,Nivel General,9.1,85.0,6.18,BAJO,VERDE (ÓPTIMO),Seguimiento Regular de Aula,1. Continuar con el ritmo académico habitual. 2. Oportunidad de participación como mentor/ayudante.
STD_00072,Carrera General,Nivel General,5.1,85.0,65.27,ALTO,ROJO (CRÍTICO),Tutoría Académica Obligatoria y Derivación a Bienestar Estudiantil,1. Sesión tutorial individual semanal. 2. Plan de refuerzo en temas críticos. 3. Monitoreo continuo de asistencia.
STD_00073,Carrera General,Nivel General,9.7,85.0,11.18,BAJO,VERDE (ÓPTIMO),Seguimiento Regular de Aula,1. Continuar con el ritmo académico habitual. 2. Oportunidad de participación como mentor/ayudante.
STD_00073,Carrera General,Nivel General,7.7,85.0,17.58,BAJO,VERDE (ÓPTIMO),Seguimiento Regular de Aula,1. Continuar con el ritmo académico habitual. 2. Oportunidad de participación como mentor/ayudante.
STD_00073,Carrera General,Nivel General,8.0,85.0,19.83,BAJO,VERDE (ÓPTIMO),Seguimiento Regular de Aula,1. Continuar con el ritmo académico habitual. 2. Oportunidad de participación como mentor/ayudante.
STD_00073,Carrera General,Nivel General,5.2,85.0,53.67,ALTO,ROJO (CRÍTICO),Tutoría Académica Obligatoria y Derivación a Bienestar Estudiantil,1. Sesión tutorial individual semanal. 2. Plan de refuerzo en temas críticos. 3. Monitoreo continuo de asistencia.
STD_00073,Carrera General,Nivel General,8.6,85.0,21.77,BAJO,VERDE (ÓPTIMO),Seguimiento Regular de Aula,1. Continuar con el ritmo académico habitual. 2. Oportunidad de participación como mentor/ayudante.
STD_00073,Carrera General,Nivel General,7.9,85.0,8.49,BAJO,VERDE (ÓPTIMO),Seguimiento Regular de Aula,1. Continuar con el ritmo académico habitual. 2. Oportunidad de participación como mentor/ayudante.
STD_00073,Carrera General,Nivel General,6.0,85.0,78.43,ALTO,ROJO (CRÍTICO),Tutoría Académica Obligatoria y Derivación a Bienestar Estudiantil,1. Sesión tutorial individual semanal. 2. Plan de refuerzo en temas críticos. 3. Monitoreo continuo de asistencia.
STD_00073,Carrera General,Nivel General,5.0,85.0,75.47,ALTO,ROJO (CRÍTICO),Tutoría Académica Obligatoria y Derivación a Bienestar Estudiantil,1. Sesión tutorial individual semanal. 2. Plan de refuerzo en temas críticos. 3. Monitoreo continuo de asistencia.
STD_00074,Carrera General,Nivel General,4.3,85.0,68.23,ALTO,ROJO (CRÍTICO),Tutoría Académica Obligatoria y Derivación a Bienestar Estudiantil,1. Sesión tutorial individual semanal. 2. Plan de refuerzo en temas críticos. 3. Monitoreo continuo de asistencia.
STD_00074,Carrera General,Nivel General,7.9,85.0,13.29,BAJO,VERDE (ÓPTIMO),Seguimiento Regular de Aula,1. Continuar con el ritmo académico habitual. 2. Oportunidad de participación como mentor/ayudante.
STD_00074,Carrera General,Nivel General,7.6,85.0,14.35,BAJO,VERDE (ÓPTIMO),Seguimiento Regular de Aula,1. Continuar con el ritmo académico habitual. 2. Oportunidad de participación como mentor/ayudante.
STD_00074,Carrera General,Nivel General,7.9,85.0,13.57,BAJO,VERDE (ÓPTIMO),Seguimiento Regular de Aula,1. Continuar con el ritmo académico habitual. 2. Oportunidad de participación como mentor/ayudante.
STD_00074,Carrera General,Nivel General,4.6,85.0,89.24,ALTO,ROJO (CRÍTICO),Tutoría Académica Obligatoria y Derivación a Bienestar Estudiantil,1. Sesión tutorial individual semanal. 2. Plan de refuerzo en temas críticos. 3. Monitoreo continuo de asistencia.
STD_00074,Carrera General,Nivel General,9.9,85.0,26.1,BAJO,VERDE (ÓPTIMO),Seguimiento Regular de Aula,1. Continuar con el ritmo académico habitual. 2. Oportunidad de participación como mentor/ayudante.
STD_00074,Carrera General,Nivel General,5.6,85.0,82.35,ALTO,ROJO (CRÍTICO),Tutoría Académica Obligatoria y Derivación a Bienestar Estudiantil,1. Sesión tutorial individual semanal. 2. Plan de refuerzo en temas críticos. 3. Monitoreo continuo de asistencia.
STD_00074,Carrera General,Nivel General,6.5,85.0,81.46,ALTO,ROJO (CRÍTICO),Tutoría Académica Obligatoria y Derivación a Bienestar Estudiantil,1. Sesión tutorial individual semanal. 2. Plan de refuerzo en temas críticos. 3. Monitoreo continuo de asistencia.
STD_00075,Carrera General,Nivel General,5.6,85.0,75.31,ALTO,ROJO (CRÍTICO),Tutoría Académica Obligatoria y Derivación a Bienestar Estudiantil,1. Sesión tutorial individual semanal. 2. Plan de refuerzo en temas críticos. 3. Monitoreo continuo de asistencia.
STD_00075,Carrera General,Nivel General,7.3,85.0,15.6,BAJO,VERDE (ÓPTIMO),Seguimiento Regular de Aula,1. Continuar con el ritmo académico habitual. 2. Oportunidad de participación como mentor/ayudante.
STD_00075,Carrera General,Nivel General,11.0,85.0,17.37,BAJO,VERDE (ÓPTIMO),Seguimiento Regular de Aula,1. Continuar con el ritmo académico habitual. 2. Oportunidad de participación como mentor/ayudante.
STD_00075,Carrera General,Nivel General,9.5,85.0,27.31,BAJO,VERDE (ÓPTIMO),Seguimiento Regular de Aula,1. Continuar con el ritmo académico habitual. 2. Oportunidad de participación como mentor/ayudante.
STD_00075,Carrera General,Nivel General,11.0,85.0,9.81,BAJO,VERDE (ÓPTIMO),Seguimiento Regular de Aula,1. Continuar con el ritmo académico habitual. 2. Oportunidad de participación como mentor/ayudante.
STD_00075,Carrera General,Nivel General,5.7,85.0,63.49,ALTO,ROJO (CRÍTICO),Tutoría Académica Obligatoria y Derivación a Bienestar Estudiantil,1. Sesión tutorial individual semanal. 2. Plan de refuerzo en temas críticos. 3. Monitoreo continuo de asistencia.
STD_00075,Carrera General,Nivel General,4.6,85.0,73.19,ALTO,ROJO (CRÍTICO),Tutoría Académica Obligatoria y Derivación a Bienestar Estudiantil,1. Sesión tutorial individual semanal. 2. Plan de refuerzo en temas críticos. 3. Monitoreo continuo de asistencia.
STD_00075,Carrera General,Nivel General,6.8,85.0,78.47,ALTO,ROJO (CRÍTICO),Tutoría Académica Obligatoria y Derivación a Bienestar Estudiantil,1. Sesión tutorial individual semanal. 2. Plan de refuerzo en temas críticos. 3. Monitoreo continuo de asistencia.
STD_00076,Carrera General,Nivel General,6.8,85.0,93.86,ALTO,ROJO (CRÍTICO),Tutoría Académica Obligatoria y Derivación a Bienestar Estudiantil,1. Sesión tutorial individual semanal. 2. Plan de refuerzo en temas críticos. 3. Monitoreo continuo de asistencia.
STD_00076,Carrera General,Nivel General,8.7,85.0,21.63,BAJO,VERDE (ÓPTIMO),Seguimiento Regular de Aula,1. Continuar con el ritmo académico habitual. 2. Oportunidad de participación como mentor/ayudante.
STD_00076,Carrera General,Nivel General,4.7,85.0,91.1,ALTO,ROJO (CRÍTICO),Tutoría Académica Obligatoria y Derivación a Bienestar Estudiantil,1. Sesión tutorial individual semanal. 2. Plan de refuerzo en temas críticos. 3. Monitoreo continuo de asistencia.
STD_00076,Carrera General,Nivel General,5.5,85.0,92.29,ALTO,ROJO (CRÍTICO),Tutoría Académica Obligatoria y Derivación a Bienestar Estudiantil,1. Sesión tutorial individual semanal. 2. Plan de refuerzo en temas críticos. 3. Monitoreo continuo de asistencia.
STD_00076,Carrera General,Nivel General,5.3,85.0,92.76,ALTO,ROJO (CRÍTICO),Tutoría Académica Obligatoria y Derivación a Bienestar Estudiantil,1. Sesión tutorial individual semanal. 2. Plan de refuerzo en temas críticos. 3. Monitoreo continuo de asistencia.
STD_00076,Carrera General,Nivel General,6.3,85.0,93.38,ALTO,ROJO (CRÍTICO),Tutoría Académica Obligatoria y Derivación a Bienestar Estudiantil,1. Sesión tutorial individual semanal. 2. Plan de refuerzo en temas críticos. 3. Monitoreo continuo de asistencia.
STD_00076,Carrera General,Nivel General,4.3,85.0,93.81,ALTO,ROJO (CRÍTICO),Tutoría Académica Obligatoria y Derivación a Bienestar Estudiantil,1. Sesión tutorial individual semanal. 2. Plan de refuerzo en temas críticos. 3. Monitoreo continuo de asistencia.
STD_00076,Carrera General,Nivel General,11.0,85.0,16.97,BAJO,VERDE (ÓPTIMO),Seguimiento Regular de Aula,1. Continuar con el ritmo académico habitual. 2. Oportunidad de participación como mentor/ayudante.
STD_00077,Carrera General,Nivel General,8.1,85.0,12.88,BAJO,VERDE (ÓPTIMO),Seguimiento Regular de Aula,1. Continuar con el ritmo académico habitual. 2. Oportunidad de participación como mentor/ayudante.
STD_00077,Carrera General,Nivel General,6.6,85.0,81.44,ALTO,ROJO (CRÍTICO),Tutoría Académica Obligatoria y Derivación a Bienestar Estudiantil,1. Sesión tutorial individual semanal. 2. Plan de refuerzo en temas críticos. 3. Monitoreo continuo de asistencia.
STD_00077,Carrera General,Nivel General,6.3,85.0,56.77,MEDIO,AMARILLO (ADVERTENCIA),Acompañamiento Tutorial Preventivo y Talleres de Estudio,1. Entrevista de seguimiento bimensual. 2. Talleres grupales de resolución de ejercicios.
STD_00077,Carrera General,Nivel General,4.1,85.0,75.54,ALTO,ROJO (CRÍTICO),Tutoría Académica Obligatoria y Derivación a Bienestar Estudiantil,1. Sesión tutorial individual semanal. 2. Plan de refuerzo en temas críticos. 3. Monitoreo continuo de asistencia.
STD_00077,Carrera General,Nivel General,9.4,85.0,29.51,BAJO,VERDE (ÓPTIMO),Seguimiento Regular de Aula,1. Continuar con el ritmo académico habitual. 2. Oportunidad de participación como mentor/ayudante.
STD_00077,Carrera General,Nivel General,7.4,85.0,27.98,BAJO,VERDE (ÓPTIMO),Seguimiento Regular de Aula,1. Continuar con el ritmo académico habitual. 2. Oportunidad de participación como mentor/ayudante.
STD_00077,Carrera General,Nivel General,7.8,85.0,30.52,BAJO,VERDE (ÓPTIMO),Seguimiento Regular de Aula,1. Continuar con el ritmo académico habitual. 2. Oportunidad de participación como mentor/ayudante.
STD_00077,Carrera General,Nivel General,6.7,85.0,82.79,ALTO,ROJO (CRÍTICO),Tutoría Académica Obligatoria y Derivación a Bienestar Estudiantil,1. Sesión tutorial individual semanal. 2. Plan de refuerzo en temas críticos. 3. Monitoreo continuo de asistencia.
STD_00078,Carrera General,Nivel General,4.6,85.0,85.97,ALTO,ROJO (CRÍTICO),Tutoría Académica Obligatoria y Derivación a Bienestar Estudiantil,1. Sesión tutorial individual semanal. 2. Plan de refuerzo en temas críticos. 3. Monitoreo continuo de asistencia.
STD_00078,Carrera General,Nivel General,6.1,85.0,85.82,ALTO,ROJO (CRÍTICO),Tutoría Académica Obligatoria y Derivación a Bienestar Estudiantil,1. Sesión tutorial individual semanal. 2. Plan de refuerzo en temas críticos. 3. Monitoreo continuo de asistencia.
STD_00078,Carrera General,Nivel General,8.6,85.0,20.96,BAJO,VERDE (ÓPTIMO),Seguimiento Regular de Aula,1. Continuar con el ritmo académico habitual. 2. Oportunidad de participación como mentor/ayudante.
STD_00078,Carrera General,Nivel General,6.2,85.0,94.97,ALTO,ROJO (CRÍTICO),Tutoría Académica Obligatoria y Derivación a Bienestar Estudiantil,1. Sesión tutorial individual semanal. 2. Plan de refuerzo en temas críticos. 3. Monitoreo continuo de asistencia.
STD_00078,Carrera General,Nivel General,4.2,85.0,86.79,ALTO,ROJO (CRÍTICO),Tutoría Académica Obligatoria y Derivación a Bienestar Estudiantil,1. Sesión tutorial individual semanal. 2. Plan de refuerzo en temas críticos. 3. Monitoreo continuo de asistencia.
STD_00078,Carrera General,Nivel General,5.0,85.0,92.65,ALTO,ROJO (CRÍTICO),Tutoría Académica Obligatoria y Derivación a Bienestar Estudiantil,1. Sesión tutorial individual semanal. 2. Plan de refuerzo en temas críticos. 3. Monitoreo continuo de asistencia.
STD_00078,Carrera General,Nivel General,4.7,85.0,88.18,ALTO,ROJO (CRÍTICO),Tutoría Académica Obligatoria y Derivación a Bienestar Estudiantil,1. Sesión tutorial individual semanal. 2. Plan de refuerzo en temas críticos. 3. Monitoreo continuo de asistencia.
STD_00078,Carrera General,Nivel General,6.1,85.0,85.52,ALTO,ROJO (CRÍTICO),Tutoría Académica Obligatoria y Derivación a Bienestar Estudiantil,1. Sesión tutorial individual semanal. 2. Plan de refuerzo en temas críticos. 3. Monitoreo continuo de asistencia.
STD_00079,Carrera General,Nivel General,7.5,85.0,28.59,BAJO,VERDE (ÓPTIMO),Seguimiento Regular de Aula,1. Continuar con el ritmo académico habitual. 2. Oportunidad de participación como mentor/ayudante.
STD_00079,Carrera General,Nivel General,8.1,85.0,33.86,BAJO,VERDE (ÓPTIMO),Seguimiento Regular de Aula,1. Continuar con el ritmo académico habitual. 2. Oportunidad de participación como mentor/ayudante.
STD_00079,Carrera General,Nivel General,11.0,85.0,31.17,BAJO,VERDE (ÓPTIMO),Seguimiento Regular de Aula,1. Continuar con el ritmo académico habitual. 2. Oportunidad de participación como mentor/ayudante.
STD_00079,Carrera General,Nivel General,5.6,85.0,75.46,ALTO,ROJO (CRÍTICO),Tutoría Académica Obligatoria y Derivación a Bienestar Estudiantil,1. Sesión tutorial individual semanal. 2. Plan de refuerzo en temas críticos. 3. Monitoreo continuo de asistencia.
STD_00079,Carrera General,Nivel General,10.0,85.0,31.08,BAJO,VERDE (ÓPTIMO),Seguimiento Regular de Aula,1. Continuar con el ritmo académico habitual. 2. Oportunidad de participación como mentor/ayudante.
STD_00079,Carrera General,Nivel General,9.9,85.0,38.19,MEDIO,AMARILLO (ADVERTENCIA),Acompañamiento Tutorial Preventivo y Talleres de Estudio,1. Entrevista de seguimiento bimensual. 2. Talleres grupales de resolución de ejercicios.
STD_00079,Carrera General,Nivel General,6.1,85.0,69.85,ALTO,ROJO (CRÍTICO),Tutoría Académica Obligatoria y Derivación a Bienestar Estudiantil,1. Sesión tutorial individual semanal. 2. Plan de refuerzo en temas críticos. 3. Monitoreo continuo de asistencia.
STD_00079,Carrera General,Nivel General,6.3,85.0,62.18,MEDIO,AMARILLO (ADVERTENCIA),Acompañamiento Tutorial Preventivo y Talleres de Estudio,1. Entrevista de seguimiento bimensual. 2. Talleres grupales de resolución de ejercicios.
STD_00080,Carrera General,Nivel General,9.0,85.0,9.35,BAJO,VERDE (ÓPTIMO),Seguimiento Regular de Aula,1. Continuar con el ritmo académico habitual. 2. Oportunidad de participación como mentor/ayudante.
STD_00080,Carrera General,Nivel General,9.4,85.0,4.53,BAJO,VERDE (ÓPTIMO),Seguimiento Regular de Aula,1. Continuar con el ritmo académico habitual. 2. Oportunidad de participación como mentor/ayudante.
STD_00080,Carrera General,Nivel General,5.3,85.0,95.53,ALTO,ROJO (CRÍTICO),Tutoría Académica Obligatoria y Derivación a Bienestar Estudiantil,1. Sesión tutorial individual semanal. 2. Plan de refuerzo en temas críticos. 3. Monitoreo continuo de asistencia.
STD_00080,Carrera General,Nivel General,4.8,85.0,85.97,ALTO,ROJO (CRÍTICO),Tutoría Académica Obligatoria y Derivación a Bienestar Estudiantil,1. Sesión tutorial individual semanal. 2. Plan de refuerzo en temas críticos. 3. Monitoreo continuo de asistencia.
STD_00080,Carrera General,Nivel General,9.6,85.0,16.24,BAJO,VERDE (ÓPTIMO),Seguimiento Regular de Aula,1. Continuar con el ritmo académico habitual. 2. Oportunidad de participación como mentor/ayudante.
STD_00080,Carrera General,Nivel General,9.7,85.0,5.78,BAJO,VERDE (ÓPTIMO),Seguimiento Regular de Aula,1. Continuar con el ritmo académico habitual. 2. Oportunidad de participación como mentor/ayudante.
STD_00080,Carrera General,Nivel General,11.0,85.0,6.85,BAJO,VERDE (ÓPTIMO),Seguimiento Regular de Aula,1. Continuar con el ritmo académico habitual. 2. Oportunidad de participación como mentor/ayudante.
STD_00080,Carrera General,Nivel General,6.8,85.0,83.56,ALTO,ROJO (CRÍTICO),Tutoría Académica Obligatoria y Derivación a Bienestar Estudiantil,1. Sesión tutorial individual semanal. 2. Plan de refuerzo en temas críticos. 3. Monitoreo continuo de asistencia.
STD_00081,Carrera General,Nivel General,4.9,85.0,88.67,ALTO,ROJO (CRÍTICO),Tutoría Académica Obligatoria y Derivación a Bienestar Estudiantil,1. Sesión tutorial individual semanal. 2. Plan de refuerzo en temas críticos. 3. Monitoreo continuo de asistencia.
STD_00081,Carrera General,Nivel General,5.9,85.0,97.75,ALTO,ROJO (CRÍTICO),Tutoría Académica Obligatoria y Derivación a Bienestar Estudiantil,1. Sesión tutorial individual semanal. 2. Plan de refuerzo en temas críticos. 3. Monitoreo continuo de asistencia.
STD_00081,Carrera General,Nivel General,4.8,85.0,94.37,ALTO,ROJO (CRÍTICO),Tutoría Académica Obligatoria y Derivación a Bienestar Estudiantil,1. Sesión tutorial individual semanal. 2. Plan de refuerzo en temas críticos. 3. Monitoreo continuo de asistencia.
STD_00081,Carrera General,Nivel General,6.0,85.0,95.48,ALTO,ROJO (CRÍTICO),Tutoría Académica Obligatoria y Derivación a Bienestar Estudiantil,1. Sesión tutorial individual semanal. 2. Plan de refuerzo en temas críticos. 3. Monitoreo continuo de asistencia.
STD_00081,Carrera General,Nivel General,5.2,85.0,93.98,ALTO,ROJO (CRÍTICO),Tutoría Académica Obligatoria y Derivación a Bienestar Estudiantil,1. Sesión tutorial individual semanal. 2. Plan de refuerzo en temas críticos. 3. Monitoreo continuo de asistencia.
STD_00081,Carrera General,Nivel General,5.7,85.0,90.74,ALTO,ROJO (CRÍTICO),Tutoría Académica Obligatoria y Derivación a Bienestar Estudiantil,1. Sesión tutorial individual semanal. 2. Plan de refuerzo en temas críticos. 3. Monitoreo continuo de asistencia.
STD_00081,Carrera General,Nivel General,6.4,85.0,95.25,ALTO,ROJO (CRÍTICO),Tutoría Académica Obligatoria y Derivación a Bienestar Estudiantil,1. Sesión tutorial individual semanal. 2. Plan de refuerzo en temas críticos. 3. Monitoreo continuo de asistencia.
STD_00081,Carrera General,Nivel General,4.8,85.0,83.1,ALTO,ROJO (CRÍTICO),Tutoría Académica Obligatoria y Derivación a Bienestar Estudiantil,1. Sesión tutorial individual semanal. 2. Plan de refuerzo en temas críticos. 3. Monitoreo continuo de asistencia.
STD_00082,Carrera General,Nivel General,7.0,85.0,10.68,BAJO,VERDE (ÓPTIMO),Seguimiento Regular de Aula,1. Continuar con el ritmo académico habitual. 2. Oportunidad de participación como mentor/ayudante.
STD_00082,Carrera General,Nivel General,6.4,85.0,85.14,ALTO,ROJO (CRÍTICO),Tutoría Académica Obligatoria y Derivación a Bienestar Estudiantil,1. Sesión tutorial individual semanal. 2. Plan de refuerzo en temas críticos. 3. Monitoreo continuo de asistencia.
STD_00082,Carrera General,Nivel General,6.3,85.0,84.21,ALTO,ROJO (CRÍTICO),Tutoría Académica Obligatoria y Derivación a Bienestar Estudiantil,1. Sesión tutorial individual semanal. 2. Plan de refuerzo en temas críticos. 3. Monitoreo continuo de asistencia.
STD_00082,Carrera General,Nivel General,9.9,85.0,18.93,BAJO,VERDE (ÓPTIMO),Seguimiento Regular de Aula,1. Continuar con el ritmo académico habitual. 2. Oportunidad de participación como mentor/ayudante.
STD_00082,Carrera General,Nivel General,9.7,85.0,22.0,BAJO,VERDE (ÓPTIMO),Seguimiento Regular de Aula,1. Continuar con el ritmo académico habitual. 2. Oportunidad de participación como mentor/ayudante.
STD_00082,Carrera General,Nivel General,6.8,85.0,74.77,ALTO,ROJO (CRÍTICO),Tutoría Académica Obligatoria y Derivación a Bienestar Estudiantil,1. Sesión tutorial individual semanal. 2. Plan de refuerzo en temas críticos. 3. Monitoreo continuo de asistencia.
STD_00082,Carrera General,Nivel General,7.3,85.0,17.65,BAJO,VERDE (ÓPTIMO),Seguimiento Regular de Aula,1. Continuar con el ritmo académico habitual. 2. Oportunidad de participación como mentor/ayudante.
STD_00082,Carrera General,Nivel General,8.8,85.0,16.01,BAJO,VERDE (ÓPTIMO),Seguimiento Regular de Aula,1. Continuar con el ritmo académico habitual. 2. Oportunidad de participación como mentor/ayudante.
STD_00083,Carrera General,Nivel General,6.9,85.0,90.96,ALTO,ROJO (CRÍTICO),Tutoría Académica Obligatoria y Derivación a Bienestar Estudiantil,1. Sesión tutorial individual semanal. 2. Plan de refuerzo en temas críticos. 3. Monitoreo continuo de asistencia.
STD_00083,Carrera General,Nivel General,6.1,85.0,90.68,ALTO,ROJO (CRÍTICO),Tutoría Académica Obligatoria y Derivación a Bienestar Estudiantil,1. Sesión tutorial individual semanal. 2. Plan de refuerzo en temas críticos. 3. Monitoreo continuo de asistencia.
STD_00083,Carrera General,Nivel General,7.3,85.0,4.73,BAJO,VERDE (ÓPTIMO),Seguimiento Regular de Aula,1. Continuar con el ritmo académico habitual. 2. Oportunidad de participación como mentor/ayudante.
STD_00083,Carrera General,Nivel General,9.8,85.0,4.92,BAJO,VERDE (ÓPTIMO),Seguimiento Regular de Aula,1. Continuar con el ritmo académico habitual. 2. Oportunidad de participación como mentor/ayudante.
STD_00083,Carrera General,Nivel General,9.0,85.0,4.7,BAJO,VERDE (ÓPTIMO),Seguimiento Regular de Aula,1. Continuar con el ritmo académico habitual. 2. Oportunidad de participación como mentor/ayudante.
STD_00083,Carrera General,Nivel General,9.8,85.0,6.38,BAJO,VERDE (ÓPTIMO),Seguimiento Regular de Aula,1. Continuar con el ritmo académico habitual. 2. Oportunidad de participación como mentor/ayudante.
STD_00083,Carrera General,Nivel General,4.2,85.0,85.81,ALTO,ROJO (CRÍTICO),Tutoría Académica Obligatoria y Derivación a Bienestar Estudiantil,1. Sesión tutorial individual semanal. 2. Plan de refuerzo en temas críticos. 3. Monitoreo continuo de asistencia.
STD_00083,Carrera General,Nivel General,7.2,85.0,6.48,BAJO,VERDE (ÓPTIMO),Seguimiento Regular de Aula,1. Continuar con el ritmo académico habitual. 2. Oportunidad de participación como mentor/ayudante.
STD_00084,Carrera General,Nivel General,8.1,85.0,21.17,BAJO,VERDE (ÓPTIMO),Seguimiento Regular de Aula,1. Continuar con el ritmo académico habitual. 2. Oportunidad de participación como mentor/ayudante.
STD_00084,Carrera General,Nivel General,4.9,85.0,77.45,ALTO,ROJO (CRÍTICO),Tutoría Académica Obligatoria y Derivación a Bienestar Estudiantil,1. Sesión tutorial individual semanal. 2. Plan de refuerzo en temas críticos. 3. Monitoreo continuo de asistencia.
STD_00084,Carrera General,Nivel General,6.8,85.0,72.11,ALTO,ROJO (CRÍTICO),Tutoría Académica Obligatoria y Derivación a Bienestar Estudiantil,1. Sesión tutorial individual semanal. 2. Plan de refuerzo en temas críticos. 3. Monitoreo continuo de asistencia.
STD_00084,Carrera General,Nivel General,11.0,85.0,8.16,BAJO,VERDE (ÓPTIMO),Seguimiento Regular de Aula,1. Continuar con el ritmo académico habitual. 2. Oportunidad de participación como mentor/ayudante.
STD_00084,Carrera General,Nivel General,7.2,85.0,19.27,BAJO,VERDE (ÓPTIMO),Seguimiento Regular de Aula,1. Continuar con el ritmo académico habitual. 2. Oportunidad de participación como mentor/ayudante.
STD_00084,Carrera General,Nivel General,7.5,85.0,20.17,BAJO,VERDE (ÓPTIMO),Seguimiento Regular de Aula,1. Continuar con el ritmo académico habitual. 2. Oportunidad de participación como mentor/ayudante.
STD_00084,Carrera General,Nivel General,6.2,85.0,71.15,ALTO,ROJO (CRÍTICO),Tutoría Académica Obligatoria y Derivación a Bienestar Estudiantil,1. Sesión tutorial individual semanal. 2. Plan de refuerzo en temas críticos. 3. Monitoreo continuo de asistencia.
STD_00084,Carrera General,Nivel General,8.9,85.0,6.37,BAJO,VERDE (ÓPTIMO),Seguimiento Regular de Aula,1. Continuar con el ritmo académico habitual. 2. Oportunidad de participación como mentor/ayudante.
STD_00085,Carrera General,Nivel General,8.4,85.0,15.49,BAJO,VERDE (ÓPTIMO),Seguimiento Regular de Aula,1. Continuar con el ritmo académico habitual. 2. Oportunidad de participación como mentor/ayudante.
STD_00085,Carrera General,Nivel General,8.9,85.0,12.26,BAJO,VERDE (ÓPTIMO),Seguimiento Regular de Aula,1. Continuar con el ritmo académico habitual. 2. Oportunidad de participación como mentor/ayudante.
STD_00085,Carrera General,Nivel General,5.2,85.0,87.88,ALTO,ROJO (CRÍTICO),Tutoría Académica Obligatoria y Derivación a Bienestar Estudiantil,1. Sesión tutorial individual semanal. 2. Plan de refuerzo en temas críticos. 3. Monitoreo continuo de asistencia.
STD_00085,Carrera General,Nivel General,5.4,85.0,78.04,ALTO,ROJO (CRÍTICO),Tutoría Académica Obligatoria y Derivación a Bienestar Estudiantil,1. Sesión tutorial individual semanal. 2. Plan de refuerzo en temas críticos. 3. Monitoreo continuo de asistencia.
STD_00085,Carrera General,Nivel General,4.1,85.0,79.17,ALTO,ROJO (CRÍTICO),Tutoría Académica Obligatoria y Derivación a Bienestar Estudiantil,1. Sesión tutorial individual semanal. 2. Plan de refuerzo en temas críticos. 3. Monitoreo continuo de asistencia.
STD_00085,Carrera General,Nivel General,4.7,85.0,79.77,ALTO,ROJO (CRÍTICO),Tutoría Académica Obligatoria y Derivación a Bienestar Estudiantil,1. Sesión tutorial individual semanal. 2. Plan de refuerzo en temas críticos. 3. Monitoreo continuo de asistencia.
STD_00085,Carrera General,Nivel General,7.8,85.0,12.82,BAJO,VERDE (ÓPTIMO),Seguimiento Regular de Aula,1. Continuar con el ritmo académico habitual. 2. Oportunidad de participación como mentor/ayudante.
STD_00085,Carrera General,Nivel General,9.9,85.0,18.58,BAJO,VERDE (ÓPTIMO),Seguimiento Regular de Aula,1. Continuar con el ritmo académico habitual. 2. Oportunidad de participación como mentor/ayudante.
STD_00086,Carrera General,Nivel General,4.2,85.0,85.86,ALTO,ROJO (CRÍTICO),Tutoría Académica Obligatoria y Derivación a Bienestar Estudiantil,1. Sesión tutorial individual semanal. 2. Plan de refuerzo en temas críticos. 3. Monitoreo continuo de asistencia.
STD_00086,Carrera General,Nivel General,9.1,85.0,24.56,BAJO,VERDE (ÓPTIMO),Seguimiento Regular de Aula,1. Continuar con el ritmo académico habitual. 2. Oportunidad de participación como mentor/ayudante.
STD_00086,Carrera General,Nivel General,4.5,85.0,75.53,ALTO,ROJO (CRÍTICO),Tutoría Académica Obligatoria y Derivación a Bienestar Estudiantil,1. Sesión tutorial individual semanal. 2. Plan de refuerzo en temas críticos. 3. Monitoreo continuo de asistencia.
STD_00086,Carrera General,Nivel General,8.5,85.0,25.09,BAJO,VERDE (ÓPTIMO),Seguimiento Regular de Aula,1. Continuar con el ritmo académico habitual. 2. Oportunidad de participación como mentor/ayudante.
STD_00086,Carrera General,Nivel General,6.5,85.0,75.31,ALTO,ROJO (CRÍTICO),Tutoría Académica Obligatoria y Derivación a Bienestar Estudiantil,1. Sesión tutorial individual semanal. 2. Plan de refuerzo en temas críticos. 3. Monitoreo continuo de asistencia.
STD_00086,Carrera General,Nivel General,9.8,85.0,34.08,BAJO,VERDE (ÓPTIMO),Seguimiento Regular de Aula,1. Continuar con el ritmo académico habitual. 2. Oportunidad de participación como mentor/ayudante.
STD_00086,Carrera General,Nivel General,6.7,85.0,85.29,ALTO,ROJO (CRÍTICO),Tutoría Académica Obligatoria y Derivación a Bienestar Estudiantil,1. Sesión tutorial individual semanal. 2. Plan de refuerzo en temas críticos. 3. Monitoreo continuo de asistencia.
STD_00086,Carrera General,Nivel General,5.9,85.0,73.49,ALTO,ROJO (CRÍTICO),Tutoría Académica Obligatoria y Derivación a Bienestar Estudiantil,1. Sesión tutorial individual semanal. 2. Plan de refuerzo en temas críticos. 3. Monitoreo continuo de asistencia.
STD_00087,Carrera General,Nivel General,6.8,85.0,84.15,ALTO,ROJO (CRÍTICO),Tutoría Académica Obligatoria y Derivación a Bienestar Estudiantil,1. Sesión tutorial individual semanal. 2. Plan de refuerzo en temas críticos. 3. Monitoreo continuo de asistencia.
STD_00087,Carrera General,Nivel General,6.8,85.0,88.62,ALTO,ROJO (CRÍTICO),Tutoría Académica Obligatoria y Derivación a Bienestar Estudiantil,1. Sesión tutorial individual semanal. 2. Plan de refuerzo en temas críticos. 3. Monitoreo continuo de asistencia.
STD_00087,Carrera General,Nivel General,8.0,85.0,16.28,BAJO,VERDE (ÓPTIMO),Seguimiento Regular de Aula,1. Continuar con el ritmo académico habitual. 2. Oportunidad de participación como mentor/ayudante.
STD_00087,Carrera General,Nivel General,6.4,85.0,77.83,ALTO,ROJO (CRÍTICO),Tutoría Académica Obligatoria y Derivación a Bienestar Estudiantil,1. Sesión tutorial individual semanal. 2. Plan de refuerzo en temas críticos. 3. Monitoreo continuo de asistencia.
STD_00087,Carrera General,Nivel General,9.8,85.0,26.86,BAJO,VERDE (ÓPTIMO),Seguimiento Regular de Aula,1. Continuar con el ritmo académico habitual. 2. Oportunidad de participación como mentor/ayudante.
STD_00087,Carrera General,Nivel General,5.3,85.0,63.4,ALTO,ROJO (CRÍTICO),Tutoría Académica Obligatoria y Derivación a Bienestar Estudiantil,1. Sesión tutorial individual semanal. 2. Plan de refuerzo en temas críticos. 3. Monitoreo continuo de asistencia.
STD_00087,Carrera General,Nivel General,5.6,85.0,75.05,ALTO,ROJO (CRÍTICO),Tutoría Académica Obligatoria y Derivación a Bienestar Estudiantil,1. Sesión tutorial individual semanal. 2. Plan de refuerzo en temas críticos. 3. Monitoreo continuo de asistencia.
STD_00087,Carrera General,Nivel General,7.4,85.0,20.75,BAJO,VERDE (ÓPTIMO),Seguimiento Regular de Aula,1. Continuar con el ritmo académico habitual. 2. Oportunidad de participación como mentor/ayudante.
STD_00088,Carrera General,Nivel General,5.3,85.0,86.68,ALTO,ROJO (CRÍTICO),Tutoría Académica Obligatoria y Derivación a Bienestar Estudiantil,1. Sesión tutorial individual semanal. 2. Plan de refuerzo en temas críticos. 3. Monitoreo continuo de asistencia.
STD_00088,Carrera General,Nivel General,4.4,85.0,80.76,ALTO,ROJO (CRÍTICO),Tutoría Académica Obligatoria y Derivación a Bienestar Estudiantil,1. Sesión tutorial individual semanal. 2. Plan de refuerzo en temas críticos. 3. Monitoreo continuo de asistencia.
STD_00088,Carrera General,Nivel General,8.3,85.0,43.26,MEDIO,AMARILLO (ADVERTENCIA),Acompañamiento Tutorial Preventivo y Talleres de Estudio,1. Entrevista de seguimiento bimensual. 2. Talleres grupales de resolución de ejercicios.
STD_00088,Carrera General,Nivel General,8.2,85.0,7.92,BAJO,VERDE (ÓPTIMO),Seguimiento Regular de Aula,1. Continuar con el ritmo académico habitual. 2. Oportunidad de participación como mentor/ayudante.
STD_00088,Carrera General,Nivel General,4.8,85.0,91.94,ALTO,ROJO (CRÍTICO),Tutoría Académica Obligatoria y Derivación a Bienestar Estudiantil,1. Sesión tutorial individual semanal. 2. Plan de refuerzo en temas críticos. 3. Monitoreo continuo de asistencia.
STD_00088,Carrera General,Nivel General,5.3,85.0,71.79,ALTO,ROJO (CRÍTICO),Tutoría Académica Obligatoria y Derivación a Bienestar Estudiantil,1. Sesión tutorial individual semanal. 2. Plan de refuerzo en temas críticos. 3. Monitoreo continuo de asistencia.
STD_00088,Carrera General,Nivel General,7.8,85.0,17.76,BAJO,VERDE (ÓPTIMO),Seguimiento Regular de Aula,1. Continuar con el ritmo académico habitual. 2. Oportunidad de participación como mentor/ayudante.
STD_00088,Carrera General,Nivel General,5.2,85.0,73.08,ALTO,ROJO (CRÍTICO),Tutoría Académica Obligatoria y Derivación a Bienestar Estudiantil,1. Sesión tutorial individual semanal. 2. Plan de refuerzo en temas críticos. 3. Monitoreo continuo de asistencia.
STD_00089,Carrera General,Nivel General,9.7,85.0,44.96,MEDIO,AMARILLO (ADVERTENCIA),Acompañamiento Tutorial Preventivo y Talleres de Estudio,1. Entrevista de seguimiento bimensual. 2. Talleres grupales de resolución de ejercicios.
STD_00089,Carrera General,Nivel General,11.0,85.0,19.49,BAJO,VERDE (ÓPTIMO),Seguimiento Regular de Aula,1. Continuar con el ritmo académico habitual. 2. Oportunidad de participación como mentor/ayudante.
STD_00089,Carrera General,Nivel General,7.1,85.0,15.07,BAJO,VERDE (ÓPTIMO),Seguimiento Regular de Aula,1. Continuar con el ritmo académico habitual. 2. Oportunidad de participación como mentor/ayudante.
STD_00089,Carrera General,Nivel General,5.4,85.0,81.25,ALTO,ROJO (CRÍTICO),Tutoría Académica Obligatoria y Derivación a Bienestar Estudiantil,1. Sesión tutorial individual semanal. 2. Plan de refuerzo en temas críticos. 3. Monitoreo continuo de asistencia.
STD_00089,Carrera General,Nivel General,5.5,85.0,86.02,ALTO,ROJO (CRÍTICO),Tutoría Académica Obligatoria y Derivación a Bienestar Estudiantil,1. Sesión tutorial individual semanal. 2. Plan de refuerzo en temas críticos. 3. Monitoreo continuo de asistencia.
STD_00089,Carrera General,Nivel General,5.2,85.0,82.36,ALTO,ROJO (CRÍTICO),Tutoría Académica Obligatoria y Derivación a Bienestar Estudiantil,1. Sesión tutorial individual semanal. 2. Plan de refuerzo en temas críticos. 3. Monitoreo continuo de asistencia.
STD_00089,Carrera General,Nivel General,5.7,85.0,78.16,ALTO,ROJO (CRÍTICO),Tutoría Académica Obligatoria y Derivación a Bienestar Estudiantil,1. Sesión tutorial individual semanal. 2. Plan de refuerzo en temas críticos. 3. Monitoreo continuo de asistencia.
STD_00089,Carrera General,Nivel General,6.9,85.0,73.32,ALTO,ROJO (CRÍTICO),Tutoría Académica Obligatoria y Derivación a Bienestar Estudiantil,1. Sesión tutorial individual semanal. 2. Plan de refuerzo en temas críticos. 3. Monitoreo continuo de asistencia.
STD_00090,Carrera General,Nivel General,4.4,85.0,89.53,ALTO,ROJO (CRÍTICO),Tutoría Académica Obligatoria y Derivación a Bienestar Estudiantil,1. Sesión tutorial individual semanal. 2. Plan de refuerzo en temas críticos. 3. Monitoreo continuo de asistencia.
STD_00090,Carrera General,Nivel General,5.9,85.0,88.38,ALTO,ROJO (CRÍTICO),Tutoría Académica Obligatoria y Derivación a Bienestar Estudiantil,1. Sesión tutorial individual semanal. 2. Plan de refuerzo en temas críticos. 3. Monitoreo continuo de asistencia.
STD_00090,Carrera General,Nivel General,8.5,85.0,16.75,BAJO,VERDE (ÓPTIMO),Seguimiento Regular de Aula,1. Continuar con el ritmo académico habitual. 2. Oportunidad de participación como mentor/ayudante.
STD_00090,Carrera General,Nivel General,7.9,85.0,11.07,BAJO,VERDE (ÓPTIMO),Seguimiento Regular de Aula,1. Continuar con el ritmo académico habitual. 2. Oportunidad de participación como mentor/ayudante.
STD_00090,Carrera General,Nivel General,7.1,85.0,11.03,BAJO,VERDE (ÓPTIMO),Seguimiento Regular de Aula,1. Continuar con el ritmo académico habitual. 2. Oportunidad de participación como mentor/ayudante.
STD_00090,Carrera General,Nivel General,6.2,85.0,91.48,ALTO,ROJO (CRÍTICO),Tutoría Académica Obligatoria y Derivación a Bienestar Estudiantil,1. Sesión tutorial individual semanal. 2. Plan de refuerzo en temas críticos. 3. Monitoreo continuo de asistencia.
STD_00090,Carrera General,Nivel General,5.6,85.0,82.83,ALTO,ROJO (CRÍTICO),Tutoría Académica Obligatoria y Derivación a Bienestar Estudiantil,1. Sesión tutorial individual semanal. 2. Plan de refuerzo en temas críticos. 3. Monitoreo continuo de asistencia.
STD_00090,Carrera General,Nivel General,5.1,85.0,85.91,ALTO,ROJO (CRÍTICO),Tutoría Académica Obligatoria y Derivación a Bienestar Estudiantil,1. Sesión tutorial individual semanal. 2. Plan de refuerzo en temas críticos. 3. Monitoreo continuo de asistencia.
STD_00091,Carrera General,Nivel General,9.3,85.0,8.6,BAJO,VERDE (ÓPTIMO),Seguimiento Regular de Aula,1. Continuar con el ritmo académico habitual. 2. Oportunidad de participación como mentor/ayudante.
STD_00091,Carrera General,Nivel General,9.2,85.0,27.69,BAJO,VERDE (ÓPTIMO),Seguimiento Regular de Aula,1. Continuar con el ritmo académico habitual. 2. Oportunidad de participación como mentor/ayudante.
STD_00091,Carrera General,Nivel General,4.9,85.0,72.9,ALTO,ROJO (CRÍTICO),Tutoría Académica Obligatoria y Derivación a Bienestar Estudiantil,1. Sesión tutorial individual semanal. 2. Plan de refuerzo en temas críticos. 3. Monitoreo continuo de asistencia.
STD_00091,Carrera General,Nivel General,5.9,85.0,85.55,ALTO,ROJO (CRÍTICO),Tutoría Académica Obligatoria y Derivación a Bienestar Estudiantil,1. Sesión tutorial individual semanal. 2. Plan de refuerzo en temas críticos. 3. Monitoreo continuo de asistencia.
STD_00091,Carrera General,Nivel General,7.2,85.0,9.13,BAJO,VERDE (ÓPTIMO),Seguimiento Regular de Aula,1. Continuar con el ritmo académico habitual. 2. Oportunidad de participación como mentor/ayudante.
STD_00091,Carrera General,Nivel General,8.6,85.0,9.83,BAJO,VERDE (ÓPTIMO),Seguimiento Regular de Aula,1. Continuar con el ritmo académico habitual. 2. Oportunidad de participación como mentor/ayudante.
STD_00091,Carrera General,Nivel General,4.2,85.0,64.34,ALTO,ROJO (CRÍTICO),Tutoría Académica Obligatoria y Derivación a Bienestar Estudiantil,1. Sesión tutorial individual semanal. 2. Plan de refuerzo en temas críticos. 3. Monitoreo continuo de asistencia.
STD_00091,Carrera General,Nivel General,11.0,85.0,10.98,BAJO,VERDE (ÓPTIMO),Seguimiento Regular de Aula,1. Continuar con el ritmo académico habitual. 2. Oportunidad de participación como mentor/ayudante.
STD_00092,Carrera General,Nivel General,7.8,85.0,18.31,BAJO,VERDE (ÓPTIMO),Seguimiento Regular de Aula,1. Continuar con el ritmo académico habitual. 2. Oportunidad de participación como mentor/ayudante.
STD_00092,Carrera General,Nivel General,7.7,85.0,23.37,BAJO,VERDE (ÓPTIMO),Seguimiento Regular de Aula,1. Continuar con el ritmo académico habitual. 2. Oportunidad de participación como mentor/ayudante.
STD_00092,Carrera General,Nivel General,6.8,85.0,80.73,ALTO,ROJO (CRÍTICO),Tutoría Académica Obligatoria y Derivación a Bienestar Estudiantil,1. Sesión tutorial individual semanal. 2. Plan de refuerzo en temas críticos. 3. Monitoreo continuo de asistencia.
STD_00092,Carrera General,Nivel General,5.3,85.0,90.12,ALTO,ROJO (CRÍTICO),Tutoría Académica Obligatoria y Derivación a Bienestar Estudiantil,1. Sesión tutorial individual semanal. 2. Plan de refuerzo en temas críticos. 3. Monitoreo continuo de asistencia.
STD_00092,Carrera General,Nivel General,4.4,85.0,85.47,ALTO,ROJO (CRÍTICO),Tutoría Académica Obligatoria y Derivación a Bienestar Estudiantil,1. Sesión tutorial individual semanal. 2. Plan de refuerzo en temas críticos. 3. Monitoreo continuo de asistencia.
STD_00092,Carrera General,Nivel General,5.7,85.0,90.91,ALTO,ROJO (CRÍTICO),Tutoría Académica Obligatoria y Derivación a Bienestar Estudiantil,1. Sesión tutorial individual semanal. 2. Plan de refuerzo en temas críticos. 3. Monitoreo continuo de asistencia.
STD_00092,Carrera General,Nivel General,5.7,85.0,84.6,ALTO,ROJO (CRÍTICO),Tutoría Académica Obligatoria y Derivación a Bienestar Estudiantil,1. Sesión tutorial individual semanal. 2. Plan de refuerzo en temas críticos. 3. Monitoreo continuo de asistencia.
STD_00092,Carrera General,Nivel General,7.6,85.0,28.46,BAJO,VERDE (ÓPTIMO),Seguimiento Regular de Aula,1. Continuar con el ritmo académico habitual. 2. Oportunidad de participación como mentor/ayudante.
STD_00093,Carrera General,Nivel General,5.0,85.0,83.29,ALTO,ROJO (CRÍTICO),Tutoría Académica Obligatoria y Derivación a Bienestar Estudiantil,1. Sesión tutorial individual semanal. 2. Plan de refuerzo en temas críticos. 3. Monitoreo continuo de asistencia.
STD_00093,Carrera General,Nivel General,4.4,85.0,91.59,ALTO,ROJO (CRÍTICO),Tutoría Académica Obligatoria y Derivación a Bienestar Estudiantil,1. Sesión tutorial individual semanal. 2. Plan de refuerzo en temas críticos. 3. Monitoreo continuo de asistencia.
STD_00093,Carrera General,Nivel General,5.5,85.0,87.82,ALTO,ROJO (CRÍTICO),Tutoría Académica Obligatoria y Derivación a Bienestar Estudiantil,1. Sesión tutorial individual semanal. 2. Plan de refuerzo en temas críticos. 3. Monitoreo continuo de asistencia.
STD_00093,Carrera General,Nivel General,6.2,85.0,89.02,ALTO,ROJO (CRÍTICO),Tutoría Académica Obligatoria y Derivación a Bienestar Estudiantil,1. Sesión tutorial individual semanal. 2. Plan de refuerzo en temas críticos. 3. Monitoreo continuo de asistencia.
STD_00093,Carrera General,Nivel General,8.9,85.0,11.07,BAJO,VERDE (ÓPTIMO),Seguimiento Regular de Aula,1. Continuar con el ritmo académico habitual. 2. Oportunidad de participación como mentor/ayudante.
STD_00093,Carrera General,Nivel General,6.8,85.0,85.86,ALTO,ROJO (CRÍTICO),Tutoría Académica Obligatoria y Derivación a Bienestar Estudiantil,1. Sesión tutorial individual semanal. 2. Plan de refuerzo en temas críticos. 3. Monitoreo continuo de asistencia.
STD_00093,Carrera General,Nivel General,4.1,85.0,89.14,ALTO,ROJO (CRÍTICO),Tutoría Académica Obligatoria y Derivación a Bienestar Estudiantil,1. Sesión tutorial individual semanal. 2. Plan de refuerzo en temas críticos. 3. Monitoreo continuo de asistencia.
STD_00093,Carrera General,Nivel General,8.3,85.0,34.53,BAJO,VERDE (ÓPTIMO),Seguimiento Regular de Aula,1. Continuar con el ritmo académico habitual. 2. Oportunidad de participación como mentor/ayudante.
STD_00094,Carrera General,Nivel General,4.8,85.0,69.28,ALTO,ROJO (CRÍTICO),Tutoría Académica Obligatoria y Derivación a Bienestar Estudiantil,1. Sesión tutorial individual semanal. 2. Plan de refuerzo en temas críticos. 3. Monitoreo continuo de asistencia.
STD_00094,Carrera General,Nivel General,9.3,85.0,9.68,BAJO,VERDE (ÓPTIMO),Seguimiento Regular de Aula,1. Continuar con el ritmo académico habitual. 2. Oportunidad de participación como mentor/ayudante.
STD_00094,Carrera General,Nivel General,5.6,85.0,75.18,ALTO,ROJO (CRÍTICO),Tutoría Académica Obligatoria y Derivación a Bienestar Estudiantil,1. Sesión tutorial individual semanal. 2. Plan de refuerzo en temas críticos. 3. Monitoreo continuo de asistencia.
STD_00094,Carrera General,Nivel General,7.0,85.0,5.86,BAJO,VERDE (ÓPTIMO),Seguimiento Regular de Aula,1. Continuar con el ritmo académico habitual. 2. Oportunidad de participación como mentor/ayudante.
STD_00094,Carrera General,Nivel General,9.6,85.0,13.38,BAJO,VERDE (ÓPTIMO),Seguimiento Regular de Aula,1. Continuar con el ritmo académico habitual. 2. Oportunidad de participación como mentor/ayudante.
STD_00094,Carrera General,Nivel General,9.0,85.0,12.1,BAJO,VERDE (ÓPTIMO),Seguimiento Regular de Aula,1. Continuar con el ritmo académico habitual. 2. Oportunidad de participación como mentor/ayudante.
STD_00094,Carrera General,Nivel General,7.1,85.0,15.57,BAJO,VERDE (ÓPTIMO),Seguimiento Regular de Aula,1. Continuar con el ritmo académico habitual. 2. Oportunidad de participación como mentor/ayudante.
STD_00094,Carrera General,Nivel General,11.0,85.0,7.67,BAJO,VERDE (ÓPTIMO),Seguimiento Regular de Aula,1. Continuar con el ritmo académico habitual. 2. Oportunidad de participación como mentor/ayudante.
STD_00095,Carrera General,Nivel General,7.3,85.0,25.25,BAJO,VERDE (ÓPTIMO),Seguimiento Regular de Aula,1. Continuar con el ritmo académico habitual. 2. Oportunidad de participación como mentor/ayudante.
STD_00095,Carrera General,Nivel General,4.9,85.0,77.35,ALTO,ROJO (CRÍTICO),Tutoría Académica Obligatoria y Derivación a Bienestar Estudiantil,1. Sesión tutorial individual semanal. 2. Plan de refuerzo en temas críticos. 3. Monitoreo continuo de asistencia.
STD_00095,Carrera General,Nivel General,8.2,85.0,22.26,BAJO,VERDE (ÓPTIMO),Seguimiento Regular de Aula,1. Continuar con el ritmo académico habitual. 2. Oportunidad de participación como mentor/ayudante.
STD_00095,Carrera General,Nivel General,6.2,85.0,70.84,ALTO,ROJO (CRÍTICO),Tutoría Académica Obligatoria y Derivación a Bienestar Estudiantil,1. Sesión tutorial individual semanal. 2. Plan de refuerzo en temas críticos. 3. Monitoreo continuo de asistencia.
STD_00095,Carrera General,Nivel General,9.8,85.0,28.6,BAJO,VERDE (ÓPTIMO),Seguimiento Regular de Aula,1. Continuar con el ritmo académico habitual. 2. Oportunidad de participación como mentor/ayudante.
STD_00095,Carrera General,Nivel General,4.1,85.0,76.51,ALTO,ROJO (CRÍTICO),Tutoría Académica Obligatoria y Derivación a Bienestar Estudiantil,1. Sesión tutorial individual semanal. 2. Plan de refuerzo en temas críticos. 3. Monitoreo continuo de asistencia.
STD_00095,Carrera General,Nivel General,5.6,85.0,64.01,ALTO,ROJO (CRÍTICO),Tutoría Académica Obligatoria y Derivación a Bienestar Estudiantil,1. Sesión tutorial individual semanal. 2. Plan de refuerzo en temas críticos. 3. Monitoreo continuo de asistencia.
STD_00095,Carrera General,Nivel General,11.0,85.0,28.05,BAJO,VERDE (ÓPTIMO),Seguimiento Regular de Aula,1. Continuar con el ritmo académico habitual. 2. Oportunidad de participación como mentor/ayudante.
STD_00096,Carrera General,Nivel General,4.5,85.0,78.39,ALTO,ROJO (CRÍTICO),Tutoría Académica Obligatoria y Derivación a Bienestar Estudiantil,1. Sesión tutorial individual semanal. 2. Plan de refuerzo en temas críticos. 3. Monitoreo continuo de asistencia.
STD_00096,Carrera General,Nivel General,7.9,85.0,8.88,BAJO,VERDE (ÓPTIMO),Seguimiento Regular de Aula,1. Continuar con el ritmo académico habitual. 2. Oportunidad de participación como mentor/ayudante.
STD_00096,Carrera General,Nivel General,11.0,85.0,8.41,BAJO,VERDE (ÓPTIMO),Seguimiento Regular de Aula,1. Continuar con el ritmo académico habitual. 2. Oportunidad de participación como mentor/ayudante.
STD_00096,Carrera General,Nivel General,9.1,85.0,8.2,BAJO,VERDE (ÓPTIMO),Seguimiento Regular de Aula,1. Continuar con el ritmo académico habitual. 2. Oportunidad de participación como mentor/ayudante.
STD_00096,Carrera General,Nivel General,6.1,85.0,83.81,ALTO,ROJO (CRÍTICO),Tutoría Académica Obligatoria y Derivación a Bienestar Estudiantil,1. Sesión tutorial individual semanal. 2. Plan de refuerzo en temas críticos. 3. Monitoreo continuo de asistencia.
STD_00096,Carrera General,Nivel General,8.5,85.0,13.4,BAJO,VERDE (ÓPTIMO),Seguimiento Regular de Aula,1. Continuar con el ritmo académico habitual. 2. Oportunidad de participación como mentor/ayudante.
STD_00096,Carrera General,Nivel General,4.7,85.0,83.96,ALTO,ROJO (CRÍTICO),Tutoría Académica Obligatoria y Derivación a Bienestar Estudiantil,1. Sesión tutorial individual semanal. 2. Plan de refuerzo en temas críticos. 3. Monitoreo continuo de asistencia.
STD_00096,Carrera General,Nivel General,7.6,85.0,14.31,BAJO,VERDE (ÓPTIMO),Seguimiento Regular de Aula,1. Continuar con el ritmo académico habitual. 2. Oportunidad de participación como mentor/ayudante.
STD_00097,Carrera General,Nivel General,9.2,85.0,11.78,BAJO,VERDE (ÓPTIMO),Seguimiento Regular de Aula,1. Continuar con el ritmo académico habitual. 2. Oportunidad de participación como mentor/ayudante.
STD_00097,Carrera General,Nivel General,7.8,85.0,30.85,BAJO,VERDE (ÓPTIMO),Seguimiento Regular de Aula,1. Continuar con el ritmo académico habitual. 2. Oportunidad de participación como mentor/ayudante.
STD_00097,Carrera General,Nivel General,6.8,85.0,78.97,ALTO,ROJO (CRÍTICO),Tutoría Académica Obligatoria y Derivación a Bienestar Estudiantil,1. Sesión tutorial individual semanal. 2. Plan de refuerzo en temas críticos. 3. Monitoreo continuo de asistencia.
STD_00097,Carrera General,Nivel General,8.5,85.0,16.35,BAJO,VERDE (ÓPTIMO),Seguimiento Regular de Aula,1. Continuar con el ritmo académico habitual. 2. Oportunidad de participación como mentor/ayudante.
STD_00097,Carrera General,Nivel General,5.9,85.0,84.8,ALTO,ROJO (CRÍTICO),Tutoría Académica Obligatoria y Derivación a Bienestar Estudiantil,1. Sesión tutorial individual semanal. 2. Plan de refuerzo en temas críticos. 3. Monitoreo continuo de asistencia.
STD_00097,Carrera General,Nivel General,4.0,85.0,89.1,ALTO,ROJO (CRÍTICO),Tutoría Académica Obligatoria y Derivación a Bienestar Estudiantil,1. Sesión tutorial individual semanal. 2. Plan de refuerzo en temas críticos. 3. Monitoreo continuo de asistencia.
STD_00097,Carrera General,Nivel General,6.4,85.0,75.78,ALTO,ROJO (CRÍTICO),Tutoría Académica Obligatoria y Derivación a Bienestar Estudiantil,1. Sesión tutorial individual semanal. 2. Plan de refuerzo en temas críticos. 3. Monitoreo continuo de asistencia.
STD_00097,Carrera General,Nivel General,8.1,85.0,15.24,BAJO,VERDE (ÓPTIMO),Seguimiento Regular de Aula,1. Continuar con el ritmo académico habitual. 2. Oportunidad de participación como mentor/ayudante.
STD_00098,Carrera General,Nivel General,4.3,85.0,77.52,ALTO,ROJO (CRÍTICO),Tutoría Académica Obligatoria y Derivación a Bienestar Estudiantil,1. Sesión tutorial individual semanal. 2. Plan de refuerzo en temas críticos. 3. Monitoreo continuo de asistencia.
STD_00098,Carrera General,Nivel General,9.9,85.0,19.14,BAJO,VERDE (ÓPTIMO),Seguimiento Regular de Aula,1. Continuar con el ritmo académico habitual. 2. Oportunidad de participación como mentor/ayudante.
STD_00098,Carrera General,Nivel General,4.2,85.0,86.55,ALTO,ROJO (CRÍTICO),Tutoría Académica Obligatoria y Derivación a Bienestar Estudiantil,1. Sesión tutorial individual semanal. 2. Plan de refuerzo en temas críticos. 3. Monitoreo continuo de asistencia.
STD_00098,Carrera General,Nivel General,7.8,85.0,20.77,BAJO,VERDE (ÓPTIMO),Seguimiento Regular de Aula,1. Continuar con el ritmo académico habitual. 2. Oportunidad de participación como mentor/ayudante.
STD_00098,Carrera General,Nivel General,8.6,85.0,12.11,BAJO,VERDE (ÓPTIMO),Seguimiento Regular de Aula,1. Continuar con el ritmo académico habitual. 2. Oportunidad de participación como mentor/ayudante.
STD_00098,Carrera General,Nivel General,5.9,85.0,84.62,ALTO,ROJO (CRÍTICO),Tutoría Académica Obligatoria y Derivación a Bienestar Estudiantil,1. Sesión tutorial individual semanal. 2. Plan de refuerzo en temas críticos. 3. Monitoreo continuo de asistencia.
STD_00098,Carrera General,Nivel General,5.6,85.0,84.81,ALTO,ROJO (CRÍTICO),Tutoría Académica Obligatoria y Derivación a Bienestar Estudiantil,1. Sesión tutorial individual semanal. 2. Plan de refuerzo en temas críticos. 3. Monitoreo continuo de asistencia.
STD_00098,Carrera General,Nivel General,9.5,85.0,18.27,BAJO,VERDE (ÓPTIMO),Seguimiento Regular de Aula,1. Continuar con el ritmo académico habitual. 2. Oportunidad de participación como mentor/ayudante.
STD_00099,Carrera General,Nivel General,6.3,85.0,87.49,ALTO,ROJO (CRÍTICO),Tutoría Académica Obligatoria y Derivación a Bienestar Estudiantil,1. Sesión tutorial individual semanal. 2. Plan de refuerzo en temas críticos. 3. Monitoreo continuo de asistencia.
STD_00099,Carrera General,Nivel General,8.7,85.0,16.93,BAJO,VERDE (ÓPTIMO),Seguimiento Regular de Aula,1. Continuar con el ritmo académico habitual. 2. Oportunidad de participación como mentor/ayudante.
STD_00099,Carrera General,Nivel General,6.6,85.0,87.93,ALTO,ROJO (CRÍTICO),Tutoría Académica Obligatoria y Derivación a Bienestar Estudiantil,1. Sesión tutorial individual semanal. 2. Plan de refuerzo en temas críticos. 3. Monitoreo continuo de asistencia.
STD_00099,Carrera General,Nivel General,7.6,85.0,7.3,BAJO,VERDE (ÓPTIMO),Seguimiento Regular de Aula,1. Continuar con el ritmo académico habitual. 2. Oportunidad de participación como mentor/ayudante.
STD_00099,Carrera General,Nivel General,9.0,85.0,13.98,BAJO,VERDE (ÓPTIMO),Seguimiento Regular de Aula,1. Continuar con el ritmo académico habitual. 2. Oportunidad de participación como mentor/ayudante.
STD_00099,Carrera General,Nivel General,9.5,85.0,16.14,BAJO,VERDE (ÓPTIMO),Seguimiento Regular de Aula,1. Continuar con el ritmo académico habitual. 2. Oportunidad de participación como mentor/ayudante.
STD_00099,Carrera General,Nivel General,4.9,85.0,89.49,ALTO,ROJO (CRÍTICO),Tutoría Académica Obligatoria y Derivación a Bienestar Estudiantil,1. Sesión tutorial individual semanal. 2. Plan de refuerzo en temas críticos. 3. Monitoreo continuo de asistencia.
STD_00099,Carrera General,Nivel General,6.2,85.0,87.85,ALTO,ROJO (CRÍTICO),Tutoría Académica Obligatoria y Derivación a Bienestar Estudiantil,1. Sesión tutorial individual semanal. 2. Plan de refuerzo en temas críticos. 3. Monitoreo continuo de asistencia.
STD_00100,Carrera General,Nivel General,9.0,85.0,8.71,BAJO,VERDE (ÓPTIMO),Seguimiento Regular de Aula,1. Continuar con el ritmo académico habitual. 2. Oportunidad de participación como mentor/ayudante.
STD_00100,Carrera General,Nivel General,9.6,85.0,11.47,BAJO,VERDE (ÓPTIMO),Seguimiento Regular de Aula,1. Continuar con el ritmo académico habitual. 2. Oportunidad de participación como mentor/ayudante.
STD_00100,Carrera General,Nivel General,9.9,85.0,5.93,BAJO,VERDE (ÓPTIMO),Seguimiento Regular de Aula,1. Continuar con el ritmo académico habitual. 2. Oportunidad de participación como mentor/ayudante.
STD_00100,Carrera General,Nivel General,8.7,85.0,20.23,BAJO,VERDE (ÓPTIMO),Seguimiento Regular de Aula,1. Continuar con el ritmo académico habitual. 2. Oportunidad de participación como mentor/ayudante.
STD_00100,Carrera General,Nivel General,5.3,85.0,70.37,ALTO,ROJO (CRÍTICO),Tutoría Académica Obligatoria y Derivación a Bienestar Estudiantil,1. Sesión tutorial individual semanal. 2. Plan de refuerzo en temas críticos. 3. Monitoreo continuo de asistencia.
STD_00100,Carrera General,Nivel General,11.0,85.0,6.66,BAJO,VERDE (ÓPTIMO),Seguimiento Regular de Aula,1. Continuar con el ritmo académico habitual. 2. Oportunidad de participación como mentor/ayudante.
STD_00100,Carrera General,Nivel General,7.3,85.0,15.65,BAJO,VERDE (ÓPTIMO),Seguimiento Regular de Aula,1. Continuar con el ritmo académico habitual. 2. Oportunidad de participación como mentor/ayudante.
STD_00100,Carrera General,Nivel General,7.4,85.0,7.03,BAJO,VERDE (ÓPTIMO),Seguimiento Regular de Aula,1. Continuar con el ritmo académico habitual. 2. Oportunidad de participación como mentor/ayudante.
STD_00101,Carrera General,Nivel General,8.8,85.0,14.41,BAJO,VERDE (ÓPTIMO),Seguimiento Regular de Aula,1. Continuar con el ritmo académico habitual. 2. Oportunidad de participación como mentor/ayudante.
STD_00101,Carrera General,Nivel General,9.8,85.0,10.78,BAJO,VERDE (ÓPTIMO),Seguimiento Regular de Aula,1. Continuar con el ritmo académico habitual. 2. Oportunidad de participación como mentor/ayudante.
STD_00101,Carrera General,Nivel General,9.9,85.0,6.0,BAJO,VERDE (ÓPTIMO),Seguimiento Regular de Aula,1. Continuar con el ritmo académico habitual. 2. Oportunidad de participación como mentor/ayudante.
STD_00101,Carrera General,Nivel General,4.0,85.0,71.09,ALTO,ROJO (CRÍTICO),Tutoría Académica Obligatoria y Derivación a Bienestar Estudiantil,1. Sesión tutorial individual semanal. 2. Plan de refuerzo en temas críticos. 3. Monitoreo continuo de asistencia.
STD_00101,Carrera General,Nivel General,9.6,85.0,10.25,BAJO,VERDE (ÓPTIMO),Seguimiento Regular de Aula,1. Continuar con el ritmo académico habitual. 2. Oportunidad de participación como mentor/ayudante.
STD_00101,Carrera General,Nivel General,9.5,85.0,6.41,BAJO,VERDE (ÓPTIMO),Seguimiento Regular de Aula,1. Continuar con el ritmo académico habitual. 2. Oportunidad de participación como mentor/ayudante.
STD_00101,Carrera General,Nivel General,7.9,85.0,12.34,BAJO,VERDE (ÓPTIMO),Seguimiento Regular de Aula,1. Continuar con el ritmo académico habitual. 2. Oportunidad de participación como mentor/ayudante.
STD_00101,Carrera General,Nivel General,8.3,85.0,7.21,BAJO,VERDE (ÓPTIMO),Seguimiento Regular de Aula,1. Continuar con el ritmo académico habitual. 2. Oportunidad de participación como mentor/ayudante.
STD_00102,Carrera General,Nivel General,6.9,85.0,73.62,ALTO,ROJO (CRÍTICO),Tutoría Académica Obligatoria y Derivación a Bienestar Estudiantil,1. Sesión tutorial individual semanal. 2. Plan de refuerzo en temas críticos. 3. Monitoreo continuo de asistencia.
STD_00102,Carrera General,Nivel General,9.7,85.0,28.82,BAJO,VERDE (ÓPTIMO),Seguimiento Regular de Aula,1. Continuar con el ritmo académico habitual. 2. Oportunidad de participación como mentor/ayudante.
STD_00102,Carrera General,Nivel General,6.7,85.0,67.15,ALTO,ROJO (CRÍTICO),Tutoría Académica Obligatoria y Derivación a Bienestar Estudiantil,1. Sesión tutorial individual semanal. 2. Plan de refuerzo en temas críticos. 3. Monitoreo continuo de asistencia.
STD_00102,Carrera General,Nivel General,6.8,85.0,64.14,MEDIO,AMARILLO (ADVERTENCIA),Acompañamiento Tutorial Preventivo y Talleres de Estudio,1. Entrevista de seguimiento bimensual. 2. Talleres grupales de resolución de ejercicios.
STD_00102,Carrera General,Nivel General,8.3,85.0,23.58,BAJO,VERDE (ÓPTIMO),Seguimiento Regular de Aula,1. Continuar con el ritmo académico habitual. 2. Oportunidad de participación como mentor/ayudante.
STD_00102,Carrera General,Nivel General,8.4,85.0,22.39,BAJO,VERDE (ÓPTIMO),Seguimiento Regular de Aula,1. Continuar con el ritmo académico habitual. 2. Oportunidad de participación como mentor/ayudante.
STD_00102,Carrera General,Nivel General,9.6,85.0,25.63,BAJO,VERDE (ÓPTIMO),Seguimiento Regular de Aula,1. Continuar con el ritmo académico habitual. 2. Oportunidad de participación como mentor/ayudante.
STD_00102,Carrera General,Nivel General,6.8,85.0,70.51,ALTO,ROJO (CRÍTICO),Tutoría Académica Obligatoria y Derivación a Bienestar Estudiantil,1. Sesión tutorial individual semanal. 2. Plan de refuerzo en temas críticos. 3. Monitoreo continuo de asistencia.
STD_00103,Carrera General,Nivel General,5.0,85.0,78.58,ALTO,ROJO (CRÍTICO),Tutoría Académica Obligatoria y Derivación a Bienestar Estudiantil,1. Sesión tutorial individual semanal. 2. Plan de refuerzo en temas críticos. 3. Monitoreo continuo de asistencia.
STD_00103,Carrera General,Nivel General,5.4,85.0,89.38,ALTO,ROJO (CRÍTICO),Tutoría Académica Obligatoria y Derivación a Bienestar Estudiantil,1. Sesión tutorial individual semanal. 2. Plan de refuerzo en temas críticos. 3. Monitoreo continuo de asistencia.
STD_00103,Carrera General,Nivel General,8.5,85.0,18.12,BAJO,VERDE (ÓPTIMO),Seguimiento Regular de Aula,1. Continuar con el ritmo académico habitual. 2. Oportunidad de participación como mentor/ayudante.
STD_00103,Carrera General,Nivel General,4.6,85.0,79.21,ALTO,ROJO (CRÍTICO),Tutoría Académica Obligatoria y Derivación a Bienestar Estudiantil,1. Sesión tutorial individual semanal. 2. Plan de refuerzo en temas críticos. 3. Monitoreo continuo de asistencia.
STD_00103,Carrera General,Nivel General,9.4,85.0,34.8,BAJO,VERDE (ÓPTIMO),Seguimiento Regular de Aula,1. Continuar con el ritmo académico habitual. 2. Oportunidad de participación como mentor/ayudante.
STD_00103,Carrera General,Nivel General,11.0,85.0,33.02,BAJO,VERDE (ÓPTIMO),Seguimiento Regular de Aula,1. Continuar con el ritmo académico habitual. 2. Oportunidad de participación como mentor/ayudante.
STD_00103,Carrera General,Nivel General,6.2,85.0,82.08,ALTO,ROJO (CRÍTICO),Tutoría Académica Obligatoria y Derivación a Bienestar Estudiantil,1. Sesión tutorial individual semanal. 2. Plan de refuerzo en temas críticos. 3. Monitoreo continuo de asistencia.
STD_00103,Carrera General,Nivel General,4.7,85.0,76.03,ALTO,ROJO (CRÍTICO),Tutoría Académica Obligatoria y Derivación a Bienestar Estudiantil,1. Sesión tutorial individual semanal. 2. Plan de refuerzo en temas críticos. 3. Monitoreo continuo de asistencia.
STD_00104,Carrera General,Nivel General,9.7,85.0,23.43,BAJO,VERDE (ÓPTIMO),Seguimiento Regular de Aula,1. Continuar con el ritmo académico habitual. 2. Oportunidad de participación como mentor/ayudante.
STD_00104,Carrera General,Nivel General,6.3,85.0,74.6,ALTO,ROJO (CRÍTICO),Tutoría Académica Obligatoria y Derivación a Bienestar Estudiantil,1. Sesión tutorial individual semanal. 2. Plan de refuerzo en temas críticos. 3. Monitoreo continuo de asistencia.
STD_00104,Carrera General,Nivel General,4.1,85.0,91.0,ALTO,ROJO (CRÍTICO),Tutoría Académica Obligatoria y Derivación a Bienestar Estudiantil,1. Sesión tutorial individual semanal. 2. Plan de refuerzo en temas críticos. 3. Monitoreo continuo de asistencia.
STD_00104,Carrera General,Nivel General,4.5,85.0,87.73,ALTO,ROJO (CRÍTICO),Tutoría Académica Obligatoria y Derivación a Bienestar Estudiantil,1. Sesión tutorial individual semanal. 2. Plan de refuerzo en temas críticos. 3. Monitoreo continuo de asistencia.
STD_00104,Carrera General,Nivel General,5.1,85.0,86.17,ALTO,ROJO (CRÍTICO),Tutoría Académica Obligatoria y Derivación a Bienestar Estudiantil,1. Sesión tutorial individual semanal. 2. Plan de refuerzo en temas críticos. 3. Monitoreo continuo de asistencia.
STD_00104,Carrera General,Nivel General,4.3,85.0,80.32,ALTO,ROJO (CRÍTICO),Tutoría Académica Obligatoria y Derivación a Bienestar Estudiantil,1. Sesión tutorial individual semanal. 2. Plan de refuerzo en temas críticos. 3. Monitoreo continuo de asistencia.
STD_00104,Carrera General,Nivel General,5.2,85.0,94.92,ALTO,ROJO (CRÍTICO),Tutoría Académica Obligatoria y Derivación a Bienestar Estudiantil,1. Sesión tutorial individual semanal. 2. Plan de refuerzo en temas críticos. 3. Monitoreo continuo de asistencia.
STD_00104,Carrera General,Nivel General,9.4,85.0,44.89,MEDIO,AMARILLO (ADVERTENCIA),Acompañamiento Tutorial Preventivo y Talleres de Estudio,1. Entrevista de seguimiento bimensual. 2. Talleres grupales de resolución de ejercicios.
STD_00105,Carrera General,Nivel General,7.7,85.0,18.24,BAJO,VERDE (ÓPTIMO),Seguimiento Regular de Aula,1. Continuar con el ritmo académico habitual. 2. Oportunidad de participación como mentor/ayudante.
STD_00105,Carrera General,Nivel General,6.2,85.0,76.14,ALTO,ROJO (CRÍTICO),Tutoría Académica Obligatoria y Derivación a Bienestar Estudiantil,1. Sesión tutorial individual semanal. 2. Plan de refuerzo en temas críticos. 3. Monitoreo continuo de asistencia.
STD_00105,Carrera General,Nivel General,7.5,85.0,24.67,BAJO,VERDE (ÓPTIMO),Seguimiento Regular de Aula,1. Continuar con el ritmo académico habitual. 2. Oportunidad de participación como mentor/ayudante.
STD_00105,Carrera General,Nivel General,7.9,85.0,26.55,BAJO,VERDE (ÓPTIMO),Seguimiento Regular de Aula,1. Continuar con el ritmo académico habitual. 2. Oportunidad de participación como mentor/ayudante.
STD_00105,Carrera General,Nivel General,4.2,85.0,65.36,ALTO,ROJO (CRÍTICO),Tutoría Académica Obligatoria y Derivación a Bienestar Estudiantil,1. Sesión tutorial individual semanal. 2. Plan de refuerzo en temas críticos. 3. Monitoreo continuo de asistencia.
STD_00105,Carrera General,Nivel General,6.3,85.0,64.56,MEDIO,AMARILLO (ADVERTENCIA),Acompañamiento Tutorial Preventivo y Talleres de Estudio,1. Entrevista de seguimiento bimensual. 2. Talleres grupales de resolución de ejercicios.
STD_00105,Carrera General,Nivel General,7.3,85.0,19.06,BAJO,VERDE (ÓPTIMO),Seguimiento Regular de Aula,1. Continuar con el ritmo académico habitual. 2. Oportunidad de participación como mentor/ayudante.
STD_00105,Carrera General,Nivel General,8.9,85.0,19.81,BAJO,VERDE (ÓPTIMO),Seguimiento Regular de Aula,1. Continuar con el ritmo académico habitual. 2. Oportunidad de participación como mentor/ayudante.
STD_00106,Carrera General,Nivel General,6.3,85.0,84.05,ALTO,ROJO (CRÍTICO),Tutoría Académica Obligatoria y Derivación a Bienestar Estudiantil,1. Sesión tutorial individual semanal. 2. Plan de refuerzo en temas críticos. 3. Monitoreo continuo de asistencia.
STD_00106,Carrera General,Nivel General,9.2,85.0,34.5,BAJO,VERDE (ÓPTIMO),Seguimiento Regular de Aula,1. Continuar con el ritmo académico habitual. 2. Oportunidad de participación como mentor/ayudante.
STD_00106,Carrera General,Nivel General,5.8,85.0,90.43,ALTO,ROJO (CRÍTICO),Tutoría Académica Obligatoria y Derivación a Bienestar Estudiantil,1. Sesión tutorial individual semanal. 2. Plan de refuerzo en temas críticos. 3. Monitoreo continuo de asistencia.
STD_00106,Carrera General,Nivel General,6.0,85.0,89.89,ALTO,ROJO (CRÍTICO),Tutoría Académica Obligatoria y Derivación a Bienestar Estudiantil,1. Sesión tutorial individual semanal. 2. Plan de refuerzo en temas críticos. 3. Monitoreo continuo de asistencia.
STD_00106,Carrera General,Nivel General,4.7,85.0,86.06,ALTO,ROJO (CRÍTICO),Tutoría Académica Obligatoria y Derivación a Bienestar Estudiantil,1. Sesión tutorial individual semanal. 2. Plan de refuerzo en temas críticos. 3. Monitoreo continuo de asistencia.
STD_00106,Carrera General,Nivel General,5.7,85.0,91.33,ALTO,ROJO (CRÍTICO),Tutoría Académica Obligatoria y Derivación a Bienestar Estudiantil,1. Sesión tutorial individual semanal. 2. Plan de refuerzo en temas críticos. 3. Monitoreo continuo de asistencia.
STD_00106,Carrera General,Nivel General,5.8,85.0,85.95,ALTO,ROJO (CRÍTICO),Tutoría Académica Obligatoria y Derivación a Bienestar Estudiantil,1. Sesión tutorial individual semanal. 2. Plan de refuerzo en temas críticos. 3. Monitoreo continuo de asistencia.
STD_00106,Carrera General,Nivel General,4.1,85.0,80.26,ALTO,ROJO (CRÍTICO),Tutoría Académica Obligatoria y Derivación a Bienestar Estudiantil,1. Sesión tutorial individual semanal. 2. Plan de refuerzo en temas críticos. 3. Monitoreo continuo de asistencia.
STD_00107,Carrera General,Nivel General,8.5,85.0,16.73,BAJO,VERDE (ÓPTIMO),Seguimiento Regular de Aula,1. Continuar con el ritmo académico habitual. 2. Oportunidad de participación como mentor/ayudante.
STD_00107,Carrera General,Nivel General,4.9,85.0,73.49,ALTO,ROJO (CRÍTICO),Tutoría Académica Obligatoria y Derivación a Bienestar Estudiantil,1. Sesión tutorial individual semanal. 2. Plan de refuerzo en temas críticos. 3. Monitoreo continuo de asistencia.
STD_00107,Carrera General,Nivel General,6.0,85.0,79.23,ALTO,ROJO (CRÍTICO),Tutoría Académica Obligatoria y Derivación a Bienestar Estudiantil,1. Sesión tutorial individual semanal. 2. Plan de refuerzo en temas críticos. 3. Monitoreo continuo de asistencia.
STD_00107,Carrera General,Nivel General,7.9,85.0,9.8,BAJO,VERDE (ÓPTIMO),Seguimiento Regular de Aula,1. Continuar con el ritmo académico habitual. 2. Oportunidad de participación como mentor/ayudante.
STD_00107,Carrera General,Nivel General,8.6,85.0,23.59,BAJO,VERDE (ÓPTIMO),Seguimiento Regular de Aula,1. Continuar con el ritmo académico habitual. 2. Oportunidad de participación como mentor/ayudante.
STD_00107,Carrera General,Nivel General,9.7,85.0,16.87,BAJO,VERDE (ÓPTIMO),Seguimiento Regular de Aula,1. Continuar con el ritmo académico habitual. 2. Oportunidad de participación como mentor/ayudante.
STD_00107,Carrera General,Nivel General,4.2,85.0,85.84,ALTO,ROJO (CRÍTICO),Tutoría Académica Obligatoria y Derivación a Bienestar Estudiantil,1. Sesión tutorial individual semanal. 2. Plan de refuerzo en temas críticos. 3. Monitoreo continuo de asistencia.
STD_00107,Carrera General,Nivel General,7.0,85.0,11.78,BAJO,VERDE (ÓPTIMO),Seguimiento Regular de Aula,1. Continuar con el ritmo académico habitual. 2. Oportunidad de participación como mentor/ayudante.
STD_00108,Carrera General,Nivel General,9.7,85.0,7.51,BAJO,VERDE (ÓPTIMO),Seguimiento Regular de Aula,1. Continuar con el ritmo académico habitual. 2. Oportunidad de participación como mentor/ayudante.
STD_00108,Carrera General,Nivel General,8.7,85.0,9.65,BAJO,VERDE (ÓPTIMO),Seguimiento Regular de Aula,1. Continuar con el ritmo académico habitual. 2. Oportunidad de participación como mentor/ayudante.
STD_00108,Carrera General,Nivel General,7.3,85.0,10.98,BAJO,VERDE (ÓPTIMO),Seguimiento Regular de Aula,1. Continuar con el ritmo académico habitual. 2. Oportunidad de participación como mentor/ayudante.
STD_00108,Carrera General,Nivel General,6.0,85.0,75.36,ALTO,ROJO (CRÍTICO),Tutoría Académica Obligatoria y Derivación a Bienestar Estudiantil,1. Sesión tutorial individual semanal. 2. Plan de refuerzo en temas críticos. 3. Monitoreo continuo de asistencia.
STD_00108,Carrera General,Nivel General,9.6,85.0,13.98,BAJO,VERDE (ÓPTIMO),Seguimiento Regular de Aula,1. Continuar con el ritmo académico habitual. 2. Oportunidad de participación como mentor/ayudante.
STD_00108,Carrera General,Nivel General,8.4,85.0,9.69,BAJO,VERDE (ÓPTIMO),Seguimiento Regular de Aula,1. Continuar con el ritmo académico habitual. 2. Oportunidad de participación como mentor/ayudante.
STD_00108,Carrera General,Nivel General,8.8,85.0,9.55,BAJO,VERDE (ÓPTIMO),Seguimiento Regular de Aula,1. Continuar con el ritmo académico habitual. 2. Oportunidad de participación como mentor/ayudante.
STD_00108,Carrera General,Nivel General,4.8,85.0,79.82,ALTO,ROJO (CRÍTICO),Tutoría Académica Obligatoria y Derivación a Bienestar Estudiantil,1. Sesión tutorial individual semanal. 2. Plan de refuerzo en temas críticos. 3. Monitoreo continuo de asistencia.
STD_00109,Carrera General,Nivel General,6.8,85.0,69.96,ALTO,ROJO (CRÍTICO),Tutoría Académica Obligatoria y Derivación a Bienestar Estudiantil,1. Sesión tutorial individual semanal. 2. Plan de refuerzo en temas críticos. 3. Monitoreo continuo de asistencia.
STD_00109,Carrera General,Nivel General,6.7,85.0,85.84,ALTO,ROJO (CRÍTICO),Tutoría Académica Obligatoria y Derivación a Bienestar Estudiantil,1. Sesión tutorial individual semanal. 2. Plan de refuerzo en temas críticos. 3. Monitoreo continuo de asistencia.
STD_00109,Carrera General,Nivel General,5.0,85.0,88.29,ALTO,ROJO (CRÍTICO),Tutoría Académica Obligatoria y Derivación a Bienestar Estudiantil,1. Sesión tutorial individual semanal. 2. Plan de refuerzo en temas críticos. 3. Monitoreo continuo de asistencia.
STD_00109,Carrera General,Nivel General,4.7,85.0,78.56,ALTO,ROJO (CRÍTICO),Tutoría Académica Obligatoria y Derivación a Bienestar Estudiantil,1. Sesión tutorial individual semanal. 2. Plan de refuerzo en temas críticos. 3. Monitoreo continuo de asistencia.
STD_00109,Carrera General,Nivel General,6.6,85.0,65.49,ALTO,ROJO (CRÍTICO),Tutoría Académica Obligatoria y Derivación a Bienestar Estudiantil,1. Sesión tutorial individual semanal. 2. Plan de refuerzo en temas críticos. 3. Monitoreo continuo de asistencia.
STD_00109,Carrera General,Nivel General,9.6,85.0,29.82,BAJO,VERDE (ÓPTIMO),Seguimiento Regular de Aula,1. Continuar con el ritmo académico habitual. 2. Oportunidad de participación como mentor/ayudante.
STD_00109,Carrera General,Nivel General,5.6,85.0,72.2,ALTO,ROJO (CRÍTICO),Tutoría Académica Obligatoria y Derivación a Bienestar Estudiantil,1. Sesión tutorial individual semanal. 2. Plan de refuerzo en temas críticos. 3. Monitoreo continuo de asistencia.
STD_00109,Carrera General,Nivel General,7.6,85.0,23.31,BAJO,VERDE (ÓPTIMO),Seguimiento Regular de Aula,1. Continuar con el ritmo académico habitual. 2. Oportunidad de participación como mentor/ayudante.
STD_00110,Carrera General,Nivel General,7.1,85.0,21.48,BAJO,VERDE (ÓPTIMO),Seguimiento Regular de Aula,1. Continuar con el ritmo académico habitual. 2. Oportunidad de participación como mentor/ayudante.
STD_00110,Carrera General,Nivel General,6.1,85.0,88.4,ALTO,ROJO (CRÍTICO),Tutoría Académica Obligatoria y Derivación a Bienestar Estudiantil,1. Sesión tutorial individual semanal. 2. Plan de refuerzo en temas críticos. 3. Monitoreo continuo de asistencia.
STD_00110,Carrera General,Nivel General,8.5,85.0,5.8,BAJO,VERDE (ÓPTIMO),Seguimiento Regular de Aula,1. Continuar con el ritmo académico habitual. 2. Oportunidad de participación como mentor/ayudante.
STD_00110,Carrera General,Nivel General,4.5,85.0,83.81,ALTO,ROJO (CRÍTICO),Tutoría Académica Obligatoria y Derivación a Bienestar Estudiantil,1. Sesión tutorial individual semanal. 2. Plan de refuerzo en temas críticos. 3. Monitoreo continuo de asistencia.
STD_00110,Carrera General,Nivel General,4.2,85.0,77.13,ALTO,ROJO (CRÍTICO),Tutoría Académica Obligatoria y Derivación a Bienestar Estudiantil,1. Sesión tutorial individual semanal. 2. Plan de refuerzo en temas críticos. 3. Monitoreo continuo de asistencia.
STD_00110,Carrera General,Nivel General,11.0,85.0,19.65,BAJO,VERDE (ÓPTIMO),Seguimiento Regular de Aula,1. Continuar con el ritmo académico habitual. 2. Oportunidad de participación como mentor/ayudante.
STD_00110,Carrera General,Nivel General,6.6,85.0,90.04,ALTO,ROJO (CRÍTICO),Tutoría Académica Obligatoria y Derivación a Bienestar Estudiantil,1. Sesión tutorial individual semanal. 2. Plan de refuerzo en temas críticos. 3. Monitoreo continuo de asistencia.
STD_00110,Carrera General,Nivel General,8.2,85.0,14.74,BAJO,VERDE (ÓPTIMO),Seguimiento Regular de Aula,1. Continuar con el ritmo académico habitual. 2. Oportunidad de participación como mentor/ayudante.
STD_00111,Carrera General,Nivel General,4.9,85.0,76.39,ALTO,ROJO (CRÍTICO),Tutoría Académica Obligatoria y Derivación a Bienestar Estudiantil,1. Sesión tutorial individual semanal. 2. Plan de refuerzo en temas críticos. 3. Monitoreo continuo de asistencia.
STD_00111,Carrera General,Nivel General,4.3,85.0,80.35,ALTO,ROJO (CRÍTICO),Tutoría Académica Obligatoria y Derivación a Bienestar Estudiantil,1. Sesión tutorial individual semanal. 2. Plan de refuerzo en temas críticos. 3. Monitoreo continuo de asistencia.
STD_00111,Carrera General,Nivel General,7.9,85.0,15.53,BAJO,VERDE (ÓPTIMO),Seguimiento Regular de Aula,1. Continuar con el ritmo académico habitual. 2. Oportunidad de participación como mentor/ayudante.
STD_00111,Carrera General,Nivel General,6.9,85.0,76.87,ALTO,ROJO (CRÍTICO),Tutoría Académica Obligatoria y Derivación a Bienestar Estudiantil,1. Sesión tutorial individual semanal. 2. Plan de refuerzo en temas críticos. 3. Monitoreo continuo de asistencia.
STD_00111,Carrera General,Nivel General,9.3,85.0,15.4,BAJO,VERDE (ÓPTIMO),Seguimiento Regular de Aula,1. Continuar con el ritmo académico habitual. 2. Oportunidad de participación como mentor/ayudante.
STD_00111,Carrera General,Nivel General,7.3,85.0,25.15,BAJO,VERDE (ÓPTIMO),Seguimiento Regular de Aula,1. Continuar con el ritmo académico habitual. 2. Oportunidad de participación como mentor/ayudante.
STD_00111,Carrera General,Nivel General,9.4,85.0,28.75,BAJO,VERDE (ÓPTIMO),Seguimiento Regular de Aula,1. Continuar con el ritmo académico habitual. 2. Oportunidad de participación como mentor/ayudante.
STD_00111,Carrera General,Nivel General,6.4,85.0,78.83,ALTO,ROJO (CRÍTICO),Tutoría Académica Obligatoria y Derivación a Bienestar Estudiantil,1. Sesión tutorial individual semanal. 2. Plan de refuerzo en temas críticos. 3. Monitoreo continuo de asistencia.
STD_00112,Carrera General,Nivel General,5.9,85.0,81.14,ALTO,ROJO (CRÍTICO),Tutoría Académica Obligatoria y Derivación a Bienestar Estudiantil,1. Sesión tutorial individual semanal. 2. Plan de refuerzo en temas críticos. 3. Monitoreo continuo de asistencia.
STD_00112,Carrera General,Nivel General,6.7,85.0,71.76,ALTO,ROJO (CRÍTICO),Tutoría Académica Obligatoria y Derivación a Bienestar Estudiantil,1. Sesión tutorial individual semanal. 2. Plan de refuerzo en temas críticos. 3. Monitoreo continuo de asistencia.
STD_00112,Carrera General,Nivel General,11.0,85.0,27.9,BAJO,VERDE (ÓPTIMO),Seguimiento Regular de Aula,1. Continuar con el ritmo académico habitual. 2. Oportunidad de participación como mentor/ayudante.
STD_00112,Carrera General,Nivel General,4.2,85.0,75.78,ALTO,ROJO (CRÍTICO),Tutoría Académica Obligatoria y Derivación a Bienestar Estudiantil,1. Sesión tutorial individual semanal. 2. Plan de refuerzo en temas críticos. 3. Monitoreo continuo de asistencia.
STD_00112,Carrera General,Nivel General,7.6,85.0,34.57,BAJO,VERDE (ÓPTIMO),Seguimiento Regular de Aula,1. Continuar con el ritmo académico habitual. 2. Oportunidad de participación como mentor/ayudante.
STD_00112,Carrera General,Nivel General,6.3,85.0,83.37,ALTO,ROJO (CRÍTICO),Tutoría Académica Obligatoria y Derivación a Bienestar Estudiantil,1. Sesión tutorial individual semanal. 2. Plan de refuerzo en temas críticos. 3. Monitoreo continuo de asistencia.
STD_00112,Carrera General,Nivel General,6.4,85.0,76.95,ALTO,ROJO (CRÍTICO),Tutoría Académica Obligatoria y Derivación a Bienestar Estudiantil,1. Sesión tutorial individual semanal. 2. Plan de refuerzo en temas críticos. 3. Monitoreo continuo de asistencia.
STD_00112,Carrera General,Nivel General,4.8,85.0,85.99,ALTO,ROJO (CRÍTICO),Tutoría Académica Obligatoria y Derivación a Bienestar Estudiantil,1. Sesión tutorial individual semanal. 2. Plan de refuerzo en temas críticos. 3. Monitoreo continuo de asistencia.
STD_00113,Carrera General,Nivel General,7.0,85.0,10.82,BAJO,VERDE (ÓPTIMO),Seguimiento Regular de Aula,1. Continuar con el ritmo académico habitual. 2. Oportunidad de participación como mentor/ayudante.
STD_00113,Carrera General,Nivel General,6.5,85.0,69.62,ALTO,ROJO (CRÍTICO),Tutoría Académica Obligatoria y Derivación a Bienestar Estudiantil,1. Sesión tutorial individual semanal. 2. Plan de refuerzo en temas críticos. 3. Monitoreo continuo de asistencia.
STD_00113,Carrera General,Nivel General,8.3,85.0,8.13,BAJO,VERDE (ÓPTIMO),Seguimiento Regular de Aula,1. Continuar con el ritmo académico habitual. 2. Oportunidad de participación como mentor/ayudante.
STD_00113,Carrera General,Nivel General,11.0,85.0,22.47,BAJO,VERDE (ÓPTIMO),Seguimiento Regular de Aula,1. Continuar con el ritmo académico habitual. 2. Oportunidad de participación como mentor/ayudante.
STD_00113,Carrera General,Nivel General,8.3,85.0,14.41,BAJO,VERDE (ÓPTIMO),Seguimiento Regular de Aula,1. Continuar con el ritmo académico habitual. 2. Oportunidad de participación como mentor/ayudante.
STD_00113,Carrera General,Nivel General,5.2,85.0,93.26,ALTO,ROJO (CRÍTICO),Tutoría Académica Obligatoria y Derivación a Bienestar Estudiantil,1. Sesión tutorial individual semanal. 2. Plan de refuerzo en temas críticos. 3. Monitoreo continuo de asistencia.
STD_00113,Carrera General,Nivel General,7.4,85.0,21.98,BAJO,VERDE (ÓPTIMO),Seguimiento Regular de Aula,1. Continuar con el ritmo académico habitual. 2. Oportunidad de participación como mentor/ayudante.
STD_00113,Carrera General,Nivel General,4.5,85.0,80.23,ALTO,ROJO (CRÍTICO),Tutoría Académica Obligatoria y Derivación a Bienestar Estudiantil,1. Sesión tutorial individual semanal. 2. Plan de refuerzo en temas críticos. 3. Monitoreo continuo de asistencia.
STD_00114,Carrera General,Nivel General,8.4,85.0,19.0,BAJO,VERDE (ÓPTIMO),Seguimiento Regular de Aula,1. Continuar con el ritmo académico habitual. 2. Oportunidad de participación como mentor/ayudante.
STD_00114,Carrera General,Nivel General,6.9,85.0,76.0,ALTO,ROJO (CRÍTICO),Tutoría Académica Obligatoria y Derivación a Bienestar Estudiantil,1. Sesión tutorial individual semanal. 2. Plan de refuerzo en temas críticos. 3. Monitoreo continuo de asistencia.
STD_00114,Carrera General,Nivel General,11.0,85.0,13.73,BAJO,VERDE (ÓPTIMO),Seguimiento Regular de Aula,1. Continuar con el ritmo académico habitual. 2. Oportunidad de participación como mentor/ayudante.
STD_00114,Carrera General,Nivel General,9.6,85.0,11.26,BAJO,VERDE (ÓPTIMO),Seguimiento Regular de Aula,1. Continuar con el ritmo académico habitual. 2. Oportunidad de participación como mentor/ayudante.
STD_00114,Carrera General,Nivel General,11.0,85.0,24.49,BAJO,VERDE (ÓPTIMO),Seguimiento Regular de Aula,1. Continuar con el ritmo académico habitual. 2. Oportunidad de participación como mentor/ayudante.
STD_00114,Carrera General,Nivel General,7.6,85.0,16.43,BAJO,VERDE (ÓPTIMO),Seguimiento Regular de Aula,1. Continuar con el ritmo académico habitual. 2. Oportunidad de participación como mentor/ayudante.
STD_00114,Carrera General,Nivel General,5.6,85.0,65.21,ALTO,ROJO (CRÍTICO),Tutoría Académica Obligatoria y Derivación a Bienestar Estudiantil,1. Sesión tutorial individual semanal. 2. Plan de refuerzo en temas críticos. 3. Monitoreo continuo de asistencia.
STD_00114,Carrera General,Nivel General,8.3,85.0,17.23,BAJO,VERDE (ÓPTIMO),Seguimiento Regular de Aula,1. Continuar con el ritmo académico habitual. 2. Oportunidad de participación como mentor/ayudante.
STD_00115,Carrera General,Nivel General,6.3,85.0,90.35,ALTO,ROJO (CRÍTICO),Tutoría Académica Obligatoria y Derivación a Bienestar Estudiantil,1. Sesión tutorial individual semanal. 2. Plan de refuerzo en temas críticos. 3. Monitoreo continuo de asistencia.
STD_00115,Carrera General,Nivel General,6.9,85.0,85.98,ALTO,ROJO (CRÍTICO),Tutoría Académica Obligatoria y Derivación a Bienestar Estudiantil,1. Sesión tutorial individual semanal. 2. Plan de refuerzo en temas críticos. 3. Monitoreo continuo de asistencia.
STD_00115,Carrera General,Nivel General,7.3,85.0,19.64,BAJO,VERDE (ÓPTIMO),Seguimiento Regular de Aula,1. Continuar con el ritmo académico habitual. 2. Oportunidad de participación como mentor/ayudante.
STD_00115,Carrera General,Nivel General,5.8,85.0,79.97,ALTO,ROJO (CRÍTICO),Tutoría Académica Obligatoria y Derivación a Bienestar Estudiantil,1. Sesión tutorial individual semanal. 2. Plan de refuerzo en temas críticos. 3. Monitoreo continuo de asistencia.
STD_00115,Carrera General,Nivel General,5.2,85.0,89.36,ALTO,ROJO (CRÍTICO),Tutoría Académica Obligatoria y Derivación a Bienestar Estudiantil,1. Sesión tutorial individual semanal. 2. Plan de refuerzo en temas críticos. 3. Monitoreo continuo de asistencia.
STD_00115,Carrera General,Nivel General,9.6,85.0,21.75,BAJO,VERDE (ÓPTIMO),Seguimiento Regular de Aula,1. Continuar con el ritmo académico habitual. 2. Oportunidad de participación como mentor/ayudante.
STD_00115,Carrera General,Nivel General,5.6,85.0,82.82,ALTO,ROJO (CRÍTICO),Tutoría Académica Obligatoria y Derivación a Bienestar Estudiantil,1. Sesión tutorial individual semanal. 2. Plan de refuerzo en temas críticos. 3. Monitoreo continuo de asistencia.
STD_00115,Carrera General,Nivel General,6.9,85.0,85.94,ALTO,ROJO (CRÍTICO),Tutoría Académica Obligatoria y Derivación a Bienestar Estudiantil,1. Sesión tutorial individual semanal. 2. Plan de refuerzo en temas críticos. 3. Monitoreo continuo de asistencia.
STD_00116,Carrera General,Nivel General,6.0,85.0,80.13,ALTO,ROJO (CRÍTICO),Tutoría Académica Obligatoria y Derivación a Bienestar Estudiantil,1. Sesión tutorial individual semanal. 2. Plan de refuerzo en temas críticos. 3. Monitoreo continuo de asistencia.
STD_00116,Carrera General,Nivel General,11.0,85.0,40.19,MEDIO,AMARILLO (ADVERTENCIA),Acompañamiento Tutorial Preventivo y Talleres de Estudio,1. Entrevista de seguimiento bimensual. 2. Talleres grupales de resolución de ejercicios.
STD_00116,Carrera General,Nivel General,6.6,85.0,78.44,ALTO,ROJO (CRÍTICO),Tutoría Académica Obligatoria y Derivación a Bienestar Estudiantil,1. Sesión tutorial individual semanal. 2. Plan de refuerzo en temas críticos. 3. Monitoreo continuo de asistencia.
STD_00116,Carrera General,Nivel General,5.5,85.0,81.17,ALTO,ROJO (CRÍTICO),Tutoría Académica Obligatoria y Derivación a Bienestar Estudiantil,1. Sesión tutorial individual semanal. 2. Plan de refuerzo en temas críticos. 3. Monitoreo continuo de asistencia.
STD_00116,Carrera General,Nivel General,8.1,85.0,21.26,BAJO,VERDE (ÓPTIMO),Seguimiento Regular de Aula,1. Continuar con el ritmo académico habitual. 2. Oportunidad de participación como mentor/ayudante.
STD_00116,Carrera General,Nivel General,5.9,85.0,80.83,ALTO,ROJO (CRÍTICO),Tutoría Académica Obligatoria y Derivación a Bienestar Estudiantil,1. Sesión tutorial individual semanal. 2. Plan de refuerzo en temas críticos. 3. Monitoreo continuo de asistencia.
STD_00116,Carrera General,Nivel General,4.7,85.0,60.63,ALTO,ROJO (CRÍTICO),Tutoría Académica Obligatoria y Derivación a Bienestar Estudiantil,1. Sesión tutorial individual semanal. 2. Plan de refuerzo en temas críticos. 3. Monitoreo continuo de asistencia.
STD_00116,Carrera General,Nivel General,5.4,85.0,70.13,ALTO,ROJO (CRÍTICO),Tutoría Académica Obligatoria y Derivación a Bienestar Estudiantil,1. Sesión tutorial individual semanal. 2. Plan de refuerzo en temas críticos. 3. Monitoreo continuo de asistencia.
STD_00117,Carrera General,Nivel General,6.6,85.0,87.88,ALTO,ROJO (CRÍTICO),Tutoría Académica Obligatoria y Derivación a Bienestar Estudiantil,1. Sesión tutorial individual semanal. 2. Plan de refuerzo en temas críticos. 3. Monitoreo continuo de asistencia.
STD_00117,Carrera General,Nivel General,6.9,85.0,88.27,ALTO,ROJO (CRÍTICO),Tutoría Académica Obligatoria y Derivación a Bienestar Estudiantil,1. Sesión tutorial individual semanal. 2. Plan de refuerzo en temas críticos. 3. Monitoreo continuo de asistencia.
STD_00117,Carrera General,Nivel General,9.5,85.0,11.98,BAJO,VERDE (ÓPTIMO),Seguimiento Regular de Aula,1. Continuar con el ritmo académico habitual. 2. Oportunidad de participación como mentor/ayudante.
STD_00117,Carrera General,Nivel General,8.8,85.0,6.52,BAJO,VERDE (ÓPTIMO),Seguimiento Regular de Aula,1. Continuar con el ritmo académico habitual. 2. Oportunidad de participación como mentor/ayudante.
STD_00117,Carrera General,Nivel General,5.7,85.0,81.85,ALTO,ROJO (CRÍTICO),Tutoría Académica Obligatoria y Derivación a Bienestar Estudiantil,1. Sesión tutorial individual semanal. 2. Plan de refuerzo en temas críticos. 3. Monitoreo continuo de asistencia.
STD_00117,Carrera General,Nivel General,4.8,85.0,86.18,ALTO,ROJO (CRÍTICO),Tutoría Académica Obligatoria y Derivación a Bienestar Estudiantil,1. Sesión tutorial individual semanal. 2. Plan de refuerzo en temas críticos. 3. Monitoreo continuo de asistencia.
STD_00117,Carrera General,Nivel General,8.1,85.0,21.9,BAJO,VERDE (ÓPTIMO),Seguimiento Regular de Aula,1. Continuar con el ritmo académico habitual. 2. Oportunidad de participación como mentor/ayudante.
STD_00117,Carrera General,Nivel General,8.0,85.0,13.32,BAJO,VERDE (ÓPTIMO),Seguimiento Regular de Aula,1. Continuar con el ritmo académico habitual. 2. Oportunidad de participación como mentor/ayudante.
STD_00118,Carrera General,Nivel General,8.7,85.0,16.35,BAJO,VERDE (ÓPTIMO),Seguimiento Regular de Aula,1. Continuar con el ritmo académico habitual. 2. Oportunidad de participación como mentor/ayudante.
STD_00118,Carrera General,Nivel General,8.6,85.0,9.62,BAJO,VERDE (ÓPTIMO),Seguimiento Regular de Aula,1. Continuar con el ritmo académico habitual. 2. Oportunidad de participación como mentor/ayudante.
STD_00118,Carrera General,Nivel General,9.8,85.0,10.57,BAJO,VERDE (ÓPTIMO),Seguimiento Regular de Aula,1. Continuar con el ritmo académico habitual. 2. Oportunidad de participación como mentor/ayudante.
STD_00118,Carrera General,Nivel General,5.1,85.0,77.96,ALTO,ROJO (CRÍTICO),Tutoría Académica Obligatoria y Derivación a Bienestar Estudiantil,1. Sesión tutorial individual semanal. 2. Plan de refuerzo en temas críticos. 3. Monitoreo continuo de asistencia.
STD_00118,Carrera General,Nivel General,9.0,85.0,5.61,BAJO,VERDE (ÓPTIMO),Seguimiento Regular de Aula,1. Continuar con el ritmo académico habitual. 2. Oportunidad de participación como mentor/ayudante.
STD_00118,Carrera General,Nivel General,8.6,85.0,9.6,BAJO,VERDE (ÓPTIMO),Seguimiento Regular de Aula,1. Continuar con el ritmo académico habitual. 2. Oportunidad de participación como mentor/ayudante.
STD_00118,Carrera General,Nivel General,8.8,85.0,4.94,BAJO,VERDE (ÓPTIMO),Seguimiento Regular de Aula,1. Continuar con el ritmo académico habitual. 2. Oportunidad de participación como mentor/ayudante.
STD_00118,Carrera General,Nivel General,7.6,85.0,8.03,BAJO,VERDE (ÓPTIMO),Seguimiento Regular de Aula,1. Continuar con el ritmo académico habitual. 2. Oportunidad de participación como mentor/ayudante.
STD_00119,Carrera General,Nivel General,5.5,85.0,77.56,ALTO,ROJO (CRÍTICO),Tutoría Académica Obligatoria y Derivación a Bienestar Estudiantil,1. Sesión tutorial individual semanal. 2. Plan de refuerzo en temas críticos. 3. Monitoreo continuo de asistencia.
STD_00119,Carrera General,Nivel General,9.4,85.0,38.4,MEDIO,AMARILLO (ADVERTENCIA),Acompañamiento Tutorial Preventivo y Talleres de Estudio,1. Entrevista de seguimiento bimensual. 2. Talleres grupales de resolución de ejercicios.
STD_00119,Carrera General,Nivel General,8.0,85.0,18.21,BAJO,VERDE (ÓPTIMO),Seguimiento Regular de Aula,1. Continuar con el ritmo académico habitual. 2. Oportunidad de participación como mentor/ayudante.
STD_00119,Carrera General,Nivel General,4.2,85.0,83.05,ALTO,ROJO (CRÍTICO),Tutoría Académica Obligatoria y Derivación a Bienestar Estudiantil,1. Sesión tutorial individual semanal. 2. Plan de refuerzo en temas críticos. 3. Monitoreo continuo de asistencia.
STD_00119,Carrera General,Nivel General,4.9,85.0,76.55,ALTO,ROJO (CRÍTICO),Tutoría Académica Obligatoria y Derivación a Bienestar Estudiantil,1. Sesión tutorial individual semanal. 2. Plan de refuerzo en temas críticos. 3. Monitoreo continuo de asistencia.
STD_00119,Carrera General,Nivel General,11.0,85.0,18.38,BAJO,VERDE (ÓPTIMO),Seguimiento Regular de Aula,1. Continuar con el ritmo académico habitual. 2. Oportunidad de participación como mentor/ayudante.
STD_00119,Carrera General,Nivel General,5.1,85.0,88.26,ALTO,ROJO (CRÍTICO),Tutoría Académica Obligatoria y Derivación a Bienestar Estudiantil,1. Sesión tutorial individual semanal. 2. Plan de refuerzo en temas críticos. 3. Monitoreo continuo de asistencia.
STD_00119,Carrera General,Nivel General,4.1,85.0,84.18,ALTO,ROJO (CRÍTICO),Tutoría Académica Obligatoria y Derivación a Bienestar Estudiantil,1. Sesión tutorial individual semanal. 2. Plan de refuerzo en temas críticos. 3. Monitoreo continuo de asistencia.
STD_00120,Carrera General,Nivel General,4.7,85.0,78.95,ALTO,ROJO (CRÍTICO),Tutoría Académica Obligatoria y Derivación a Bienestar Estudiantil,1. Sesión tutorial individual semanal. 2. Plan de refuerzo en temas críticos. 3. Monitoreo continuo de asistencia.
STD_00120,Carrera General,Nivel General,6.7,85.0,86.28,ALTO,ROJO (CRÍTICO),Tutoría Académica Obligatoria y Derivación a Bienestar Estudiantil,1. Sesión tutorial individual semanal. 2. Plan de refuerzo en temas críticos. 3. Monitoreo continuo de asistencia.
STD_00120,Carrera General,Nivel General,5.8,85.0,76.33,ALTO,ROJO (CRÍTICO),Tutoría Académica Obligatoria y Derivación a Bienestar Estudiantil,1. Sesión tutorial individual semanal. 2. Plan de refuerzo en temas críticos. 3. Monitoreo continuo de asistencia.
STD_00120,Carrera General,Nivel General,11.0,85.0,10.43,BAJO,VERDE (ÓPTIMO),Seguimiento Regular de Aula,1. Continuar con el ritmo académico habitual. 2. Oportunidad de participación como mentor/ayudante.
STD_00120,Carrera General,Nivel General,9.4,85.0,17.71,BAJO,VERDE (ÓPTIMO),Seguimiento Regular de Aula,1. Continuar con el ritmo académico habitual. 2. Oportunidad de participación como mentor/ayudante.
STD_00120,Carrera General,Nivel General,6.2,85.0,86.32,ALTO,ROJO (CRÍTICO),Tutoría Académica Obligatoria y Derivación a Bienestar Estudiantil,1. Sesión tutorial individual semanal. 2. Plan de refuerzo en temas críticos. 3. Monitoreo continuo de asistencia.
STD_00120,Carrera General,Nivel General,9.3,85.0,22.34,BAJO,VERDE (ÓPTIMO),Seguimiento Regular de Aula,1. Continuar con el ritmo académico habitual. 2. Oportunidad de participación como mentor/ayudante.
STD_00120,Carrera General,Nivel General,8.7,85.0,20.25,BAJO,VERDE (ÓPTIMO),Seguimiento Regular de Aula,1. Continuar con el ritmo académico habitual. 2. Oportunidad de participación como mentor/ayudante.
STD_00121,Carrera General,Nivel General,8.5,85.0,6.53,BAJO,VERDE (ÓPTIMO),Seguimiento Regular de Aula,1. Continuar con el ritmo académico habitual. 2. Oportunidad de participación como mentor/ayudante.
STD_00121,Carrera General,Nivel General,8.9,85.0,1.86,BAJO,VERDE (ÓPTIMO),Seguimiento Regular de Aula,1. Continuar con el ritmo académico habitual. 2. Oportunidad de participación como mentor/ayudante.
STD_00121,Carrera General,Nivel General,7.4,85.0,10.42,BAJO,VERDE (ÓPTIMO),Seguimiento Regular de Aula,1. Continuar con el ritmo académico habitual. 2. Oportunidad de participación como mentor/ayudante.
STD_00121,Carrera General,Nivel General,6.4,85.0,89.25,ALTO,ROJO (CRÍTICO),Tutoría Académica Obligatoria y Derivación a Bienestar Estudiantil,1. Sesión tutorial individual semanal. 2. Plan de refuerzo en temas críticos. 3. Monitoreo continuo de asistencia.
STD_00121,Carrera General,Nivel General,4.4,85.0,93.23,ALTO,ROJO (CRÍTICO),Tutoría Académica Obligatoria y Derivación a Bienestar Estudiantil,1. Sesión tutorial individual semanal. 2. Plan de refuerzo en temas críticos. 3. Monitoreo continuo de asistencia.
STD_00121,Carrera General,Nivel General,10.0,85.0,9.67,BAJO,VERDE (ÓPTIMO),Seguimiento Regular de Aula,1. Continuar con el ritmo académico habitual. 2. Oportunidad de participación como mentor/ayudante.
STD_00121,Carrera General,Nivel General,7.3,85.0,4.69,BAJO,VERDE (ÓPTIMO),Seguimiento Regular de Aula,1. Continuar con el ritmo académico habitual. 2. Oportunidad de participación como mentor/ayudante.
STD_00121,Carrera General,Nivel General,9.2,85.0,2.65,BAJO,VERDE (ÓPTIMO),Seguimiento Regular de Aula,1. Continuar con el ritmo académico habitual. 2. Oportunidad de participación como mentor/ayudante.
STD_00122,Carrera General,Nivel General,8.1,85.0,14.3,BAJO,VERDE (ÓPTIMO),Seguimiento Regular de Aula,1. Continuar con el ritmo académico habitual. 2. Oportunidad de participación como mentor/ayudante.
STD_00122,Carrera General,Nivel General,5.7,85.0,84.21,ALTO,ROJO (CRÍTICO),Tutoría Académica Obligatoria y Derivación a Bienestar Estudiantil,1. Sesión tutorial individual semanal. 2. Plan de refuerzo en temas críticos. 3. Monitoreo continuo de asistencia.
STD_00122,Carrera General,Nivel General,4.6,85.0,87.12,ALTO,ROJO (CRÍTICO),Tutoría Académica Obligatoria y Derivación a Bienestar Estudiantil,1. Sesión tutorial individual semanal. 2. Plan de refuerzo en temas críticos. 3. Monitoreo continuo de asistencia.
STD_00122,Carrera General,Nivel General,6.3,85.0,78.7,ALTO,ROJO (CRÍTICO),Tutoría Académica Obligatoria y Derivación a Bienestar Estudiantil,1. Sesión tutorial individual semanal. 2. Plan de refuerzo en temas críticos. 3. Monitoreo continuo de asistencia.
STD_00122,Carrera General,Nivel General,7.5,85.0,11.72,BAJO,VERDE (ÓPTIMO),Seguimiento Regular de Aula,1. Continuar con el ritmo académico habitual. 2. Oportunidad de participación como mentor/ayudante.
STD_00122,Carrera General,Nivel General,9.9,85.0,8.94,BAJO,VERDE (ÓPTIMO),Seguimiento Regular de Aula,1. Continuar con el ritmo académico habitual. 2. Oportunidad de participación como mentor/ayudante.
STD_00122,Carrera General,Nivel General,9.0,85.0,11.55,BAJO,VERDE (ÓPTIMO),Seguimiento Regular de Aula,1. Continuar con el ritmo académico habitual. 2. Oportunidad de participación como mentor/ayudante.
STD_00122,Carrera General,Nivel General,8.7,85.0,10.38,BAJO,VERDE (ÓPTIMO),Seguimiento Regular de Aula,1. Continuar con el ritmo académico habitual. 2. Oportunidad de participación como mentor/ayudante.
STD_00123,Carrera General,Nivel General,5.2,85.0,87.19,ALTO,ROJO (CRÍTICO),Tutoría Académica Obligatoria y Derivación a Bienestar Estudiantil,1. Sesión tutorial individual semanal. 2. Plan de refuerzo en temas críticos. 3. Monitoreo continuo de asistencia.
STD_00123,Carrera General,Nivel General,10.0,85.0,5.13,BAJO,VERDE (ÓPTIMO),Seguimiento Regular de Aula,1. Continuar con el ritmo académico habitual. 2. Oportunidad de participación como mentor/ayudante.
STD_00123,Carrera General,Nivel General,4.1,85.0,88.45,ALTO,ROJO (CRÍTICO),Tutoría Académica Obligatoria y Derivación a Bienestar Estudiantil,1. Sesión tutorial individual semanal. 2. Plan de refuerzo en temas críticos. 3. Monitoreo continuo de asistencia.
STD_00123,Carrera General,Nivel General,8.2,85.0,5.64,BAJO,VERDE (ÓPTIMO),Seguimiento Regular de Aula,1. Continuar con el ritmo académico habitual. 2. Oportunidad de participación como mentor/ayudante.
STD_00123,Carrera General,Nivel General,7.0,85.0,13.63,BAJO,VERDE (ÓPTIMO),Seguimiento Regular de Aula,1. Continuar con el ritmo académico habitual. 2. Oportunidad de participación como mentor/ayudante.
STD_00123,Carrera General,Nivel General,9.1,85.0,8.16,BAJO,VERDE (ÓPTIMO),Seguimiento Regular de Aula,1. Continuar con el ritmo académico habitual. 2. Oportunidad de participación como mentor/ayudante.
STD_00123,Carrera General,Nivel General,5.9,85.0,78.91,ALTO,ROJO (CRÍTICO),Tutoría Académica Obligatoria y Derivación a Bienestar Estudiantil,1. Sesión tutorial individual semanal. 2. Plan de refuerzo en temas críticos. 3. Monitoreo continuo de asistencia.
STD_00123,Carrera General,Nivel General,9.3,85.0,7.07,BAJO,VERDE (ÓPTIMO),Seguimiento Regular de Aula,1. Continuar con el ritmo académico habitual. 2. Oportunidad de participación como mentor/ayudante.
STD_00124,Carrera General,Nivel General,6.5,85.0,79.26,ALTO,ROJO (CRÍTICO),Tutoría Académica Obligatoria y Derivación a Bienestar Estudiantil,1. Sesión tutorial individual semanal. 2. Plan de refuerzo en temas críticos. 3. Monitoreo continuo de asistencia.
STD_00124,Carrera General,Nivel General,6.1,85.0,81.98,ALTO,ROJO (CRÍTICO),Tutoría Académica Obligatoria y Derivación a Bienestar Estudiantil,1. Sesión tutorial individual semanal. 2. Plan de refuerzo en temas críticos. 3. Monitoreo continuo de asistencia.
STD_00124,Carrera General,Nivel General,8.1,85.0,16.2,BAJO,VERDE (ÓPTIMO),Seguimiento Regular de Aula,1. Continuar con el ritmo académico habitual. 2. Oportunidad de participación como mentor/ayudante.
STD_00124,Carrera General,Nivel General,8.1,85.0,24.42,BAJO,VERDE (ÓPTIMO),Seguimiento Regular de Aula,1. Continuar con el ritmo académico habitual. 2. Oportunidad de participación como mentor/ayudante.
STD_00124,Carrera General,Nivel General,4.4,85.0,60.85,ALTO,ROJO (CRÍTICO),Tutoría Académica Obligatoria y Derivación a Bienestar Estudiantil,1. Sesión tutorial individual semanal. 2. Plan de refuerzo en temas críticos. 3. Monitoreo continuo de asistencia.
STD_00124,Carrera General,Nivel General,11.0,85.0,12.49,BAJO,VERDE (ÓPTIMO),Seguimiento Regular de Aula,1. Continuar con el ritmo académico habitual. 2. Oportunidad de participación como mentor/ayudante.
STD_00124,Carrera General,Nivel General,8.7,85.0,9.02,BAJO,VERDE (ÓPTIMO),Seguimiento Regular de Aula,1. Continuar con el ritmo académico habitual. 2. Oportunidad de participación como mentor/ayudante.
STD_00124,Carrera General,Nivel General,7.6,85.0,16.76,BAJO,VERDE (ÓPTIMO),Seguimiento Regular de Aula,1. Continuar con el ritmo académico habitual. 2. Oportunidad de participación como mentor/ayudante.
STD_00125,Carrera General,Nivel General,4.0,85.0,89.42,ALTO,ROJO (CRÍTICO),Tutoría Académica Obligatoria y Derivación a Bienestar Estudiantil,1. Sesión tutorial individual semanal. 2. Plan de refuerzo en temas críticos. 3. Monitoreo continuo de asistencia.
STD_00125,Carrera General,Nivel General,6.8,85.0,86.67,ALTO,ROJO (CRÍTICO),Tutoría Académica Obligatoria y Derivación a Bienestar Estudiantil,1. Sesión tutorial individual semanal. 2. Plan de refuerzo en temas críticos. 3. Monitoreo continuo de asistencia.
STD_00125,Carrera General,Nivel General,5.3,85.0,89.46,ALTO,ROJO (CRÍTICO),Tutoría Académica Obligatoria y Derivación a Bienestar Estudiantil,1. Sesión tutorial individual semanal. 2. Plan de refuerzo en temas críticos. 3. Monitoreo continuo de asistencia.
STD_00125,Carrera General,Nivel General,9.4,85.0,20.86,BAJO,VERDE (ÓPTIMO),Seguimiento Regular de Aula,1. Continuar con el ritmo académico habitual. 2. Oportunidad de participación como mentor/ayudante.
STD_00125,Carrera General,Nivel General,8.8,85.0,10.46,BAJO,VERDE (ÓPTIMO),Seguimiento Regular de Aula,1. Continuar con el ritmo académico habitual. 2. Oportunidad de participación como mentor/ayudante.
STD_00125,Carrera General,Nivel General,6.8,85.0,81.74,ALTO,ROJO (CRÍTICO),Tutoría Académica Obligatoria y Derivación a Bienestar Estudiantil,1. Sesión tutorial individual semanal. 2. Plan de refuerzo en temas críticos. 3. Monitoreo continuo de asistencia.
STD_00125,Carrera General,Nivel General,8.5,85.0,16.78,BAJO,VERDE (ÓPTIMO),Seguimiento Regular de Aula,1. Continuar con el ritmo académico habitual. 2. Oportunidad de participación como mentor/ayudante.
STD_00125,Carrera General,Nivel General,11.0,85.0,10.95,BAJO,VERDE (ÓPTIMO),Seguimiento Regular de Aula,1. Continuar con el ritmo académico habitual. 2. Oportunidad de participación como mentor/ayudante.
STD_00126,Carrera General,Nivel General,8.3,85.0,16.04,BAJO,VERDE (ÓPTIMO),Seguimiento Regular de Aula,1. Continuar con el ritmo académico habitual. 2. Oportunidad de participación como mentor/ayudante.
STD_00126,Carrera General,Nivel General,8.0,85.0,10.22,BAJO,VERDE (ÓPTIMO),Seguimiento Regular de Aula,1. Continuar con el ritmo académico habitual. 2. Oportunidad de participación como mentor/ayudante.
STD_00126,Carrera General,Nivel General,7.4,85.0,12.43,BAJO,VERDE (ÓPTIMO),Seguimiento Regular de Aula,1. Continuar con el ritmo académico habitual. 2. Oportunidad de participación como mentor/ayudante.
STD_00126,Carrera General,Nivel General,5.7,85.0,74.32,ALTO,ROJO (CRÍTICO),Tutoría Académica Obligatoria y Derivación a Bienestar Estudiantil,1. Sesión tutorial individual semanal. 2. Plan de refuerzo en temas críticos. 3. Monitoreo continuo de asistencia.
STD_00126,Carrera General,Nivel General,8.9,85.0,6.19,BAJO,VERDE (ÓPTIMO),Seguimiento Regular de Aula,1. Continuar con el ritmo académico habitual. 2. Oportunidad de participación como mentor/ayudante.
STD_00126,Carrera General,Nivel General,5.9,85.0,83.7,ALTO,ROJO (CRÍTICO),Tutoría Académica Obligatoria y Derivación a Bienestar Estudiantil,1. Sesión tutorial individual semanal. 2. Plan de refuerzo en temas críticos. 3. Monitoreo continuo de asistencia.
STD_00126,Carrera General,Nivel General,6.0,85.0,89.5,ALTO,ROJO (CRÍTICO),Tutoría Académica Obligatoria y Derivación a Bienestar Estudiantil,1. Sesión tutorial individual semanal. 2. Plan de refuerzo en temas críticos. 3. Monitoreo continuo de asistencia.
STD_00126,Carrera General,Nivel General,7.1,85.0,10.99,BAJO,VERDE (ÓPTIMO),Seguimiento Regular de Aula,1. Continuar con el ritmo académico habitual. 2. Oportunidad de participación como mentor/ayudante.
STD_00127,Carrera General,Nivel General,7.3,85.0,9.56,BAJO,VERDE (ÓPTIMO),Seguimiento Regular de Aula,1. Continuar con el ritmo académico habitual. 2. Oportunidad de participación como mentor/ayudante.
STD_00127,Carrera General,Nivel General,7.3,85.0,9.28,BAJO,VERDE (ÓPTIMO),Seguimiento Regular de Aula,1. Continuar con el ritmo académico habitual. 2. Oportunidad de participación como mentor/ayudante.
STD_00127,Carrera General,Nivel General,8.8,85.0,10.53,BAJO,VERDE (ÓPTIMO),Seguimiento Regular de Aula,1. Continuar con el ritmo académico habitual. 2. Oportunidad de participación como mentor/ayudante.
STD_00127,Carrera General,Nivel General,9.5,85.0,10.93,BAJO,VERDE (ÓPTIMO),Seguimiento Regular de Aula,1. Continuar con el ritmo académico habitual. 2. Oportunidad de participación como mentor/ayudante.
STD_00127,Carrera General,Nivel General,6.3,85.0,73.82,ALTO,ROJO (CRÍTICO),Tutoría Académica Obligatoria y Derivación a Bienestar Estudiantil,1. Sesión tutorial individual semanal. 2. Plan de refuerzo en temas críticos. 3. Monitoreo continuo de asistencia.
STD_00127,Carrera General,Nivel General,9.1,85.0,16.13,BAJO,VERDE (ÓPTIMO),Seguimiento Regular de Aula,1. Continuar con el ritmo académico habitual. 2. Oportunidad de participación como mentor/ayudante.
STD_00127,Carrera General,Nivel General,11.0,85.0,13.43,BAJO,VERDE (ÓPTIMO),Seguimiento Regular de Aula,1. Continuar con el ritmo académico habitual. 2. Oportunidad de participación como mentor/ayudante.
STD_00127,Carrera General,Nivel General,7.1,85.0,7.63,BAJO,VERDE (ÓPTIMO),Seguimiento Regular de Aula,1. Continuar con el ritmo académico habitual. 2. Oportunidad de participación como mentor/ayudante.
STD_00128,Carrera General,Nivel General,9.4,85.0,14.88,BAJO,VERDE (ÓPTIMO),Seguimiento Regular de Aula,1. Continuar con el ritmo académico habitual. 2. Oportunidad de participación como mentor/ayudante.
STD_00128,Carrera General,Nivel General,5.0,85.0,81.37,ALTO,ROJO (CRÍTICO),Tutoría Académica Obligatoria y Derivación a Bienestar Estudiantil,1. Sesión tutorial individual semanal. 2. Plan de refuerzo en temas críticos. 3. Monitoreo continuo de asistencia.
STD_00128,Carrera General,Nivel General,8.8,85.0,18.36,BAJO,VERDE (ÓPTIMO),Seguimiento Regular de Aula,1. Continuar con el ritmo académico habitual. 2. Oportunidad de participación como mentor/ayudante.
STD_00128,Carrera General,Nivel General,4.9,85.0,70.49,ALTO,ROJO (CRÍTICO),Tutoría Académica Obligatoria y Derivación a Bienestar Estudiantil,1. Sesión tutorial individual semanal. 2. Plan de refuerzo en temas críticos. 3. Monitoreo continuo de asistencia.
STD_00128,Carrera General,Nivel General,7.4,85.0,11.18,BAJO,VERDE (ÓPTIMO),Seguimiento Regular de Aula,1. Continuar con el ritmo académico habitual. 2. Oportunidad de participación como mentor/ayudante.
STD_00128,Carrera General,Nivel General,7.9,85.0,18.89,BAJO,VERDE (ÓPTIMO),Seguimiento Regular de Aula,1. Continuar con el ritmo académico habitual. 2. Oportunidad de participación como mentor/ayudante.
STD_00128,Carrera General,Nivel General,8.8,85.0,15.37,BAJO,VERDE (ÓPTIMO),Seguimiento Regular de Aula,1. Continuar con el ritmo académico habitual. 2. Oportunidad de participación como mentor/ayudante.
STD_00128,Carrera General,Nivel General,4.2,85.0,80.52,ALTO,ROJO (CRÍTICO),Tutoría Académica Obligatoria y Derivación a Bienestar Estudiantil,1. Sesión tutorial individual semanal. 2. Plan de refuerzo en temas críticos. 3. Monitoreo continuo de asistencia.
STD_00129,Carrera General,Nivel General,6.6,85.0,82.54,ALTO,ROJO (CRÍTICO),Tutoría Académica Obligatoria y Derivación a Bienestar Estudiantil,1. Sesión tutorial individual semanal. 2. Plan de refuerzo en temas críticos. 3. Monitoreo continuo de asistencia.
STD_00129,Carrera General,Nivel General,9.4,85.0,19.96,BAJO,VERDE (ÓPTIMO),Seguimiento Regular de Aula,1. Continuar con el ritmo académico habitual. 2. Oportunidad de participación como mentor/ayudante.
STD_00129,Carrera General,Nivel General,6.6,85.0,92.55,ALTO,ROJO (CRÍTICO),Tutoría Académica Obligatoria y Derivación a Bienestar Estudiantil,1. Sesión tutorial individual semanal. 2. Plan de refuerzo en temas críticos. 3. Monitoreo continuo de asistencia.
STD_00129,Carrera General,Nivel General,5.9,85.0,87.74,ALTO,ROJO (CRÍTICO),Tutoría Académica Obligatoria y Derivación a Bienestar Estudiantil,1. Sesión tutorial individual semanal. 2. Plan de refuerzo en temas críticos. 3. Monitoreo continuo de asistencia.
STD_00129,Carrera General,Nivel General,6.7,85.0,88.53,ALTO,ROJO (CRÍTICO),Tutoría Académica Obligatoria y Derivación a Bienestar Estudiantil,1. Sesión tutorial individual semanal. 2. Plan de refuerzo en temas críticos. 3. Monitoreo continuo de asistencia.
STD_00129,Carrera General,Nivel General,4.6,85.0,94.46,ALTO,ROJO (CRÍTICO),Tutoría Académica Obligatoria y Derivación a Bienestar Estudiantil,1. Sesión tutorial individual semanal. 2. Plan de refuerzo en temas críticos. 3. Monitoreo continuo de asistencia.
STD_00129,Carrera General,Nivel General,6.0,85.0,81.57,ALTO,ROJO (CRÍTICO),Tutoría Académica Obligatoria y Derivación a Bienestar Estudiantil,1. Sesión tutorial individual semanal. 2. Plan de refuerzo en temas críticos. 3. Monitoreo continuo de asistencia.
STD_00129,Carrera General,Nivel General,10.0,85.0,18.35,BAJO,VERDE (ÓPTIMO),Seguimiento Regular de Aula,1. Continuar con el ritmo académico habitual. 2. Oportunidad de participación como mentor/ayudante.
STD_00130,Carrera General,Nivel General,6.8,85.0,79.81,ALTO,ROJO (CRÍTICO),Tutoría Académica Obligatoria y Derivación a Bienestar Estudiantil,1. Sesión tutorial individual semanal. 2. Plan de refuerzo en temas críticos. 3. Monitoreo continuo de asistencia.
STD_00130,Carrera General,Nivel General,9.5,85.0,4.67,BAJO,VERDE (ÓPTIMO),Seguimiento Regular de Aula,1. Continuar con el ritmo académico habitual. 2. Oportunidad de participación como mentor/ayudante.
STD_00130,Carrera General,Nivel General,9.1,85.0,34.82,BAJO,VERDE (ÓPTIMO),Seguimiento Regular de Aula,1. Continuar con el ritmo académico habitual. 2. Oportunidad de participación como mentor/ayudante.
STD_00130,Carrera General,Nivel General,5.2,85.0,92.69,ALTO,ROJO (CRÍTICO),Tutoría Académica Obligatoria y Derivación a Bienestar Estudiantil,1. Sesión tutorial individual semanal. 2. Plan de refuerzo en temas críticos. 3. Monitoreo continuo de asistencia.
STD_00130,Carrera General,Nivel General,6.7,85.0,74.18,ALTO,ROJO (CRÍTICO),Tutoría Académica Obligatoria y Derivación a Bienestar Estudiantil,1. Sesión tutorial individual semanal. 2. Plan de refuerzo en temas críticos. 3. Monitoreo continuo de asistencia.
STD_00130,Carrera General,Nivel General,7.2,85.0,18.81,BAJO,VERDE (ÓPTIMO),Seguimiento Regular de Aula,1. Continuar con el ritmo académico habitual. 2. Oportunidad de participación como mentor/ayudante.
STD_00130,Carrera General,Nivel General,7.9,85.0,29.57,BAJO,VERDE (ÓPTIMO),Seguimiento Regular de Aula,1. Continuar con el ritmo académico habitual. 2. Oportunidad de participación como mentor/ayudante.
STD_00130,Carrera General,Nivel General,6.7,85.0,90.9,ALTO,ROJO (CRÍTICO),Tutoría Académica Obligatoria y Derivación a Bienestar Estudiantil,1. Sesión tutorial individual semanal. 2. Plan de refuerzo en temas críticos. 3. Monitoreo continuo de asistencia.
STD_00131,Carrera General,Nivel General,8.0,85.0,24.62,BAJO,VERDE (ÓPTIMO),Seguimiento Regular de Aula,1. Continuar con el ritmo académico habitual. 2. Oportunidad de participación como mentor/ayudante.
STD_00131,Carrera General,Nivel General,9.8,85.0,26.75,BAJO,VERDE (ÓPTIMO),Seguimiento Regular de Aula,1. Continuar con el ritmo académico habitual. 2. Oportunidad de participación como mentor/ayudante.
STD_00131,Carrera General,Nivel General,6.0,85.0,85.57,ALTO,ROJO (CRÍTICO),Tutoría Académica Obligatoria y Derivación a Bienestar Estudiantil,1. Sesión tutorial individual semanal. 2. Plan de refuerzo en temas críticos. 3. Monitoreo continuo de asistencia.
STD_00131,Carrera General,Nivel General,4.0,85.0,75.37,ALTO,ROJO (CRÍTICO),Tutoría Académica Obligatoria y Derivación a Bienestar Estudiantil,1. Sesión tutorial individual semanal. 2. Plan de refuerzo en temas críticos. 3. Monitoreo continuo de asistencia.
STD_00131,Carrera General,Nivel General,7.6,85.0,17.06,BAJO,VERDE (ÓPTIMO),Seguimiento Regular de Aula,1. Continuar con el ritmo académico habitual. 2. Oportunidad de participación como mentor/ayudante.
STD_00131,Carrera General,Nivel General,6.3,85.0,89.1,ALTO,ROJO (CRÍTICO),Tutoría Académica Obligatoria y Derivación a Bienestar Estudiantil,1. Sesión tutorial individual semanal. 2. Plan de refuerzo en temas críticos. 3. Monitoreo continuo de asistencia.
STD_00131,Carrera General,Nivel General,4.1,85.0,77.77,ALTO,ROJO (CRÍTICO),Tutoría Académica Obligatoria y Derivación a Bienestar Estudiantil,1. Sesión tutorial individual semanal. 2. Plan de refuerzo en temas críticos. 3. Monitoreo continuo de asistencia.
STD_00131,Carrera General,Nivel General,5.9,85.0,89.3,ALTO,ROJO (CRÍTICO),Tutoría Académica Obligatoria y Derivación a Bienestar Estudiantil,1. Sesión tutorial individual semanal. 2. Plan de refuerzo en temas críticos. 3. Monitoreo continuo de asistencia.
STD_00132,Carrera General,Nivel General,7.3,85.0,21.44,BAJO,VERDE (ÓPTIMO),Seguimiento Regular de Aula,1. Continuar con el ritmo académico habitual. 2. Oportunidad de participación como mentor/ayudante.
STD_00132,Carrera General,Nivel General,9.7,85.0,16.07,BAJO,VERDE (ÓPTIMO),Seguimiento Regular de Aula,1. Continuar con el ritmo académico habitual. 2. Oportunidad de participación como mentor/ayudante.
STD_00132,Carrera General,Nivel General,9.8,85.0,15.92,BAJO,VERDE (ÓPTIMO),Seguimiento Regular de Aula,1. Continuar con el ritmo académico habitual. 2. Oportunidad de participación como mentor/ayudante.
STD_00132,Carrera General,Nivel General,4.3,85.0,66.01,ALTO,ROJO (CRÍTICO),Tutoría Académica Obligatoria y Derivación a Bienestar Estudiantil,1. Sesión tutorial individual semanal. 2. Plan de refuerzo en temas críticos. 3. Monitoreo continuo de asistencia.
STD_00132,Carrera General,Nivel General,8.9,85.0,27.82,BAJO,VERDE (ÓPTIMO),Seguimiento Regular de Aula,1. Continuar con el ritmo académico habitual. 2. Oportunidad de participación como mentor/ayudante.
STD_00132,Carrera General,Nivel General,8.4,85.0,10.04,BAJO,VERDE (ÓPTIMO),Seguimiento Regular de Aula,1. Continuar con el ritmo académico habitual. 2. Oportunidad de participación como mentor/ayudante.
STD_00132,Carrera General,Nivel General,9.0,85.0,12.93,BAJO,VERDE (ÓPTIMO),Seguimiento Regular de Aula,1. Continuar con el ritmo académico habitual. 2. Oportunidad de participación como mentor/ayudante.
STD_00132,Carrera General,Nivel General,4.2,85.0,52.82,ALTO,ROJO (CRÍTICO),Tutoría Académica Obligatoria y Derivación a Bienestar Estudiantil,1. Sesión tutorial individual semanal. 2. Plan de refuerzo en temas críticos. 3. Monitoreo continuo de asistencia.
STD_00133,Carrera General,Nivel General,9.0,85.0,14.43,BAJO,VERDE (ÓPTIMO),Seguimiento Regular de Aula,1. Continuar con el ritmo académico habitual. 2. Oportunidad de participación como mentor/ayudante.
STD_00133,Carrera General,Nivel General,7.6,85.0,19.04,BAJO,VERDE (ÓPTIMO),Seguimiento Regular de Aula,1. Continuar con el ritmo académico habitual. 2. Oportunidad de participación como mentor/ayudante.
STD_00133,Carrera General,Nivel General,4.1,85.0,84.32,ALTO,ROJO (CRÍTICO),Tutoría Académica Obligatoria y Derivación a Bienestar Estudiantil,1. Sesión tutorial individual semanal. 2. Plan de refuerzo en temas críticos. 3. Monitoreo continuo de asistencia.
STD_00133,Carrera General,Nivel General,5.2,85.0,86.62,ALTO,ROJO (CRÍTICO),Tutoría Académica Obligatoria y Derivación a Bienestar Estudiantil,1. Sesión tutorial individual semanal. 2. Plan de refuerzo en temas críticos. 3. Monitoreo continuo de asistencia.
STD_00133,Carrera General,Nivel General,6.3,85.0,87.65,ALTO,ROJO (CRÍTICO),Tutoría Académica Obligatoria y Derivación a Bienestar Estudiantil,1. Sesión tutorial individual semanal. 2. Plan de refuerzo en temas críticos. 3. Monitoreo continuo de asistencia.
STD_00133,Carrera General,Nivel General,8.6,85.0,11.44,BAJO,VERDE (ÓPTIMO),Seguimiento Regular de Aula,1. Continuar con el ritmo académico habitual. 2. Oportunidad de participación como mentor/ayudante.
STD_00133,Carrera General,Nivel General,5.8,85.0,74.81,ALTO,ROJO (CRÍTICO),Tutoría Académica Obligatoria y Derivación a Bienestar Estudiantil,1. Sesión tutorial individual semanal. 2. Plan de refuerzo en temas críticos. 3. Monitoreo continuo de asistencia.
STD_00133,Carrera General,Nivel General,7.4,85.0,13.45,BAJO,VERDE (ÓPTIMO),Seguimiento Regular de Aula,1. Continuar con el ritmo académico habitual. 2. Oportunidad de participación como mentor/ayudante.
STD_00134,Carrera General,Nivel General,5.9,85.0,91.85,ALTO,ROJO (CRÍTICO),Tutoría Académica Obligatoria y Derivación a Bienestar Estudiantil,1. Sesión tutorial individual semanal. 2. Plan de refuerzo en temas críticos. 3. Monitoreo continuo de asistencia.
STD_00134,Carrera General,Nivel General,5.8,85.0,86.53,ALTO,ROJO (CRÍTICO),Tutoría Académica Obligatoria y Derivación a Bienestar Estudiantil,1. Sesión tutorial individual semanal. 2. Plan de refuerzo en temas críticos. 3. Monitoreo continuo de asistencia.
STD_00134,Carrera General,Nivel General,6.7,85.0,93.34,ALTO,ROJO (CRÍTICO),Tutoría Académica Obligatoria y Derivación a Bienestar Estudiantil,1. Sesión tutorial individual semanal. 2. Plan de refuerzo en temas críticos. 3. Monitoreo continuo de asistencia.
STD_00134,Carrera General,Nivel General,4.1,85.0,91.11,ALTO,ROJO (CRÍTICO),Tutoría Académica Obligatoria y Derivación a Bienestar Estudiantil,1. Sesión tutorial individual semanal. 2. Plan de refuerzo en temas críticos. 3. Monitoreo continuo de asistencia.
STD_00134,Carrera General,Nivel General,8.8,85.0,14.82,BAJO,VERDE (ÓPTIMO),Seguimiento Regular de Aula,1. Continuar con el ritmo académico habitual. 2. Oportunidad de participación como mentor/ayudante.
STD_00134,Carrera General,Nivel General,6.0,85.0,85.51,ALTO,ROJO (CRÍTICO),Tutoría Académica Obligatoria y Derivación a Bienestar Estudiantil,1. Sesión tutorial individual semanal. 2. Plan de refuerzo en temas críticos. 3. Monitoreo continuo de asistencia.
STD_00134,Carrera General,Nivel General,5.6,85.0,84.86,ALTO,ROJO (CRÍTICO),Tutoría Académica Obligatoria y Derivación a Bienestar Estudiantil,1. Sesión tutorial individual semanal. 2. Plan de refuerzo en temas críticos. 3. Monitoreo continuo de asistencia.
STD_00134,Carrera General,Nivel General,8.7,85.0,37.22,MEDIO,AMARILLO (ADVERTENCIA),Acompañamiento Tutorial Preventivo y Talleres de Estudio,1. Entrevista de seguimiento bimensual. 2. Talleres grupales de resolución de ejercicios.
STD_00135,Carrera General,Nivel General,7.8,85.0,42.55,MEDIO,AMARILLO (ADVERTENCIA),Acompañamiento Tutorial Preventivo y Talleres de Estudio,1. Entrevista de seguimiento bimensual. 2. Talleres grupales de resolución de ejercicios.
STD_00135,Carrera General,Nivel General,6.4,85.0,83.88,ALTO,ROJO (CRÍTICO),Tutoría Académica Obligatoria y Derivación a Bienestar Estudiantil,1. Sesión tutorial individual semanal. 2. Plan de refuerzo en temas críticos. 3. Monitoreo continuo de asistencia.
STD_00135,Carrera General,Nivel General,4.9,85.0,86.59,ALTO,ROJO (CRÍTICO),Tutoría Académica Obligatoria y Derivación a Bienestar Estudiantil,1. Sesión tutorial individual semanal. 2. Plan de refuerzo en temas críticos. 3. Monitoreo continuo de asistencia.
STD_00135,Carrera General,Nivel General,9.0,85.0,26.43,BAJO,VERDE (ÓPTIMO),Seguimiento Regular de Aula,1. Continuar con el ritmo académico habitual. 2. Oportunidad de participación como mentor/ayudante.
STD_00135,Carrera General,Nivel General,4.8,85.0,89.99,ALTO,ROJO (CRÍTICO),Tutoría Académica Obligatoria y Derivación a Bienestar Estudiantil,1. Sesión tutorial individual semanal. 2. Plan de refuerzo en temas críticos. 3. Monitoreo continuo de asistencia.
STD_00135,Carrera General,Nivel General,6.2,85.0,74.76,ALTO,ROJO (CRÍTICO),Tutoría Académica Obligatoria y Derivación a Bienestar Estudiantil,1. Sesión tutorial individual semanal. 2. Plan de refuerzo en temas críticos. 3. Monitoreo continuo de asistencia.
STD_00135,Carrera General,Nivel General,9.7,85.0,13.03,BAJO,VERDE (ÓPTIMO),Seguimiento Regular de Aula,1. Continuar con el ritmo académico habitual. 2. Oportunidad de participación como mentor/ayudante.
STD_00135,Carrera General,Nivel General,8.5,85.0,20.9,BAJO,VERDE (ÓPTIMO),Seguimiento Regular de Aula,1. Continuar con el ritmo académico habitual. 2. Oportunidad de participación como mentor/ayudante.
STD_00136,Carrera General,Nivel General,6.2,85.0,65.26,ALTO,ROJO (CRÍTICO),Tutoría Académica Obligatoria y Derivación a Bienestar Estudiantil,1. Sesión tutorial individual semanal. 2. Plan de refuerzo en temas críticos. 3. Monitoreo continuo de asistencia.
STD_00136,Carrera General,Nivel General,9.2,85.0,11.69,BAJO,VERDE (ÓPTIMO),Seguimiento Regular de Aula,1. Continuar con el ritmo académico habitual. 2. Oportunidad de participación como mentor/ayudante.
STD_00136,Carrera General,Nivel General,4.2,85.0,82.53,ALTO,ROJO (CRÍTICO),Tutoría Académica Obligatoria y Derivación a Bienestar Estudiantil,1. Sesión tutorial individual semanal. 2. Plan de refuerzo en temas críticos. 3. Monitoreo continuo de asistencia.
STD_00136,Carrera General,Nivel General,7.3,85.0,19.44,BAJO,VERDE (ÓPTIMO),Seguimiento Regular de Aula,1. Continuar con el ritmo académico habitual. 2. Oportunidad de participación como mentor/ayudante.
STD_00136,Carrera General,Nivel General,9.8,85.0,12.3,BAJO,VERDE (ÓPTIMO),Seguimiento Regular de Aula,1. Continuar con el ritmo académico habitual. 2. Oportunidad de participación como mentor/ayudante.
STD_00136,Carrera General,Nivel General,9.0,85.0,22.37,BAJO,VERDE (ÓPTIMO),Seguimiento Regular de Aula,1. Continuar con el ritmo académico habitual. 2. Oportunidad de participación como mentor/ayudante.
STD_00136,Carrera General,Nivel General,8.6,85.0,8.63,BAJO,VERDE (ÓPTIMO),Seguimiento Regular de Aula,1. Continuar con el ritmo académico habitual. 2. Oportunidad de participación como mentor/ayudante.
STD_00136,Carrera General,Nivel General,8.8,85.0,11.67,BAJO,VERDE (ÓPTIMO),Seguimiento Regular de Aula,1. Continuar con el ritmo académico habitual. 2. Oportunidad de participación como mentor/ayudante.
STD_00137,Carrera General,Nivel General,9.5,85.0,6.56,BAJO,VERDE (ÓPTIMO),Seguimiento Regular de Aula,1. Continuar con el ritmo académico habitual. 2. Oportunidad de participación como mentor/ayudante.
STD_00137,Carrera General,Nivel General,4.1,85.0,69.33,ALTO,ROJO (CRÍTICO),Tutoría Académica Obligatoria y Derivación a Bienestar Estudiantil,1. Sesión tutorial individual semanal. 2. Plan de refuerzo en temas críticos. 3. Monitoreo continuo de asistencia.
STD_00137,Carrera General,Nivel General,9.1,85.0,6.5,BAJO,VERDE (ÓPTIMO),Seguimiento Regular de Aula,1. Continuar con el ritmo académico habitual. 2. Oportunidad de participación como mentor/ayudante.
STD_00137,Carrera General,Nivel General,4.1,85.0,93.46,ALTO,ROJO (CRÍTICO),Tutoría Académica Obligatoria y Derivación a Bienestar Estudiantil,1. Sesión tutorial individual semanal. 2. Plan de refuerzo en temas críticos. 3. Monitoreo continuo de asistencia.
STD_00137,Carrera General,Nivel General,9.8,85.0,7.62,BAJO,VERDE (ÓPTIMO),Seguimiento Regular de Aula,1. Continuar con el ritmo académico habitual. 2. Oportunidad de participación como mentor/ayudante.
STD_00137,Carrera General,Nivel General,11.0,85.0,14.83,BAJO,VERDE (ÓPTIMO),Seguimiento Regular de Aula,1. Continuar con el ritmo académico habitual. 2. Oportunidad de participación como mentor/ayudante.
STD_00137,Carrera General,Nivel General,6.6,85.0,86.22,ALTO,ROJO (CRÍTICO),Tutoría Académica Obligatoria y Derivación a Bienestar Estudiantil,1. Sesión tutorial individual semanal. 2. Plan de refuerzo en temas críticos. 3. Monitoreo continuo de asistencia.
STD_00137,Carrera General,Nivel General,8.2,85.0,19.27,BAJO,VERDE (ÓPTIMO),Seguimiento Regular de Aula,1. Continuar con el ritmo académico habitual. 2. Oportunidad de participación como mentor/ayudante.
STD_00138,Carrera General,Nivel General,5.1,85.0,91.38,ALTO,ROJO (CRÍTICO),Tutoría Académica Obligatoria y Derivación a Bienestar Estudiantil,1. Sesión tutorial individual semanal. 2. Plan de refuerzo en temas críticos. 3. Monitoreo continuo de asistencia.
STD_00138,Carrera General,Nivel General,8.6,85.0,7.36,BAJO,VERDE (ÓPTIMO),Seguimiento Regular de Aula,1. Continuar con el ritmo académico habitual. 2. Oportunidad de participación como mentor/ayudante.
STD_00138,Carrera General,Nivel General,8.3,85.0,7.06,BAJO,VERDE (ÓPTIMO),Seguimiento Regular de Aula,1. Continuar con el ritmo académico habitual. 2. Oportunidad de participación como mentor/ayudante.
STD_00138,Carrera General,Nivel General,7.6,85.0,12.3,BAJO,VERDE (ÓPTIMO),Seguimiento Regular de Aula,1. Continuar con el ritmo académico habitual. 2. Oportunidad de participación como mentor/ayudante.
STD_00138,Carrera General,Nivel General,5.6,85.0,86.33,ALTO,ROJO (CRÍTICO),Tutoría Académica Obligatoria y Derivación a Bienestar Estudiantil,1. Sesión tutorial individual semanal. 2. Plan de refuerzo en temas críticos. 3. Monitoreo continuo de asistencia.
STD_00138,Carrera General,Nivel General,7.3,85.0,11.9,BAJO,VERDE (ÓPTIMO),Seguimiento Regular de Aula,1. Continuar con el ritmo académico habitual. 2. Oportunidad de participación como mentor/ayudante.
STD_00138,Carrera General,Nivel General,8.9,85.0,12.97,BAJO,VERDE (ÓPTIMO),Seguimiento Regular de Aula,1. Continuar con el ritmo académico habitual. 2. Oportunidad de participación como mentor/ayudante.
STD_00138,Carrera General,Nivel General,8.2,85.0,8.1,BAJO,VERDE (ÓPTIMO),Seguimiento Regular de Aula,1. Continuar con el ritmo académico habitual. 2. Oportunidad de participación como mentor/ayudante.
STD_00139,Carrera General,Nivel General,10.0,85.0,28.96,BAJO,VERDE (ÓPTIMO),Seguimiento Regular de Aula,1. Continuar con el ritmo académico habitual. 2. Oportunidad de participación como mentor/ayudante.
STD_00139,Carrera General,Nivel General,10.0,85.0,18.33,BAJO,VERDE (ÓPTIMO),Seguimiento Regular de Aula,1. Continuar con el ritmo académico habitual. 2. Oportunidad de participación como mentor/ayudante.
STD_00139,Carrera General,Nivel General,4.0,85.0,79.3,ALTO,ROJO (CRÍTICO),Tutoría Académica Obligatoria y Derivación a Bienestar Estudiantil,1. Sesión tutorial individual semanal. 2. Plan de refuerzo en temas críticos. 3. Monitoreo continuo de asistencia.
STD_00139,Carrera General,Nivel General,5.0,85.0,73.73,ALTO,ROJO (CRÍTICO),Tutoría Académica Obligatoria y Derivación a Bienestar Estudiantil,1. Sesión tutorial individual semanal. 2. Plan de refuerzo en temas críticos. 3. Monitoreo continuo de asistencia.
STD_00139,Carrera General,Nivel General,4.6,85.0,75.29,ALTO,ROJO (CRÍTICO),Tutoría Académica Obligatoria y Derivación a Bienestar Estudiantil,1. Sesión tutorial individual semanal. 2. Plan de refuerzo en temas críticos. 3. Monitoreo continuo de asistencia.
STD_00139,Carrera General,Nivel General,8.6,85.0,19.59,BAJO,VERDE (ÓPTIMO),Seguimiento Regular de Aula,1. Continuar con el ritmo académico habitual. 2. Oportunidad de participación como mentor/ayudante.
STD_00139,Carrera General,Nivel General,9.7,85.0,25.71,BAJO,VERDE (ÓPTIMO),Seguimiento Regular de Aula,1. Continuar con el ritmo académico habitual. 2. Oportunidad de participación como mentor/ayudante.
STD_00139,Carrera General,Nivel General,7.0,85.0,18.86,BAJO,VERDE (ÓPTIMO),Seguimiento Regular de Aula,1. Continuar con el ritmo académico habitual. 2. Oportunidad de participación como mentor/ayudante.
STD_00140,Carrera General,Nivel General,5.6,85.0,73.79,ALTO,ROJO (CRÍTICO),Tutoría Académica Obligatoria y Derivación a Bienestar Estudiantil,1. Sesión tutorial individual semanal. 2. Plan de refuerzo en temas críticos. 3. Monitoreo continuo de asistencia.
STD_00140,Carrera General,Nivel General,6.0,85.0,86.42,ALTO,ROJO (CRÍTICO),Tutoría Académica Obligatoria y Derivación a Bienestar Estudiantil,1. Sesión tutorial individual semanal. 2. Plan de refuerzo en temas críticos. 3. Monitoreo continuo de asistencia.
STD_00140,Carrera General,Nivel General,9.8,85.0,25.06,BAJO,VERDE (ÓPTIMO),Seguimiento Regular de Aula,1. Continuar con el ritmo académico habitual. 2. Oportunidad de participación como mentor/ayudante.
STD_00140,Carrera General,Nivel General,6.4,85.0,76.03,ALTO,ROJO (CRÍTICO),Tutoría Académica Obligatoria y Derivación a Bienestar Estudiantil,1. Sesión tutorial individual semanal. 2. Plan de refuerzo en temas críticos. 3. Monitoreo continuo de asistencia.
STD_00140,Carrera General,Nivel General,7.6,85.0,28.74,BAJO,VERDE (ÓPTIMO),Seguimiento Regular de Aula,1. Continuar con el ritmo académico habitual. 2. Oportunidad de participación como mentor/ayudante.
STD_00140,Carrera General,Nivel General,9.0,85.0,14.2,BAJO,VERDE (ÓPTIMO),Seguimiento Regular de Aula,1. Continuar con el ritmo académico habitual. 2. Oportunidad de participación como mentor/ayudante.
STD_00140,Carrera General,Nivel General,8.7,85.0,13.5,BAJO,VERDE (ÓPTIMO),Seguimiento Regular de Aula,1. Continuar con el ritmo académico habitual. 2. Oportunidad de participación como mentor/ayudante.
STD_00140,Carrera General,Nivel General,4.6,85.0,76.6,ALTO,ROJO (CRÍTICO),Tutoría Académica Obligatoria y Derivación a Bienestar Estudiantil,1. Sesión tutorial individual semanal. 2. Plan de refuerzo en temas críticos. 3. Monitoreo continuo de asistencia.
STD_00141,Carrera General,Nivel General,4.7,85.0,67.14,ALTO,ROJO (CRÍTICO),Tutoría Académica Obligatoria y Derivación a Bienestar Estudiantil,1. Sesión tutorial individual semanal. 2. Plan de refuerzo en temas críticos. 3. Monitoreo continuo de asistencia.
STD_00141,Carrera General,Nivel General,7.8,85.0,15.41,BAJO,VERDE (ÓPTIMO),Seguimiento Regular de Aula,1. Continuar con el ritmo académico habitual. 2. Oportunidad de participación como mentor/ayudante.
STD_00141,Carrera General,Nivel General,11.0,85.0,10.79,BAJO,VERDE (ÓPTIMO),Seguimiento Regular de Aula,1. Continuar con el ritmo académico habitual. 2. Oportunidad de participación como mentor/ayudante.
STD_00141,Carrera General,Nivel General,8.6,85.0,5.85,BAJO,VERDE (ÓPTIMO),Seguimiento Regular de Aula,1. Continuar con el ritmo académico habitual. 2. Oportunidad de participación como mentor/ayudante.
STD_00141,Carrera General,Nivel General,11.0,85.0,9.17,BAJO,VERDE (ÓPTIMO),Seguimiento Regular de Aula,1. Continuar con el ritmo académico habitual. 2. Oportunidad de participación como mentor/ayudante.
STD_00141,Carrera General,Nivel General,11.0,85.0,5.73,BAJO,VERDE (ÓPTIMO),Seguimiento Regular de Aula,1. Continuar con el ritmo académico habitual. 2. Oportunidad de participación como mentor/ayudante.
STD_00141,Carrera General,Nivel General,7.6,85.0,6.08,BAJO,VERDE (ÓPTIMO),Seguimiento Regular de Aula,1. Continuar con el ritmo académico habitual. 2. Oportunidad de participación como mentor/ayudante.
STD_00141,Carrera General,Nivel General,7.5,85.0,18.57,BAJO,VERDE (ÓPTIMO),Seguimiento Regular de Aula,1. Continuar con el ritmo académico habitual. 2. Oportunidad de participación como mentor/ayudante.
STD_00142,Carrera General,Nivel General,5.8,85.0,76.71,ALTO,ROJO (CRÍTICO),Tutoría Académica Obligatoria y Derivación a Bienestar Estudiantil,1. Sesión tutorial individual semanal. 2. Plan de refuerzo en temas críticos. 3. Monitoreo continuo de asistencia.
STD_00142,Carrera General,Nivel General,5.6,85.0,84.15,ALTO,ROJO (CRÍTICO),Tutoría Académica Obligatoria y Derivación a Bienestar Estudiantil,1. Sesión tutorial individual semanal. 2. Plan de refuerzo en temas críticos. 3. Monitoreo continuo de asistencia.
STD_00142,Carrera General,Nivel General,5.3,85.0,91.08,ALTO,ROJO (CRÍTICO),Tutoría Académica Obligatoria y Derivación a Bienestar Estudiantil,1. Sesión tutorial individual semanal. 2. Plan de refuerzo en temas críticos. 3. Monitoreo continuo de asistencia.
STD_00142,Carrera General,Nivel General,8.7,85.0,28.23,BAJO,VERDE (ÓPTIMO),Seguimiento Regular de Aula,1. Continuar con el ritmo académico habitual. 2. Oportunidad de participación como mentor/ayudante.
STD_00142,Carrera General,Nivel General,4.4,85.0,79.43,ALTO,ROJO (CRÍTICO),Tutoría Académica Obligatoria y Derivación a Bienestar Estudiantil,1. Sesión tutorial individual semanal. 2. Plan de refuerzo en temas críticos. 3. Monitoreo continuo de asistencia.
STD_00142,Carrera General,Nivel General,7.4,85.0,13.76,BAJO,VERDE (ÓPTIMO),Seguimiento Regular de Aula,1. Continuar con el ritmo académico habitual. 2. Oportunidad de participación como mentor/ayudante.
STD_00142,Carrera General,Nivel General,5.8,85.0,72.86,ALTO,ROJO (CRÍTICO),Tutoría Académica Obligatoria y Derivación a Bienestar Estudiantil,1. Sesión tutorial individual semanal. 2. Plan de refuerzo en temas críticos. 3. Monitoreo continuo de asistencia.
STD_00142,Carrera General,Nivel General,8.6,85.0,20.38,BAJO,VERDE (ÓPTIMO),Seguimiento Regular de Aula,1. Continuar con el ritmo académico habitual. 2. Oportunidad de participación como mentor/ayudante.
STD_00143,Carrera General,Nivel General,10.0,85.0,14.35,BAJO,VERDE (ÓPTIMO),Seguimiento Regular de Aula,1. Continuar con el ritmo académico habitual. 2. Oportunidad de participación como mentor/ayudante.
STD_00143,Carrera General,Nivel General,8.0,85.0,12.88,BAJO,VERDE (ÓPTIMO),Seguimiento Regular de Aula,1. Continuar con el ritmo académico habitual. 2. Oportunidad de participación como mentor/ayudante.
STD_00143,Carrera General,Nivel General,5.6,85.0,75.17,ALTO,ROJO (CRÍTICO),Tutoría Académica Obligatoria y Derivación a Bienestar Estudiantil,1. Sesión tutorial individual semanal. 2. Plan de refuerzo en temas críticos. 3. Monitoreo continuo de asistencia.
STD_00143,Carrera General,Nivel General,8.5,85.0,14.79,BAJO,VERDE (ÓPTIMO),Seguimiento Regular de Aula,1. Continuar con el ritmo académico habitual. 2. Oportunidad de participación como mentor/ayudante.
STD_00143,Carrera General,Nivel General,7.6,85.0,11.21,BAJO,VERDE (ÓPTIMO),Seguimiento Regular de Aula,1. Continuar con el ritmo académico habitual. 2. Oportunidad de participación como mentor/ayudante.
STD_00143,Carrera General,Nivel General,5.2,85.0,73.58,ALTO,ROJO (CRÍTICO),Tutoría Académica Obligatoria y Derivación a Bienestar Estudiantil,1. Sesión tutorial individual semanal. 2. Plan de refuerzo en temas críticos. 3. Monitoreo continuo de asistencia.
STD_00143,Carrera General,Nivel General,10.0,85.0,15.63,BAJO,VERDE (ÓPTIMO),Seguimiento Regular de Aula,1. Continuar con el ritmo académico habitual. 2. Oportunidad de participación como mentor/ayudante.
STD_00143,Carrera General,Nivel General,11.0,85.0,15.39,BAJO,VERDE (ÓPTIMO),Seguimiento Regular de Aula,1. Continuar con el ritmo académico habitual. 2. Oportunidad de participación como mentor/ayudante.
STD_00144,Carrera General,Nivel General,4.7,85.0,77.48,ALTO,ROJO (CRÍTICO),Tutoría Académica Obligatoria y Derivación a Bienestar Estudiantil,1. Sesión tutorial individual semanal. 2. Plan de refuerzo en temas críticos. 3. Monitoreo continuo de asistencia.
STD_00144,Carrera General,Nivel General,8.6,85.0,11.67,BAJO,VERDE (ÓPTIMO),Seguimiento Regular de Aula,1. Continuar con el ritmo académico habitual. 2. Oportunidad de participación como mentor/ayudante.
STD_00144,Carrera General,Nivel General,8.1,85.0,23.63,BAJO,VERDE (ÓPTIMO),Seguimiento Regular de Aula,1. Continuar con el ritmo académico habitual. 2. Oportunidad de participación como mentor/ayudante.
STD_00144,Carrera General,Nivel General,5.9,85.0,73.21,ALTO,ROJO (CRÍTICO),Tutoría Académica Obligatoria y Derivación a Bienestar Estudiantil,1. Sesión tutorial individual semanal. 2. Plan de refuerzo en temas críticos. 3. Monitoreo continuo de asistencia.
STD_00144,Carrera General,Nivel General,11.0,85.0,11.58,BAJO,VERDE (ÓPTIMO),Seguimiento Regular de Aula,1. Continuar con el ritmo académico habitual. 2. Oportunidad de participación como mentor/ayudante.
STD_00144,Carrera General,Nivel General,9.2,85.0,11.61,BAJO,VERDE (ÓPTIMO),Seguimiento Regular de Aula,1. Continuar con el ritmo académico habitual. 2. Oportunidad de participación como mentor/ayudante.
STD_00144,Carrera General,Nivel General,8.9,85.0,8.84,BAJO,VERDE (ÓPTIMO),Seguimiento Regular de Aula,1. Continuar con el ritmo académico habitual. 2. Oportunidad de participación como mentor/ayudante.
STD_00144,Carrera General,Nivel General,7.4,85.0,19.79,BAJO,VERDE (ÓPTIMO),Seguimiento Regular de Aula,1. Continuar con el ritmo académico habitual. 2. Oportunidad de participación como mentor/ayudante.
STD_00145,Carrera General,Nivel General,9.2,85.0,28.96,BAJO,VERDE (ÓPTIMO),Seguimiento Regular de Aula,1. Continuar con el ritmo académico habitual. 2. Oportunidad de participación como mentor/ayudante.
STD_00145,Carrera General,Nivel General,4.9,85.0,88.84,ALTO,ROJO (CRÍTICO),Tutoría Académica Obligatoria y Derivación a Bienestar Estudiantil,1. Sesión tutorial individual semanal. 2. Plan de refuerzo en temas críticos. 3. Monitoreo continuo de asistencia.
STD_00145,Carrera General,Nivel General,8.5,85.0,31.75,BAJO,VERDE (ÓPTIMO),Seguimiento Regular de Aula,1. Continuar con el ritmo académico habitual. 2. Oportunidad de participación como mentor/ayudante.
STD_00145,Carrera General,Nivel General,5.0,85.0,68.09,ALTO,ROJO (CRÍTICO),Tutoría Académica Obligatoria y Derivación a Bienestar Estudiantil,1. Sesión tutorial individual semanal. 2. Plan de refuerzo en temas críticos. 3. Monitoreo continuo de asistencia.
STD_00145,Carrera General,Nivel General,4.5,85.0,74.18,ALTO,ROJO (CRÍTICO),Tutoría Académica Obligatoria y Derivación a Bienestar Estudiantil,1. Sesión tutorial individual semanal. 2. Plan de refuerzo en temas críticos. 3. Monitoreo continuo de asistencia.
STD_00145,Carrera General,Nivel General,10.0,85.0,27.35,BAJO,VERDE (ÓPTIMO),Seguimiento Regular de Aula,1. Continuar con el ritmo académico habitual. 2. Oportunidad de participación como mentor/ayudante.
STD_00145,Carrera General,Nivel General,9.3,85.0,29.9,BAJO,VERDE (ÓPTIMO),Seguimiento Regular de Aula,1. Continuar con el ritmo académico habitual. 2. Oportunidad de participación como mentor/ayudante.
STD_00145,Carrera General,Nivel General,6.4,85.0,80.91,ALTO,ROJO (CRÍTICO),Tutoría Académica Obligatoria y Derivación a Bienestar Estudiantil,1. Sesión tutorial individual semanal. 2. Plan de refuerzo en temas críticos. 3. Monitoreo continuo de asistencia.
STD_00146,Carrera General,Nivel General,7.5,85.0,24.25,BAJO,VERDE (ÓPTIMO),Seguimiento Regular de Aula,1. Continuar con el ritmo académico habitual. 2. Oportunidad de participación como mentor/ayudante.
STD_00146,Carrera General,Nivel General,4.7,85.0,85.52,ALTO,ROJO (CRÍTICO),Tutoría Académica Obligatoria y Derivación a Bienestar Estudiantil,1. Sesión tutorial individual semanal. 2. Plan de refuerzo en temas críticos. 3. Monitoreo continuo de asistencia.
STD_00146,Carrera General,Nivel General,7.6,85.0,31.91,BAJO,VERDE (ÓPTIMO),Seguimiento Regular de Aula,1. Continuar con el ritmo académico habitual. 2. Oportunidad de participación como mentor/ayudante.
STD_00146,Carrera General,Nivel General,4.8,85.0,92.44,ALTO,ROJO (CRÍTICO),Tutoría Académica Obligatoria y Derivación a Bienestar Estudiantil,1. Sesión tutorial individual semanal. 2. Plan de refuerzo en temas críticos. 3. Monitoreo continuo de asistencia.
STD_00146,Carrera General,Nivel General,6.8,85.0,81.87,ALTO,ROJO (CRÍTICO),Tutoría Académica Obligatoria y Derivación a Bienestar Estudiantil,1. Sesión tutorial individual semanal. 2. Plan de refuerzo en temas críticos. 3. Monitoreo continuo de asistencia.
STD_00146,Carrera General,Nivel General,5.1,85.0,82.61,ALTO,ROJO (CRÍTICO),Tutoría Académica Obligatoria y Derivación a Bienestar Estudiantil,1. Sesión tutorial individual semanal. 2. Plan de refuerzo en temas críticos. 3. Monitoreo continuo de asistencia.
STD_00146,Carrera General,Nivel General,6.1,85.0,82.98,ALTO,ROJO (CRÍTICO),Tutoría Académica Obligatoria y Derivación a Bienestar Estudiantil,1. Sesión tutorial individual semanal. 2. Plan de refuerzo en temas críticos. 3. Monitoreo continuo de asistencia.
STD_00146,Carrera General,Nivel General,4.2,85.0,78.51,ALTO,ROJO (CRÍTICO),Tutoría Académica Obligatoria y Derivación a Bienestar Estudiantil,1. Sesión tutorial individual semanal. 2. Plan de refuerzo en temas críticos. 3. Monitoreo continuo de asistencia.
STD_00147,Carrera General,Nivel General,5.2,85.0,81.75,ALTO,ROJO (CRÍTICO),Tutoría Académica Obligatoria y Derivación a Bienestar Estudiantil,1. Sesión tutorial individual semanal. 2. Plan de refuerzo en temas críticos. 3. Monitoreo continuo de asistencia.
STD_00147,Carrera General,Nivel General,5.9,85.0,86.96,ALTO,ROJO (CRÍTICO),Tutoría Académica Obligatoria y Derivación a Bienestar Estudiantil,1. Sesión tutorial individual semanal. 2. Plan de refuerzo en temas críticos. 3. Monitoreo continuo de asistencia.
STD_00147,Carrera General,Nivel General,8.8,85.0,18.87,BAJO,VERDE (ÓPTIMO),Seguimiento Regular de Aula,1. Continuar con el ritmo académico habitual. 2. Oportunidad de participación como mentor/ayudante.
STD_00147,Carrera General,Nivel General,7.5,85.0,20.62,BAJO,VERDE (ÓPTIMO),Seguimiento Regular de Aula,1. Continuar con el ritmo académico habitual. 2. Oportunidad de participación como mentor/ayudante.
STD_00147,Carrera General,Nivel General,8.3,85.0,11.08,BAJO,VERDE (ÓPTIMO),Seguimiento Regular de Aula,1. Continuar con el ritmo académico habitual. 2. Oportunidad de participación como mentor/ayudante.
STD_00147,Carrera General,Nivel General,5.3,85.0,82.29,ALTO,ROJO (CRÍTICO),Tutoría Académica Obligatoria y Derivación a Bienestar Estudiantil,1. Sesión tutorial individual semanal. 2. Plan de refuerzo en temas críticos. 3. Monitoreo continuo de asistencia.
STD_00147,Carrera General,Nivel General,4.0,85.0,90.51,ALTO,ROJO (CRÍTICO),Tutoría Académica Obligatoria y Derivación a Bienestar Estudiantil,1. Sesión tutorial individual semanal. 2. Plan de refuerzo en temas críticos. 3. Monitoreo continuo de asistencia.
STD_00147,Carrera General,Nivel General,8.3,85.0,12.22,BAJO,VERDE (ÓPTIMO),Seguimiento Regular de Aula,1. Continuar con el ritmo académico habitual. 2. Oportunidad de participación como mentor/ayudante.
STD_00148,Carrera General,Nivel General,5.9,85.0,85.06,ALTO,ROJO (CRÍTICO),Tutoría Académica Obligatoria y Derivación a Bienestar Estudiantil,1. Sesión tutorial individual semanal. 2. Plan de refuerzo en temas críticos. 3. Monitoreo continuo de asistencia.
STD_00148,Carrera General,Nivel General,8.9,85.0,11.2,BAJO,VERDE (ÓPTIMO),Seguimiento Regular de Aula,1. Continuar con el ritmo académico habitual. 2. Oportunidad de participación como mentor/ayudante.
STD_00148,Carrera General,Nivel General,4.8,85.0,82.61,ALTO,ROJO (CRÍTICO),Tutoría Académica Obligatoria y Derivación a Bienestar Estudiantil,1. Sesión tutorial individual semanal. 2. Plan de refuerzo en temas críticos. 3. Monitoreo continuo de asistencia.
STD_00148,Carrera General,Nivel General,5.1,85.0,86.15,ALTO,ROJO (CRÍTICO),Tutoría Académica Obligatoria y Derivación a Bienestar Estudiantil,1. Sesión tutorial individual semanal. 2. Plan de refuerzo en temas críticos. 3. Monitoreo continuo de asistencia.
STD_00148,Carrera General,Nivel General,8.4,85.0,30.47,BAJO,VERDE (ÓPTIMO),Seguimiento Regular de Aula,1. Continuar con el ritmo académico habitual. 2. Oportunidad de participación como mentor/ayudante.
STD_00148,Carrera General,Nivel General,4.4,85.0,87.87,ALTO,ROJO (CRÍTICO),Tutoría Académica Obligatoria y Derivación a Bienestar Estudiantil,1. Sesión tutorial individual semanal. 2. Plan de refuerzo en temas críticos. 3. Monitoreo continuo de asistencia.
STD_00148,Carrera General,Nivel General,7.4,85.0,27.48,BAJO,VERDE (ÓPTIMO),Seguimiento Regular de Aula,1. Continuar con el ritmo académico habitual. 2. Oportunidad de participación como mentor/ayudante.
STD_00148,Carrera General,Nivel General,5.3,85.0,87.19,ALTO,ROJO (CRÍTICO),Tutoría Académica Obligatoria y Derivación a Bienestar Estudiantil,1. Sesión tutorial individual semanal. 2. Plan de refuerzo en temas críticos. 3. Monitoreo continuo de asistencia.
STD_00149,Carrera General,Nivel General,9.3,85.0,17.31,BAJO,VERDE (ÓPTIMO),Seguimiento Regular de Aula,1. Continuar con el ritmo académico habitual. 2. Oportunidad de participación como mentor/ayudante.
STD_00149,Carrera General,Nivel General,11.0,85.0,14.93,BAJO,VERDE (ÓPTIMO),Seguimiento Regular de Aula,1. Continuar con el ritmo académico habitual. 2. Oportunidad de participación como mentor/ayudante.
STD_00149,Carrera General,Nivel General,4.4,85.0,81.82,ALTO,ROJO (CRÍTICO),Tutoría Académica Obligatoria y Derivación a Bienestar Estudiantil,1. Sesión tutorial individual semanal. 2. Plan de refuerzo en temas críticos. 3. Monitoreo continuo de asistencia.
STD_00149,Carrera General,Nivel General,5.5,85.0,68.5,ALTO,ROJO (CRÍTICO),Tutoría Académica Obligatoria y Derivación a Bienestar Estudiantil,1. Sesión tutorial individual semanal. 2. Plan de refuerzo en temas críticos. 3. Monitoreo continuo de asistencia.
STD_00149,Carrera General,Nivel General,9.9,85.0,26.85,BAJO,VERDE (ÓPTIMO),Seguimiento Regular de Aula,1. Continuar con el ritmo académico habitual. 2. Oportunidad de participación como mentor/ayudante.
STD_00149,Carrera General,Nivel General,5.8,85.0,84.59,ALTO,ROJO (CRÍTICO),Tutoría Académica Obligatoria y Derivación a Bienestar Estudiantil,1. Sesión tutorial individual semanal. 2. Plan de refuerzo en temas críticos. 3. Monitoreo continuo de asistencia.
STD_00149,Carrera General,Nivel General,9.4,85.0,13.48,BAJO,VERDE (ÓPTIMO),Seguimiento Regular de Aula,1. Continuar con el ritmo académico habitual. 2. Oportunidad de participación como mentor/ayudante.
STD_00149,Carrera General,Nivel General,6.1,85.0,87.22,ALTO,ROJO (CRÍTICO),Tutoría Académica Obligatoria y Derivación a Bienestar Estudiantil,1. Sesión tutorial individual semanal. 2. Plan de refuerzo en temas críticos. 3. Monitoreo continuo de asistencia.
STD_00150,Carrera General,Nivel General,4.8,85.0,70.76,ALTO,ROJO (CRÍTICO),Tutoría Académica Obligatoria y Derivación a Bienestar Estudiantil,1. Sesión tutorial individual semanal. 2. Plan de refuerzo en temas críticos. 3. Monitoreo continuo de asistencia.
STD_00150,Carrera General,Nivel General,8.1,85.0,21.77,BAJO,VERDE (ÓPTIMO),Seguimiento Regular de Aula,1. Continuar con el ritmo académico habitual. 2. Oportunidad de participación como mentor/ayudante.
STD_00150,Carrera General,Nivel General,9.0,85.0,30.11,BAJO,VERDE (ÓPTIMO),Seguimiento Regular de Aula,1. Continuar con el ritmo académico habitual. 2. Oportunidad de participación como mentor/ayudante.
STD_00150,Carrera General,Nivel General,8.6,85.0,26.51,BAJO,VERDE (ÓPTIMO),Seguimiento Regular de Aula,1. Continuar con el ritmo académico habitual. 2. Oportunidad de participación como mentor/ayudante.
STD_00150,Carrera General,Nivel General,7.7,85.0,25.94,BAJO,VERDE (ÓPTIMO),Seguimiento Regular de Aula,1. Continuar con el ritmo académico habitual. 2. Oportunidad de participación como mentor/ayudante.
STD_00150,Carrera General,Nivel General,4.9,85.0,62.63,ALTO,ROJO (CRÍTICO),Tutoría Académica Obligatoria y Derivación a Bienestar Estudiantil,1. Sesión tutorial individual semanal. 2. Plan de refuerzo en temas críticos. 3. Monitoreo continuo de asistencia.
STD_00150,Carrera General,Nivel General,5.1,85.0,74.56,ALTO,ROJO (CRÍTICO),Tutoría Académica Obligatoria y Derivación a Bienestar Estudiantil,1. Sesión tutorial individual semanal. 2. Plan de refuerzo en temas críticos. 3. Monitoreo continuo de asistencia.
STD_00150,Carrera General,Nivel General,5.4,85.0,87.45,ALTO,ROJO (CRÍTICO),Tutoría Académica Obligatoria y Derivación a Bienestar Estudiantil,1. Sesión tutorial individual semanal. 2. Plan de refuerzo en temas críticos. 3. Monitoreo continuo de asistencia.
STD_00151,Carrera General,Nivel General,6.1,85.0,81.72,ALTO,ROJO (CRÍTICO),Tutoría Académica Obligatoria y Derivación a Bienestar Estudiantil,1. Sesión tutorial individual semanal. 2. Plan de refuerzo en temas críticos. 3. Monitoreo continuo de asistencia.
STD_00151,Carrera General,Nivel General,7.0,85.0,26.57,BAJO,VERDE (ÓPTIMO),Seguimiento Regular de Aula,1. Continuar con el ritmo académico habitual. 2. Oportunidad de participación como mentor/ayudante.
STD_00151,Carrera General,Nivel General,8.9,85.0,22.84,BAJO,VERDE (ÓPTIMO),Seguimiento Regular de Aula,1. Continuar con el ritmo académico habitual. 2. Oportunidad de participación como mentor/ayudante.
STD_00151,Carrera General,Nivel General,4.6,85.0,80.94,ALTO,ROJO (CRÍTICO),Tutoría Académica Obligatoria y Derivación a Bienestar Estudiantil,1. Sesión tutorial individual semanal. 2. Plan de refuerzo en temas críticos. 3. Monitoreo continuo de asistencia.
STD_00151,Carrera General,Nivel General,6.0,85.0,64.42,MEDIO,AMARILLO (ADVERTENCIA),Acompañamiento Tutorial Preventivo y Talleres de Estudio,1. Entrevista de seguimiento bimensual. 2. Talleres grupales de resolución de ejercicios.
STD_00151,Carrera General,Nivel General,7.0,85.0,17.2,BAJO,VERDE (ÓPTIMO),Seguimiento Regular de Aula,1. Continuar con el ritmo académico habitual. 2. Oportunidad de participación como mentor/ayudante.
STD_00151,Carrera General,Nivel General,7.6,85.0,25.51,BAJO,VERDE (ÓPTIMO),Seguimiento Regular de Aula,1. Continuar con el ritmo académico habitual. 2. Oportunidad de participación como mentor/ayudante.
STD_00151,Carrera General,Nivel General,8.9,85.0,14.89,BAJO,VERDE (ÓPTIMO),Seguimiento Regular de Aula,1. Continuar con el ritmo académico habitual. 2. Oportunidad de participación como mentor/ayudante.
STD_00152,Carrera General,Nivel General,8.8,85.0,14.85,BAJO,VERDE (ÓPTIMO),Seguimiento Regular de Aula,1. Continuar con el ritmo académico habitual. 2. Oportunidad de participación como mentor/ayudante.
STD_00152,Carrera General,Nivel General,9.6,85.0,31.72,BAJO,VERDE (ÓPTIMO),Seguimiento Regular de Aula,1. Continuar con el ritmo académico habitual. 2. Oportunidad de participación como mentor/ayudante.
STD_00152,Carrera General,Nivel General,6.5,85.0,86.93,ALTO,ROJO (CRÍTICO),Tutoría Académica Obligatoria y Derivación a Bienestar Estudiantil,1. Sesión tutorial individual semanal. 2. Plan de refuerzo en temas críticos. 3. Monitoreo continuo de asistencia.
STD_00152,Carrera General,Nivel General,4.3,85.0,85.57,ALTO,ROJO (CRÍTICO),Tutoría Académica Obligatoria y Derivación a Bienestar Estudiantil,1. Sesión tutorial individual semanal. 2. Plan de refuerzo en temas críticos. 3. Monitoreo continuo de asistencia.
STD_00152,Carrera General,Nivel General,4.3,85.0,88.59,ALTO,ROJO (CRÍTICO),Tutoría Académica Obligatoria y Derivación a Bienestar Estudiantil,1. Sesión tutorial individual semanal. 2. Plan de refuerzo en temas críticos. 3. Monitoreo continuo de asistencia.
STD_00152,Carrera General,Nivel General,4.7,85.0,78.41,ALTO,ROJO (CRÍTICO),Tutoría Académica Obligatoria y Derivación a Bienestar Estudiantil,1. Sesión tutorial individual semanal. 2. Plan de refuerzo en temas críticos. 3. Monitoreo continuo de asistencia.
STD_00152,Carrera General,Nivel General,4.7,85.0,75.04,ALTO,ROJO (CRÍTICO),Tutoría Académica Obligatoria y Derivación a Bienestar Estudiantil,1. Sesión tutorial individual semanal. 2. Plan de refuerzo en temas críticos. 3. Monitoreo continuo de asistencia.
STD_00152,Carrera General,Nivel General,7.3,85.0,16.26,BAJO,VERDE (ÓPTIMO),Seguimiento Regular de Aula,1. Continuar con el ritmo académico habitual. 2. Oportunidad de participación como mentor/ayudante.
STD_00153,Carrera General,Nivel General,11.0,85.0,12.84,BAJO,VERDE (ÓPTIMO),Seguimiento Regular de Aula,1. Continuar con el ritmo académico habitual. 2. Oportunidad de participación como mentor/ayudante.
STD_00153,Carrera General,Nivel General,9.3,85.0,19.38,BAJO,VERDE (ÓPTIMO),Seguimiento Regular de Aula,1. Continuar con el ritmo académico habitual. 2. Oportunidad de participación como mentor/ayudante.
STD_00153,Carrera General,Nivel General,4.7,85.0,82.56,ALTO,ROJO (CRÍTICO),Tutoría Académica Obligatoria y Derivación a Bienestar Estudiantil,1. Sesión tutorial individual semanal. 2. Plan de refuerzo en temas críticos. 3. Monitoreo continuo de asistencia.
STD_00153,Carrera General,Nivel General,4.7,85.0,77.78,ALTO,ROJO (CRÍTICO),Tutoría Académica Obligatoria y Derivación a Bienestar Estudiantil,1. Sesión tutorial individual semanal. 2. Plan de refuerzo en temas críticos. 3. Monitoreo continuo de asistencia.
STD_00153,Carrera General,Nivel General,5.7,85.0,85.0,ALTO,ROJO (CRÍTICO),Tutoría Académica Obligatoria y Derivación a Bienestar Estudiantil,1. Sesión tutorial individual semanal. 2. Plan de refuerzo en temas críticos. 3. Monitoreo continuo de asistencia.
STD_00153,Carrera General,Nivel General,9.5,85.0,11.28,BAJO,VERDE (ÓPTIMO),Seguimiento Regular de Aula,1. Continuar con el ritmo académico habitual. 2. Oportunidad de participación como mentor/ayudante.
STD_00153,Carrera General,Nivel General,4.5,85.0,93.34,ALTO,ROJO (CRÍTICO),Tutoría Académica Obligatoria y Derivación a Bienestar Estudiantil,1. Sesión tutorial individual semanal. 2. Plan de refuerzo en temas críticos. 3. Monitoreo continuo de asistencia.
STD_00153,Carrera General,Nivel General,9.6,85.0,10.37,BAJO,VERDE (ÓPTIMO),Seguimiento Regular de Aula,1. Continuar con el ritmo académico habitual. 2. Oportunidad de participación como mentor/ayudante.
STD_00154,Carrera General,Nivel General,8.7,85.0,16.92,BAJO,VERDE (ÓPTIMO),Seguimiento Regular de Aula,1. Continuar con el ritmo académico habitual. 2. Oportunidad de participación como mentor/ayudante.
STD_00154,Carrera General,Nivel General,4.9,85.0,77.14,ALTO,ROJO (CRÍTICO),Tutoría Académica Obligatoria y Derivación a Bienestar Estudiantil,1. Sesión tutorial individual semanal. 2. Plan de refuerzo en temas críticos. 3. Monitoreo continuo de asistencia.
STD_00154,Carrera General,Nivel General,6.5,85.0,81.0,ALTO,ROJO (CRÍTICO),Tutoría Académica Obligatoria y Derivación a Bienestar Estudiantil,1. Sesión tutorial individual semanal. 2. Plan de refuerzo en temas críticos. 3. Monitoreo continuo de asistencia.
STD_00154,Carrera General,Nivel General,7.0,85.0,13.41,BAJO,VERDE (ÓPTIMO),Seguimiento Regular de Aula,1. Continuar con el ritmo académico habitual. 2. Oportunidad de participación como mentor/ayudante.
STD_00154,Carrera General,Nivel General,8.0,85.0,11.32,BAJO,VERDE (ÓPTIMO),Seguimiento Regular de Aula,1. Continuar con el ritmo académico habitual. 2. Oportunidad de participación como mentor/ayudante.
STD_00154,Carrera General,Nivel General,4.8,85.0,81.6,ALTO,ROJO (CRÍTICO),Tutoría Académica Obligatoria y Derivación a Bienestar Estudiantil,1. Sesión tutorial individual semanal. 2. Plan de refuerzo en temas críticos. 3. Monitoreo continuo de asistencia.
STD_00154,Carrera General,Nivel General,8.5,85.0,16.87,BAJO,VERDE (ÓPTIMO),Seguimiento Regular de Aula,1. Continuar con el ritmo académico habitual. 2. Oportunidad de participación como mentor/ayudante.
STD_00154,Carrera General,Nivel General,10.0,85.0,10.9,BAJO,VERDE (ÓPTIMO),Seguimiento Regular de Aula,1. Continuar con el ritmo académico habitual. 2. Oportunidad de participación como mentor/ayudante.
STD_00155,Carrera General,Nivel General,6.6,85.0,81.85,ALTO,ROJO (CRÍTICO),Tutoría Académica Obligatoria y Derivación a Bienestar Estudiantil,1. Sesión tutorial individual semanal. 2. Plan de refuerzo en temas críticos. 3. Monitoreo continuo de asistencia.
STD_00155,Carrera General,Nivel General,6.1,85.0,90.41,ALTO,ROJO (CRÍTICO),Tutoría Académica Obligatoria y Derivación a Bienestar Estudiantil,1. Sesión tutorial individual semanal. 2. Plan de refuerzo en temas críticos. 3. Monitoreo continuo de asistencia.
STD_00155,Carrera General,Nivel General,7.1,85.0,24.91,BAJO,VERDE (ÓPTIMO),Seguimiento Regular de Aula,1. Continuar con el ritmo académico habitual. 2. Oportunidad de participación como mentor/ayudante.
STD_00155,Carrera General,Nivel General,9.8,85.0,28.01,BAJO,VERDE (ÓPTIMO),Seguimiento Regular de Aula,1. Continuar con el ritmo académico habitual. 2. Oportunidad de participación como mentor/ayudante.
STD_00155,Carrera General,Nivel General,6.2,85.0,82.09,ALTO,ROJO (CRÍTICO),Tutoría Académica Obligatoria y Derivación a Bienestar Estudiantil,1. Sesión tutorial individual semanal. 2. Plan de refuerzo en temas críticos. 3. Monitoreo continuo de asistencia.
STD_00155,Carrera General,Nivel General,5.2,85.0,87.71,ALTO,ROJO (CRÍTICO),Tutoría Académica Obligatoria y Derivación a Bienestar Estudiantil,1. Sesión tutorial individual semanal. 2. Plan de refuerzo en temas críticos. 3. Monitoreo continuo de asistencia.
STD_00155,Carrera General,Nivel General,5.9,85.0,77.28,ALTO,ROJO (CRÍTICO),Tutoría Académica Obligatoria y Derivación a Bienestar Estudiantil,1. Sesión tutorial individual semanal. 2. Plan de refuerzo en temas críticos. 3. Monitoreo continuo de asistencia.
STD_00155,Carrera General,Nivel General,4.1,85.0,82.96,ALTO,ROJO (CRÍTICO),Tutoría Académica Obligatoria y Derivación a Bienestar Estudiantil,1. Sesión tutorial individual semanal. 2. Plan de refuerzo en temas críticos. 3. Monitoreo continuo de asistencia.
STD_00156,Carrera General,Nivel General,6.3,85.0,73.35,ALTO,ROJO (CRÍTICO),Tutoría Académica Obligatoria y Derivación a Bienestar Estudiantil,1. Sesión tutorial individual semanal. 2. Plan de refuerzo en temas críticos. 3. Monitoreo continuo de asistencia.
STD_00156,Carrera General,Nivel General,4.4,85.0,81.77,ALTO,ROJO (CRÍTICO),Tutoría Académica Obligatoria y Derivación a Bienestar Estudiantil,1. Sesión tutorial individual semanal. 2. Plan de refuerzo en temas críticos. 3. Monitoreo continuo de asistencia.
STD_00156,Carrera General,Nivel General,7.4,85.0,15.1,BAJO,VERDE (ÓPTIMO),Seguimiento Regular de Aula,1. Continuar con el ritmo académico habitual. 2. Oportunidad de participación como mentor/ayudante.
STD_00156,Carrera General,Nivel General,6.6,85.0,80.49,ALTO,ROJO (CRÍTICO),Tutoría Académica Obligatoria y Derivación a Bienestar Estudiantil,1. Sesión tutorial individual semanal. 2. Plan de refuerzo en temas críticos. 3. Monitoreo continuo de asistencia.
STD_00156,Carrera General,Nivel General,8.2,85.0,25.97,BAJO,VERDE (ÓPTIMO),Seguimiento Regular de Aula,1. Continuar con el ritmo académico habitual. 2. Oportunidad de participación como mentor/ayudante.
STD_00156,Carrera General,Nivel General,7.1,85.0,23.37,BAJO,VERDE (ÓPTIMO),Seguimiento Regular de Aula,1. Continuar con el ritmo académico habitual. 2. Oportunidad de participación como mentor/ayudante.
STD_00156,Carrera General,Nivel General,6.0,85.0,71.48,ALTO,ROJO (CRÍTICO),Tutoría Académica Obligatoria y Derivación a Bienestar Estudiantil,1. Sesión tutorial individual semanal. 2. Plan de refuerzo en temas críticos. 3. Monitoreo continuo de asistencia.
STD_00156,Carrera General,Nivel General,8.2,85.0,25.97,BAJO,VERDE (ÓPTIMO),Seguimiento Regular de Aula,1. Continuar con el ritmo académico habitual. 2. Oportunidad de participación como mentor/ayudante.
STD_00157,Carrera General,Nivel General,6.5,85.0,75.23,ALTO,ROJO (CRÍTICO),Tutoría Académica Obligatoria y Derivación a Bienestar Estudiantil,1. Sesión tutorial individual semanal. 2. Plan de refuerzo en temas críticos. 3. Monitoreo continuo de asistencia.
STD_00157,Carrera General,Nivel General,8.1,85.0,12.55,BAJO,VERDE (ÓPTIMO),Seguimiento Regular de Aula,1. Continuar con el ritmo académico habitual. 2. Oportunidad de participación como mentor/ayudante.
STD_00157,Carrera General,Nivel General,5.0,85.0,75.05,ALTO,ROJO (CRÍTICO),Tutoría Académica Obligatoria y Derivación a Bienestar Estudiantil,1. Sesión tutorial individual semanal. 2. Plan de refuerzo en temas críticos. 3. Monitoreo continuo de asistencia.
STD_00157,Carrera General,Nivel General,7.0,85.0,11.26,BAJO,VERDE (ÓPTIMO),Seguimiento Regular de Aula,1. Continuar con el ritmo académico habitual. 2. Oportunidad de participación como mentor/ayudante.
STD_00157,Carrera General,Nivel General,6.9,85.0,87.51,ALTO,ROJO (CRÍTICO),Tutoría Académica Obligatoria y Derivación a Bienestar Estudiantil,1. Sesión tutorial individual semanal. 2. Plan de refuerzo en temas críticos. 3. Monitoreo continuo de asistencia.
STD_00157,Carrera General,Nivel General,9.0,85.0,19.74,BAJO,VERDE (ÓPTIMO),Seguimiento Regular de Aula,1. Continuar con el ritmo académico habitual. 2. Oportunidad de participación como mentor/ayudante.
STD_00157,Carrera General,Nivel General,6.0,85.0,69.91,ALTO,ROJO (CRÍTICO),Tutoría Académica Obligatoria y Derivación a Bienestar Estudiantil,1. Sesión tutorial individual semanal. 2. Plan de refuerzo en temas críticos. 3. Monitoreo continuo de asistencia.
STD_00157,Carrera General,Nivel General,7.4,85.0,30.88,BAJO,VERDE (ÓPTIMO),Seguimiento Regular de Aula,1. Continuar con el ritmo académico habitual. 2. Oportunidad de participación como mentor/ayudante.
STD_00158,Carrera General,Nivel General,5.3,85.0,85.02,ALTO,ROJO (CRÍTICO),Tutoría Académica Obligatoria y Derivación a Bienestar Estudiantil,1. Sesión tutorial individual semanal. 2. Plan de refuerzo en temas críticos. 3. Monitoreo continuo de asistencia.
STD_00158,Carrera General,Nivel General,4.1,85.0,84.96,ALTO,ROJO (CRÍTICO),Tutoría Académica Obligatoria y Derivación a Bienestar Estudiantil,1. Sesión tutorial individual semanal. 2. Plan de refuerzo en temas críticos. 3. Monitoreo continuo de asistencia.
STD_00158,Carrera General,Nivel General,8.2,85.0,10.33,BAJO,VERDE (ÓPTIMO),Seguimiento Regular de Aula,1. Continuar con el ritmo académico habitual. 2. Oportunidad de participación como mentor/ayudante.
STD_00158,Carrera General,Nivel General,7.0,85.0,32.63,BAJO,VERDE (ÓPTIMO),Seguimiento Regular de Aula,1. Continuar con el ritmo académico habitual. 2. Oportunidad de participación como mentor/ayudante.
STD_00158,Carrera General,Nivel General,9.3,85.0,27.91,BAJO,VERDE (ÓPTIMO),Seguimiento Regular de Aula,1. Continuar con el ritmo académico habitual. 2. Oportunidad de participación como mentor/ayudante.
STD_00158,Carrera General,Nivel General,4.3,85.0,66.1,ALTO,ROJO (CRÍTICO),Tutoría Académica Obligatoria y Derivación a Bienestar Estudiantil,1. Sesión tutorial individual semanal. 2. Plan de refuerzo en temas críticos. 3. Monitoreo continuo de asistencia.
STD_00158,Carrera General,Nivel General,6.8,85.0,66.24,ALTO,ROJO (CRÍTICO),Tutoría Académica Obligatoria y Derivación a Bienestar Estudiantil,1. Sesión tutorial individual semanal. 2. Plan de refuerzo en temas críticos. 3. Monitoreo continuo de asistencia.
STD_00158,Carrera General,Nivel General,9.1,85.0,22.75,BAJO,VERDE (ÓPTIMO),Seguimiento Regular de Aula,1. Continuar con el ritmo académico habitual. 2. Oportunidad de participación como mentor/ayudante.
STD_00159,Carrera General,Nivel General,7.9,85.0,13.57,BAJO,VERDE (ÓPTIMO),Seguimiento Regular de Aula,1. Continuar con el ritmo académico habitual. 2. Oportunidad de participación como mentor/ayudante.
STD_00159,Carrera General,Nivel General,6.5,85.0,90.01,ALTO,ROJO (CRÍTICO),Tutoría Académica Obligatoria y Derivación a Bienestar Estudiantil,1. Sesión tutorial individual semanal. 2. Plan de refuerzo en temas críticos. 3. Monitoreo continuo de asistencia.
STD_00159,Carrera General,Nivel General,5.1,85.0,79.19,ALTO,ROJO (CRÍTICO),Tutoría Académica Obligatoria y Derivación a Bienestar Estudiantil,1. Sesión tutorial individual semanal. 2. Plan de refuerzo en temas críticos. 3. Monitoreo continuo de asistencia.
STD_00159,Carrera General,Nivel General,5.9,85.0,76.21,ALTO,ROJO (CRÍTICO),Tutoría Académica Obligatoria y Derivación a Bienestar Estudiantil,1. Sesión tutorial individual semanal. 2. Plan de refuerzo en temas críticos. 3. Monitoreo continuo de asistencia.
STD_00159,Carrera General,Nivel General,5.4,85.0,92.86,ALTO,ROJO (CRÍTICO),Tutoría Académica Obligatoria y Derivación a Bienestar Estudiantil,1. Sesión tutorial individual semanal. 2. Plan de refuerzo en temas críticos. 3. Monitoreo continuo de asistencia.
STD_00159,Carrera General,Nivel General,6.1,85.0,91.89,ALTO,ROJO (CRÍTICO),Tutoría Académica Obligatoria y Derivación a Bienestar Estudiantil,1. Sesión tutorial individual semanal. 2. Plan de refuerzo en temas críticos. 3. Monitoreo continuo de asistencia.
STD_00159,Carrera General,Nivel General,7.3,85.0,19.7,BAJO,VERDE (ÓPTIMO),Seguimiento Regular de Aula,1. Continuar con el ritmo académico habitual. 2. Oportunidad de participación como mentor/ayudante.
STD_00159,Carrera General,Nivel General,11.0,85.0,10.14,BAJO,VERDE (ÓPTIMO),Seguimiento Regular de Aula,1. Continuar con el ritmo académico habitual. 2. Oportunidad de participación como mentor/ayudante.
STD_00160,Carrera General,Nivel General,9.5,85.0,18.38,BAJO,VERDE (ÓPTIMO),Seguimiento Regular de Aula,1. Continuar con el ritmo académico habitual. 2. Oportunidad de participación como mentor/ayudante.
STD_00160,Carrera General,Nivel General,7.3,85.0,16.66,BAJO,VERDE (ÓPTIMO),Seguimiento Regular de Aula,1. Continuar con el ritmo académico habitual. 2. Oportunidad de participación como mentor/ayudante.
STD_00160,Carrera General,Nivel General,9.8,85.0,11.04,BAJO,VERDE (ÓPTIMO),Seguimiento Regular de Aula,1. Continuar con el ritmo académico habitual. 2. Oportunidad de participación como mentor/ayudante.
STD_00160,Carrera General,Nivel General,5.9,85.0,83.37,ALTO,ROJO (CRÍTICO),Tutoría Académica Obligatoria y Derivación a Bienestar Estudiantil,1. Sesión tutorial individual semanal. 2. Plan de refuerzo en temas críticos. 3. Monitoreo continuo de asistencia.
STD_00160,Carrera General,Nivel General,7.3,85.0,22.95,BAJO,VERDE (ÓPTIMO),Seguimiento Regular de Aula,1. Continuar con el ritmo académico habitual. 2. Oportunidad de participación como mentor/ayudante.
STD_00160,Carrera General,Nivel General,8.7,85.0,6.06,BAJO,VERDE (ÓPTIMO),Seguimiento Regular de Aula,1. Continuar con el ritmo académico habitual. 2. Oportunidad de participación como mentor/ayudante.
STD_00160,Carrera General,Nivel General,4.9,85.0,60.29,ALTO,ROJO (CRÍTICO),Tutoría Académica Obligatoria y Derivación a Bienestar Estudiantil,1. Sesión tutorial individual semanal. 2. Plan de refuerzo en temas críticos. 3. Monitoreo continuo de asistencia.
STD_00160,Carrera General,Nivel General,6.3,85.0,72.23,ALTO,ROJO (CRÍTICO),Tutoría Académica Obligatoria y Derivación a Bienestar Estudiantil,1. Sesión tutorial individual semanal. 2. Plan de refuerzo en temas críticos. 3. Monitoreo continuo de asistencia.
STD_00161,Carrera General,Nivel General,9.4,85.0,29.25,BAJO,VERDE (ÓPTIMO),Seguimiento Regular de Aula,1. Continuar con el ritmo académico habitual. 2. Oportunidad de participación como mentor/ayudante.
STD_00161,Carrera General,Nivel General,4.7,85.0,78.82,ALTO,ROJO (CRÍTICO),Tutoría Académica Obligatoria y Derivación a Bienestar Estudiantil,1. Sesión tutorial individual semanal. 2. Plan de refuerzo en temas críticos. 3. Monitoreo continuo de asistencia.
STD_00161,Carrera General,Nivel General,5.9,85.0,85.96,ALTO,ROJO (CRÍTICO),Tutoría Académica Obligatoria y Derivación a Bienestar Estudiantil,1. Sesión tutorial individual semanal. 2. Plan de refuerzo en temas críticos. 3. Monitoreo continuo de asistencia.
STD_00161,Carrera General,Nivel General,9.4,85.0,16.29,BAJO,VERDE (ÓPTIMO),Seguimiento Regular de Aula,1. Continuar con el ritmo académico habitual. 2. Oportunidad de participación como mentor/ayudante.
STD_00161,Carrera General,Nivel General,9.3,85.0,11.64,BAJO,VERDE (ÓPTIMO),Seguimiento Regular de Aula,1. Continuar con el ritmo académico habitual. 2. Oportunidad de participación como mentor/ayudante.
STD_00161,Carrera General,Nivel General,9.1,85.0,15.71,BAJO,VERDE (ÓPTIMO),Seguimiento Regular de Aula,1. Continuar con el ritmo académico habitual. 2. Oportunidad de participación como mentor/ayudante.
STD_00161,Carrera General,Nivel General,4.6,85.0,82.92,ALTO,ROJO (CRÍTICO),Tutoría Académica Obligatoria y Derivación a Bienestar Estudiantil,1. Sesión tutorial individual semanal. 2. Plan de refuerzo en temas críticos. 3. Monitoreo continuo de asistencia.
STD_00161,Carrera General,Nivel General,9.0,85.0,19.53,BAJO,VERDE (ÓPTIMO),Seguimiento Regular de Aula,1. Continuar con el ritmo académico habitual. 2. Oportunidad de participación como mentor/ayudante.
STD_00162,Carrera General,Nivel General,6.7,85.0,87.06,ALTO,ROJO (CRÍTICO),Tutoría Académica Obligatoria y Derivación a Bienestar Estudiantil,1. Sesión tutorial individual semanal. 2. Plan de refuerzo en temas críticos. 3. Monitoreo continuo de asistencia.
STD_00162,Carrera General,Nivel General,7.3,85.0,17.0,BAJO,VERDE (ÓPTIMO),Seguimiento Regular de Aula,1. Continuar con el ritmo académico habitual. 2. Oportunidad de participación como mentor/ayudante.
STD_00162,Carrera General,Nivel General,10.0,85.0,28.14,BAJO,VERDE (ÓPTIMO),Seguimiento Regular de Aula,1. Continuar con el ritmo académico habitual. 2. Oportunidad de participación como mentor/ayudante.
STD_00162,Carrera General,Nivel General,5.8,85.0,92.14,ALTO,ROJO (CRÍTICO),Tutoría Académica Obligatoria y Derivación a Bienestar Estudiantil,1. Sesión tutorial individual semanal. 2. Plan de refuerzo en temas críticos. 3. Monitoreo continuo de asistencia.
STD_00162,Carrera General,Nivel General,5.1,85.0,67.11,ALTO,ROJO (CRÍTICO),Tutoría Académica Obligatoria y Derivación a Bienestar Estudiantil,1. Sesión tutorial individual semanal. 2. Plan de refuerzo en temas críticos. 3. Monitoreo continuo de asistencia.
STD_00162,Carrera General,Nivel General,5.8,85.0,85.56,ALTO,ROJO (CRÍTICO),Tutoría Académica Obligatoria y Derivación a Bienestar Estudiantil,1. Sesión tutorial individual semanal. 2. Plan de refuerzo en temas críticos. 3. Monitoreo continuo de asistencia.
STD_00162,Carrera General,Nivel General,4.3,85.0,94.19,ALTO,ROJO (CRÍTICO),Tutoría Académica Obligatoria y Derivación a Bienestar Estudiantil,1. Sesión tutorial individual semanal. 2. Plan de refuerzo en temas críticos. 3. Monitoreo continuo de asistencia.
STD_00162,Carrera General,Nivel General,9.9,85.0,9.66,BAJO,VERDE (ÓPTIMO),Seguimiento Regular de Aula,1. Continuar con el ritmo académico habitual. 2. Oportunidad de participación como mentor/ayudante.
STD_00163,Carrera General,Nivel General,8.0,85.0,12.25,BAJO,VERDE (ÓPTIMO),Seguimiento Regular de Aula,1. Continuar con el ritmo académico habitual. 2. Oportunidad de participación como mentor/ayudante.
STD_00163,Carrera General,Nivel General,4.7,85.0,77.65,ALTO,ROJO (CRÍTICO),Tutoría Académica Obligatoria y Derivación a Bienestar Estudiantil,1. Sesión tutorial individual semanal. 2. Plan de refuerzo en temas críticos. 3. Monitoreo continuo de asistencia.
STD_00163,Carrera General,Nivel General,7.9,85.0,11.3,BAJO,VERDE (ÓPTIMO),Seguimiento Regular de Aula,1. Continuar con el ritmo académico habitual. 2. Oportunidad de participación como mentor/ayudante.
STD_00163,Carrera General,Nivel General,7.7,85.0,12.07,BAJO,VERDE (ÓPTIMO),Seguimiento Regular de Aula,1. Continuar con el ritmo académico habitual. 2. Oportunidad de participación como mentor/ayudante.
STD_00163,Carrera General,Nivel General,9.1,85.0,9.67,BAJO,VERDE (ÓPTIMO),Seguimiento Regular de Aula,1. Continuar con el ritmo académico habitual. 2. Oportunidad de participación como mentor/ayudante.
STD_00163,Carrera General,Nivel General,6.9,85.0,83.64,ALTO,ROJO (CRÍTICO),Tutoría Académica Obligatoria y Derivación a Bienestar Estudiantil,1. Sesión tutorial individual semanal. 2. Plan de refuerzo en temas críticos. 3. Monitoreo continuo de asistencia.
STD_00163,Carrera General,Nivel General,5.5,85.0,81.94,ALTO,ROJO (CRÍTICO),Tutoría Académica Obligatoria y Derivación a Bienestar Estudiantil,1. Sesión tutorial individual semanal. 2. Plan de refuerzo en temas críticos. 3. Monitoreo continuo de asistencia.
STD_00163,Carrera General,Nivel General,7.5,85.0,19.38,BAJO,VERDE (ÓPTIMO),Seguimiento Regular de Aula,1. Continuar con el ritmo académico habitual. 2. Oportunidad de participación como mentor/ayudante.
STD_00164,Carrera General,Nivel General,4.9,85.0,90.31,ALTO,ROJO (CRÍTICO),Tutoría Académica Obligatoria y Derivación a Bienestar Estudiantil,1. Sesión tutorial individual semanal. 2. Plan de refuerzo en temas críticos. 3. Monitoreo continuo de asistencia.
STD_00164,Carrera General,Nivel General,7.9,85.0,23.36,BAJO,VERDE (ÓPTIMO),Seguimiento Regular de Aula,1. Continuar con el ritmo académico habitual. 2. Oportunidad de participación como mentor/ayudante.
STD_00164,Carrera General,Nivel General,4.1,85.0,82.38,ALTO,ROJO (CRÍTICO),Tutoría Académica Obligatoria y Derivación a Bienestar Estudiantil,1. Sesión tutorial individual semanal. 2. Plan de refuerzo en temas críticos. 3. Monitoreo continuo de asistencia.
STD_00164,Carrera General,Nivel General,4.9,85.0,88.4,ALTO,ROJO (CRÍTICO),Tutoría Académica Obligatoria y Derivación a Bienestar Estudiantil,1. Sesión tutorial individual semanal. 2. Plan de refuerzo en temas críticos. 3. Monitoreo continuo de asistencia.
STD_00164,Carrera General,Nivel General,8.0,85.0,25.97,BAJO,VERDE (ÓPTIMO),Seguimiento Regular de Aula,1. Continuar con el ritmo académico habitual. 2. Oportunidad de participación como mentor/ayudante.
STD_00164,Carrera General,Nivel General,6.7,85.0,89.97,ALTO,ROJO (CRÍTICO),Tutoría Académica Obligatoria y Derivación a Bienestar Estudiantil,1. Sesión tutorial individual semanal. 2. Plan de refuerzo en temas críticos. 3. Monitoreo continuo de asistencia.
STD_00164,Carrera General,Nivel General,9.7,85.0,31.48,BAJO,VERDE (ÓPTIMO),Seguimiento Regular de Aula,1. Continuar con el ritmo académico habitual. 2. Oportunidad de participación como mentor/ayudante.
STD_00164,Carrera General,Nivel General,5.6,85.0,80.66,ALTO,ROJO (CRÍTICO),Tutoría Académica Obligatoria y Derivación a Bienestar Estudiantil,1. Sesión tutorial individual semanal. 2. Plan de refuerzo en temas críticos. 3. Monitoreo continuo de asistencia.
STD_00165,Carrera General,Nivel General,6.8,85.0,86.39,ALTO,ROJO (CRÍTICO),Tutoría Académica Obligatoria y Derivación a Bienestar Estudiantil,1. Sesión tutorial individual semanal. 2. Plan de refuerzo en temas críticos. 3. Monitoreo continuo de asistencia.
STD_00165,Carrera General,Nivel General,7.4,85.0,26.76,BAJO,VERDE (ÓPTIMO),Seguimiento Regular de Aula,1. Continuar con el ritmo académico habitual. 2. Oportunidad de participación como mentor/ayudante.
STD_00165,Carrera General,Nivel General,5.6,85.0,90.55,ALTO,ROJO (CRÍTICO),Tutoría Académica Obligatoria y Derivación a Bienestar Estudiantil,1. Sesión tutorial individual semanal. 2. Plan de refuerzo en temas críticos. 3. Monitoreo continuo de asistencia.
STD_00165,Carrera General,Nivel General,4.4,85.0,89.63,ALTO,ROJO (CRÍTICO),Tutoría Académica Obligatoria y Derivación a Bienestar Estudiantil,1. Sesión tutorial individual semanal. 2. Plan de refuerzo en temas críticos. 3. Monitoreo continuo de asistencia.
STD_00165,Carrera General,Nivel General,6.0,85.0,86.46,ALTO,ROJO (CRÍTICO),Tutoría Académica Obligatoria y Derivación a Bienestar Estudiantil,1. Sesión tutorial individual semanal. 2. Plan de refuerzo en temas críticos. 3. Monitoreo continuo de asistencia.
STD_00165,Carrera General,Nivel General,5.6,85.0,78.92,ALTO,ROJO (CRÍTICO),Tutoría Académica Obligatoria y Derivación a Bienestar Estudiantil,1. Sesión tutorial individual semanal. 2. Plan de refuerzo en temas críticos. 3. Monitoreo continuo de asistencia.
STD_00165,Carrera General,Nivel General,4.5,85.0,92.84,ALTO,ROJO (CRÍTICO),Tutoría Académica Obligatoria y Derivación a Bienestar Estudiantil,1. Sesión tutorial individual semanal. 2. Plan de refuerzo en temas críticos. 3. Monitoreo continuo de asistencia.
STD_00165,Carrera General,Nivel General,4.8,85.0,85.33,ALTO,ROJO (CRÍTICO),Tutoría Académica Obligatoria y Derivación a Bienestar Estudiantil,1. Sesión tutorial individual semanal. 2. Plan de refuerzo en temas críticos. 3. Monitoreo continuo de asistencia.
STD_00166,Carrera General,Nivel General,9.2,85.0,13.41,BAJO,VERDE (ÓPTIMO),Seguimiento Regular de Aula,1. Continuar con el ritmo académico habitual. 2. Oportunidad de participación como mentor/ayudante.
STD_00166,Carrera General,Nivel General,9.6,85.0,14.36,BAJO,VERDE (ÓPTIMO),Seguimiento Regular de Aula,1. Continuar con el ritmo académico habitual. 2. Oportunidad de participación como mentor/ayudante.
STD_00166,Carrera General,Nivel General,5.9,85.0,76.18,ALTO,ROJO (CRÍTICO),Tutoría Académica Obligatoria y Derivación a Bienestar Estudiantil,1. Sesión tutorial individual semanal. 2. Plan de refuerzo en temas críticos. 3. Monitoreo continuo de asistencia.
STD_00166,Carrera General,Nivel General,4.4,85.0,72.75,ALTO,ROJO (CRÍTICO),Tutoría Académica Obligatoria y Derivación a Bienestar Estudiantil,1. Sesión tutorial individual semanal. 2. Plan de refuerzo en temas críticos. 3. Monitoreo continuo de asistencia.
STD_00166,Carrera General,Nivel General,7.6,85.0,3.36,BAJO,VERDE (ÓPTIMO),Seguimiento Regular de Aula,1. Continuar con el ritmo académico habitual. 2. Oportunidad de participación como mentor/ayudante.
STD_00166,Carrera General,Nivel General,7.4,85.0,13.74,BAJO,VERDE (ÓPTIMO),Seguimiento Regular de Aula,1. Continuar con el ritmo académico habitual. 2. Oportunidad de participación como mentor/ayudante.
STD_00166,Carrera General,Nivel General,6.9,85.0,82.13,ALTO,ROJO (CRÍTICO),Tutoría Académica Obligatoria y Derivación a Bienestar Estudiantil,1. Sesión tutorial individual semanal. 2. Plan de refuerzo en temas críticos. 3. Monitoreo continuo de asistencia.
STD_00166,Carrera General,Nivel General,7.9,85.0,18.62,BAJO,VERDE (ÓPTIMO),Seguimiento Regular de Aula,1. Continuar con el ritmo académico habitual. 2. Oportunidad de participación como mentor/ayudante.
STD_00167,Carrera General,Nivel General,9.2,85.0,15.82,BAJO,VERDE (ÓPTIMO),Seguimiento Regular de Aula,1. Continuar con el ritmo académico habitual. 2. Oportunidad de participación como mentor/ayudante.
STD_00167,Carrera General,Nivel General,6.6,85.0,84.83,ALTO,ROJO (CRÍTICO),Tutoría Académica Obligatoria y Derivación a Bienestar Estudiantil,1. Sesión tutorial individual semanal. 2. Plan de refuerzo en temas críticos. 3. Monitoreo continuo de asistencia.
STD_00167,Carrera General,Nivel General,7.2,85.0,22.18,BAJO,VERDE (ÓPTIMO),Seguimiento Regular de Aula,1. Continuar con el ritmo académico habitual. 2. Oportunidad de participación como mentor/ayudante.
STD_00167,Carrera General,Nivel General,5.1,85.0,77.64,ALTO,ROJO (CRÍTICO),Tutoría Académica Obligatoria y Derivación a Bienestar Estudiantil,1. Sesión tutorial individual semanal. 2. Plan de refuerzo en temas críticos. 3. Monitoreo continuo de asistencia.
STD_00167,Carrera General,Nivel General,5.6,85.0,82.72,ALTO,ROJO (CRÍTICO),Tutoría Académica Obligatoria y Derivación a Bienestar Estudiantil,1. Sesión tutorial individual semanal. 2. Plan de refuerzo en temas críticos. 3. Monitoreo continuo de asistencia.
STD_00167,Carrera General,Nivel General,8.1,85.0,18.27,BAJO,VERDE (ÓPTIMO),Seguimiento Regular de Aula,1. Continuar con el ritmo académico habitual. 2. Oportunidad de participación como mentor/ayudante.
STD_00167,Carrera General,Nivel General,7.2,85.0,3.86,BAJO,VERDE (ÓPTIMO),Seguimiento Regular de Aula,1. Continuar con el ritmo académico habitual. 2. Oportunidad de participación como mentor/ayudante.
STD_00167,Carrera General,Nivel General,9.9,85.0,6.68,BAJO,VERDE (ÓPTIMO),Seguimiento Regular de Aula,1. Continuar con el ritmo académico habitual. 2. Oportunidad de participación como mentor/ayudante.
STD_00168,Carrera General,Nivel General,4.9,85.0,54.84,ALTO,ROJO (CRÍTICO),Tutoría Académica Obligatoria y Derivación a Bienestar Estudiantil,1. Sesión tutorial individual semanal. 2. Plan de refuerzo en temas críticos. 3. Monitoreo continuo de asistencia.
STD_00168,Carrera General,Nivel General,4.3,85.0,65.98,ALTO,ROJO (CRÍTICO),Tutoría Académica Obligatoria y Derivación a Bienestar Estudiantil,1. Sesión tutorial individual semanal. 2. Plan de refuerzo en temas críticos. 3. Monitoreo continuo de asistencia.
STD_00168,Carrera General,Nivel General,7.0,85.0,39.98,MEDIO,AMARILLO (ADVERTENCIA),Acompañamiento Tutorial Preventivo y Talleres de Estudio,1. Entrevista de seguimiento bimensual. 2. Talleres grupales de resolución de ejercicios.
STD_00168,Carrera General,Nivel General,9.3,85.0,19.73,BAJO,VERDE (ÓPTIMO),Seguimiento Regular de Aula,1. Continuar con el ritmo académico habitual. 2. Oportunidad de participación como mentor/ayudante.
STD_00168,Carrera General,Nivel General,8.6,85.0,30.31,BAJO,VERDE (ÓPTIMO),Seguimiento Regular de Aula,1. Continuar con el ritmo académico habitual. 2. Oportunidad de participación como mentor/ayudante.
STD_00168,Carrera General,Nivel General,7.9,85.0,10.44,BAJO,VERDE (ÓPTIMO),Seguimiento Regular de Aula,1. Continuar con el ritmo académico habitual. 2. Oportunidad de participación como mentor/ayudante.
STD_00168,Carrera General,Nivel General,9.1,85.0,20.76,BAJO,VERDE (ÓPTIMO),Seguimiento Regular de Aula,1. Continuar con el ritmo académico habitual. 2. Oportunidad de participación como mentor/ayudante.
STD_00168,Carrera General,Nivel General,5.0,85.0,88.65,ALTO,ROJO (CRÍTICO),Tutoría Académica Obligatoria y Derivación a Bienestar Estudiantil,1. Sesión tutorial individual semanal. 2. Plan de refuerzo en temas críticos. 3. Monitoreo continuo de asistencia.
STD_00169,Carrera General,Nivel General,4.3,85.0,79.48,ALTO,ROJO (CRÍTICO),Tutoría Académica Obligatoria y Derivación a Bienestar Estudiantil,1. Sesión tutorial individual semanal. 2. Plan de refuerzo en temas críticos. 3. Monitoreo continuo de asistencia.
STD_00169,Carrera General,Nivel General,6.3,85.0,93.58,ALTO,ROJO (CRÍTICO),Tutoría Académica Obligatoria y Derivación a Bienestar Estudiantil,1. Sesión tutorial individual semanal. 2. Plan de refuerzo en temas críticos. 3. Monitoreo continuo de asistencia.
STD_00169,Carrera General,Nivel General,8.5,85.0,41.98,MEDIO,AMARILLO (ADVERTENCIA),Acompañamiento Tutorial Preventivo y Talleres de Estudio,1. Entrevista de seguimiento bimensual. 2. Talleres grupales de resolución de ejercicios.
STD_00169,Carrera General,Nivel General,7.1,85.0,15.55,BAJO,VERDE (ÓPTIMO),Seguimiento Regular de Aula,1. Continuar con el ritmo académico habitual. 2. Oportunidad de participación como mentor/ayudante.
STD_00169,Carrera General,Nivel General,7.8,85.0,36.73,MEDIO,AMARILLO (ADVERTENCIA),Acompañamiento Tutorial Preventivo y Talleres de Estudio,1. Entrevista de seguimiento bimensual. 2. Talleres grupales de resolución de ejercicios.
STD_00169,Carrera General,Nivel General,4.3,85.0,79.33,ALTO,ROJO (CRÍTICO),Tutoría Académica Obligatoria y Derivación a Bienestar Estudiantil,1. Sesión tutorial individual semanal. 2. Plan de refuerzo en temas críticos. 3. Monitoreo continuo de asistencia.
STD_00169,Carrera General,Nivel General,5.9,85.0,84.1,ALTO,ROJO (CRÍTICO),Tutoría Académica Obligatoria y Derivación a Bienestar Estudiantil,1. Sesión tutorial individual semanal. 2. Plan de refuerzo en temas críticos. 3. Monitoreo continuo de asistencia.
STD_00169,Carrera General,Nivel General,6.9,85.0,83.22,ALTO,ROJO (CRÍTICO),Tutoría Académica Obligatoria y Derivación a Bienestar Estudiantil,1. Sesión tutorial individual semanal. 2. Plan de refuerzo en temas críticos. 3. Monitoreo continuo de asistencia.
STD_00170,Carrera General,Nivel General,7.3,85.0,8.68,BAJO,VERDE (ÓPTIMO),Seguimiento Regular de Aula,1. Continuar con el ritmo académico habitual. 2. Oportunidad de participación como mentor/ayudante.
STD_00170,Carrera General,Nivel General,9.2,85.0,8.63,BAJO,VERDE (ÓPTIMO),Seguimiento Regular de Aula,1. Continuar con el ritmo académico habitual. 2. Oportunidad de participación como mentor/ayudante.
STD_00170,Carrera General,Nivel General,4.1,85.0,87.35,ALTO,ROJO (CRÍTICO),Tutoría Académica Obligatoria y Derivación a Bienestar Estudiantil,1. Sesión tutorial individual semanal. 2. Plan de refuerzo en temas críticos. 3. Monitoreo continuo de asistencia.
STD_00170,Carrera General,Nivel General,8.1,85.0,19.11,BAJO,VERDE (ÓPTIMO),Seguimiento Regular de Aula,1. Continuar con el ritmo académico habitual. 2. Oportunidad de participación como mentor/ayudante.
STD_00170,Carrera General,Nivel General,5.3,85.0,93.02,ALTO,ROJO (CRÍTICO),Tutoría Académica Obligatoria y Derivación a Bienestar Estudiantil,1. Sesión tutorial individual semanal. 2. Plan de refuerzo en temas críticos. 3. Monitoreo continuo de asistencia.
STD_00170,Carrera General,Nivel General,4.1,85.0,87.51,ALTO,ROJO (CRÍTICO),Tutoría Académica Obligatoria y Derivación a Bienestar Estudiantil,1. Sesión tutorial individual semanal. 2. Plan de refuerzo en temas críticos. 3. Monitoreo continuo de asistencia.
STD_00170,Carrera General,Nivel General,11.0,85.0,10.1,BAJO,VERDE (ÓPTIMO),Seguimiento Regular de Aula,1. Continuar con el ritmo académico habitual. 2. Oportunidad de participación como mentor/ayudante.
STD_00170,Carrera General,Nivel General,8.0,85.0,15.8,BAJO,VERDE (ÓPTIMO),Seguimiento Regular de Aula,1. Continuar con el ritmo académico habitual. 2. Oportunidad de participación como mentor/ayudante.
STD_00171,Carrera General,Nivel General,7.1,85.0,15.2,BAJO,VERDE (ÓPTIMO),Seguimiento Regular de Aula,1. Continuar con el ritmo académico habitual. 2. Oportunidad de participación como mentor/ayudante.
STD_00171,Carrera General,Nivel General,9.3,85.0,16.3,BAJO,VERDE (ÓPTIMO),Seguimiento Regular de Aula,1. Continuar con el ritmo académico habitual. 2. Oportunidad de participación como mentor/ayudante.
STD_00171,Carrera General,Nivel General,7.3,85.0,13.83,BAJO,VERDE (ÓPTIMO),Seguimiento Regular de Aula,1. Continuar con el ritmo académico habitual. 2. Oportunidad de participación como mentor/ayudante.
STD_00171,Carrera General,Nivel General,5.4,85.0,80.91,ALTO,ROJO (CRÍTICO),Tutoría Académica Obligatoria y Derivación a Bienestar Estudiantil,1. Sesión tutorial individual semanal. 2. Plan de refuerzo en temas críticos. 3. Monitoreo continuo de asistencia.
STD_00171,Carrera General,Nivel General,5.6,85.0,80.35,ALTO,ROJO (CRÍTICO),Tutoría Académica Obligatoria y Derivación a Bienestar Estudiantil,1. Sesión tutorial individual semanal. 2. Plan de refuerzo en temas críticos. 3. Monitoreo continuo de asistencia.
STD_00171,Carrera General,Nivel General,9.5,85.0,11.89,BAJO,VERDE (ÓPTIMO),Seguimiento Regular de Aula,1. Continuar con el ritmo académico habitual. 2. Oportunidad de participación como mentor/ayudante.
STD_00171,Carrera General,Nivel General,7.2,85.0,12.18,BAJO,VERDE (ÓPTIMO),Seguimiento Regular de Aula,1. Continuar con el ritmo académico habitual. 2. Oportunidad de participación como mentor/ayudante.
STD_00171,Carrera General,Nivel General,7.5,85.0,13.94,BAJO,VERDE (ÓPTIMO),Seguimiento Regular de Aula,1. Continuar con el ritmo académico habitual. 2. Oportunidad de participación como mentor/ayudante.
STD_00172,Carrera General,Nivel General,4.4,85.0,87.63,ALTO,ROJO (CRÍTICO),Tutoría Académica Obligatoria y Derivación a Bienestar Estudiantil,1. Sesión tutorial individual semanal. 2. Plan de refuerzo en temas críticos. 3. Monitoreo continuo de asistencia.
STD_00172,Carrera General,Nivel General,7.1,85.0,9.22,BAJO,VERDE (ÓPTIMO),Seguimiento Regular de Aula,1. Continuar con el ritmo académico habitual. 2. Oportunidad de participación como mentor/ayudante.
STD_00172,Carrera General,Nivel General,6.4,85.0,88.65,ALTO,ROJO (CRÍTICO),Tutoría Académica Obligatoria y Derivación a Bienestar Estudiantil,1. Sesión tutorial individual semanal. 2. Plan de refuerzo en temas críticos. 3. Monitoreo continuo de asistencia.
STD_00172,Carrera General,Nivel General,11.0,85.0,11.48,BAJO,VERDE (ÓPTIMO),Seguimiento Regular de Aula,1. Continuar con el ritmo académico habitual. 2. Oportunidad de participación como mentor/ayudante.
STD_00172,Carrera General,Nivel General,9.3,85.0,6.77,BAJO,VERDE (ÓPTIMO),Seguimiento Regular de Aula,1. Continuar con el ritmo académico habitual. 2. Oportunidad de participación como mentor/ayudante.
STD_00172,Carrera General,Nivel General,7.4,85.0,13.39,BAJO,VERDE (ÓPTIMO),Seguimiento Regular de Aula,1. Continuar con el ritmo académico habitual. 2. Oportunidad de participación como mentor/ayudante.
STD_00172,Carrera General,Nivel General,5.5,85.0,83.58,ALTO,ROJO (CRÍTICO),Tutoría Académica Obligatoria y Derivación a Bienestar Estudiantil,1. Sesión tutorial individual semanal. 2. Plan de refuerzo en temas críticos. 3. Monitoreo continuo de asistencia.
STD_00172,Carrera General,Nivel General,7.7,85.0,16.22,BAJO,VERDE (ÓPTIMO),Seguimiento Regular de Aula,1. Continuar con el ritmo académico habitual. 2. Oportunidad de participación como mentor/ayudante.
STD_00173,Carrera General,Nivel General,6.7,85.0,89.28,ALTO,ROJO (CRÍTICO),Tutoría Académica Obligatoria y Derivación a Bienestar Estudiantil,1. Sesión tutorial individual semanal. 2. Plan de refuerzo en temas críticos. 3. Monitoreo continuo de asistencia.
STD_00173,Carrera General,Nivel General,7.0,85.0,10.94,BAJO,VERDE (ÓPTIMO),Seguimiento Regular de Aula,1. Continuar con el ritmo académico habitual. 2. Oportunidad de participación como mentor/ayudante.
STD_00173,Carrera General,Nivel General,9.9,85.0,10.92,BAJO,VERDE (ÓPTIMO),Seguimiento Regular de Aula,1. Continuar con el ritmo académico habitual. 2. Oportunidad de participación como mentor/ayudante.
STD_00173,Carrera General,Nivel General,6.5,85.0,72.17,ALTO,ROJO (CRÍTICO),Tutoría Académica Obligatoria y Derivación a Bienestar Estudiantil,1. Sesión tutorial individual semanal. 2. Plan de refuerzo en temas críticos. 3. Monitoreo continuo de asistencia.
STD_00173,Carrera General,Nivel General,8.6,85.0,5.66,BAJO,VERDE (ÓPTIMO),Seguimiento Regular de Aula,1. Continuar con el ritmo académico habitual. 2. Oportunidad de participación como mentor/ayudante.
STD_00173,Carrera General,Nivel General,8.6,85.0,17.41,BAJO,VERDE (ÓPTIMO),Seguimiento Regular de Aula,1. Continuar con el ritmo académico habitual. 2. Oportunidad de participación como mentor/ayudante.
STD_00173,Carrera General,Nivel General,6.8,85.0,81.51,ALTO,ROJO (CRÍTICO),Tutoría Académica Obligatoria y Derivación a Bienestar Estudiantil,1. Sesión tutorial individual semanal. 2. Plan de refuerzo en temas críticos. 3. Monitoreo continuo de asistencia.
STD_00173,Carrera General,Nivel General,8.5,85.0,19.73,BAJO,VERDE (ÓPTIMO),Seguimiento Regular de Aula,1. Continuar con el ritmo académico habitual. 2. Oportunidad de participación como mentor/ayudante.
STD_00174,Carrera General,Nivel General,6.0,85.0,87.64,ALTO,ROJO (CRÍTICO),Tutoría Académica Obligatoria y Derivación a Bienestar Estudiantil,1. Sesión tutorial individual semanal. 2. Plan de refuerzo en temas críticos. 3. Monitoreo continuo de asistencia.
STD_00174,Carrera General,Nivel General,8.9,85.0,11.76,BAJO,VERDE (ÓPTIMO),Seguimiento Regular de Aula,1. Continuar con el ritmo académico habitual. 2. Oportunidad de participación como mentor/ayudante.
STD_00174,Carrera General,Nivel General,4.4,85.0,95.84,ALTO,ROJO (CRÍTICO),Tutoría Académica Obligatoria y Derivación a Bienestar Estudiantil,1. Sesión tutorial individual semanal. 2. Plan de refuerzo en temas críticos. 3. Monitoreo continuo de asistencia.
STD_00174,Carrera General,Nivel General,8.1,85.0,18.1,BAJO,VERDE (ÓPTIMO),Seguimiento Regular de Aula,1. Continuar con el ritmo académico habitual. 2. Oportunidad de participación como mentor/ayudante.
STD_00174,Carrera General,Nivel General,6.2,85.0,85.18,ALTO,ROJO (CRÍTICO),Tutoría Académica Obligatoria y Derivación a Bienestar Estudiantil,1. Sesión tutorial individual semanal. 2. Plan de refuerzo en temas críticos. 3. Monitoreo continuo de asistencia.
STD_00174,Carrera General,Nivel General,4.9,85.0,90.96,ALTO,ROJO (CRÍTICO),Tutoría Académica Obligatoria y Derivación a Bienestar Estudiantil,1. Sesión tutorial individual semanal. 2. Plan de refuerzo en temas críticos. 3. Monitoreo continuo de asistencia.
STD_00174,Carrera General,Nivel General,5.6,85.0,91.18,ALTO,ROJO (CRÍTICO),Tutoría Académica Obligatoria y Derivación a Bienestar Estudiantil,1. Sesión tutorial individual semanal. 2. Plan de refuerzo en temas críticos. 3. Monitoreo continuo de asistencia.
STD_00174,Carrera General,Nivel General,4.4,85.0,92.08,ALTO,ROJO (CRÍTICO),Tutoría Académica Obligatoria y Derivación a Bienestar Estudiantil,1. Sesión tutorial individual semanal. 2. Plan de refuerzo en temas críticos. 3. Monitoreo continuo de asistencia.
STD_00175,Carrera General,Nivel General,6.6,85.0,74.28,ALTO,ROJO (CRÍTICO),Tutoría Académica Obligatoria y Derivación a Bienestar Estudiantil,1. Sesión tutorial individual semanal. 2. Plan de refuerzo en temas críticos. 3. Monitoreo continuo de asistencia.
STD_00175,Carrera General,Nivel General,8.7,85.0,22.84,BAJO,VERDE (ÓPTIMO),Seguimiento Regular de Aula,1. Continuar con el ritmo académico habitual. 2. Oportunidad de participación como mentor/ayudante.
STD_00175,Carrera General,Nivel General,6.2,85.0,72.31,ALTO,ROJO (CRÍTICO),Tutoría Académica Obligatoria y Derivación a Bienestar Estudiantil,1. Sesión tutorial individual semanal. 2. Plan de refuerzo en temas críticos. 3. Monitoreo continuo de asistencia.
STD_00175,Carrera General,Nivel General,4.8,85.0,56.89,ALTO,ROJO (CRÍTICO),Tutoría Académica Obligatoria y Derivación a Bienestar Estudiantil,1. Sesión tutorial individual semanal. 2. Plan de refuerzo en temas críticos. 3. Monitoreo continuo de asistencia.
STD_00175,Carrera General,Nivel General,8.0,85.0,8.71,BAJO,VERDE (ÓPTIMO),Seguimiento Regular de Aula,1. Continuar con el ritmo académico habitual. 2. Oportunidad de participación como mentor/ayudante.
STD_00175,Carrera General,Nivel General,8.9,85.0,25.04,BAJO,VERDE (ÓPTIMO),Seguimiento Regular de Aula,1. Continuar con el ritmo académico habitual. 2. Oportunidad de participación como mentor/ayudante.
STD_00175,Carrera General,Nivel General,4.8,85.0,88.9,ALTO,ROJO (CRÍTICO),Tutoría Académica Obligatoria y Derivación a Bienestar Estudiantil,1. Sesión tutorial individual semanal. 2. Plan de refuerzo en temas críticos. 3. Monitoreo continuo de asistencia.
STD_00175,Carrera General,Nivel General,11.0,85.0,10.01,BAJO,VERDE (ÓPTIMO),Seguimiento Regular de Aula,1. Continuar con el ritmo académico habitual. 2. Oportunidad de participación como mentor/ayudante.
STD_00176,Carrera General,Nivel General,6.1,85.0,86.06,ALTO,ROJO (CRÍTICO),Tutoría Académica Obligatoria y Derivación a Bienestar Estudiantil,1. Sesión tutorial individual semanal. 2. Plan de refuerzo en temas críticos. 3. Monitoreo continuo de asistencia.
STD_00176,Carrera General,Nivel General,8.1,85.0,28.85,BAJO,VERDE (ÓPTIMO),Seguimiento Regular de Aula,1. Continuar con el ritmo académico habitual. 2. Oportunidad de participación como mentor/ayudante.
STD_00176,Carrera General,Nivel General,4.6,85.0,66.23,ALTO,ROJO (CRÍTICO),Tutoría Académica Obligatoria y Derivación a Bienestar Estudiantil,1. Sesión tutorial individual semanal. 2. Plan de refuerzo en temas críticos. 3. Monitoreo continuo de asistencia.
STD_00176,Carrera General,Nivel General,5.5,85.0,84.5,ALTO,ROJO (CRÍTICO),Tutoría Académica Obligatoria y Derivación a Bienestar Estudiantil,1. Sesión tutorial individual semanal. 2. Plan de refuerzo en temas críticos. 3. Monitoreo continuo de asistencia.
STD_00176,Carrera General,Nivel General,6.7,85.0,53.09,MEDIO,AMARILLO (ADVERTENCIA),Acompañamiento Tutorial Preventivo y Talleres de Estudio,1. Entrevista de seguimiento bimensual. 2. Talleres grupales de resolución de ejercicios.
STD_00176,Carrera General,Nivel General,9.4,85.0,18.43,BAJO,VERDE (ÓPTIMO),Seguimiento Regular de Aula,1. Continuar con el ritmo académico habitual. 2. Oportunidad de participación como mentor/ayudante.
STD_00176,Carrera General,Nivel General,6.3,85.0,77.67,ALTO,ROJO (CRÍTICO),Tutoría Académica Obligatoria y Derivación a Bienestar Estudiantil,1. Sesión tutorial individual semanal. 2. Plan de refuerzo en temas críticos. 3. Monitoreo continuo de asistencia.
STD_00176,Carrera General,Nivel General,7.9,85.0,17.32,BAJO,VERDE (ÓPTIMO),Seguimiento Regular de Aula,1. Continuar con el ritmo académico habitual. 2. Oportunidad de participación como mentor/ayudante.
STD_00177,Carrera General,Nivel General,8.2,85.0,18.13,BAJO,VERDE (ÓPTIMO),Seguimiento Regular de Aula,1. Continuar con el ritmo académico habitual. 2. Oportunidad de participación como mentor/ayudante.
STD_00177,Carrera General,Nivel General,8.4,85.0,23.42,BAJO,VERDE (ÓPTIMO),Seguimiento Regular de Aula,1. Continuar con el ritmo académico habitual. 2. Oportunidad de participación como mentor/ayudante.
STD_00177,Carrera General,Nivel General,4.8,85.0,79.81,ALTO,ROJO (CRÍTICO),Tutoría Académica Obligatoria y Derivación a Bienestar Estudiantil,1. Sesión tutorial individual semanal. 2. Plan de refuerzo en temas críticos. 3. Monitoreo continuo de asistencia.
STD_00177,Carrera General,Nivel General,10.0,85.0,15.33,BAJO,VERDE (ÓPTIMO),Seguimiento Regular de Aula,1. Continuar con el ritmo académico habitual. 2. Oportunidad de participación como mentor/ayudante.
STD_00177,Carrera General,Nivel General,7.8,85.0,8.95,BAJO,VERDE (ÓPTIMO),Seguimiento Regular de Aula,1. Continuar con el ritmo académico habitual. 2. Oportunidad de participación como mentor/ayudante.
STD_00177,Carrera General,Nivel General,7.7,85.0,25.44,BAJO,VERDE (ÓPTIMO),Seguimiento Regular de Aula,1. Continuar con el ritmo académico habitual. 2. Oportunidad de participación como mentor/ayudante.
STD_00177,Carrera General,Nivel General,4.6,85.0,68.91,ALTO,ROJO (CRÍTICO),Tutoría Académica Obligatoria y Derivación a Bienestar Estudiantil,1. Sesión tutorial individual semanal. 2. Plan de refuerzo en temas críticos. 3. Monitoreo continuo de asistencia.
STD_00177,Carrera General,Nivel General,7.5,85.0,10.38,BAJO,VERDE (ÓPTIMO),Seguimiento Regular de Aula,1. Continuar con el ritmo académico habitual. 2. Oportunidad de participación como mentor/ayudante.
STD_00178,Carrera General,Nivel General,8.5,85.0,23.06,BAJO,VERDE (ÓPTIMO),Seguimiento Regular de Aula,1. Continuar con el ritmo académico habitual. 2. Oportunidad de participación como mentor/ayudante.
STD_00178,Carrera General,Nivel General,7.7,85.0,5.55,BAJO,VERDE (ÓPTIMO),Seguimiento Regular de Aula,1. Continuar con el ritmo académico habitual. 2. Oportunidad de participación como mentor/ayudante.
STD_00178,Carrera General,Nivel General,9.3,85.0,14.38,BAJO,VERDE (ÓPTIMO),Seguimiento Regular de Aula,1. Continuar con el ritmo académico habitual. 2. Oportunidad de participación como mentor/ayudante.
STD_00178,Carrera General,Nivel General,9.1,85.0,28.42,BAJO,VERDE (ÓPTIMO),Seguimiento Regular de Aula,1. Continuar con el ritmo académico habitual. 2. Oportunidad de participación como mentor/ayudante.
STD_00178,Carrera General,Nivel General,4.3,85.0,82.58,ALTO,ROJO (CRÍTICO),Tutoría Académica Obligatoria y Derivación a Bienestar Estudiantil,1. Sesión tutorial individual semanal. 2. Plan de refuerzo en temas críticos. 3. Monitoreo continuo de asistencia.
STD_00178,Carrera General,Nivel General,6.7,85.0,78.44,ALTO,ROJO (CRÍTICO),Tutoría Académica Obligatoria y Derivación a Bienestar Estudiantil,1. Sesión tutorial individual semanal. 2. Plan de refuerzo en temas críticos. 3. Monitoreo continuo de asistencia.
STD_00178,Carrera General,Nivel General,4.4,85.0,84.95,ALTO,ROJO (CRÍTICO),Tutoría Académica Obligatoria y Derivación a Bienestar Estudiantil,1. Sesión tutorial individual semanal. 2. Plan de refuerzo en temas críticos. 3. Monitoreo continuo de asistencia.
STD_00178,Carrera General,Nivel General,8.2,85.0,17.4,BAJO,VERDE (ÓPTIMO),Seguimiento Regular de Aula,1. Continuar con el ritmo académico habitual. 2. Oportunidad de participación como mentor/ayudante.
STD_00179,Carrera General,Nivel General,5.8,85.0,73.97,ALTO,ROJO (CRÍTICO),Tutoría Académica Obligatoria y Derivación a Bienestar Estudiantil,1. Sesión tutorial individual semanal. 2. Plan de refuerzo en temas críticos. 3. Monitoreo continuo de asistencia.
STD_00179,Carrera General,Nivel General,8.1,85.0,12.88,BAJO,VERDE (ÓPTIMO),Seguimiento Regular de Aula,1. Continuar con el ritmo académico habitual. 2. Oportunidad de participación como mentor/ayudante.
STD_00179,Carrera General,Nivel General,6.6,85.0,86.14,ALTO,ROJO (CRÍTICO),Tutoría Académica Obligatoria y Derivación a Bienestar Estudiantil,1. Sesión tutorial individual semanal. 2. Plan de refuerzo en temas críticos. 3. Monitoreo continuo de asistencia.
STD_00179,Carrera General,Nivel General,9.9,85.0,4.41,BAJO,VERDE (ÓPTIMO),Seguimiento Regular de Aula,1. Continuar con el ritmo académico habitual. 2. Oportunidad de participación como mentor/ayudante.
STD_00179,Carrera General,Nivel General,6.4,85.0,63.95,MEDIO,AMARILLO (ADVERTENCIA),Acompañamiento Tutorial Preventivo y Talleres de Estudio,1. Entrevista de seguimiento bimensual. 2. Talleres grupales de resolución de ejercicios.
STD_00179,Carrera General,Nivel General,9.6,85.0,11.82,BAJO,VERDE (ÓPTIMO),Seguimiento Regular de Aula,1. Continuar con el ritmo académico habitual. 2. Oportunidad de participación como mentor/ayudante.
STD_00179,Carrera General,Nivel General,9.4,85.0,9.89,BAJO,VERDE (ÓPTIMO),Seguimiento Regular de Aula,1. Continuar con el ritmo académico habitual. 2. Oportunidad de participación como mentor/ayudante.
STD_00179,Carrera General,Nivel General,8.8,85.0,17.17,BAJO,VERDE (ÓPTIMO),Seguimiento Regular de Aula,1. Continuar con el ritmo académico habitual. 2. Oportunidad de participación como mentor/ayudante.
STD_00180,Carrera General,Nivel General,4.4,85.0,78.53,ALTO,ROJO (CRÍTICO),Tutoría Académica Obligatoria y Derivación a Bienestar Estudiantil,1. Sesión tutorial individual semanal. 2. Plan de refuerzo en temas críticos. 3. Monitoreo continuo de asistencia.
STD_00180,Carrera General,Nivel General,4.1,85.0,83.02,ALTO,ROJO (CRÍTICO),Tutoría Académica Obligatoria y Derivación a Bienestar Estudiantil,1. Sesión tutorial individual semanal. 2. Plan de refuerzo en temas críticos. 3. Monitoreo continuo de asistencia.
STD_00180,Carrera General,Nivel General,9.6,85.0,19.69,BAJO,VERDE (ÓPTIMO),Seguimiento Regular de Aula,1. Continuar con el ritmo académico habitual. 2. Oportunidad de participación como mentor/ayudante.
STD_00180,Carrera General,Nivel General,9.1,85.0,22.04,BAJO,VERDE (ÓPTIMO),Seguimiento Regular de Aula,1. Continuar con el ritmo académico habitual. 2. Oportunidad de participación como mentor/ayudante.
STD_00180,Carrera General,Nivel General,4.8,85.0,81.77,ALTO,ROJO (CRÍTICO),Tutoría Académica Obligatoria y Derivación a Bienestar Estudiantil,1. Sesión tutorial individual semanal. 2. Plan de refuerzo en temas críticos. 3. Monitoreo continuo de asistencia.
STD_00180,Carrera General,Nivel General,7.8,85.0,12.72,BAJO,VERDE (ÓPTIMO),Seguimiento Regular de Aula,1. Continuar con el ritmo académico habitual. 2. Oportunidad de participación como mentor/ayudante.
STD_00180,Carrera General,Nivel General,7.5,85.0,13.13,BAJO,VERDE (ÓPTIMO),Seguimiento Regular de Aula,1. Continuar con el ritmo académico habitual. 2. Oportunidad de participación como mentor/ayudante.
STD_00180,Carrera General,Nivel General,7.1,85.0,13.73,BAJO,VERDE (ÓPTIMO),Seguimiento Regular de Aula,1. Continuar con el ritmo académico habitual. 2. Oportunidad de participación como mentor/ayudante.
STD_00181,Carrera General,Nivel General,5.2,85.0,63.37,ALTO,ROJO (CRÍTICO),Tutoría Académica Obligatoria y Derivación a Bienestar Estudiantil,1. Sesión tutorial individual semanal. 2. Plan de refuerzo en temas críticos. 3. Monitoreo continuo de asistencia.
STD_00181,Carrera General,Nivel General,9.1,85.0,18.24,BAJO,VERDE (ÓPTIMO),Seguimiento Regular de Aula,1. Continuar con el ritmo académico habitual. 2. Oportunidad de participación como mentor/ayudante.
STD_00181,Carrera General,Nivel General,8.2,85.0,16.36,BAJO,VERDE (ÓPTIMO),Seguimiento Regular de Aula,1. Continuar con el ritmo académico habitual. 2. Oportunidad de participación como mentor/ayudante.
STD_00181,Carrera General,Nivel General,6.9,85.0,78.52,ALTO,ROJO (CRÍTICO),Tutoría Académica Obligatoria y Derivación a Bienestar Estudiantil,1. Sesión tutorial individual semanal. 2. Plan de refuerzo en temas críticos. 3. Monitoreo continuo de asistencia.
STD_00181,Carrera General,Nivel General,7.4,85.0,10.53,BAJO,VERDE (ÓPTIMO),Seguimiento Regular de Aula,1. Continuar con el ritmo académico habitual. 2. Oportunidad de participación como mentor/ayudante.
STD_00181,Carrera General,Nivel General,4.8,85.0,83.64,ALTO,ROJO (CRÍTICO),Tutoría Académica Obligatoria y Derivación a Bienestar Estudiantil,1. Sesión tutorial individual semanal. 2. Plan de refuerzo en temas críticos. 3. Monitoreo continuo de asistencia.
STD_00181,Carrera General,Nivel General,8.7,85.0,19.05,BAJO,VERDE (ÓPTIMO),Seguimiento Regular de Aula,1. Continuar con el ritmo académico habitual. 2. Oportunidad de participación como mentor/ayudante.
STD_00181,Carrera General,Nivel General,7.0,85.0,13.61,BAJO,VERDE (ÓPTIMO),Seguimiento Regular de Aula,1. Continuar con el ritmo académico habitual. 2. Oportunidad de participación como mentor/ayudante.
STD_00182,Carrera General,Nivel General,6.4,85.0,81.53,ALTO,ROJO (CRÍTICO),Tutoría Académica Obligatoria y Derivación a Bienestar Estudiantil,1. Sesión tutorial individual semanal. 2. Plan de refuerzo en temas críticos. 3. Monitoreo continuo de asistencia.
STD_00182,Carrera General,Nivel General,5.9,85.0,88.93,ALTO,ROJO (CRÍTICO),Tutoría Académica Obligatoria y Derivación a Bienestar Estudiantil,1. Sesión tutorial individual semanal. 2. Plan de refuerzo en temas críticos. 3. Monitoreo continuo de asistencia.
STD_00182,Carrera General,Nivel General,5.8,85.0,82.36,ALTO,ROJO (CRÍTICO),Tutoría Académica Obligatoria y Derivación a Bienestar Estudiantil,1. Sesión tutorial individual semanal. 2. Plan de refuerzo en temas críticos. 3. Monitoreo continuo de asistencia.
STD_00182,Carrera General,Nivel General,4.0,85.0,89.09,ALTO,ROJO (CRÍTICO),Tutoría Académica Obligatoria y Derivación a Bienestar Estudiantil,1. Sesión tutorial individual semanal. 2. Plan de refuerzo en temas críticos. 3. Monitoreo continuo de asistencia.
STD_00182,Carrera General,Nivel General,5.8,85.0,85.44,ALTO,ROJO (CRÍTICO),Tutoría Académica Obligatoria y Derivación a Bienestar Estudiantil,1. Sesión tutorial individual semanal. 2. Plan de refuerzo en temas críticos. 3. Monitoreo continuo de asistencia.
STD_00182,Carrera General,Nivel General,4.6,85.0,94.85,ALTO,ROJO (CRÍTICO),Tutoría Académica Obligatoria y Derivación a Bienestar Estudiantil,1. Sesión tutorial individual semanal. 2. Plan de refuerzo en temas críticos. 3. Monitoreo continuo de asistencia.
STD_00182,Carrera General,Nivel General,7.6,85.0,20.82,BAJO,VERDE (ÓPTIMO),Seguimiento Regular de Aula,1. Continuar con el ritmo académico habitual. 2. Oportunidad de participación como mentor/ayudante.
STD_00182,Carrera General,Nivel General,8.9,85.0,15.1,BAJO,VERDE (ÓPTIMO),Seguimiento Regular de Aula,1. Continuar con el ritmo académico habitual. 2. Oportunidad de participación como mentor/ayudante.
STD_00183,Carrera General,Nivel General,6.3,85.0,84.52,ALTO,ROJO (CRÍTICO),Tutoría Académica Obligatoria y Derivación a Bienestar Estudiantil,1. Sesión tutorial individual semanal. 2. Plan de refuerzo en temas críticos. 3. Monitoreo continuo de asistencia.
STD_00183,Carrera General,Nivel General,4.4,85.0,89.77,ALTO,ROJO (CRÍTICO),Tutoría Académica Obligatoria y Derivación a Bienestar Estudiantil,1. Sesión tutorial individual semanal. 2. Plan de refuerzo en temas críticos. 3. Monitoreo continuo de asistencia.
STD_00183,Carrera General,Nivel General,6.0,85.0,86.74,ALTO,ROJO (CRÍTICO),Tutoría Académica Obligatoria y Derivación a Bienestar Estudiantil,1. Sesión tutorial individual semanal. 2. Plan de refuerzo en temas críticos. 3. Monitoreo continuo de asistencia.
STD_00183,Carrera General,Nivel General,6.8,85.0,95.38,ALTO,ROJO (CRÍTICO),Tutoría Académica Obligatoria y Derivación a Bienestar Estudiantil,1. Sesión tutorial individual semanal. 2. Plan de refuerzo en temas críticos. 3. Monitoreo continuo de asistencia.
STD_00183,Carrera General,Nivel General,8.5,85.0,32.23,BAJO,VERDE (ÓPTIMO),Seguimiento Regular de Aula,1. Continuar con el ritmo académico habitual. 2. Oportunidad de participación como mentor/ayudante.
STD_00183,Carrera General,Nivel General,5.9,85.0,87.75,ALTO,ROJO (CRÍTICO),Tutoría Académica Obligatoria y Derivación a Bienestar Estudiantil,1. Sesión tutorial individual semanal. 2. Plan de refuerzo en temas críticos. 3. Monitoreo continuo de asistencia.
STD_00183,Carrera General,Nivel General,8.7,85.0,12.18,BAJO,VERDE (ÓPTIMO),Seguimiento Regular de Aula,1. Continuar con el ritmo académico habitual. 2. Oportunidad de participación como mentor/ayudante.
STD_00183,Carrera General,Nivel General,5.9,85.0,89.47,ALTO,ROJO (CRÍTICO),Tutoría Académica Obligatoria y Derivación a Bienestar Estudiantil,1. Sesión tutorial individual semanal. 2. Plan de refuerzo en temas críticos. 3. Monitoreo continuo de asistencia.
STD_00184,Carrera General,Nivel General,11.0,85.0,19.78,BAJO,VERDE (ÓPTIMO),Seguimiento Regular de Aula,1. Continuar con el ritmo académico habitual. 2. Oportunidad de participación como mentor/ayudante.
STD_00184,Carrera General,Nivel General,8.8,85.0,6.56,BAJO,VERDE (ÓPTIMO),Seguimiento Regular de Aula,1. Continuar con el ritmo académico habitual. 2. Oportunidad de participación como mentor/ayudante.
STD_00184,Carrera General,Nivel General,5.9,85.0,77.28,ALTO,ROJO (CRÍTICO),Tutoría Académica Obligatoria y Derivación a Bienestar Estudiantil,1. Sesión tutorial individual semanal. 2. Plan de refuerzo en temas críticos. 3. Monitoreo continuo de asistencia.
STD_00184,Carrera General,Nivel General,4.1,85.0,84.69,ALTO,ROJO (CRÍTICO),Tutoría Académica Obligatoria y Derivación a Bienestar Estudiantil,1. Sesión tutorial individual semanal. 2. Plan de refuerzo en temas críticos. 3. Monitoreo continuo de asistencia.
STD_00184,Carrera General,Nivel General,7.0,85.0,19.91,BAJO,VERDE (ÓPTIMO),Seguimiento Regular de Aula,1. Continuar con el ritmo académico habitual. 2. Oportunidad de participación como mentor/ayudante.
STD_00184,Carrera General,Nivel General,7.5,85.0,20.97,BAJO,VERDE (ÓPTIMO),Seguimiento Regular de Aula,1. Continuar con el ritmo académico habitual. 2. Oportunidad de participación como mentor/ayudante.
STD_00184,Carrera General,Nivel General,9.7,85.0,22.85,BAJO,VERDE (ÓPTIMO),Seguimiento Regular de Aula,1. Continuar con el ritmo académico habitual. 2. Oportunidad de participación como mentor/ayudante.
STD_00184,Carrera General,Nivel General,7.4,85.0,17.64,BAJO,VERDE (ÓPTIMO),Seguimiento Regular de Aula,1. Continuar con el ritmo académico habitual. 2. Oportunidad de participación como mentor/ayudante.
STD_00185,Carrera General,Nivel General,8.9,85.0,21.66,BAJO,VERDE (ÓPTIMO),Seguimiento Regular de Aula,1. Continuar con el ritmo académico habitual. 2. Oportunidad de participación como mentor/ayudante.
STD_00185,Carrera General,Nivel General,4.1,85.0,82.64,ALTO,ROJO (CRÍTICO),Tutoría Académica Obligatoria y Derivación a Bienestar Estudiantil,1. Sesión tutorial individual semanal. 2. Plan de refuerzo en temas críticos. 3. Monitoreo continuo de asistencia.
STD_00185,Carrera General,Nivel General,5.4,85.0,93.29,ALTO,ROJO (CRÍTICO),Tutoría Académica Obligatoria y Derivación a Bienestar Estudiantil,1. Sesión tutorial individual semanal. 2. Plan de refuerzo en temas críticos. 3. Monitoreo continuo de asistencia.
STD_00185,Carrera General,Nivel General,4.9,85.0,87.81,ALTO,ROJO (CRÍTICO),Tutoría Académica Obligatoria y Derivación a Bienestar Estudiantil,1. Sesión tutorial individual semanal. 2. Plan de refuerzo en temas críticos. 3. Monitoreo continuo de asistencia.
STD_00185,Carrera General,Nivel General,5.7,85.0,82.27,ALTO,ROJO (CRÍTICO),Tutoría Académica Obligatoria y Derivación a Bienestar Estudiantil,1. Sesión tutorial individual semanal. 2. Plan de refuerzo en temas críticos. 3. Monitoreo continuo de asistencia.
STD_00185,Carrera General,Nivel General,4.6,85.0,82.81,ALTO,ROJO (CRÍTICO),Tutoría Académica Obligatoria y Derivación a Bienestar Estudiantil,1. Sesión tutorial individual semanal. 2. Plan de refuerzo en temas críticos. 3. Monitoreo continuo de asistencia.
STD_00185,Carrera General,Nivel General,4.6,85.0,89.99,ALTO,ROJO (CRÍTICO),Tutoría Académica Obligatoria y Derivación a Bienestar Estudiantil,1. Sesión tutorial individual semanal. 2. Plan de refuerzo en temas críticos. 3. Monitoreo continuo de asistencia.
STD_00185,Carrera General,Nivel General,4.2,85.0,90.22,ALTO,ROJO (CRÍTICO),Tutoría Académica Obligatoria y Derivación a Bienestar Estudiantil,1. Sesión tutorial individual semanal. 2. Plan de refuerzo en temas críticos. 3. Monitoreo continuo de asistencia.
STD_00186,Carrera General,Nivel General,7.3,85.0,10.25,BAJO,VERDE (ÓPTIMO),Seguimiento Regular de Aula,1. Continuar con el ritmo académico habitual. 2. Oportunidad de participación como mentor/ayudante.
STD_00186,Carrera General,Nivel General,6.9,85.0,72.16,ALTO,ROJO (CRÍTICO),Tutoría Académica Obligatoria y Derivación a Bienestar Estudiantil,1. Sesión tutorial individual semanal. 2. Plan de refuerzo en temas críticos. 3. Monitoreo continuo de asistencia.
STD_00186,Carrera General,Nivel General,4.3,85.0,89.86,ALTO,ROJO (CRÍTICO),Tutoría Académica Obligatoria y Derivación a Bienestar Estudiantil,1. Sesión tutorial individual semanal. 2. Plan de refuerzo en temas críticos. 3. Monitoreo continuo de asistencia.
STD_00186,Carrera General,Nivel General,9.5,85.0,22.48,BAJO,VERDE (ÓPTIMO),Seguimiento Regular de Aula,1. Continuar con el ritmo académico habitual. 2. Oportunidad de participación como mentor/ayudante.
STD_00186,Carrera General,Nivel General,6.7,85.0,86.31,ALTO,ROJO (CRÍTICO),Tutoría Académica Obligatoria y Derivación a Bienestar Estudiantil,1. Sesión tutorial individual semanal. 2. Plan de refuerzo en temas críticos. 3. Monitoreo continuo de asistencia.
STD_00186,Carrera General,Nivel General,7.4,85.0,15.88,BAJO,VERDE (ÓPTIMO),Seguimiento Regular de Aula,1. Continuar con el ritmo académico habitual. 2. Oportunidad de participación como mentor/ayudante.
STD_00186,Carrera General,Nivel General,8.9,85.0,11.9,BAJO,VERDE (ÓPTIMO),Seguimiento Regular de Aula,1. Continuar con el ritmo académico habitual. 2. Oportunidad de participación como mentor/ayudante.
STD_00186,Carrera General,Nivel General,4.8,85.0,82.98,ALTO,ROJO (CRÍTICO),Tutoría Académica Obligatoria y Derivación a Bienestar Estudiantil,1. Sesión tutorial individual semanal. 2. Plan de refuerzo en temas críticos. 3. Monitoreo continuo de asistencia.
STD_00187,Carrera General,Nivel General,9.3,85.0,23.78,BAJO,VERDE (ÓPTIMO),Seguimiento Regular de Aula,1. Continuar con el ritmo académico habitual. 2. Oportunidad de participación como mentor/ayudante.
STD_00187,Carrera General,Nivel General,5.0,85.0,65.75,ALTO,ROJO (CRÍTICO),Tutoría Académica Obligatoria y Derivación a Bienestar Estudiantil,1. Sesión tutorial individual semanal. 2. Plan de refuerzo en temas críticos. 3. Monitoreo continuo de asistencia.
STD_00187,Carrera General,Nivel General,9.7,85.0,30.73,BAJO,VERDE (ÓPTIMO),Seguimiento Regular de Aula,1. Continuar con el ritmo académico habitual. 2. Oportunidad de participación como mentor/ayudante.
STD_00187,Carrera General,Nivel General,7.2,85.0,19.36,BAJO,VERDE (ÓPTIMO),Seguimiento Regular de Aula,1. Continuar con el ritmo académico habitual. 2. Oportunidad de participación como mentor/ayudante.
STD_00187,Carrera General,Nivel General,5.6,85.0,81.57,ALTO,ROJO (CRÍTICO),Tutoría Académica Obligatoria y Derivación a Bienestar Estudiantil,1. Sesión tutorial individual semanal. 2. Plan de refuerzo en temas críticos. 3. Monitoreo continuo de asistencia.
STD_00187,Carrera General,Nivel General,6.4,85.0,63.58,MEDIO,AMARILLO (ADVERTENCIA),Acompañamiento Tutorial Preventivo y Talleres de Estudio,1. Entrevista de seguimiento bimensual. 2. Talleres grupales de resolución de ejercicios.
STD_00187,Carrera General,Nivel General,7.9,85.0,17.03,BAJO,VERDE (ÓPTIMO),Seguimiento Regular de Aula,1. Continuar con el ritmo académico habitual. 2. Oportunidad de participación como mentor/ayudante.
STD_00187,Carrera General,Nivel General,8.5,85.0,33.36,BAJO,VERDE (ÓPTIMO),Seguimiento Regular de Aula,1. Continuar con el ritmo académico habitual. 2. Oportunidad de participación como mentor/ayudante.
STD_00188,Carrera General,Nivel General,8.6,85.0,26.44,BAJO,VERDE (ÓPTIMO),Seguimiento Regular de Aula,1. Continuar con el ritmo académico habitual. 2. Oportunidad de participación como mentor/ayudante.
STD_00188,Carrera General,Nivel General,6.0,85.0,82.98,ALTO,ROJO (CRÍTICO),Tutoría Académica Obligatoria y Derivación a Bienestar Estudiantil,1. Sesión tutorial individual semanal. 2. Plan de refuerzo en temas críticos. 3. Monitoreo continuo de asistencia.
STD_00188,Carrera General,Nivel General,5.1,85.0,67.83,ALTO,ROJO (CRÍTICO),Tutoría Académica Obligatoria y Derivación a Bienestar Estudiantil,1. Sesión tutorial individual semanal. 2. Plan de refuerzo en temas críticos. 3. Monitoreo continuo de asistencia.
STD_00188,Carrera General,Nivel General,5.4,85.0,85.96,ALTO,ROJO (CRÍTICO),Tutoría Académica Obligatoria y Derivación a Bienestar Estudiantil,1. Sesión tutorial individual semanal. 2. Plan de refuerzo en temas críticos. 3. Monitoreo continuo de asistencia.
STD_00188,Carrera General,Nivel General,7.8,85.0,21.62,BAJO,VERDE (ÓPTIMO),Seguimiento Regular de Aula,1. Continuar con el ritmo académico habitual. 2. Oportunidad de participación como mentor/ayudante.
STD_00188,Carrera General,Nivel General,4.6,85.0,72.2,ALTO,ROJO (CRÍTICO),Tutoría Académica Obligatoria y Derivación a Bienestar Estudiantil,1. Sesión tutorial individual semanal. 2. Plan de refuerzo en temas críticos. 3. Monitoreo continuo de asistencia.
STD_00188,Carrera General,Nivel General,4.6,85.0,87.94,ALTO,ROJO (CRÍTICO),Tutoría Académica Obligatoria y Derivación a Bienestar Estudiantil,1. Sesión tutorial individual semanal. 2. Plan de refuerzo en temas críticos. 3. Monitoreo continuo de asistencia.
STD_00188,Carrera General,Nivel General,9.0,85.0,23.11,BAJO,VERDE (ÓPTIMO),Seguimiento Regular de Aula,1. Continuar con el ritmo académico habitual. 2. Oportunidad de participación como mentor/ayudante.
STD_00189,Carrera General,Nivel General,7.7,85.0,20.62,BAJO,VERDE (ÓPTIMO),Seguimiento Regular de Aula,1. Continuar con el ritmo académico habitual. 2. Oportunidad de participación como mentor/ayudante.
STD_00189,Carrera General,Nivel General,6.4,85.0,66.63,ALTO,ROJO (CRÍTICO),Tutoría Académica Obligatoria y Derivación a Bienestar Estudiantil,1. Sesión tutorial individual semanal. 2. Plan de refuerzo en temas críticos. 3. Monitoreo continuo de asistencia.
STD_00189,Carrera General,Nivel General,8.2,85.0,19.78,BAJO,VERDE (ÓPTIMO),Seguimiento Regular de Aula,1. Continuar con el ritmo académico habitual. 2. Oportunidad de participación como mentor/ayudante.
STD_00189,Carrera General,Nivel General,8.4,85.0,11.24,BAJO,VERDE (ÓPTIMO),Seguimiento Regular de Aula,1. Continuar con el ritmo académico habitual. 2. Oportunidad de participación como mentor/ayudante.
STD_00189,Carrera General,Nivel General,9.3,85.0,19.04,BAJO,VERDE (ÓPTIMO),Seguimiento Regular de Aula,1. Continuar con el ritmo académico habitual. 2. Oportunidad de participación como mentor/ayudante.
STD_00189,Carrera General,Nivel General,4.3,85.0,77.97,ALTO,ROJO (CRÍTICO),Tutoría Académica Obligatoria y Derivación a Bienestar Estudiantil,1. Sesión tutorial individual semanal. 2. Plan de refuerzo en temas críticos. 3. Monitoreo continuo de asistencia.
STD_00189,Carrera General,Nivel General,9.8,85.0,14.79,BAJO,VERDE (ÓPTIMO),Seguimiento Regular de Aula,1. Continuar con el ritmo académico habitual. 2. Oportunidad de participación como mentor/ayudante.
STD_00189,Carrera General,Nivel General,7.1,85.0,9.85,BAJO,VERDE (ÓPTIMO),Seguimiento Regular de Aula,1. Continuar con el ritmo académico habitual. 2. Oportunidad de participación como mentor/ayudante.
STD_00190,Carrera General,Nivel General,5.4,85.0,79.94,ALTO,ROJO (CRÍTICO),Tutoría Académica Obligatoria y Derivación a Bienestar Estudiantil,1. Sesión tutorial individual semanal. 2. Plan de refuerzo en temas críticos. 3. Monitoreo continuo de asistencia.
STD_00190,Carrera General,Nivel General,7.2,85.0,5.93,BAJO,VERDE (ÓPTIMO),Seguimiento Regular de Aula,1. Continuar con el ritmo académico habitual. 2. Oportunidad de participación como mentor/ayudante.
STD_00190,Carrera General,Nivel General,8.2,85.0,23.97,BAJO,VERDE (ÓPTIMO),Seguimiento Regular de Aula,1. Continuar con el ritmo académico habitual. 2. Oportunidad de participación como mentor/ayudante.
STD_00190,Carrera General,Nivel General,5.3,85.0,61.94,ALTO,ROJO (CRÍTICO),Tutoría Académica Obligatoria y Derivación a Bienestar Estudiantil,1. Sesión tutorial individual semanal. 2. Plan de refuerzo en temas críticos. 3. Monitoreo continuo de asistencia.
STD_00190,Carrera General,Nivel General,7.3,85.0,13.28,BAJO,VERDE (ÓPTIMO),Seguimiento Regular de Aula,1. Continuar con el ritmo académico habitual. 2. Oportunidad de participación como mentor/ayudante.
STD_00190,Carrera General,Nivel General,8.6,85.0,36.84,MEDIO,AMARILLO (ADVERTENCIA),Acompañamiento Tutorial Preventivo y Talleres de Estudio,1. Entrevista de seguimiento bimensual. 2. Talleres grupales de resolución de ejercicios.
STD_00190,Carrera General,Nivel General,9.9,85.0,14.14,BAJO,VERDE (ÓPTIMO),Seguimiento Regular de Aula,1. Continuar con el ritmo académico habitual. 2. Oportunidad de participación como mentor/ayudante.
STD_00190,Carrera General,Nivel General,9.3,85.0,4.41,BAJO,VERDE (ÓPTIMO),Seguimiento Regular de Aula,1. Continuar con el ritmo académico habitual. 2. Oportunidad de participación como mentor/ayudante.
STD_00191,Carrera General,Nivel General,8.8,85.0,17.51,BAJO,VERDE (ÓPTIMO),Seguimiento Regular de Aula,1. Continuar con el ritmo académico habitual. 2. Oportunidad de participación como mentor/ayudante.
STD_00191,Carrera General,Nivel General,4.9,85.0,80.66,ALTO,ROJO (CRÍTICO),Tutoría Académica Obligatoria y Derivación a Bienestar Estudiantil,1. Sesión tutorial individual semanal. 2. Plan de refuerzo en temas críticos. 3. Monitoreo continuo de asistencia.
STD_00191,Carrera General,Nivel General,7.5,85.0,7.79,BAJO,VERDE (ÓPTIMO),Seguimiento Regular de Aula,1. Continuar con el ritmo académico habitual. 2. Oportunidad de participación como mentor/ayudante.
STD_00191,Carrera General,Nivel General,9.2,85.0,21.72,BAJO,VERDE (ÓPTIMO),Seguimiento Regular de Aula,1. Continuar con el ritmo académico habitual. 2. Oportunidad de participación como mentor/ayudante.
STD_00191,Carrera General,Nivel General,8.0,85.0,27.99,BAJO,VERDE (ÓPTIMO),Seguimiento Regular de Aula,1. Continuar con el ritmo académico habitual. 2. Oportunidad de participación como mentor/ayudante.
STD_00191,Carrera General,Nivel General,8.0,85.0,8.7,BAJO,VERDE (ÓPTIMO),Seguimiento Regular de Aula,1. Continuar con el ritmo académico habitual. 2. Oportunidad de participación como mentor/ayudante.
STD_00191,Carrera General,Nivel General,4.3,85.0,85.88,ALTO,ROJO (CRÍTICO),Tutoría Académica Obligatoria y Derivación a Bienestar Estudiantil,1. Sesión tutorial individual semanal. 2. Plan de refuerzo en temas críticos. 3. Monitoreo continuo de asistencia.
STD_00191,Carrera General,Nivel General,5.6,85.0,71.61,ALTO,ROJO (CRÍTICO),Tutoría Académica Obligatoria y Derivación a Bienestar Estudiantil,1. Sesión tutorial individual semanal. 2. Plan de refuerzo en temas críticos. 3. Monitoreo continuo de asistencia.
STD_00192,Carrera General,Nivel General,7.4,85.0,14.73,BAJO,VERDE (ÓPTIMO),Seguimiento Regular de Aula,1. Continuar con el ritmo académico habitual. 2. Oportunidad de participación como mentor/ayudante.
STD_00192,Carrera General,Nivel General,7.1,85.0,26.81,BAJO,VERDE (ÓPTIMO),Seguimiento Regular de Aula,1. Continuar con el ritmo académico habitual. 2. Oportunidad de participación como mentor/ayudante.
STD_00192,Carrera General,Nivel General,5.1,85.0,80.02,ALTO,ROJO (CRÍTICO),Tutoría Académica Obligatoria y Derivación a Bienestar Estudiantil,1. Sesión tutorial individual semanal. 2. Plan de refuerzo en temas críticos. 3. Monitoreo continuo de asistencia.
STD_00192,Carrera General,Nivel General,6.6,85.0,84.71,ALTO,ROJO (CRÍTICO),Tutoría Académica Obligatoria y Derivación a Bienestar Estudiantil,1. Sesión tutorial individual semanal. 2. Plan de refuerzo en temas críticos. 3. Monitoreo continuo de asistencia.
STD_00192,Carrera General,Nivel General,7.7,85.0,14.07,BAJO,VERDE (ÓPTIMO),Seguimiento Regular de Aula,1. Continuar con el ritmo académico habitual. 2. Oportunidad de participación como mentor/ayudante.
STD_00192,Carrera General,Nivel General,4.8,85.0,76.8,ALTO,ROJO (CRÍTICO),Tutoría Académica Obligatoria y Derivación a Bienestar Estudiantil,1. Sesión tutorial individual semanal. 2. Plan de refuerzo en temas críticos. 3. Monitoreo continuo de asistencia.
STD_00192,Carrera General,Nivel General,4.5,85.0,65.15,ALTO,ROJO (CRÍTICO),Tutoría Académica Obligatoria y Derivación a Bienestar Estudiantil,1. Sesión tutorial individual semanal. 2. Plan de refuerzo en temas críticos. 3. Monitoreo continuo de asistencia.
STD_00192,Carrera General,Nivel General,5.1,85.0,54.08,ALTO,ROJO (CRÍTICO),Tutoría Académica Obligatoria y Derivación a Bienestar Estudiantil,1. Sesión tutorial individual semanal. 2. Plan de refuerzo en temas críticos. 3. Monitoreo continuo de asistencia.
STD_00193,Carrera General,Nivel General,11.0,85.0,15.09,BAJO,VERDE (ÓPTIMO),Seguimiento Regular de Aula,1. Continuar con el ritmo académico habitual. 2. Oportunidad de participación como mentor/ayudante.
STD_00193,Carrera General,Nivel General,8.1,85.0,26.42,BAJO,VERDE (ÓPTIMO),Seguimiento Regular de Aula,1. Continuar con el ritmo académico habitual. 2. Oportunidad de participación como mentor/ayudante.
STD_00193,Carrera General,Nivel General,4.9,85.0,90.53,ALTO,ROJO (CRÍTICO),Tutoría Académica Obligatoria y Derivación a Bienestar Estudiantil,1. Sesión tutorial individual semanal. 2. Plan de refuerzo en temas críticos. 3. Monitoreo continuo de asistencia.
STD_00193,Carrera General,Nivel General,5.1,85.0,81.97,ALTO,ROJO (CRÍTICO),Tutoría Académica Obligatoria y Derivación a Bienestar Estudiantil,1. Sesión tutorial individual semanal. 2. Plan de refuerzo en temas críticos. 3. Monitoreo continuo de asistencia.
STD_00193,Carrera General,Nivel General,5.9,85.0,74.79,ALTO,ROJO (CRÍTICO),Tutoría Académica Obligatoria y Derivación a Bienestar Estudiantil,1. Sesión tutorial individual semanal. 2. Plan de refuerzo en temas críticos. 3. Monitoreo continuo de asistencia.
STD_00193,Carrera General,Nivel General,5.2,85.0,76.52,ALTO,ROJO (CRÍTICO),Tutoría Académica Obligatoria y Derivación a Bienestar Estudiantil,1. Sesión tutorial individual semanal. 2. Plan de refuerzo en temas críticos. 3. Monitoreo continuo de asistencia.
STD_00193,Carrera General,Nivel General,6.9,85.0,83.86,ALTO,ROJO (CRÍTICO),Tutoría Académica Obligatoria y Derivación a Bienestar Estudiantil,1. Sesión tutorial individual semanal. 2. Plan de refuerzo en temas críticos. 3. Monitoreo continuo de asistencia.
STD_00193,Carrera General,Nivel General,9.0,85.0,9.45,BAJO,VERDE (ÓPTIMO),Seguimiento Regular de Aula,1. Continuar con el ritmo académico habitual. 2. Oportunidad de participación como mentor/ayudante.
STD_00194,Carrera General,Nivel General,6.4,85.0,86.34,ALTO,ROJO (CRÍTICO),Tutoría Académica Obligatoria y Derivación a Bienestar Estudiantil,1. Sesión tutorial individual semanal. 2. Plan de refuerzo en temas críticos. 3. Monitoreo continuo de asistencia.
STD_00194,Carrera General,Nivel General,9.1,85.0,14.35,BAJO,VERDE (ÓPTIMO),Seguimiento Regular de Aula,1. Continuar con el ritmo académico habitual. 2. Oportunidad de participación como mentor/ayudante.
STD_00194,Carrera General,Nivel General,6.2,85.0,85.95,ALTO,ROJO (CRÍTICO),Tutoría Académica Obligatoria y Derivación a Bienestar Estudiantil,1. Sesión tutorial individual semanal. 2. Plan de refuerzo en temas críticos. 3. Monitoreo continuo de asistencia.
STD_00194,Carrera General,Nivel General,5.2,85.0,89.75,ALTO,ROJO (CRÍTICO),Tutoría Académica Obligatoria y Derivación a Bienestar Estudiantil,1. Sesión tutorial individual semanal. 2. Plan de refuerzo en temas críticos. 3. Monitoreo continuo de asistencia.
STD_00194,Carrera General,Nivel General,5.7,85.0,80.01,ALTO,ROJO (CRÍTICO),Tutoría Académica Obligatoria y Derivación a Bienestar Estudiantil,1. Sesión tutorial individual semanal. 2. Plan de refuerzo en temas críticos. 3. Monitoreo continuo de asistencia.
STD_00194,Carrera General,Nivel General,7.0,85.0,25.86,BAJO,VERDE (ÓPTIMO),Seguimiento Regular de Aula,1. Continuar con el ritmo académico habitual. 2. Oportunidad de participación como mentor/ayudante.
STD_00194,Carrera General,Nivel General,6.5,85.0,83.6,ALTO,ROJO (CRÍTICO),Tutoría Académica Obligatoria y Derivación a Bienestar Estudiantil,1. Sesión tutorial individual semanal. 2. Plan de refuerzo en temas críticos. 3. Monitoreo continuo de asistencia.
STD_00194,Carrera General,Nivel General,9.2,85.0,21.27,BAJO,VERDE (ÓPTIMO),Seguimiento Regular de Aula,1. Continuar con el ritmo académico habitual. 2. Oportunidad de participación como mentor/ayudante.
STD_00195,Carrera General,Nivel General,5.8,85.0,87.93,ALTO,ROJO (CRÍTICO),Tutoría Académica Obligatoria y Derivación a Bienestar Estudiantil,1. Sesión tutorial individual semanal. 2. Plan de refuerzo en temas críticos. 3. Monitoreo continuo de asistencia.
STD_00195,Carrera General,Nivel General,8.7,85.0,21.36,BAJO,VERDE (ÓPTIMO),Seguimiento Regular de Aula,1. Continuar con el ritmo académico habitual. 2. Oportunidad de participación como mentor/ayudante.
STD_00195,Carrera General,Nivel General,6.8,85.0,77.85,ALTO,ROJO (CRÍTICO),Tutoría Académica Obligatoria y Derivación a Bienestar Estudiantil,1. Sesión tutorial individual semanal. 2. Plan de refuerzo en temas críticos. 3. Monitoreo continuo de asistencia.
STD_00195,Carrera General,Nivel General,4.4,85.0,88.95,ALTO,ROJO (CRÍTICO),Tutoría Académica Obligatoria y Derivación a Bienestar Estudiantil,1. Sesión tutorial individual semanal. 2. Plan de refuerzo en temas críticos. 3. Monitoreo continuo de asistencia.
STD_00195,Carrera General,Nivel General,4.6,85.0,79.4,ALTO,ROJO (CRÍTICO),Tutoría Académica Obligatoria y Derivación a Bienestar Estudiantil,1. Sesión tutorial individual semanal. 2. Plan de refuerzo en temas críticos. 3. Monitoreo continuo de asistencia.
STD_00195,Carrera General,Nivel General,8.2,85.0,39.67,MEDIO,AMARILLO (ADVERTENCIA),Acompañamiento Tutorial Preventivo y Talleres de Estudio,1. Entrevista de seguimiento bimensual. 2. Talleres grupales de resolución de ejercicios.
STD_00195,Carrera General,Nivel General,4.8,85.0,90.07,ALTO,ROJO (CRÍTICO),Tutoría Académica Obligatoria y Derivación a Bienestar Estudiantil,1. Sesión tutorial individual semanal. 2. Plan de refuerzo en temas críticos. 3. Monitoreo continuo de asistencia.
STD_00195,Carrera General,Nivel General,4.2,85.0,80.81,ALTO,ROJO (CRÍTICO),Tutoría Académica Obligatoria y Derivación a Bienestar Estudiantil,1. Sesión tutorial individual semanal. 2. Plan de refuerzo en temas críticos. 3. Monitoreo continuo de asistencia.
STD_00196,Carrera General,Nivel General,4.9,85.0,89.2,ALTO,ROJO (CRÍTICO),Tutoría Académica Obligatoria y Derivación a Bienestar Estudiantil,1. Sesión tutorial individual semanal. 2. Plan de refuerzo en temas críticos. 3. Monitoreo continuo de asistencia.
STD_00196,Carrera General,Nivel General,9.1,85.0,19.18,BAJO,VERDE (ÓPTIMO),Seguimiento Regular de Aula,1. Continuar con el ritmo académico habitual. 2. Oportunidad de participación como mentor/ayudante.
STD_00196,Carrera General,Nivel General,8.7,85.0,36.47,MEDIO,AMARILLO (ADVERTENCIA),Acompañamiento Tutorial Preventivo y Talleres de Estudio,1. Entrevista de seguimiento bimensual. 2. Talleres grupales de resolución de ejercicios.
STD_00196,Carrera General,Nivel General,7.3,85.0,18.71,BAJO,VERDE (ÓPTIMO),Seguimiento Regular de Aula,1. Continuar con el ritmo académico habitual. 2. Oportunidad de participación como mentor/ayudante.
STD_00196,Carrera General,Nivel General,6.1,85.0,72.12,ALTO,ROJO (CRÍTICO),Tutoría Académica Obligatoria y Derivación a Bienestar Estudiantil,1. Sesión tutorial individual semanal. 2. Plan de refuerzo en temas críticos. 3. Monitoreo continuo de asistencia.
STD_00196,Carrera General,Nivel General,6.2,85.0,78.89,ALTO,ROJO (CRÍTICO),Tutoría Académica Obligatoria y Derivación a Bienestar Estudiantil,1. Sesión tutorial individual semanal. 2. Plan de refuerzo en temas críticos. 3. Monitoreo continuo de asistencia.
STD_00196,Carrera General,Nivel General,6.1,85.0,69.49,ALTO,ROJO (CRÍTICO),Tutoría Académica Obligatoria y Derivación a Bienestar Estudiantil,1. Sesión tutorial individual semanal. 2. Plan de refuerzo en temas críticos. 3. Monitoreo continuo de asistencia.
STD_00196,Carrera General,Nivel General,7.0,85.0,22.79,BAJO,VERDE (ÓPTIMO),Seguimiento Regular de Aula,1. Continuar con el ritmo académico habitual. 2. Oportunidad de participación como mentor/ayudante.
STD_00197,Carrera General,Nivel General,8.7,85.0,28.52,BAJO,VERDE (ÓPTIMO),Seguimiento Regular de Aula,1. Continuar con el ritmo académico habitual. 2. Oportunidad de participación como mentor/ayudante.
STD_00197,Carrera General,Nivel General,6.8,85.0,81.69,ALTO,ROJO (CRÍTICO),Tutoría Académica Obligatoria y Derivación a Bienestar Estudiantil,1. Sesión tutorial individual semanal. 2. Plan de refuerzo en temas críticos. 3. Monitoreo continuo de asistencia.
STD_00197,Carrera General,Nivel General,8.0,85.0,18.65,BAJO,VERDE (ÓPTIMO),Seguimiento Regular de Aula,1. Continuar con el ritmo académico habitual. 2. Oportunidad de participación como mentor/ayudante.
STD_00197,Carrera General,Nivel General,5.9,85.0,78.91,ALTO,ROJO (CRÍTICO),Tutoría Académica Obligatoria y Derivación a Bienestar Estudiantil,1. Sesión tutorial individual semanal. 2. Plan de refuerzo en temas críticos. 3. Monitoreo continuo de asistencia.
STD_00197,Carrera General,Nivel General,5.9,85.0,72.93,ALTO,ROJO (CRÍTICO),Tutoría Académica Obligatoria y Derivación a Bienestar Estudiantil,1. Sesión tutorial individual semanal. 2. Plan de refuerzo en temas críticos. 3. Monitoreo continuo de asistencia.
STD_00197,Carrera General,Nivel General,8.0,85.0,14.26,BAJO,VERDE (ÓPTIMO),Seguimiento Regular de Aula,1. Continuar con el ritmo académico habitual. 2. Oportunidad de participación como mentor/ayudante.
STD_00197,Carrera General,Nivel General,7.7,85.0,7.79,BAJO,VERDE (ÓPTIMO),Seguimiento Regular de Aula,1. Continuar con el ritmo académico habitual. 2. Oportunidad de participación como mentor/ayudante.
STD_00197,Carrera General,Nivel General,8.4,85.0,8.76,BAJO,VERDE (ÓPTIMO),Seguimiento Regular de Aula,1. Continuar con el ritmo académico habitual. 2. Oportunidad de participación como mentor/ayudante.
STD_00198,Carrera General,Nivel General,7.3,85.0,21.37,BAJO,VERDE (ÓPTIMO),Seguimiento Regular de Aula,1. Continuar con el ritmo académico habitual. 2. Oportunidad de participación como mentor/ayudante.
STD_00198,Carrera General,Nivel General,4.4,85.0,71.02,ALTO,ROJO (CRÍTICO),Tutoría Académica Obligatoria y Derivación a Bienestar Estudiantil,1. Sesión tutorial individual semanal. 2. Plan de refuerzo en temas críticos. 3. Monitoreo continuo de asistencia.
STD_00198,Carrera General,Nivel General,8.8,85.0,14.81,BAJO,VERDE (ÓPTIMO),Seguimiento Regular de Aula,1. Continuar con el ritmo académico habitual. 2. Oportunidad de participación como mentor/ayudante.
STD_00198,Carrera General,Nivel General,5.9,85.0,78.75,ALTO,ROJO (CRÍTICO),Tutoría Académica Obligatoria y Derivación a Bienestar Estudiantil,1. Sesión tutorial individual semanal. 2. Plan de refuerzo en temas críticos. 3. Monitoreo continuo de asistencia.
STD_00198,Carrera General,Nivel General,9.9,85.0,11.41,BAJO,VERDE (ÓPTIMO),Seguimiento Regular de Aula,1. Continuar con el ritmo académico habitual. 2. Oportunidad de participación como mentor/ayudante.
STD_00198,Carrera General,Nivel General,9.2,85.0,19.5,BAJO,VERDE (ÓPTIMO),Seguimiento Regular de Aula,1. Continuar con el ritmo académico habitual. 2. Oportunidad de participación como mentor/ayudante.
STD_00198,Carrera General,Nivel General,9.3,85.0,7.32,BAJO,VERDE (ÓPTIMO),Seguimiento Regular de Aula,1. Continuar con el ritmo académico habitual. 2. Oportunidad de participación como mentor/ayudante.
STD_00198,Carrera General,Nivel General,9.3,85.0,7.55,BAJO,VERDE (ÓPTIMO),Seguimiento Regular de Aula,1. Continuar con el ritmo académico habitual. 2. Oportunidad de participación como mentor/ayudante.
STD_00199,Carrera General,Nivel General,6.2,85.0,82.53,ALTO,ROJO (CRÍTICO),Tutoría Académica Obligatoria y Derivación a Bienestar Estudiantil,1. Sesión tutorial individual semanal. 2. Plan de refuerzo en temas críticos. 3. Monitoreo continuo de asistencia.
STD_00199,Carrera General,Nivel General,4.5,85.0,75.95,ALTO,ROJO (CRÍTICO),Tutoría Académica Obligatoria y Derivación a Bienestar Estudiantil,1. Sesión tutorial individual semanal. 2. Plan de refuerzo en temas críticos. 3. Monitoreo continuo de asistencia.
STD_00199,Carrera General,Nivel General,8.2,85.0,14.37,BAJO,VERDE (ÓPTIMO),Seguimiento Regular de Aula,1. Continuar con el ritmo académico habitual. 2. Oportunidad de participación como mentor/ayudante.
STD_00199,Carrera General,Nivel General,9.2,85.0,22.6,BAJO,VERDE (ÓPTIMO),Seguimiento Regular de Aula,1. Continuar con el ritmo académico habitual. 2. Oportunidad de participación como mentor/ayudante.
STD_00199,Carrera General,Nivel General,6.8,85.0,79.13,ALTO,ROJO (CRÍTICO),Tutoría Académica Obligatoria y Derivación a Bienestar Estudiantil,1. Sesión tutorial individual semanal. 2. Plan de refuerzo en temas críticos. 3. Monitoreo continuo de asistencia.
STD_00199,Carrera General,Nivel General,7.9,85.0,25.06,BAJO,VERDE (ÓPTIMO),Seguimiento Regular de Aula,1. Continuar con el ritmo académico habitual. 2. Oportunidad de participación como mentor/ayudante.
STD_00199,Carrera General,Nivel General,8.5,85.0,31.1,BAJO,VERDE (ÓPTIMO),Seguimiento Regular de Aula,1. Continuar con el ritmo académico habitual. 2. Oportunidad de participación como mentor/ayudante.
STD_00199,Carrera General,Nivel General,6.3,85.0,59.78,MEDIO,AMARILLO (ADVERTENCIA),Acompañamiento Tutorial Preventivo y Talleres de Estudio,1. Entrevista de seguimiento bimensual. 2. Talleres grupales de resolución de ejercicios.
STD_00200,Carrera General,Nivel General,6.5,85.0,74.88,ALTO,ROJO (CRÍTICO),Tutoría Académica Obligatoria y Derivación a Bienestar Estudiantil,1. Sesión tutorial individual semanal. 2. Plan de refuerzo en temas críticos. 3. Monitoreo continuo de asistencia.
STD_00200,Carrera General,Nivel General,6.8,85.0,71.15,ALTO,ROJO (CRÍTICO),Tutoría Académica Obligatoria y Derivación a Bienestar Estudiantil,1. Sesión tutorial individual semanal. 2. Plan de refuerzo en temas críticos. 3. Monitoreo continuo de asistencia.
STD_00200,Carrera General,Nivel General,4.6,85.0,50.44,ALTO,ROJO (CRÍTICO),Tutoría Académica Obligatoria y Derivación a Bienestar Estudiantil,1. Sesión tutorial individual semanal. 2. Plan de refuerzo en temas críticos. 3. Monitoreo continuo de asistencia.
STD_00200,Carrera General,Nivel General,5.5,85.0,79.11,ALTO,ROJO (CRÍTICO),Tutoría Académica Obligatoria y Derivación a Bienestar Estudiantil,1. Sesión tutorial individual semanal. 2. Plan de refuerzo en temas críticos. 3. Monitoreo continuo de asistencia.
STD_00200,Carrera General,Nivel General,7.7,85.0,36.54,MEDIO,AMARILLO (ADVERTENCIA),Acompañamiento Tutorial Preventivo y Talleres de Estudio,1. Entrevista de seguimiento bimensual. 2. Talleres grupales de resolución de ejercicios.
STD_00200,Carrera General,Nivel General,7.1,85.0,22.95,BAJO,VERDE (ÓPTIMO),Seguimiento Regular de Aula,1. Continuar con el ritmo académico habitual. 2. Oportunidad de participación como mentor/ayudante.
STD_00200,Carrera General,Nivel General,5.9,85.0,73.71,ALTO,ROJO (CRÍTICO),Tutoría Académica Obligatoria y Derivación a Bienestar Estudiantil,1. Sesión tutorial individual semanal. 2. Plan de refuerzo en temas críticos. 3. Monitoreo continuo de asistencia.
STD_00200,Carrera General,Nivel General,9.6,85.0,20.73,BAJO,VERDE (ÓPTIMO),Seguimiento Regular de Aula,1. Continuar con el ritmo académico habitual. 2. Oportunidad de participación como mentor/ayudante.
STD_00201,Carrera General,Nivel General,9.3,85.0,18.95,BAJO,VERDE (ÓPTIMO),Seguimiento Regular de Aula,1. Continuar con el ritmo académico habitual. 2. Oportunidad de participación como mentor/ayudante.
STD_00201,Carrera General,Nivel General,6.7,85.0,85.94,ALTO,ROJO (CRÍTICO),Tutoría Académica Obligatoria y Derivación a Bienestar Estudiantil,1. Sesión tutorial individual semanal. 2. Plan de refuerzo en temas críticos. 3. Monitoreo continuo de asistencia.
STD_00201,Carrera General,Nivel General,11.0,85.0,29.34,BAJO,VERDE (ÓPTIMO),Seguimiento Regular de Aula,1. Continuar con el ritmo académico habitual. 2. Oportunidad de participación como mentor/ayudante.
STD_00201,Carrera General,Nivel General,4.9,85.0,70.35,ALTO,ROJO (CRÍTICO),Tutoría Académica Obligatoria y Derivación a Bienestar Estudiantil,1. Sesión tutorial individual semanal. 2. Plan de refuerzo en temas críticos. 3. Monitoreo continuo de asistencia.
STD_00201,Carrera General,Nivel General,6.8,85.0,76.62,ALTO,ROJO (CRÍTICO),Tutoría Académica Obligatoria y Derivación a Bienestar Estudiantil,1. Sesión tutorial individual semanal. 2. Plan de refuerzo en temas críticos. 3. Monitoreo continuo de asistencia.
STD_00201,Carrera General,Nivel General,8.6,85.0,27.04,BAJO,VERDE (ÓPTIMO),Seguimiento Regular de Aula,1. Continuar con el ritmo académico habitual. 2. Oportunidad de participación como mentor/ayudante.
STD_00201,Carrera General,Nivel General,8.9,85.0,21.81,BAJO,VERDE (ÓPTIMO),Seguimiento Regular de Aula,1. Continuar con el ritmo académico habitual. 2. Oportunidad de participación como mentor/ayudante.
STD_00201,Carrera General,Nivel General,5.5,85.0,65.43,ALTO,ROJO (CRÍTICO),Tutoría Académica Obligatoria y Derivación a Bienestar Estudiantil,1. Sesión tutorial individual semanal. 2. Plan de refuerzo en temas críticos. 3. Monitoreo continuo de asistencia.
STD_00202,Carrera General,Nivel General,8.5,85.0,9.6,BAJO,VERDE (ÓPTIMO),Seguimiento Regular de Aula,1. Continuar con el ritmo académico habitual. 2. Oportunidad de participación como mentor/ayudante.
STD_00202,Carrera General,Nivel General,5.2,85.0,71.2,ALTO,ROJO (CRÍTICO),Tutoría Académica Obligatoria y Derivación a Bienestar Estudiantil,1. Sesión tutorial individual semanal. 2. Plan de refuerzo en temas críticos. 3. Monitoreo continuo de asistencia.
STD_00202,Carrera General,Nivel General,7.5,85.0,7.86,BAJO,VERDE (ÓPTIMO),Seguimiento Regular de Aula,1. Continuar con el ritmo académico habitual. 2. Oportunidad de participación como mentor/ayudante.
STD_00202,Carrera General,Nivel General,8.5,85.0,11.25,BAJO,VERDE (ÓPTIMO),Seguimiento Regular de Aula,1. Continuar con el ritmo académico habitual. 2. Oportunidad de participación como mentor/ayudante.
STD_00202,Carrera General,Nivel General,7.5,85.0,12.85,BAJO,VERDE (ÓPTIMO),Seguimiento Regular de Aula,1. Continuar con el ritmo académico habitual. 2. Oportunidad de participación como mentor/ayudante.
STD_00202,Carrera General,Nivel General,7.0,85.0,14.44,BAJO,VERDE (ÓPTIMO),Seguimiento Regular de Aula,1. Continuar con el ritmo académico habitual. 2. Oportunidad de participación como mentor/ayudante.
STD_00202,Carrera General,Nivel General,7.3,85.0,20.19,BAJO,VERDE (ÓPTIMO),Seguimiento Regular de Aula,1. Continuar con el ritmo académico habitual. 2. Oportunidad de participación como mentor/ayudante.
STD_00202,Carrera General,Nivel General,11.0,85.0,13.76,BAJO,VERDE (ÓPTIMO),Seguimiento Regular de Aula,1. Continuar con el ritmo académico habitual. 2. Oportunidad de participación como mentor/ayudante.
STD_00203,Carrera General,Nivel General,5.8,85.0,85.57,ALTO,ROJO (CRÍTICO),Tutoría Académica Obligatoria y Derivación a Bienestar Estudiantil,1. Sesión tutorial individual semanal. 2. Plan de refuerzo en temas críticos. 3. Monitoreo continuo de asistencia.
STD_00203,Carrera General,Nivel General,8.1,85.0,20.43,BAJO,VERDE (ÓPTIMO),Seguimiento Regular de Aula,1. Continuar con el ritmo académico habitual. 2. Oportunidad de participación como mentor/ayudante.
STD_00203,Carrera General,Nivel General,9.2,85.0,6.08,BAJO,VERDE (ÓPTIMO),Seguimiento Regular de Aula,1. Continuar con el ritmo académico habitual. 2. Oportunidad de participación como mentor/ayudante.
STD_00203,Carrera General,Nivel General,5.2,85.0,73.74,ALTO,ROJO (CRÍTICO),Tutoría Académica Obligatoria y Derivación a Bienestar Estudiantil,1. Sesión tutorial individual semanal. 2. Plan de refuerzo en temas críticos. 3. Monitoreo continuo de asistencia.
STD_00203,Carrera General,Nivel General,7.0,85.0,6.74,BAJO,VERDE (ÓPTIMO),Seguimiento Regular de Aula,1. Continuar con el ritmo académico habitual. 2. Oportunidad de participación como mentor/ayudante.
STD_00203,Carrera General,Nivel General,4.2,85.0,75.88,ALTO,ROJO (CRÍTICO),Tutoría Académica Obligatoria y Derivación a Bienestar Estudiantil,1. Sesión tutorial individual semanal. 2. Plan de refuerzo en temas críticos. 3. Monitoreo continuo de asistencia.
STD_00203,Carrera General,Nivel General,7.9,85.0,18.4,BAJO,VERDE (ÓPTIMO),Seguimiento Regular de Aula,1. Continuar con el ritmo académico habitual. 2. Oportunidad de participación como mentor/ayudante.
STD_00203,Carrera General,Nivel General,9.4,85.0,25.49,BAJO,VERDE (ÓPTIMO),Seguimiento Regular de Aula,1. Continuar con el ritmo académico habitual. 2. Oportunidad de participación como mentor/ayudante.
STD_00204,Carrera General,Nivel General,6.1,85.0,74.77,ALTO,ROJO (CRÍTICO),Tutoría Académica Obligatoria y Derivación a Bienestar Estudiantil,1. Sesión tutorial individual semanal. 2. Plan de refuerzo en temas críticos. 3. Monitoreo continuo de asistencia.
STD_00204,Carrera General,Nivel General,4.0,85.0,80.2,ALTO,ROJO (CRÍTICO),Tutoría Académica Obligatoria y Derivación a Bienestar Estudiantil,1. Sesión tutorial individual semanal. 2. Plan de refuerzo en temas críticos. 3. Monitoreo continuo de asistencia.
STD_00204,Carrera General,Nivel General,7.3,85.0,23.12,BAJO,VERDE (ÓPTIMO),Seguimiento Regular de Aula,1. Continuar con el ritmo académico habitual. 2. Oportunidad de participación como mentor/ayudante.
STD_00204,Carrera General,Nivel General,7.9,85.0,21.03,BAJO,VERDE (ÓPTIMO),Seguimiento Regular de Aula,1. Continuar con el ritmo académico habitual. 2. Oportunidad de participación como mentor/ayudante.
STD_00204,Carrera General,Nivel General,6.5,85.0,73.99,ALTO,ROJO (CRÍTICO),Tutoría Académica Obligatoria y Derivación a Bienestar Estudiantil,1. Sesión tutorial individual semanal. 2. Plan de refuerzo en temas críticos. 3. Monitoreo continuo de asistencia.
STD_00204,Carrera General,Nivel General,9.2,85.0,9.4,BAJO,VERDE (ÓPTIMO),Seguimiento Regular de Aula,1. Continuar con el ritmo académico habitual. 2. Oportunidad de participación como mentor/ayudante.
STD_00204,Carrera General,Nivel General,5.4,85.0,77.24,ALTO,ROJO (CRÍTICO),Tutoría Académica Obligatoria y Derivación a Bienestar Estudiantil,1. Sesión tutorial individual semanal. 2. Plan de refuerzo en temas críticos. 3. Monitoreo continuo de asistencia.
STD_00204,Carrera General,Nivel General,4.6,85.0,77.23,ALTO,ROJO (CRÍTICO),Tutoría Académica Obligatoria y Derivación a Bienestar Estudiantil,1. Sesión tutorial individual semanal. 2. Plan de refuerzo en temas críticos. 3. Monitoreo continuo de asistencia.
STD_00205,Carrera General,Nivel General,9.8,85.0,22.68,BAJO,VERDE (ÓPTIMO),Seguimiento Regular de Aula,1. Continuar con el ritmo académico habitual. 2. Oportunidad de participación como mentor/ayudante.
STD_00205,Carrera General,Nivel General,4.7,85.0,62.98,ALTO,ROJO (CRÍTICO),Tutoría Académica Obligatoria y Derivación a Bienestar Estudiantil,1. Sesión tutorial individual semanal. 2. Plan de refuerzo en temas críticos. 3. Monitoreo continuo de asistencia.
STD_00205,Carrera General,Nivel General,7.9,85.0,13.16,BAJO,VERDE (ÓPTIMO),Seguimiento Regular de Aula,1. Continuar con el ritmo académico habitual. 2. Oportunidad de participación como mentor/ayudante.
STD_00205,Carrera General,Nivel General,4.5,85.0,62.88,ALTO,ROJO (CRÍTICO),Tutoría Académica Obligatoria y Derivación a Bienestar Estudiantil,1. Sesión tutorial individual semanal. 2. Plan de refuerzo en temas críticos. 3. Monitoreo continuo de asistencia.
STD_00205,Carrera General,Nivel General,5.0,85.0,77.17,ALTO,ROJO (CRÍTICO),Tutoría Académica Obligatoria y Derivación a Bienestar Estudiantil,1. Sesión tutorial individual semanal. 2. Plan de refuerzo en temas críticos. 3. Monitoreo continuo de asistencia.
STD_00205,Carrera General,Nivel General,8.8,85.0,25.85,BAJO,VERDE (ÓPTIMO),Seguimiento Regular de Aula,1. Continuar con el ritmo académico habitual. 2. Oportunidad de participación como mentor/ayudante.
STD_00205,Carrera General,Nivel General,9.9,85.0,16.7,BAJO,VERDE (ÓPTIMO),Seguimiento Regular de Aula,1. Continuar con el ritmo académico habitual. 2. Oportunidad de participación como mentor/ayudante.
STD_00205,Carrera General,Nivel General,7.6,85.0,11.35,BAJO,VERDE (ÓPTIMO),Seguimiento Regular de Aula,1. Continuar con el ritmo académico habitual. 2. Oportunidad de participación como mentor/ayudante.
STD_00206,Carrera General,Nivel General,9.7,85.0,27.69,BAJO,VERDE (ÓPTIMO),Seguimiento Regular de Aula,1. Continuar con el ritmo académico habitual. 2. Oportunidad de participación como mentor/ayudante.
STD_00206,Carrera General,Nivel General,5.7,85.0,81.38,ALTO,ROJO (CRÍTICO),Tutoría Académica Obligatoria y Derivación a Bienestar Estudiantil,1. Sesión tutorial individual semanal. 2. Plan de refuerzo en temas críticos. 3. Monitoreo continuo de asistencia.
STD_00206,Carrera General,Nivel General,8.9,85.0,18.39,BAJO,VERDE (ÓPTIMO),Seguimiento Regular de Aula,1. Continuar con el ritmo académico habitual. 2. Oportunidad de participación como mentor/ayudante.
STD_00206,Carrera General,Nivel General,7.8,85.0,22.1,BAJO,VERDE (ÓPTIMO),Seguimiento Regular de Aula,1. Continuar con el ritmo académico habitual. 2. Oportunidad de participación como mentor/ayudante.
STD_00206,Carrera General,Nivel General,4.8,85.0,58.3,ALTO,ROJO (CRÍTICO),Tutoría Académica Obligatoria y Derivación a Bienestar Estudiantil,1. Sesión tutorial individual semanal. 2. Plan de refuerzo en temas críticos. 3. Monitoreo continuo de asistencia.
STD_00206,Carrera General,Nivel General,7.3,85.0,24.8,BAJO,VERDE (ÓPTIMO),Seguimiento Regular de Aula,1. Continuar con el ritmo académico habitual. 2. Oportunidad de participación como mentor/ayudante.
STD_00206,Carrera General,Nivel General,6.2,85.0,72.4,ALTO,ROJO (CRÍTICO),Tutoría Académica Obligatoria y Derivación a Bienestar Estudiantil,1. Sesión tutorial individual semanal. 2. Plan de refuerzo en temas críticos. 3. Monitoreo continuo de asistencia.
STD_00206,Carrera General,Nivel General,6.1,85.0,78.03,ALTO,ROJO (CRÍTICO),Tutoría Académica Obligatoria y Derivación a Bienestar Estudiantil,1. Sesión tutorial individual semanal. 2. Plan de refuerzo en temas críticos. 3. Monitoreo continuo de asistencia.
STD_00207,Carrera General,Nivel General,8.6,85.0,10.5,BAJO,VERDE (ÓPTIMO),Seguimiento Regular de Aula,1. Continuar con el ritmo académico habitual. 2. Oportunidad de participación como mentor/ayudante.
STD_00207,Carrera General,Nivel General,5.2,85.0,81.54,ALTO,ROJO (CRÍTICO),Tutoría Académica Obligatoria y Derivación a Bienestar Estudiantil,1. Sesión tutorial individual semanal. 2. Plan de refuerzo en temas críticos. 3. Monitoreo continuo de asistencia.
STD_00207,Carrera General,Nivel General,9.1,85.0,3.77,BAJO,VERDE (ÓPTIMO),Seguimiento Regular de Aula,1. Continuar con el ritmo académico habitual. 2. Oportunidad de participación como mentor/ayudante.
STD_00207,Carrera General,Nivel General,8.0,85.0,11.45,BAJO,VERDE (ÓPTIMO),Seguimiento Regular de Aula,1. Continuar con el ritmo académico habitual. 2. Oportunidad de participación como mentor/ayudante.
STD_00207,Carrera General,Nivel General,6.3,85.0,73.91,ALTO,ROJO (CRÍTICO),Tutoría Académica Obligatoria y Derivación a Bienestar Estudiantil,1. Sesión tutorial individual semanal. 2. Plan de refuerzo en temas críticos. 3. Monitoreo continuo de asistencia.
STD_00207,Carrera General,Nivel General,9.6,85.0,3.48,BAJO,VERDE (ÓPTIMO),Seguimiento Regular de Aula,1. Continuar con el ritmo académico habitual. 2. Oportunidad de participación como mentor/ayudante.
STD_00207,Carrera General,Nivel General,9.2,85.0,15.71,BAJO,VERDE (ÓPTIMO),Seguimiento Regular de Aula,1. Continuar con el ritmo académico habitual. 2. Oportunidad de participación como mentor/ayudante.
STD_00207,Carrera General,Nivel General,8.4,85.0,27.67,BAJO,VERDE (ÓPTIMO),Seguimiento Regular de Aula,1. Continuar con el ritmo académico habitual. 2. Oportunidad de participación como mentor/ayudante.
STD_00208,Carrera General,Nivel General,6.5,85.0,79.17,ALTO,ROJO (CRÍTICO),Tutoría Académica Obligatoria y Derivación a Bienestar Estudiantil,1. Sesión tutorial individual semanal. 2. Plan de refuerzo en temas críticos. 3. Monitoreo continuo de asistencia.
STD_00208,Carrera General,Nivel General,6.2,85.0,87.58,ALTO,ROJO (CRÍTICO),Tutoría Académica Obligatoria y Derivación a Bienestar Estudiantil,1. Sesión tutorial individual semanal. 2. Plan de refuerzo en temas críticos. 3. Monitoreo continuo de asistencia.
STD_00208,Carrera General,Nivel General,9.7,85.0,32.88,BAJO,VERDE (ÓPTIMO),Seguimiento Regular de Aula,1. Continuar con el ritmo académico habitual. 2. Oportunidad de participación como mentor/ayudante.
STD_00208,Carrera General,Nivel General,5.6,85.0,75.91,ALTO,ROJO (CRÍTICO),Tutoría Académica Obligatoria y Derivación a Bienestar Estudiantil,1. Sesión tutorial individual semanal. 2. Plan de refuerzo en temas críticos. 3. Monitoreo continuo de asistencia.
STD_00208,Carrera General,Nivel General,9.4,85.0,26.67,BAJO,VERDE (ÓPTIMO),Seguimiento Regular de Aula,1. Continuar con el ritmo académico habitual. 2. Oportunidad de participación como mentor/ayudante.
STD_00208,Carrera General,Nivel General,8.9,85.0,6.39,BAJO,VERDE (ÓPTIMO),Seguimiento Regular de Aula,1. Continuar con el ritmo académico habitual. 2. Oportunidad de participación como mentor/ayudante.
STD_00208,Carrera General,Nivel General,5.9,85.0,85.57,ALTO,ROJO (CRÍTICO),Tutoría Académica Obligatoria y Derivación a Bienestar Estudiantil,1. Sesión tutorial individual semanal. 2. Plan de refuerzo en temas críticos. 3. Monitoreo continuo de asistencia.
STD_00208,Carrera General,Nivel General,7.1,85.0,13.02,BAJO,VERDE (ÓPTIMO),Seguimiento Regular de Aula,1. Continuar con el ritmo académico habitual. 2. Oportunidad de participación como mentor/ayudante.
STD_00209,Carrera General,Nivel General,11.0,85.0,18.6,BAJO,VERDE (ÓPTIMO),Seguimiento Regular de Aula,1. Continuar con el ritmo académico habitual. 2. Oportunidad de participación como mentor/ayudante.
STD_00209,Carrera General,Nivel General,8.2,85.0,12.41,BAJO,VERDE (ÓPTIMO),Seguimiento Regular de Aula,1. Continuar con el ritmo académico habitual. 2. Oportunidad de participación como mentor/ayudante.
STD_00209,Carrera General,Nivel General,4.3,85.0,63.55,ALTO,ROJO (CRÍTICO),Tutoría Académica Obligatoria y Derivación a Bienestar Estudiantil,1. Sesión tutorial individual semanal. 2. Plan de refuerzo en temas críticos. 3. Monitoreo continuo de asistencia.
STD_00209,Carrera General,Nivel General,7.3,85.0,24.16,BAJO,VERDE (ÓPTIMO),Seguimiento Regular de Aula,1. Continuar con el ritmo académico habitual. 2. Oportunidad de participación como mentor/ayudante.
STD_00209,Carrera General,Nivel General,8.4,85.0,18.79,BAJO,VERDE (ÓPTIMO),Seguimiento Regular de Aula,1. Continuar con el ritmo académico habitual. 2. Oportunidad de participación como mentor/ayudante.
STD_00209,Carrera General,Nivel General,4.8,85.0,56.02,ALTO,ROJO (CRÍTICO),Tutoría Académica Obligatoria y Derivación a Bienestar Estudiantil,1. Sesión tutorial individual semanal. 2. Plan de refuerzo en temas críticos. 3. Monitoreo continuo de asistencia.
STD_00209,Carrera General,Nivel General,8.1,85.0,11.61,BAJO,VERDE (ÓPTIMO),Seguimiento Regular de Aula,1. Continuar con el ritmo académico habitual. 2. Oportunidad de participación como mentor/ayudante.
STD_00209,Carrera General,Nivel General,5.4,85.0,72.19,ALTO,ROJO (CRÍTICO),Tutoría Académica Obligatoria y Derivación a Bienestar Estudiantil,1. Sesión tutorial individual semanal. 2. Plan de refuerzo en temas críticos. 3. Monitoreo continuo de asistencia.
STD_00210,Carrera General,Nivel General,8.7,85.0,32.08,BAJO,VERDE (ÓPTIMO),Seguimiento Regular de Aula,1. Continuar con el ritmo académico habitual. 2. Oportunidad de participación como mentor/ayudante.
STD_00210,Carrera General,Nivel General,5.4,85.0,84.68,ALTO,ROJO (CRÍTICO),Tutoría Académica Obligatoria y Derivación a Bienestar Estudiantil,1. Sesión tutorial individual semanal. 2. Plan de refuerzo en temas críticos. 3. Monitoreo continuo de asistencia.
STD_00210,Carrera General,Nivel General,8.0,85.0,16.45,BAJO,VERDE (ÓPTIMO),Seguimiento Regular de Aula,1. Continuar con el ritmo académico habitual. 2. Oportunidad de participación como mentor/ayudante.
STD_00210,Carrera General,Nivel General,9.8,85.0,18.86,BAJO,VERDE (ÓPTIMO),Seguimiento Regular de Aula,1. Continuar con el ritmo académico habitual. 2. Oportunidad de participación como mentor/ayudante.
STD_00210,Carrera General,Nivel General,7.9,85.0,22.07,BAJO,VERDE (ÓPTIMO),Seguimiento Regular de Aula,1. Continuar con el ritmo académico habitual. 2. Oportunidad de participación como mentor/ayudante.
STD_00210,Carrera General,Nivel General,5.5,85.0,82.72,ALTO,ROJO (CRÍTICO),Tutoría Académica Obligatoria y Derivación a Bienestar Estudiantil,1. Sesión tutorial individual semanal. 2. Plan de refuerzo en temas críticos. 3. Monitoreo continuo de asistencia.
STD_00210,Carrera General,Nivel General,5.0,85.0,82.37,ALTO,ROJO (CRÍTICO),Tutoría Académica Obligatoria y Derivación a Bienestar Estudiantil,1. Sesión tutorial individual semanal. 2. Plan de refuerzo en temas críticos. 3. Monitoreo continuo de asistencia.
STD_00210,Carrera General,Nivel General,4.6,85.0,74.74,ALTO,ROJO (CRÍTICO),Tutoría Académica Obligatoria y Derivación a Bienestar Estudiantil,1. Sesión tutorial individual semanal. 2. Plan de refuerzo en temas críticos. 3. Monitoreo continuo de asistencia.
STD_00211,Carrera General,Nivel General,9.1,85.0,19.02,BAJO,VERDE (ÓPTIMO),Seguimiento Regular de Aula,1. Continuar con el ritmo académico habitual. 2. Oportunidad de participación como mentor/ayudante.
STD_00211,Carrera General,Nivel General,6.4,85.0,70.13,ALTO,ROJO (CRÍTICO),Tutoría Académica Obligatoria y Derivación a Bienestar Estudiantil,1. Sesión tutorial individual semanal. 2. Plan de refuerzo en temas críticos. 3. Monitoreo continuo de asistencia.
STD_00211,Carrera General,Nivel General,8.2,85.0,30.79,BAJO,VERDE (ÓPTIMO),Seguimiento Regular de Aula,1. Continuar con el ritmo académico habitual. 2. Oportunidad de participación como mentor/ayudante.
STD_00211,Carrera General,Nivel General,11.0,85.0,25.27,BAJO,VERDE (ÓPTIMO),Seguimiento Regular de Aula,1. Continuar con el ritmo académico habitual. 2. Oportunidad de participación como mentor/ayudante.
STD_00211,Carrera General,Nivel General,6.2,85.0,58.38,MEDIO,AMARILLO (ADVERTENCIA),Acompañamiento Tutorial Preventivo y Talleres de Estudio,1. Entrevista de seguimiento bimensual. 2. Talleres grupales de resolución de ejercicios.
STD_00211,Carrera General,Nivel General,7.5,85.0,27.08,BAJO,VERDE (ÓPTIMO),Seguimiento Regular de Aula,1. Continuar con el ritmo académico habitual. 2. Oportunidad de participación como mentor/ayudante.
STD_00211,Carrera General,Nivel General,4.3,85.0,79.15,ALTO,ROJO (CRÍTICO),Tutoría Académica Obligatoria y Derivación a Bienestar Estudiantil,1. Sesión tutorial individual semanal. 2. Plan de refuerzo en temas críticos. 3. Monitoreo continuo de asistencia.
STD_00211,Carrera General,Nivel General,4.4,85.0,65.61,ALTO,ROJO (CRÍTICO),Tutoría Académica Obligatoria y Derivación a Bienestar Estudiantil,1. Sesión tutorial individual semanal. 2. Plan de refuerzo en temas críticos. 3. Monitoreo continuo de asistencia.
STD_00212,Carrera General,Nivel General,4.4,85.0,82.16,ALTO,ROJO (CRÍTICO),Tutoría Académica Obligatoria y Derivación a Bienestar Estudiantil,1. Sesión tutorial individual semanal. 2. Plan de refuerzo en temas críticos. 3. Monitoreo continuo de asistencia.
STD_00212,Carrera General,Nivel General,8.4,85.0,22.59,BAJO,VERDE (ÓPTIMO),Seguimiento Regular de Aula,1. Continuar con el ritmo académico habitual. 2. Oportunidad de participación como mentor/ayudante.
STD_00212,Carrera General,Nivel General,7.9,85.0,12.08,BAJO,VERDE (ÓPTIMO),Seguimiento Regular de Aula,1. Continuar con el ritmo académico habitual. 2. Oportunidad de participación como mentor/ayudante.
STD_00212,Carrera General,Nivel General,7.7,85.0,27.69,BAJO,VERDE (ÓPTIMO),Seguimiento Regular de Aula,1. Continuar con el ritmo académico habitual. 2. Oportunidad de participación como mentor/ayudante.
STD_00212,Carrera General,Nivel General,5.4,85.0,82.62,ALTO,ROJO (CRÍTICO),Tutoría Académica Obligatoria y Derivación a Bienestar Estudiantil,1. Sesión tutorial individual semanal. 2. Plan de refuerzo en temas críticos. 3. Monitoreo continuo de asistencia.
STD_00212,Carrera General,Nivel General,8.8,85.0,15.32,BAJO,VERDE (ÓPTIMO),Seguimiento Regular de Aula,1. Continuar con el ritmo académico habitual. 2. Oportunidad de participación como mentor/ayudante.
STD_00212,Carrera General,Nivel General,6.8,85.0,87.04,ALTO,ROJO (CRÍTICO),Tutoría Académica Obligatoria y Derivación a Bienestar Estudiantil,1. Sesión tutorial individual semanal. 2. Plan de refuerzo en temas críticos. 3. Monitoreo continuo de asistencia.
STD_00212,Carrera General,Nivel General,6.0,85.0,81.0,ALTO,ROJO (CRÍTICO),Tutoría Académica Obligatoria y Derivación a Bienestar Estudiantil,1. Sesión tutorial individual semanal. 2. Plan de refuerzo en temas críticos. 3. Monitoreo continuo de asistencia.
STD_00213,Carrera General,Nivel General,4.1,85.0,87.92,ALTO,ROJO (CRÍTICO),Tutoría Académica Obligatoria y Derivación a Bienestar Estudiantil,1. Sesión tutorial individual semanal. 2. Plan de refuerzo en temas críticos. 3. Monitoreo continuo de asistencia.
STD_00213,Carrera General,Nivel General,6.2,85.0,91.52,ALTO,ROJO (CRÍTICO),Tutoría Académica Obligatoria y Derivación a Bienestar Estudiantil,1. Sesión tutorial individual semanal. 2. Plan de refuerzo en temas críticos. 3. Monitoreo continuo de asistencia.
STD_00213,Carrera General,Nivel General,7.7,85.0,23.55,BAJO,VERDE (ÓPTIMO),Seguimiento Regular de Aula,1. Continuar con el ritmo académico habitual. 2. Oportunidad de participación como mentor/ayudante.
STD_00213,Carrera General,Nivel General,6.6,85.0,89.69,ALTO,ROJO (CRÍTICO),Tutoría Académica Obligatoria y Derivación a Bienestar Estudiantil,1. Sesión tutorial individual semanal. 2. Plan de refuerzo en temas críticos. 3. Monitoreo continuo de asistencia.
STD_00213,Carrera General,Nivel General,8.2,85.0,19.23,BAJO,VERDE (ÓPTIMO),Seguimiento Regular de Aula,1. Continuar con el ritmo académico habitual. 2. Oportunidad de participación como mentor/ayudante.
STD_00213,Carrera General,Nivel General,6.6,85.0,87.74,ALTO,ROJO (CRÍTICO),Tutoría Académica Obligatoria y Derivación a Bienestar Estudiantil,1. Sesión tutorial individual semanal. 2. Plan de refuerzo en temas críticos. 3. Monitoreo continuo de asistencia.
STD_00213,Carrera General,Nivel General,6.5,85.0,90.03,ALTO,ROJO (CRÍTICO),Tutoría Académica Obligatoria y Derivación a Bienestar Estudiantil,1. Sesión tutorial individual semanal. 2. Plan de refuerzo en temas críticos. 3. Monitoreo continuo de asistencia.
STD_00213,Carrera General,Nivel General,5.0,85.0,91.88,ALTO,ROJO (CRÍTICO),Tutoría Académica Obligatoria y Derivación a Bienestar Estudiantil,1. Sesión tutorial individual semanal. 2. Plan de refuerzo en temas críticos. 3. Monitoreo continuo de asistencia.
STD_00214,Carrera General,Nivel General,8.6,85.0,13.02,BAJO,VERDE (ÓPTIMO),Seguimiento Regular de Aula,1. Continuar con el ritmo académico habitual. 2. Oportunidad de participación como mentor/ayudante.
STD_00214,Carrera General,Nivel General,4.6,85.0,78.69,ALTO,ROJO (CRÍTICO),Tutoría Académica Obligatoria y Derivación a Bienestar Estudiantil,1. Sesión tutorial individual semanal. 2. Plan de refuerzo en temas críticos. 3. Monitoreo continuo de asistencia.
STD_00214,Carrera General,Nivel General,6.3,85.0,62.14,MEDIO,AMARILLO (ADVERTENCIA),Acompañamiento Tutorial Preventivo y Talleres de Estudio,1. Entrevista de seguimiento bimensual. 2. Talleres grupales de resolución de ejercicios.
STD_00214,Carrera General,Nivel General,8.0,85.0,29.84,BAJO,VERDE (ÓPTIMO),Seguimiento Regular de Aula,1. Continuar con el ritmo académico habitual. 2. Oportunidad de participación como mentor/ayudante.
STD_00214,Carrera General,Nivel General,10.0,85.0,20.2,BAJO,VERDE (ÓPTIMO),Seguimiento Regular de Aula,1. Continuar con el ritmo académico habitual. 2. Oportunidad de participación como mentor/ayudante.
STD_00214,Carrera General,Nivel General,8.5,85.0,14.16,BAJO,VERDE (ÓPTIMO),Seguimiento Regular de Aula,1. Continuar con el ritmo académico habitual. 2. Oportunidad de participación como mentor/ayudante.
STD_00214,Carrera General,Nivel General,11.0,85.0,12.8,BAJO,VERDE (ÓPTIMO),Seguimiento Regular de Aula,1. Continuar con el ritmo académico habitual. 2. Oportunidad de participación como mentor/ayudante.
STD_00214,Carrera General,Nivel General,11.0,85.0,8.84,BAJO,VERDE (ÓPTIMO),Seguimiento Regular de Aula,1. Continuar con el ritmo académico habitual. 2. Oportunidad de participación como mentor/ayudante.
STD_00215,Carrera General,Nivel General,8.1,85.0,14.16,BAJO,VERDE (ÓPTIMO),Seguimiento Regular de Aula,1. Continuar con el ritmo académico habitual. 2. Oportunidad de participación como mentor/ayudante.
STD_00215,Carrera General,Nivel General,6.9,85.0,75.43,ALTO,ROJO (CRÍTICO),Tutoría Académica Obligatoria y Derivación a Bienestar Estudiantil,1. Sesión tutorial individual semanal. 2. Plan de refuerzo en temas críticos. 3. Monitoreo continuo de asistencia.
STD_00215,Carrera General,Nivel General,9.6,85.0,10.5,BAJO,VERDE (ÓPTIMO),Seguimiento Regular de Aula,1. Continuar con el ritmo académico habitual. 2. Oportunidad de participación como mentor/ayudante.
STD_00215,Carrera General,Nivel General,9.3,85.0,23.43,BAJO,VERDE (ÓPTIMO),Seguimiento Regular de Aula,1. Continuar con el ritmo académico habitual. 2. Oportunidad de participación como mentor/ayudante.
STD_00215,Carrera General,Nivel General,6.8,85.0,75.45,ALTO,ROJO (CRÍTICO),Tutoría Académica Obligatoria y Derivación a Bienestar Estudiantil,1. Sesión tutorial individual semanal. 2. Plan de refuerzo en temas críticos. 3. Monitoreo continuo de asistencia.
STD_00215,Carrera General,Nivel General,9.7,85.0,17.56,BAJO,VERDE (ÓPTIMO),Seguimiento Regular de Aula,1. Continuar con el ritmo académico habitual. 2. Oportunidad de participación como mentor/ayudante.
STD_00215,Carrera General,Nivel General,5.0,85.0,77.01,ALTO,ROJO (CRÍTICO),Tutoría Académica Obligatoria y Derivación a Bienestar Estudiantil,1. Sesión tutorial individual semanal. 2. Plan de refuerzo en temas críticos. 3. Monitoreo continuo de asistencia.
STD_00215,Carrera General,Nivel General,9.6,85.0,17.34,BAJO,VERDE (ÓPTIMO),Seguimiento Regular de Aula,1. Continuar con el ritmo académico habitual. 2. Oportunidad de participación como mentor/ayudante.
STD_00216,Carrera General,Nivel General,5.6,85.0,81.29,ALTO,ROJO (CRÍTICO),Tutoría Académica Obligatoria y Derivación a Bienestar Estudiantil,1. Sesión tutorial individual semanal. 2. Plan de refuerzo en temas críticos. 3. Monitoreo continuo de asistencia.
STD_00216,Carrera General,Nivel General,7.6,85.0,10.63,BAJO,VERDE (ÓPTIMO),Seguimiento Regular de Aula,1. Continuar con el ritmo académico habitual. 2. Oportunidad de participación como mentor/ayudante.
STD_00216,Carrera General,Nivel General,7.3,85.0,12.17,BAJO,VERDE (ÓPTIMO),Seguimiento Regular de Aula,1. Continuar con el ritmo académico habitual. 2. Oportunidad de participación como mentor/ayudante.
STD_00216,Carrera General,Nivel General,8.7,85.0,19.97,BAJO,VERDE (ÓPTIMO),Seguimiento Regular de Aula,1. Continuar con el ritmo académico habitual. 2. Oportunidad de participación como mentor/ayudante.
STD_00216,Carrera General,Nivel General,9.7,85.0,6.98,BAJO,VERDE (ÓPTIMO),Seguimiento Regular de Aula,1. Continuar con el ritmo académico habitual. 2. Oportunidad de participación como mentor/ayudante.
STD_00216,Carrera General,Nivel General,6.8,85.0,88.82,ALTO,ROJO (CRÍTICO),Tutoría Académica Obligatoria y Derivación a Bienestar Estudiantil,1. Sesión tutorial individual semanal. 2. Plan de refuerzo en temas críticos. 3. Monitoreo continuo de asistencia.
STD_00216,Carrera General,Nivel General,7.4,85.0,15.09,BAJO,VERDE (ÓPTIMO),Seguimiento Regular de Aula,1. Continuar con el ritmo académico habitual. 2. Oportunidad de participación como mentor/ayudante.
STD_00216,Carrera General,Nivel General,11.0,85.0,15.32,BAJO,VERDE (ÓPTIMO),Seguimiento Regular de Aula,1. Continuar con el ritmo académico habitual. 2. Oportunidad de participación como mentor/ayudante.
STD_00217,Carrera General,Nivel General,9.1,85.0,29.2,BAJO,VERDE (ÓPTIMO),Seguimiento Regular de Aula,1. Continuar con el ritmo académico habitual. 2. Oportunidad de participación como mentor/ayudante.
STD_00217,Carrera General,Nivel General,6.1,85.0,84.4,ALTO,ROJO (CRÍTICO),Tutoría Académica Obligatoria y Derivación a Bienestar Estudiantil,1. Sesión tutorial individual semanal. 2. Plan de refuerzo en temas críticos. 3. Monitoreo continuo de asistencia.
STD_00217,Carrera General,Nivel General,5.2,85.0,87.95,ALTO,ROJO (CRÍTICO),Tutoría Académica Obligatoria y Derivación a Bienestar Estudiantil,1. Sesión tutorial individual semanal. 2. Plan de refuerzo en temas críticos. 3. Monitoreo continuo de asistencia.
STD_00217,Carrera General,Nivel General,6.6,85.0,84.32,ALTO,ROJO (CRÍTICO),Tutoría Académica Obligatoria y Derivación a Bienestar Estudiantil,1. Sesión tutorial individual semanal. 2. Plan de refuerzo en temas críticos. 3. Monitoreo continuo de asistencia.
STD_00217,Carrera General,Nivel General,6.3,85.0,89.52,ALTO,ROJO (CRÍTICO),Tutoría Académica Obligatoria y Derivación a Bienestar Estudiantil,1. Sesión tutorial individual semanal. 2. Plan de refuerzo en temas críticos. 3. Monitoreo continuo de asistencia.
STD_00217,Carrera General,Nivel General,5.5,85.0,79.17,ALTO,ROJO (CRÍTICO),Tutoría Académica Obligatoria y Derivación a Bienestar Estudiantil,1. Sesión tutorial individual semanal. 2. Plan de refuerzo en temas críticos. 3. Monitoreo continuo de asistencia.
STD_00217,Carrera General,Nivel General,9.5,85.0,8.93,BAJO,VERDE (ÓPTIMO),Seguimiento Regular de Aula,1. Continuar con el ritmo académico habitual. 2. Oportunidad de participación como mentor/ayudante.
STD_00217,Carrera General,Nivel General,9.1,85.0,15.55,BAJO,VERDE (ÓPTIMO),Seguimiento Regular de Aula,1. Continuar con el ritmo académico habitual. 2. Oportunidad de participación como mentor/ayudante.
STD_00218,Carrera General,Nivel General,9.8,85.0,5.93,BAJO,VERDE (ÓPTIMO),Seguimiento Regular de Aula,1. Continuar con el ritmo académico habitual. 2. Oportunidad de participación como mentor/ayudante.
STD_00218,Carrera General,Nivel General,9.5,85.0,13.9,BAJO,VERDE (ÓPTIMO),Seguimiento Regular de Aula,1. Continuar con el ritmo académico habitual. 2. Oportunidad de participación como mentor/ayudante.
STD_00218,Carrera General,Nivel General,7.4,85.0,10.11,BAJO,VERDE (ÓPTIMO),Seguimiento Regular de Aula,1. Continuar con el ritmo académico habitual. 2. Oportunidad de participación como mentor/ayudante.
STD_00218,Carrera General,Nivel General,4.3,85.0,79.99,ALTO,ROJO (CRÍTICO),Tutoría Académica Obligatoria y Derivación a Bienestar Estudiantil,1. Sesión tutorial individual semanal. 2. Plan de refuerzo en temas críticos. 3. Monitoreo continuo de asistencia.
STD_00218,Carrera General,Nivel General,4.9,85.0,82.83,ALTO,ROJO (CRÍTICO),Tutoría Académica Obligatoria y Derivación a Bienestar Estudiantil,1. Sesión tutorial individual semanal. 2. Plan de refuerzo en temas críticos. 3. Monitoreo continuo de asistencia.
STD_00218,Carrera General,Nivel General,5.6,85.0,80.6,ALTO,ROJO (CRÍTICO),Tutoría Académica Obligatoria y Derivación a Bienestar Estudiantil,1. Sesión tutorial individual semanal. 2. Plan de refuerzo en temas críticos. 3. Monitoreo continuo de asistencia.
STD_00218,Carrera General,Nivel General,7.4,85.0,17.08,BAJO,VERDE (ÓPTIMO),Seguimiento Regular de Aula,1. Continuar con el ritmo académico habitual. 2. Oportunidad de participación como mentor/ayudante.
STD_00218,Carrera General,Nivel General,6.5,85.0,94.15,ALTO,ROJO (CRÍTICO),Tutoría Académica Obligatoria y Derivación a Bienestar Estudiantil,1. Sesión tutorial individual semanal. 2. Plan de refuerzo en temas críticos. 3. Monitoreo continuo de asistencia.
STD_00219,Carrera General,Nivel General,5.5,85.0,81.4,ALTO,ROJO (CRÍTICO),Tutoría Académica Obligatoria y Derivación a Bienestar Estudiantil,1. Sesión tutorial individual semanal. 2. Plan de refuerzo en temas críticos. 3. Monitoreo continuo de asistencia.
STD_00219,Carrera General,Nivel General,8.8,85.0,18.74,BAJO,VERDE (ÓPTIMO),Seguimiento Regular de Aula,1. Continuar con el ritmo académico habitual. 2. Oportunidad de participación como mentor/ayudante.
STD_00219,Carrera General,Nivel General,5.6,85.0,81.2,ALTO,ROJO (CRÍTICO),Tutoría Académica Obligatoria y Derivación a Bienestar Estudiantil,1. Sesión tutorial individual semanal. 2. Plan de refuerzo en temas críticos. 3. Monitoreo continuo de asistencia.
STD_00219,Carrera General,Nivel General,5.6,85.0,68.29,ALTO,ROJO (CRÍTICO),Tutoría Académica Obligatoria y Derivación a Bienestar Estudiantil,1. Sesión tutorial individual semanal. 2. Plan de refuerzo en temas críticos. 3. Monitoreo continuo de asistencia.
STD_00219,Carrera General,Nivel General,9.3,85.0,20.17,BAJO,VERDE (ÓPTIMO),Seguimiento Regular de Aula,1. Continuar con el ritmo académico habitual. 2. Oportunidad de participación como mentor/ayudante.
STD_00219,Carrera General,Nivel General,5.7,85.0,78.31,ALTO,ROJO (CRÍTICO),Tutoría Académica Obligatoria y Derivación a Bienestar Estudiantil,1. Sesión tutorial individual semanal. 2. Plan de refuerzo en temas críticos. 3. Monitoreo continuo de asistencia.
STD_00219,Carrera General,Nivel General,6.4,85.0,91.78,ALTO,ROJO (CRÍTICO),Tutoría Académica Obligatoria y Derivación a Bienestar Estudiantil,1. Sesión tutorial individual semanal. 2. Plan de refuerzo en temas críticos. 3. Monitoreo continuo de asistencia.
STD_00219,Carrera General,Nivel General,6.7,85.0,92.04,ALTO,ROJO (CRÍTICO),Tutoría Académica Obligatoria y Derivación a Bienestar Estudiantil,1. Sesión tutorial individual semanal. 2. Plan de refuerzo en temas críticos. 3. Monitoreo continuo de asistencia.
STD_00220,Carrera General,Nivel General,7.2,85.0,25.4,BAJO,VERDE (ÓPTIMO),Seguimiento Regular de Aula,1. Continuar con el ritmo académico habitual. 2. Oportunidad de participación como mentor/ayudante.
STD_00220,Carrera General,Nivel General,8.0,85.0,22.15,BAJO,VERDE (ÓPTIMO),Seguimiento Regular de Aula,1. Continuar con el ritmo académico habitual. 2. Oportunidad de participación como mentor/ayudante.
STD_00220,Carrera General,Nivel General,4.3,85.0,68.73,ALTO,ROJO (CRÍTICO),Tutoría Académica Obligatoria y Derivación a Bienestar Estudiantil,1. Sesión tutorial individual semanal. 2. Plan de refuerzo en temas críticos. 3. Monitoreo continuo de asistencia.
STD_00220,Carrera General,Nivel General,9.9,85.0,12.22,BAJO,VERDE (ÓPTIMO),Seguimiento Regular de Aula,1. Continuar con el ritmo académico habitual. 2. Oportunidad de participación como mentor/ayudante.
STD_00220,Carrera General,Nivel General,6.7,85.0,82.16,ALTO,ROJO (CRÍTICO),Tutoría Académica Obligatoria y Derivación a Bienestar Estudiantil,1. Sesión tutorial individual semanal. 2. Plan de refuerzo en temas críticos. 3. Monitoreo continuo de asistencia.
STD_00220,Carrera General,Nivel General,6.5,85.0,58.36,MEDIO,AMARILLO (ADVERTENCIA),Acompañamiento Tutorial Preventivo y Talleres de Estudio,1. Entrevista de seguimiento bimensual. 2. Talleres grupales de resolución de ejercicios.
STD_00220,Carrera General,Nivel General,7.7,85.0,10.97,BAJO,VERDE (ÓPTIMO),Seguimiento Regular de Aula,1. Continuar con el ritmo académico habitual. 2. Oportunidad de participación como mentor/ayudante.
STD_00220,Carrera General,Nivel General,7.8,85.0,16.28,BAJO,VERDE (ÓPTIMO),Seguimiento Regular de Aula,1. Continuar con el ritmo académico habitual. 2. Oportunidad de participación como mentor/ayudante.
STD_00221,Carrera General,Nivel General,7.5,85.0,17.27,BAJO,VERDE (ÓPTIMO),Seguimiento Regular de Aula,1. Continuar con el ritmo académico habitual. 2. Oportunidad de participación como mentor/ayudante.
STD_00221,Carrera General,Nivel General,8.0,85.0,31.62,BAJO,VERDE (ÓPTIMO),Seguimiento Regular de Aula,1. Continuar con el ritmo académico habitual. 2. Oportunidad de participación como mentor/ayudante.
STD_00221,Carrera General,Nivel General,8.6,85.0,22.22,BAJO,VERDE (ÓPTIMO),Seguimiento Regular de Aula,1. Continuar con el ritmo académico habitual. 2. Oportunidad de participación como mentor/ayudante.
STD_00221,Carrera General,Nivel General,8.4,85.0,22.67,BAJO,VERDE (ÓPTIMO),Seguimiento Regular de Aula,1. Continuar con el ritmo académico habitual. 2. Oportunidad de participación como mentor/ayudante.
STD_00221,Carrera General,Nivel General,5.8,85.0,81.08,ALTO,ROJO (CRÍTICO),Tutoría Académica Obligatoria y Derivación a Bienestar Estudiantil,1. Sesión tutorial individual semanal. 2. Plan de refuerzo en temas críticos. 3. Monitoreo continuo de asistencia.
STD_00221,Carrera General,Nivel General,4.5,85.0,69.33,ALTO,ROJO (CRÍTICO),Tutoría Académica Obligatoria y Derivación a Bienestar Estudiantil,1. Sesión tutorial individual semanal. 2. Plan de refuerzo en temas críticos. 3. Monitoreo continuo de asistencia.
STD_00221,Carrera General,Nivel General,8.1,85.0,10.62,BAJO,VERDE (ÓPTIMO),Seguimiento Regular de Aula,1. Continuar con el ritmo académico habitual. 2. Oportunidad de participación como mentor/ayudante.
STD_00221,Carrera General,Nivel General,4.7,85.0,74.76,ALTO,ROJO (CRÍTICO),Tutoría Académica Obligatoria y Derivación a Bienestar Estudiantil,1. Sesión tutorial individual semanal. 2. Plan de refuerzo en temas críticos. 3. Monitoreo continuo de asistencia.
STD_00222,Carrera General,Nivel General,4.7,85.0,84.98,ALTO,ROJO (CRÍTICO),Tutoría Académica Obligatoria y Derivación a Bienestar Estudiantil,1. Sesión tutorial individual semanal. 2. Plan de refuerzo en temas críticos. 3. Monitoreo continuo de asistencia.
STD_00222,Carrera General,Nivel General,6.6,85.0,63.46,MEDIO,AMARILLO (ADVERTENCIA),Acompañamiento Tutorial Preventivo y Talleres de Estudio,1. Entrevista de seguimiento bimensual. 2. Talleres grupales de resolución de ejercicios.
STD_00222,Carrera General,Nivel General,6.0,85.0,78.07,ALTO,ROJO (CRÍTICO),Tutoría Académica Obligatoria y Derivación a Bienestar Estudiantil,1. Sesión tutorial individual semanal. 2. Plan de refuerzo en temas críticos. 3. Monitoreo continuo de asistencia.
STD_00222,Carrera General,Nivel General,9.6,85.0,22.18,BAJO,VERDE (ÓPTIMO),Seguimiento Regular de Aula,1. Continuar con el ritmo académico habitual. 2. Oportunidad de participación como mentor/ayudante.
STD_00222,Carrera General,Nivel General,9.9,85.0,31.12,BAJO,VERDE (ÓPTIMO),Seguimiento Regular de Aula,1. Continuar con el ritmo académico habitual. 2. Oportunidad de participación como mentor/ayudante.
STD_00222,Carrera General,Nivel General,8.1,85.0,18.41,BAJO,VERDE (ÓPTIMO),Seguimiento Regular de Aula,1. Continuar con el ritmo académico habitual. 2. Oportunidad de participación como mentor/ayudante.
STD_00222,Carrera General,Nivel General,7.1,85.0,20.07,BAJO,VERDE (ÓPTIMO),Seguimiento Regular de Aula,1. Continuar con el ritmo académico habitual. 2. Oportunidad de participación como mentor/ayudante.
STD_00222,Carrera General,Nivel General,4.8,85.0,69.17,ALTO,ROJO (CRÍTICO),Tutoría Académica Obligatoria y Derivación a Bienestar Estudiantil,1. Sesión tutorial individual semanal. 2. Plan de refuerzo en temas críticos. 3. Monitoreo continuo de asistencia.
STD_00223,Carrera General,Nivel General,9.5,85.0,43.09,MEDIO,AMARILLO (ADVERTENCIA),Acompañamiento Tutorial Preventivo y Talleres de Estudio,1. Entrevista de seguimiento bimensual. 2. Talleres grupales de resolución de ejercicios.
STD_00223,Carrera General,Nivel General,8.0,85.0,33.92,BAJO,VERDE (ÓPTIMO),Seguimiento Regular de Aula,1. Continuar con el ritmo académico habitual. 2. Oportunidad de participación como mentor/ayudante.
STD_00223,Carrera General,Nivel General,4.8,85.0,93.1,ALTO,ROJO (CRÍTICO),Tutoría Académica Obligatoria y Derivación a Bienestar Estudiantil,1. Sesión tutorial individual semanal. 2. Plan de refuerzo en temas críticos. 3. Monitoreo continuo de asistencia.
STD_00223,Carrera General,Nivel General,4.8,85.0,80.08,ALTO,ROJO (CRÍTICO),Tutoría Académica Obligatoria y Derivación a Bienestar Estudiantil,1. Sesión tutorial individual semanal. 2. Plan de refuerzo en temas críticos. 3. Monitoreo continuo de asistencia.
STD_00223,Carrera General,Nivel General,6.9,85.0,87.95,ALTO,ROJO (CRÍTICO),Tutoría Académica Obligatoria y Derivación a Bienestar Estudiantil,1. Sesión tutorial individual semanal. 2. Plan de refuerzo en temas críticos. 3. Monitoreo continuo de asistencia.
STD_00223,Carrera General,Nivel General,4.2,85.0,78.0,ALTO,ROJO (CRÍTICO),Tutoría Académica Obligatoria y Derivación a Bienestar Estudiantil,1. Sesión tutorial individual semanal. 2. Plan de refuerzo en temas críticos. 3. Monitoreo continuo de asistencia.
STD_00223,Carrera General,Nivel General,6.5,85.0,88.18,ALTO,ROJO (CRÍTICO),Tutoría Académica Obligatoria y Derivación a Bienestar Estudiantil,1. Sesión tutorial individual semanal. 2. Plan de refuerzo en temas críticos. 3. Monitoreo continuo de asistencia.
STD_00223,Carrera General,Nivel General,6.3,85.0,88.73,ALTO,ROJO (CRÍTICO),Tutoría Académica Obligatoria y Derivación a Bienestar Estudiantil,1. Sesión tutorial individual semanal. 2. Plan de refuerzo en temas críticos. 3. Monitoreo continuo de asistencia.
STD_00224,Carrera General,Nivel General,5.9,85.0,72.61,ALTO,ROJO (CRÍTICO),Tutoría Académica Obligatoria y Derivación a Bienestar Estudiantil,1. Sesión tutorial individual semanal. 2. Plan de refuerzo en temas críticos. 3. Monitoreo continuo de asistencia.
STD_00224,Carrera General,Nivel General,7.8,85.0,22.22,BAJO,VERDE (ÓPTIMO),Seguimiento Regular de Aula,1. Continuar con el ritmo académico habitual. 2. Oportunidad de participación como mentor/ayudante.
STD_00224,Carrera General,Nivel General,5.7,85.0,89.72,ALTO,ROJO (CRÍTICO),Tutoría Académica Obligatoria y Derivación a Bienestar Estudiantil,1. Sesión tutorial individual semanal. 2. Plan de refuerzo en temas críticos. 3. Monitoreo continuo de asistencia.
STD_00224,Carrera General,Nivel General,5.4,85.0,71.73,ALTO,ROJO (CRÍTICO),Tutoría Académica Obligatoria y Derivación a Bienestar Estudiantil,1. Sesión tutorial individual semanal. 2. Plan de refuerzo en temas críticos. 3. Monitoreo continuo de asistencia.
STD_00224,Carrera General,Nivel General,6.4,85.0,77.7,ALTO,ROJO (CRÍTICO),Tutoría Académica Obligatoria y Derivación a Bienestar Estudiantil,1. Sesión tutorial individual semanal. 2. Plan de refuerzo en temas críticos. 3. Monitoreo continuo de asistencia.
STD_00224,Carrera General,Nivel General,8.0,85.0,19.34,BAJO,VERDE (ÓPTIMO),Seguimiento Regular de Aula,1. Continuar con el ritmo académico habitual. 2. Oportunidad de participación como mentor/ayudante.
STD_00224,Carrera General,Nivel General,6.7,85.0,80.58,ALTO,ROJO (CRÍTICO),Tutoría Académica Obligatoria y Derivación a Bienestar Estudiantil,1. Sesión tutorial individual semanal. 2. Plan de refuerzo en temas críticos. 3. Monitoreo continuo de asistencia.
STD_00224,Carrera General,Nivel General,8.5,85.0,36.69,MEDIO,AMARILLO (ADVERTENCIA),Acompañamiento Tutorial Preventivo y Talleres de Estudio,1. Entrevista de seguimiento bimensual. 2. Talleres grupales de resolución de ejercicios.
STD_00225,Carrera General,Nivel General,9.4,85.0,23.65,BAJO,VERDE (ÓPTIMO),Seguimiento Regular de Aula,1. Continuar con el ritmo académico habitual. 2. Oportunidad de participación como mentor/ayudante.
STD_00225,Carrera General,Nivel General,9.9,85.0,4.06,BAJO,VERDE (ÓPTIMO),Seguimiento Regular de Aula,1. Continuar con el ritmo académico habitual. 2. Oportunidad de participación como mentor/ayudante.
STD_00225,Carrera General,Nivel General,8.4,85.0,19.52,BAJO,VERDE (ÓPTIMO),Seguimiento Regular de Aula,1. Continuar con el ritmo académico habitual. 2. Oportunidad de participación como mentor/ayudante.
STD_00225,Carrera General,Nivel General,4.1,85.0,65.07,ALTO,ROJO (CRÍTICO),Tutoría Académica Obligatoria y Derivación a Bienestar Estudiantil,1. Sesión tutorial individual semanal. 2. Plan de refuerzo en temas críticos. 3. Monitoreo continuo de asistencia.
STD_00225,Carrera General,Nivel General,7.8,85.0,29.64,BAJO,VERDE (ÓPTIMO),Seguimiento Regular de Aula,1. Continuar con el ritmo académico habitual. 2. Oportunidad de participación como mentor/ayudante.
STD_00225,Carrera General,Nivel General,8.2,85.0,12.24,BAJO,VERDE (ÓPTIMO),Seguimiento Regular de Aula,1. Continuar con el ritmo académico habitual. 2. Oportunidad de participación como mentor/ayudante.
STD_00225,Carrera General,Nivel General,7.9,85.0,16.08,BAJO,VERDE (ÓPTIMO),Seguimiento Regular de Aula,1. Continuar con el ritmo académico habitual. 2. Oportunidad de participación como mentor/ayudante.
STD_00225,Carrera General,Nivel General,9.2,85.0,14.41,BAJO,VERDE (ÓPTIMO),Seguimiento Regular de Aula,1. Continuar con el ritmo académico habitual. 2. Oportunidad de participación como mentor/ayudante.
STD_00226,Carrera General,Nivel General,6.9,85.0,95.78,ALTO,ROJO (CRÍTICO),Tutoría Académica Obligatoria y Derivación a Bienestar Estudiantil,1. Sesión tutorial individual semanal. 2. Plan de refuerzo en temas críticos. 3. Monitoreo continuo de asistencia.
STD_00226,Carrera General,Nivel General,4.4,85.0,82.3,ALTO,ROJO (CRÍTICO),Tutoría Académica Obligatoria y Derivación a Bienestar Estudiantil,1. Sesión tutorial individual semanal. 2. Plan de refuerzo en temas críticos. 3. Monitoreo continuo de asistencia.
STD_00226,Carrera General,Nivel General,11.0,85.0,24.82,BAJO,VERDE (ÓPTIMO),Seguimiento Regular de Aula,1. Continuar con el ritmo académico habitual. 2. Oportunidad de participación como mentor/ayudante.
STD_00226,Carrera General,Nivel General,6.5,85.0,84.45,ALTO,ROJO (CRÍTICO),Tutoría Académica Obligatoria y Derivación a Bienestar Estudiantil,1. Sesión tutorial individual semanal. 2. Plan de refuerzo en temas críticos. 3. Monitoreo continuo de asistencia.
STD_00226,Carrera General,Nivel General,6.4,85.0,83.9,ALTO,ROJO (CRÍTICO),Tutoría Académica Obligatoria y Derivación a Bienestar Estudiantil,1. Sesión tutorial individual semanal. 2. Plan de refuerzo en temas críticos. 3. Monitoreo continuo de asistencia.
STD_00226,Carrera General,Nivel General,8.5,85.0,23.12,BAJO,VERDE (ÓPTIMO),Seguimiento Regular de Aula,1. Continuar con el ritmo académico habitual. 2. Oportunidad de participación como mentor/ayudante.
STD_00226,Carrera General,Nivel General,6.7,85.0,82.75,ALTO,ROJO (CRÍTICO),Tutoría Académica Obligatoria y Derivación a Bienestar Estudiantil,1. Sesión tutorial individual semanal. 2. Plan de refuerzo en temas críticos. 3. Monitoreo continuo de asistencia.
STD_00226,Carrera General,Nivel General,6.8,85.0,92.88,ALTO,ROJO (CRÍTICO),Tutoría Académica Obligatoria y Derivación a Bienestar Estudiantil,1. Sesión tutorial individual semanal. 2. Plan de refuerzo en temas críticos. 3. Monitoreo continuo de asistencia.
STD_00227,Carrera General,Nivel General,4.9,85.0,86.56,ALTO,ROJO (CRÍTICO),Tutoría Académica Obligatoria y Derivación a Bienestar Estudiantil,1. Sesión tutorial individual semanal. 2. Plan de refuerzo en temas críticos. 3. Monitoreo continuo de asistencia.
STD_00227,Carrera General,Nivel General,6.9,85.0,80.23,ALTO,ROJO (CRÍTICO),Tutoría Académica Obligatoria y Derivación a Bienestar Estudiantil,1. Sesión tutorial individual semanal. 2. Plan de refuerzo en temas críticos. 3. Monitoreo continuo de asistencia.
STD_00227,Carrera General,Nivel General,9.3,85.0,34.12,BAJO,VERDE (ÓPTIMO),Seguimiento Regular de Aula,1. Continuar con el ritmo académico habitual. 2. Oportunidad de participación como mentor/ayudante.
STD_00227,Carrera General,Nivel General,9.1,85.0,35.47,MEDIO,AMARILLO (ADVERTENCIA),Acompañamiento Tutorial Preventivo y Talleres de Estudio,1. Entrevista de seguimiento bimensual. 2. Talleres grupales de resolución de ejercicios.
STD_00227,Carrera General,Nivel General,4.3,85.0,89.6,ALTO,ROJO (CRÍTICO),Tutoría Académica Obligatoria y Derivación a Bienestar Estudiantil,1. Sesión tutorial individual semanal. 2. Plan de refuerzo en temas críticos. 3. Monitoreo continuo de asistencia.
STD_00227,Carrera General,Nivel General,4.4,85.0,80.11,ALTO,ROJO (CRÍTICO),Tutoría Académica Obligatoria y Derivación a Bienestar Estudiantil,1. Sesión tutorial individual semanal. 2. Plan de refuerzo en temas críticos. 3. Monitoreo continuo de asistencia.
STD_00227,Carrera General,Nivel General,6.5,85.0,74.69,ALTO,ROJO (CRÍTICO),Tutoría Académica Obligatoria y Derivación a Bienestar Estudiantil,1. Sesión tutorial individual semanal. 2. Plan de refuerzo en temas críticos. 3. Monitoreo continuo de asistencia.
STD_00227,Carrera General,Nivel General,7.8,85.0,22.88,BAJO,VERDE (ÓPTIMO),Seguimiento Regular de Aula,1. Continuar con el ritmo académico habitual. 2. Oportunidad de participación como mentor/ayudante.
STD_00228,Carrera General,Nivel General,5.8,85.0,86.14,ALTO,ROJO (CRÍTICO),Tutoría Académica Obligatoria y Derivación a Bienestar Estudiantil,1. Sesión tutorial individual semanal. 2. Plan de refuerzo en temas críticos. 3. Monitoreo continuo de asistencia.
STD_00228,Carrera General,Nivel General,7.9,85.0,36.44,MEDIO,AMARILLO (ADVERTENCIA),Acompañamiento Tutorial Preventivo y Talleres de Estudio,1. Entrevista de seguimiento bimensual. 2. Talleres grupales de resolución de ejercicios.
STD_00228,Carrera General,Nivel General,6.9,85.0,86.29,ALTO,ROJO (CRÍTICO),Tutoría Académica Obligatoria y Derivación a Bienestar Estudiantil,1. Sesión tutorial individual semanal. 2. Plan de refuerzo en temas críticos. 3. Monitoreo continuo de asistencia.
STD_00228,Carrera General,Nivel General,8.3,85.0,18.81,BAJO,VERDE (ÓPTIMO),Seguimiento Regular de Aula,1. Continuar con el ritmo académico habitual. 2. Oportunidad de participación como mentor/ayudante.
STD_00228,Carrera General,Nivel General,6.7,85.0,94.09,ALTO,ROJO (CRÍTICO),Tutoría Académica Obligatoria y Derivación a Bienestar Estudiantil,1. Sesión tutorial individual semanal. 2. Plan de refuerzo en temas críticos. 3. Monitoreo continuo de asistencia.
STD_00228,Carrera General,Nivel General,5.7,85.0,87.47,ALTO,ROJO (CRÍTICO),Tutoría Académica Obligatoria y Derivación a Bienestar Estudiantil,1. Sesión tutorial individual semanal. 2. Plan de refuerzo en temas críticos. 3. Monitoreo continuo de asistencia.
STD_00228,Carrera General,Nivel General,6.4,85.0,93.59,ALTO,ROJO (CRÍTICO),Tutoría Académica Obligatoria y Derivación a Bienestar Estudiantil,1. Sesión tutorial individual semanal. 2. Plan de refuerzo en temas críticos. 3. Monitoreo continuo de asistencia.
STD_00228,Carrera General,Nivel General,6.3,85.0,76.88,ALTO,ROJO (CRÍTICO),Tutoría Académica Obligatoria y Derivación a Bienestar Estudiantil,1. Sesión tutorial individual semanal. 2. Plan de refuerzo en temas críticos. 3. Monitoreo continuo de asistencia.
STD_00229,Carrera General,Nivel General,6.3,85.0,82.83,ALTO,ROJO (CRÍTICO),Tutoría Académica Obligatoria y Derivación a Bienestar Estudiantil,1. Sesión tutorial individual semanal. 2. Plan de refuerzo en temas críticos. 3. Monitoreo continuo de asistencia.
STD_00229,Carrera General,Nivel General,7.4,85.0,16.81,BAJO,VERDE (ÓPTIMO),Seguimiento Regular de Aula,1. Continuar con el ritmo académico habitual. 2. Oportunidad de participación como mentor/ayudante.
STD_00229,Carrera General,Nivel General,8.0,85.0,32.27,BAJO,VERDE (ÓPTIMO),Seguimiento Regular de Aula,1. Continuar con el ritmo académico habitual. 2. Oportunidad de participación como mentor/ayudante.
STD_00229,Carrera General,Nivel General,6.6,85.0,87.44,ALTO,ROJO (CRÍTICO),Tutoría Académica Obligatoria y Derivación a Bienestar Estudiantil,1. Sesión tutorial individual semanal. 2. Plan de refuerzo en temas críticos. 3. Monitoreo continuo de asistencia.
STD_00229,Carrera General,Nivel General,6.7,85.0,86.74,ALTO,ROJO (CRÍTICO),Tutoría Académica Obligatoria y Derivación a Bienestar Estudiantil,1. Sesión tutorial individual semanal. 2. Plan de refuerzo en temas críticos. 3. Monitoreo continuo de asistencia.
STD_00229,Carrera General,Nivel General,4.1,85.0,91.37,ALTO,ROJO (CRÍTICO),Tutoría Académica Obligatoria y Derivación a Bienestar Estudiantil,1. Sesión tutorial individual semanal. 2. Plan de refuerzo en temas críticos. 3. Monitoreo continuo de asistencia.
STD_00229,Carrera General,Nivel General,8.0,85.0,16.57,BAJO,VERDE (ÓPTIMO),Seguimiento Regular de Aula,1. Continuar con el ritmo académico habitual. 2. Oportunidad de participación como mentor/ayudante.
STD_00229,Carrera General,Nivel General,5.4,85.0,86.02,ALTO,ROJO (CRÍTICO),Tutoría Académica Obligatoria y Derivación a Bienestar Estudiantil,1. Sesión tutorial individual semanal. 2. Plan de refuerzo en temas críticos. 3. Monitoreo continuo de asistencia.
STD_00230,Carrera General,Nivel General,8.7,85.0,7.88,BAJO,VERDE (ÓPTIMO),Seguimiento Regular de Aula,1. Continuar con el ritmo académico habitual. 2. Oportunidad de participación como mentor/ayudante.
STD_00230,Carrera General,Nivel General,5.4,85.0,79.68,ALTO,ROJO (CRÍTICO),Tutoría Académica Obligatoria y Derivación a Bienestar Estudiantil,1. Sesión tutorial individual semanal. 2. Plan de refuerzo en temas críticos. 3. Monitoreo continuo de asistencia.
STD_00230,Carrera General,Nivel General,9.3,85.0,18.86,BAJO,VERDE (ÓPTIMO),Seguimiento Regular de Aula,1. Continuar con el ritmo académico habitual. 2. Oportunidad de participación como mentor/ayudante.
STD_00230,Carrera General,Nivel General,7.7,85.0,18.42,BAJO,VERDE (ÓPTIMO),Seguimiento Regular de Aula,1. Continuar con el ritmo académico habitual. 2. Oportunidad de participación como mentor/ayudante.
STD_00230,Carrera General,Nivel General,9.7,85.0,11.79,BAJO,VERDE (ÓPTIMO),Seguimiento Regular de Aula,1. Continuar con el ritmo académico habitual. 2. Oportunidad de participación como mentor/ayudante.
STD_00230,Carrera General,Nivel General,8.2,85.0,21.25,BAJO,VERDE (ÓPTIMO),Seguimiento Regular de Aula,1. Continuar con el ritmo académico habitual. 2. Oportunidad de participación como mentor/ayudante.
STD_00230,Carrera General,Nivel General,5.5,85.0,74.11,ALTO,ROJO (CRÍTICO),Tutoría Académica Obligatoria y Derivación a Bienestar Estudiantil,1. Sesión tutorial individual semanal. 2. Plan de refuerzo en temas críticos. 3. Monitoreo continuo de asistencia.
STD_00230,Carrera General,Nivel General,4.0,85.0,83.4,ALTO,ROJO (CRÍTICO),Tutoría Académica Obligatoria y Derivación a Bienestar Estudiantil,1. Sesión tutorial individual semanal. 2. Plan de refuerzo en temas críticos. 3. Monitoreo continuo de asistencia.
STD_00231,Carrera General,Nivel General,9.0,85.0,32.45,BAJO,VERDE (ÓPTIMO),Seguimiento Regular de Aula,1. Continuar con el ritmo académico habitual. 2. Oportunidad de participación como mentor/ayudante.
STD_00231,Carrera General,Nivel General,8.8,85.0,14.72,BAJO,VERDE (ÓPTIMO),Seguimiento Regular de Aula,1. Continuar con el ritmo académico habitual. 2. Oportunidad de participación como mentor/ayudante.
STD_00231,Carrera General,Nivel General,6.9,85.0,88.23,ALTO,ROJO (CRÍTICO),Tutoría Académica Obligatoria y Derivación a Bienestar Estudiantil,1. Sesión tutorial individual semanal. 2. Plan de refuerzo en temas críticos. 3. Monitoreo continuo de asistencia.
STD_00231,Carrera General,Nivel General,4.6,85.0,81.16,ALTO,ROJO (CRÍTICO),Tutoría Académica Obligatoria y Derivación a Bienestar Estudiantil,1. Sesión tutorial individual semanal. 2. Plan de refuerzo en temas críticos. 3. Monitoreo continuo de asistencia.
STD_00231,Carrera General,Nivel General,8.9,85.0,11.58,BAJO,VERDE (ÓPTIMO),Seguimiento Regular de Aula,1. Continuar con el ritmo académico habitual. 2. Oportunidad de participación como mentor/ayudante.
STD_00231,Carrera General,Nivel General,6.2,85.0,80.85,ALTO,ROJO (CRÍTICO),Tutoría Académica Obligatoria y Derivación a Bienestar Estudiantil,1. Sesión tutorial individual semanal. 2. Plan de refuerzo en temas críticos. 3. Monitoreo continuo de asistencia.
STD_00231,Carrera General,Nivel General,6.1,85.0,82.86,ALTO,ROJO (CRÍTICO),Tutoría Académica Obligatoria y Derivación a Bienestar Estudiantil,1. Sesión tutorial individual semanal. 2. Plan de refuerzo en temas críticos. 3. Monitoreo continuo de asistencia.
STD_00231,Carrera General,Nivel General,8.4,85.0,19.85,BAJO,VERDE (ÓPTIMO),Seguimiento Regular de Aula,1. Continuar con el ritmo académico habitual. 2. Oportunidad de participación como mentor/ayudante.
STD_00232,Carrera General,Nivel General,8.5,85.0,26.05,BAJO,VERDE (ÓPTIMO),Seguimiento Regular de Aula,1. Continuar con el ritmo académico habitual. 2. Oportunidad de participación como mentor/ayudante.
STD_00232,Carrera General,Nivel General,7.9,85.0,8.82,BAJO,VERDE (ÓPTIMO),Seguimiento Regular de Aula,1. Continuar con el ritmo académico habitual. 2. Oportunidad de participación como mentor/ayudante.
STD_00232,Carrera General,Nivel General,9.0,85.0,31.49,BAJO,VERDE (ÓPTIMO),Seguimiento Regular de Aula,1. Continuar con el ritmo académico habitual. 2. Oportunidad de participación como mentor/ayudante.
STD_00232,Carrera General,Nivel General,4.0,85.0,77.45,ALTO,ROJO (CRÍTICO),Tutoría Académica Obligatoria y Derivación a Bienestar Estudiantil,1. Sesión tutorial individual semanal. 2. Plan de refuerzo en temas críticos. 3. Monitoreo continuo de asistencia.
STD_00232,Carrera General,Nivel General,8.4,85.0,16.57,BAJO,VERDE (ÓPTIMO),Seguimiento Regular de Aula,1. Continuar con el ritmo académico habitual. 2. Oportunidad de participación como mentor/ayudante.
STD_00232,Carrera General,Nivel General,4.6,85.0,70.17,ALTO,ROJO (CRÍTICO),Tutoría Académica Obligatoria y Derivación a Bienestar Estudiantil,1. Sesión tutorial individual semanal. 2. Plan de refuerzo en temas críticos. 3. Monitoreo continuo de asistencia.
STD_00232,Carrera General,Nivel General,4.4,85.0,78.16,ALTO,ROJO (CRÍTICO),Tutoría Académica Obligatoria y Derivación a Bienestar Estudiantil,1. Sesión tutorial individual semanal. 2. Plan de refuerzo en temas críticos. 3. Monitoreo continuo de asistencia.
STD_00232,Carrera General,Nivel General,6.1,85.0,71.72,ALTO,ROJO (CRÍTICO),Tutoría Académica Obligatoria y Derivación a Bienestar Estudiantil,1. Sesión tutorial individual semanal. 2. Plan de refuerzo en temas críticos. 3. Monitoreo continuo de asistencia.
STD_00233,Carrera General,Nivel General,9.2,85.0,6.4,BAJO,VERDE (ÓPTIMO),Seguimiento Regular de Aula,1. Continuar con el ritmo académico habitual. 2. Oportunidad de participación como mentor/ayudante.
STD_00233,Carrera General,Nivel General,9.2,85.0,14.49,BAJO,VERDE (ÓPTIMO),Seguimiento Regular de Aula,1. Continuar con el ritmo académico habitual. 2. Oportunidad de participación como mentor/ayudante.
STD_00233,Carrera General,Nivel General,9.3,85.0,19.41,BAJO,VERDE (ÓPTIMO),Seguimiento Regular de Aula,1. Continuar con el ritmo académico habitual. 2. Oportunidad de participación como mentor/ayudante.
STD_00233,Carrera General,Nivel General,8.0,85.0,5.65,BAJO,VERDE (ÓPTIMO),Seguimiento Regular de Aula,1. Continuar con el ritmo académico habitual. 2. Oportunidad de participación como mentor/ayudante.
STD_00233,Carrera General,Nivel General,6.2,85.0,72.57,ALTO,ROJO (CRÍTICO),Tutoría Académica Obligatoria y Derivación a Bienestar Estudiantil,1. Sesión tutorial individual semanal. 2. Plan de refuerzo en temas críticos. 3. Monitoreo continuo de asistencia.
STD_00233,Carrera General,Nivel General,8.8,85.0,3.97,BAJO,VERDE (ÓPTIMO),Seguimiento Regular de Aula,1. Continuar con el ritmo académico habitual. 2. Oportunidad de participación como mentor/ayudante.
STD_00233,Carrera General,Nivel General,9.5,85.0,10.57,BAJO,VERDE (ÓPTIMO),Seguimiento Regular de Aula,1. Continuar con el ritmo académico habitual. 2. Oportunidad de participación como mentor/ayudante.
STD_00233,Carrera General,Nivel General,9.2,85.0,15.22,BAJO,VERDE (ÓPTIMO),Seguimiento Regular de Aula,1. Continuar con el ritmo académico habitual. 2. Oportunidad de participación como mentor/ayudante.
STD_00234,Carrera General,Nivel General,5.9,85.0,72.36,ALTO,ROJO (CRÍTICO),Tutoría Académica Obligatoria y Derivación a Bienestar Estudiantil,1. Sesión tutorial individual semanal. 2. Plan de refuerzo en temas críticos. 3. Monitoreo continuo de asistencia.
STD_00234,Carrera General,Nivel General,4.9,85.0,82.69,ALTO,ROJO (CRÍTICO),Tutoría Académica Obligatoria y Derivación a Bienestar Estudiantil,1. Sesión tutorial individual semanal. 2. Plan de refuerzo en temas críticos. 3. Monitoreo continuo de asistencia.
STD_00234,Carrera General,Nivel General,7.0,85.0,27.6,BAJO,VERDE (ÓPTIMO),Seguimiento Regular de Aula,1. Continuar con el ritmo académico habitual. 2. Oportunidad de participación como mentor/ayudante.
STD_00234,Carrera General,Nivel General,9.2,85.0,19.06,BAJO,VERDE (ÓPTIMO),Seguimiento Regular de Aula,1. Continuar con el ritmo académico habitual. 2. Oportunidad de participación como mentor/ayudante.
STD_00234,Carrera General,Nivel General,9.0,85.0,31.94,BAJO,VERDE (ÓPTIMO),Seguimiento Regular de Aula,1. Continuar con el ritmo académico habitual. 2. Oportunidad de participación como mentor/ayudante.
STD_00234,Carrera General,Nivel General,4.5,85.0,74.05,ALTO,ROJO (CRÍTICO),Tutoría Académica Obligatoria y Derivación a Bienestar Estudiantil,1. Sesión tutorial individual semanal. 2. Plan de refuerzo en temas críticos. 3. Monitoreo continuo de asistencia.
STD_00234,Carrera General,Nivel General,8.0,85.0,28.31,BAJO,VERDE (ÓPTIMO),Seguimiento Regular de Aula,1. Continuar con el ritmo académico habitual. 2. Oportunidad de participación como mentor/ayudante.
STD_00234,Carrera General,Nivel General,8.5,85.0,16.12,BAJO,VERDE (ÓPTIMO),Seguimiento Regular de Aula,1. Continuar con el ritmo académico habitual. 2. Oportunidad de participación como mentor/ayudante.
STD_00235,Carrera General,Nivel General,4.3,85.0,96.79,ALTO,ROJO (CRÍTICO),Tutoría Académica Obligatoria y Derivación a Bienestar Estudiantil,1. Sesión tutorial individual semanal. 2. Plan de refuerzo en temas críticos. 3. Monitoreo continuo de asistencia.
STD_00235,Carrera General,Nivel General,8.5,85.0,22.49,BAJO,VERDE (ÓPTIMO),Seguimiento Regular de Aula,1. Continuar con el ritmo académico habitual. 2. Oportunidad de participación como mentor/ayudante.
STD_00235,Carrera General,Nivel General,6.2,85.0,79.6,ALTO,ROJO (CRÍTICO),Tutoría Académica Obligatoria y Derivación a Bienestar Estudiantil,1. Sesión tutorial individual semanal. 2. Plan de refuerzo en temas críticos. 3. Monitoreo continuo de asistencia.
STD_00235,Carrera General,Nivel General,6.3,85.0,84.13,ALTO,ROJO (CRÍTICO),Tutoría Académica Obligatoria y Derivación a Bienestar Estudiantil,1. Sesión tutorial individual semanal. 2. Plan de refuerzo en temas críticos. 3. Monitoreo continuo de asistencia.
STD_00235,Carrera General,Nivel General,4.3,85.0,78.37,ALTO,ROJO (CRÍTICO),Tutoría Académica Obligatoria y Derivación a Bienestar Estudiantil,1. Sesión tutorial individual semanal. 2. Plan de refuerzo en temas críticos. 3. Monitoreo continuo de asistencia.
STD_00235,Carrera General,Nivel General,5.7,85.0,92.07,ALTO,ROJO (CRÍTICO),Tutoría Académica Obligatoria y Derivación a Bienestar Estudiantil,1. Sesión tutorial individual semanal. 2. Plan de refuerzo en temas críticos. 3. Monitoreo continuo de asistencia.
STD_00235,Carrera General,Nivel General,5.1,85.0,88.58,ALTO,ROJO (CRÍTICO),Tutoría Académica Obligatoria y Derivación a Bienestar Estudiantil,1. Sesión tutorial individual semanal. 2. Plan de refuerzo en temas críticos. 3. Monitoreo continuo de asistencia.
STD_00235,Carrera General,Nivel General,9.0,85.0,39.75,MEDIO,AMARILLO (ADVERTENCIA),Acompañamiento Tutorial Preventivo y Talleres de Estudio,1. Entrevista de seguimiento bimensual. 2. Talleres grupales de resolución de ejercicios.
STD_00236,Carrera General,Nivel General,9.2,85.0,24.63,BAJO,VERDE (ÓPTIMO),Seguimiento Regular de Aula,1. Continuar con el ritmo académico habitual. 2. Oportunidad de participación como mentor/ayudante.
STD_00236,Carrera General,Nivel General,4.2,85.0,77.28,ALTO,ROJO (CRÍTICO),Tutoría Académica Obligatoria y Derivación a Bienestar Estudiantil,1. Sesión tutorial individual semanal. 2. Plan de refuerzo en temas críticos. 3. Monitoreo continuo de asistencia.
STD_00236,Carrera General,Nivel General,9.1,85.0,17.53,BAJO,VERDE (ÓPTIMO),Seguimiento Regular de Aula,1. Continuar con el ritmo académico habitual. 2. Oportunidad de participación como mentor/ayudante.
STD_00236,Carrera General,Nivel General,6.6,85.0,71.41,ALTO,ROJO (CRÍTICO),Tutoría Académica Obligatoria y Derivación a Bienestar Estudiantil,1. Sesión tutorial individual semanal. 2. Plan de refuerzo en temas críticos. 3. Monitoreo continuo de asistencia.
STD_00236,Carrera General,Nivel General,8.5,85.0,28.54,BAJO,VERDE (ÓPTIMO),Seguimiento Regular de Aula,1. Continuar con el ritmo académico habitual. 2. Oportunidad de participación como mentor/ayudante.
STD_00236,Carrera General,Nivel General,8.5,85.0,24.91,BAJO,VERDE (ÓPTIMO),Seguimiento Regular de Aula,1. Continuar con el ritmo académico habitual. 2. Oportunidad de participación como mentor/ayudante.
STD_00236,Carrera General,Nivel General,6.6,85.0,81.64,ALTO,ROJO (CRÍTICO),Tutoría Académica Obligatoria y Derivación a Bienestar Estudiantil,1. Sesión tutorial individual semanal. 2. Plan de refuerzo en temas críticos. 3. Monitoreo continuo de asistencia.
STD_00236,Carrera General,Nivel General,9.9,85.0,11.95,BAJO,VERDE (ÓPTIMO),Seguimiento Regular de Aula,1. Continuar con el ritmo académico habitual. 2. Oportunidad de participación como mentor/ayudante.
STD_00237,Carrera General,Nivel General,6.0,85.0,86.73,ALTO,ROJO (CRÍTICO),Tutoría Académica Obligatoria y Derivación a Bienestar Estudiantil,1. Sesión tutorial individual semanal. 2. Plan de refuerzo en temas críticos. 3. Monitoreo continuo de asistencia.
STD_00237,Carrera General,Nivel General,8.1,85.0,10.46,BAJO,VERDE (ÓPTIMO),Seguimiento Regular de Aula,1. Continuar con el ritmo académico habitual. 2. Oportunidad de participación como mentor/ayudante.
STD_00237,Carrera General,Nivel General,4.8,85.0,85.5,ALTO,ROJO (CRÍTICO),Tutoría Académica Obligatoria y Derivación a Bienestar Estudiantil,1. Sesión tutorial individual semanal. 2. Plan de refuerzo en temas críticos. 3. Monitoreo continuo de asistencia.
STD_00237,Carrera General,Nivel General,7.8,85.0,29.9,BAJO,VERDE (ÓPTIMO),Seguimiento Regular de Aula,1. Continuar con el ritmo académico habitual. 2. Oportunidad de participación como mentor/ayudante.
STD_00237,Carrera General,Nivel General,6.6,85.0,81.38,ALTO,ROJO (CRÍTICO),Tutoría Académica Obligatoria y Derivación a Bienestar Estudiantil,1. Sesión tutorial individual semanal. 2. Plan de refuerzo en temas críticos. 3. Monitoreo continuo de asistencia.
STD_00237,Carrera General,Nivel General,11.0,85.0,13.35,BAJO,VERDE (ÓPTIMO),Seguimiento Regular de Aula,1. Continuar con el ritmo académico habitual. 2. Oportunidad de participación como mentor/ayudante.
STD_00237,Carrera General,Nivel General,7.2,85.0,8.72,BAJO,VERDE (ÓPTIMO),Seguimiento Regular de Aula,1. Continuar con el ritmo académico habitual. 2. Oportunidad de participación como mentor/ayudante.
STD_00237,Carrera General,Nivel General,4.8,85.0,90.59,ALTO,ROJO (CRÍTICO),Tutoría Académica Obligatoria y Derivación a Bienestar Estudiantil,1. Sesión tutorial individual semanal. 2. Plan de refuerzo en temas críticos. 3. Monitoreo continuo de asistencia.
STD_00238,Carrera General,Nivel General,6.5,85.0,73.11,ALTO,ROJO (CRÍTICO),Tutoría Académica Obligatoria y Derivación a Bienestar Estudiantil,1. Sesión tutorial individual semanal. 2. Plan de refuerzo en temas críticos. 3. Monitoreo continuo de asistencia.
STD_00238,Carrera General,Nivel General,8.5,85.0,24.03,BAJO,VERDE (ÓPTIMO),Seguimiento Regular de Aula,1. Continuar con el ritmo académico habitual. 2. Oportunidad de participación como mentor/ayudante.
STD_00238,Carrera General,Nivel General,4.1,85.0,68.78,ALTO,ROJO (CRÍTICO),Tutoría Académica Obligatoria y Derivación a Bienestar Estudiantil,1. Sesión tutorial individual semanal. 2. Plan de refuerzo en temas críticos. 3. Monitoreo continuo de asistencia.
STD_00238,Carrera General,Nivel General,9.0,85.0,25.9,BAJO,VERDE (ÓPTIMO),Seguimiento Regular de Aula,1. Continuar con el ritmo académico habitual. 2. Oportunidad de participación como mentor/ayudante.
STD_00238,Carrera General,Nivel General,4.4,85.0,64.72,ALTO,ROJO (CRÍTICO),Tutoría Académica Obligatoria y Derivación a Bienestar Estudiantil,1. Sesión tutorial individual semanal. 2. Plan de refuerzo en temas críticos. 3. Monitoreo continuo de asistencia.
STD_00238,Carrera General,Nivel General,9.1,85.0,18.53,BAJO,VERDE (ÓPTIMO),Seguimiento Regular de Aula,1. Continuar con el ritmo académico habitual. 2. Oportunidad de participación como mentor/ayudante.
STD_00238,Carrera General,Nivel General,5.8,85.0,71.97,ALTO,ROJO (CRÍTICO),Tutoría Académica Obligatoria y Derivación a Bienestar Estudiantil,1. Sesión tutorial individual semanal. 2. Plan de refuerzo en temas críticos. 3. Monitoreo continuo de asistencia.
STD_00238,Carrera General,Nivel General,5.4,85.0,87.32,ALTO,ROJO (CRÍTICO),Tutoría Académica Obligatoria y Derivación a Bienestar Estudiantil,1. Sesión tutorial individual semanal. 2. Plan de refuerzo en temas críticos. 3. Monitoreo continuo de asistencia.
STD_00239,Carrera General,Nivel General,9.6,85.0,5.8,BAJO,VERDE (ÓPTIMO),Seguimiento Regular de Aula,1. Continuar con el ritmo académico habitual. 2. Oportunidad de participación como mentor/ayudante.
STD_00239,Carrera General,Nivel General,6.2,85.0,84.2,ALTO,ROJO (CRÍTICO),Tutoría Académica Obligatoria y Derivación a Bienestar Estudiantil,1. Sesión tutorial individual semanal. 2. Plan de refuerzo en temas críticos. 3. Monitoreo continuo de asistencia.
STD_00239,Carrera General,Nivel General,11.0,85.0,26.95,BAJO,VERDE (ÓPTIMO),Seguimiento Regular de Aula,1. Continuar con el ritmo académico habitual. 2. Oportunidad de participación como mentor/ayudante.
STD_00239,Carrera General,Nivel General,7.3,85.0,19.27,BAJO,VERDE (ÓPTIMO),Seguimiento Regular de Aula,1. Continuar con el ritmo académico habitual. 2. Oportunidad de participación como mentor/ayudante.
STD_00239,Carrera General,Nivel General,4.3,85.0,74.49,ALTO,ROJO (CRÍTICO),Tutoría Académica Obligatoria y Derivación a Bienestar Estudiantil,1. Sesión tutorial individual semanal. 2. Plan de refuerzo en temas críticos. 3. Monitoreo continuo de asistencia.
STD_00239,Carrera General,Nivel General,9.9,85.0,9.96,BAJO,VERDE (ÓPTIMO),Seguimiento Regular de Aula,1. Continuar con el ritmo académico habitual. 2. Oportunidad de participación como mentor/ayudante.
STD_00239,Carrera General,Nivel General,7.8,85.0,13.84,BAJO,VERDE (ÓPTIMO),Seguimiento Regular de Aula,1. Continuar con el ritmo académico habitual. 2. Oportunidad de participación como mentor/ayudante.
STD_00239,Carrera General,Nivel General,5.8,85.0,66.42,ALTO,ROJO (CRÍTICO),Tutoría Académica Obligatoria y Derivación a Bienestar Estudiantil,1. Sesión tutorial individual semanal. 2. Plan de refuerzo en temas críticos. 3. Monitoreo continuo de asistencia.
STD_00240,Carrera General,Nivel General,7.5,85.0,18.64,BAJO,VERDE (ÓPTIMO),Seguimiento Regular de Aula,1. Continuar con el ritmo académico habitual. 2. Oportunidad de participación como mentor/ayudante.
STD_00240,Carrera General,Nivel General,6.6,85.0,84.25,ALTO,ROJO (CRÍTICO),Tutoría Académica Obligatoria y Derivación a Bienestar Estudiantil,1. Sesión tutorial individual semanal. 2. Plan de refuerzo en temas críticos. 3. Monitoreo continuo de asistencia.
STD_00240,Carrera General,Nivel General,7.4,85.0,8.37,BAJO,VERDE (ÓPTIMO),Seguimiento Regular de Aula,1. Continuar con el ritmo académico habitual. 2. Oportunidad de participación como mentor/ayudante.
STD_00240,Carrera General,Nivel General,4.5,85.0,69.18,ALTO,ROJO (CRÍTICO),Tutoría Académica Obligatoria y Derivación a Bienestar Estudiantil,1. Sesión tutorial individual semanal. 2. Plan de refuerzo en temas críticos. 3. Monitoreo continuo de asistencia.
STD_00240,Carrera General,Nivel General,8.8,85.0,9.74,BAJO,VERDE (ÓPTIMO),Seguimiento Regular de Aula,1. Continuar con el ritmo académico habitual. 2. Oportunidad de participación como mentor/ayudante.
STD_00240,Carrera General,Nivel General,4.8,85.0,75.68,ALTO,ROJO (CRÍTICO),Tutoría Académica Obligatoria y Derivación a Bienestar Estudiantil,1. Sesión tutorial individual semanal. 2. Plan de refuerzo en temas críticos. 3. Monitoreo continuo de asistencia.
STD_00240,Carrera General,Nivel General,9.9,85.0,6.75,BAJO,VERDE (ÓPTIMO),Seguimiento Regular de Aula,1. Continuar con el ritmo académico habitual. 2. Oportunidad de participación como mentor/ayudante.
STD_00240,Carrera General,Nivel General,9.2,85.0,16.66,BAJO,VERDE (ÓPTIMO),Seguimiento Regular de Aula,1. Continuar con el ritmo académico habitual. 2. Oportunidad de participación como mentor/ayudante.
STD_00241,Carrera General,Nivel General,6.3,85.0,87.51,ALTO,ROJO (CRÍTICO),Tutoría Académica Obligatoria y Derivación a Bienestar Estudiantil,1. Sesión tutorial individual semanal. 2. Plan de refuerzo en temas críticos. 3. Monitoreo continuo de asistencia.
STD_00241,Carrera General,Nivel General,4.1,85.0,89.35,ALTO,ROJO (CRÍTICO),Tutoría Académica Obligatoria y Derivación a Bienestar Estudiantil,1. Sesión tutorial individual semanal. 2. Plan de refuerzo en temas críticos. 3. Monitoreo continuo de asistencia.
STD_00241,Carrera General,Nivel General,6.2,85.0,78.46,ALTO,ROJO (CRÍTICO),Tutoría Académica Obligatoria y Derivación a Bienestar Estudiantil,1. Sesión tutorial individual semanal. 2. Plan de refuerzo en temas críticos. 3. Monitoreo continuo de asistencia.
STD_00241,Carrera General,Nivel General,6.7,85.0,77.92,ALTO,ROJO (CRÍTICO),Tutoría Académica Obligatoria y Derivación a Bienestar Estudiantil,1. Sesión tutorial individual semanal. 2. Plan de refuerzo en temas críticos. 3. Monitoreo continuo de asistencia.
STD_00241,Carrera General,Nivel General,9.6,85.0,15.94,BAJO,VERDE (ÓPTIMO),Seguimiento Regular de Aula,1. Continuar con el ritmo académico habitual. 2. Oportunidad de participación como mentor/ayudante.
STD_00241,Carrera General,Nivel General,9.3,85.0,13.13,BAJO,VERDE (ÓPTIMO),Seguimiento Regular de Aula,1. Continuar con el ritmo académico habitual. 2. Oportunidad de participación como mentor/ayudante.
STD_00241,Carrera General,Nivel General,9.9,85.0,40.2,MEDIO,AMARILLO (ADVERTENCIA),Acompañamiento Tutorial Preventivo y Talleres de Estudio,1. Entrevista de seguimiento bimensual. 2. Talleres grupales de resolución de ejercicios.
STD_00241,Carrera General,Nivel General,11.0,85.0,16.45,BAJO,VERDE (ÓPTIMO),Seguimiento Regular de Aula,1. Continuar con el ritmo académico habitual. 2. Oportunidad de participación como mentor/ayudante.
STD_00242,Carrera General,Nivel General,4.5,85.0,78.8,ALTO,ROJO (CRÍTICO),Tutoría Académica Obligatoria y Derivación a Bienestar Estudiantil,1. Sesión tutorial individual semanal. 2. Plan de refuerzo en temas críticos. 3. Monitoreo continuo de asistencia.
STD_00242,Carrera General,Nivel General,8.5,85.0,18.64,BAJO,VERDE (ÓPTIMO),Seguimiento Regular de Aula,1. Continuar con el ritmo académico habitual. 2. Oportunidad de participación como mentor/ayudante.
STD_00242,Carrera General,Nivel General,9.8,85.0,26.63,BAJO,VERDE (ÓPTIMO),Seguimiento Regular de Aula,1. Continuar con el ritmo académico habitual. 2. Oportunidad de participación como mentor/ayudante.
STD_00242,Carrera General,Nivel General,9.6,85.0,10.47,BAJO,VERDE (ÓPTIMO),Seguimiento Regular de Aula,1. Continuar con el ritmo académico habitual. 2. Oportunidad de participación como mentor/ayudante.
STD_00242,Carrera General,Nivel General,5.9,85.0,73.53,ALTO,ROJO (CRÍTICO),Tutoría Académica Obligatoria y Derivación a Bienestar Estudiantil,1. Sesión tutorial individual semanal. 2. Plan de refuerzo en temas críticos. 3. Monitoreo continuo de asistencia.
STD_00242,Carrera General,Nivel General,10.0,85.0,22.76,BAJO,VERDE (ÓPTIMO),Seguimiento Regular de Aula,1. Continuar con el ritmo académico habitual. 2. Oportunidad de participación como mentor/ayudante.
STD_00242,Carrera General,Nivel General,5.1,85.0,81.66,ALTO,ROJO (CRÍTICO),Tutoría Académica Obligatoria y Derivación a Bienestar Estudiantil,1. Sesión tutorial individual semanal. 2. Plan de refuerzo en temas críticos. 3. Monitoreo continuo de asistencia.
STD_00242,Carrera General,Nivel General,7.8,85.0,17.21,BAJO,VERDE (ÓPTIMO),Seguimiento Regular de Aula,1. Continuar con el ritmo académico habitual. 2. Oportunidad de participación como mentor/ayudante.
STD_00243,Carrera General,Nivel General,9.4,85.0,32.58,BAJO,VERDE (ÓPTIMO),Seguimiento Regular de Aula,1. Continuar con el ritmo académico habitual. 2. Oportunidad de participación como mentor/ayudante.
STD_00243,Carrera General,Nivel General,6.5,85.0,76.63,ALTO,ROJO (CRÍTICO),Tutoría Académica Obligatoria y Derivación a Bienestar Estudiantil,1. Sesión tutorial individual semanal. 2. Plan de refuerzo en temas críticos. 3. Monitoreo continuo de asistencia.
STD_00243,Carrera General,Nivel General,8.2,85.0,11.35,BAJO,VERDE (ÓPTIMO),Seguimiento Regular de Aula,1. Continuar con el ritmo académico habitual. 2. Oportunidad de participación como mentor/ayudante.
STD_00243,Carrera General,Nivel General,6.4,85.0,51.83,MEDIO,AMARILLO (ADVERTENCIA),Acompañamiento Tutorial Preventivo y Talleres de Estudio,1. Entrevista de seguimiento bimensual. 2. Talleres grupales de resolución de ejercicios.
STD_00243,Carrera General,Nivel General,11.0,85.0,28.8,BAJO,VERDE (ÓPTIMO),Seguimiento Regular de Aula,1. Continuar con el ritmo académico habitual. 2. Oportunidad de participación como mentor/ayudante.
STD_00243,Carrera General,Nivel General,4.3,85.0,77.98,ALTO,ROJO (CRÍTICO),Tutoría Académica Obligatoria y Derivación a Bienestar Estudiantil,1. Sesión tutorial individual semanal. 2. Plan de refuerzo en temas críticos. 3. Monitoreo continuo de asistencia.
STD_00243,Carrera General,Nivel General,4.4,85.0,78.51,ALTO,ROJO (CRÍTICO),Tutoría Académica Obligatoria y Derivación a Bienestar Estudiantil,1. Sesión tutorial individual semanal. 2. Plan de refuerzo en temas críticos. 3. Monitoreo continuo de asistencia.
STD_00243,Carrera General,Nivel General,4.9,85.0,77.29,ALTO,ROJO (CRÍTICO),Tutoría Académica Obligatoria y Derivación a Bienestar Estudiantil,1. Sesión tutorial individual semanal. 2. Plan de refuerzo en temas críticos. 3. Monitoreo continuo de asistencia.
STD_00244,Carrera General,Nivel General,9.0,85.0,8.06,BAJO,VERDE (ÓPTIMO),Seguimiento Regular de Aula,1. Continuar con el ritmo académico habitual. 2. Oportunidad de participación como mentor/ayudante.
STD_00244,Carrera General,Nivel General,7.8,85.0,15.78,BAJO,VERDE (ÓPTIMO),Seguimiento Regular de Aula,1. Continuar con el ritmo académico habitual. 2. Oportunidad de participación como mentor/ayudante.
STD_00244,Carrera General,Nivel General,5.0,85.0,83.97,ALTO,ROJO (CRÍTICO),Tutoría Académica Obligatoria y Derivación a Bienestar Estudiantil,1. Sesión tutorial individual semanal. 2. Plan de refuerzo en temas críticos. 3. Monitoreo continuo de asistencia.
STD_00244,Carrera General,Nivel General,11.0,85.0,5.8,BAJO,VERDE (ÓPTIMO),Seguimiento Regular de Aula,1. Continuar con el ritmo académico habitual. 2. Oportunidad de participación como mentor/ayudante.
STD_00244,Carrera General,Nivel General,4.3,85.0,77.16,ALTO,ROJO (CRÍTICO),Tutoría Académica Obligatoria y Derivación a Bienestar Estudiantil,1. Sesión tutorial individual semanal. 2. Plan de refuerzo en temas críticos. 3. Monitoreo continuo de asistencia.
STD_00244,Carrera General,Nivel General,7.5,85.0,16.72,BAJO,VERDE (ÓPTIMO),Seguimiento Regular de Aula,1. Continuar con el ritmo académico habitual. 2. Oportunidad de participación como mentor/ayudante.
STD_00244,Carrera General,Nivel General,4.1,85.0,81.45,ALTO,ROJO (CRÍTICO),Tutoría Académica Obligatoria y Derivación a Bienestar Estudiantil,1. Sesión tutorial individual semanal. 2. Plan de refuerzo en temas críticos. 3. Monitoreo continuo de asistencia.
STD_00244,Carrera General,Nivel General,6.3,85.0,77.26,ALTO,ROJO (CRÍTICO),Tutoría Académica Obligatoria y Derivación a Bienestar Estudiantil,1. Sesión tutorial individual semanal. 2. Plan de refuerzo en temas críticos. 3. Monitoreo continuo de asistencia.
STD_00245,Carrera General,Nivel General,4.3,85.0,73.95,ALTO,ROJO (CRÍTICO),Tutoría Académica Obligatoria y Derivación a Bienestar Estudiantil,1. Sesión tutorial individual semanal. 2. Plan de refuerzo en temas críticos. 3. Monitoreo continuo de asistencia.
STD_00245,Carrera General,Nivel General,7.2,85.0,7.89,BAJO,VERDE (ÓPTIMO),Seguimiento Regular de Aula,1. Continuar con el ritmo académico habitual. 2. Oportunidad de participación como mentor/ayudante.
STD_00245,Carrera General,Nivel General,6.9,85.0,94.67,ALTO,ROJO (CRÍTICO),Tutoría Académica Obligatoria y Derivación a Bienestar Estudiantil,1. Sesión tutorial individual semanal. 2. Plan de refuerzo en temas críticos. 3. Monitoreo continuo de asistencia.
STD_00245,Carrera General,Nivel General,8.9,85.0,18.34,BAJO,VERDE (ÓPTIMO),Seguimiento Regular de Aula,1. Continuar con el ritmo académico habitual. 2. Oportunidad de participación como mentor/ayudante.
STD_00245,Carrera General,Nivel General,8.7,85.0,9.9,BAJO,VERDE (ÓPTIMO),Seguimiento Regular de Aula,1. Continuar con el ritmo académico habitual. 2. Oportunidad de participación como mentor/ayudante.
STD_00245,Carrera General,Nivel General,9.9,85.0,10.4,BAJO,VERDE (ÓPTIMO),Seguimiento Regular de Aula,1. Continuar con el ritmo académico habitual. 2. Oportunidad de participación como mentor/ayudante.
STD_00245,Carrera General,Nivel General,6.6,85.0,87.54,ALTO,ROJO (CRÍTICO),Tutoría Académica Obligatoria y Derivación a Bienestar Estudiantil,1. Sesión tutorial individual semanal. 2. Plan de refuerzo en temas críticos. 3. Monitoreo continuo de asistencia.
STD_00245,Carrera General,Nivel General,7.9,85.0,16.24,BAJO,VERDE (ÓPTIMO),Seguimiento Regular de Aula,1. Continuar con el ritmo académico habitual. 2. Oportunidad de participación como mentor/ayudante.
STD_00246,Carrera General,Nivel General,8.7,85.0,15.97,BAJO,VERDE (ÓPTIMO),Seguimiento Regular de Aula,1. Continuar con el ritmo académico habitual. 2. Oportunidad de participación como mentor/ayudante.
STD_00246,Carrera General,Nivel General,6.1,85.0,61.91,MEDIO,AMARILLO (ADVERTENCIA),Acompañamiento Tutorial Preventivo y Talleres de Estudio,1. Entrevista de seguimiento bimensual. 2. Talleres grupales de resolución de ejercicios.
STD_00246,Carrera General,Nivel General,5.6,85.0,53.97,ALTO,ROJO (CRÍTICO),Tutoría Académica Obligatoria y Derivación a Bienestar Estudiantil,1. Sesión tutorial individual semanal. 2. Plan de refuerzo en temas críticos. 3. Monitoreo continuo de asistencia.
STD_00246,Carrera General,Nivel General,4.6,85.0,71.97,ALTO,ROJO (CRÍTICO),Tutoría Académica Obligatoria y Derivación a Bienestar Estudiantil,1. Sesión tutorial individual semanal. 2. Plan de refuerzo en temas críticos. 3. Monitoreo continuo de asistencia.
STD_00246,Carrera General,Nivel General,9.1,85.0,23.85,BAJO,VERDE (ÓPTIMO),Seguimiento Regular de Aula,1. Continuar con el ritmo académico habitual. 2. Oportunidad de participación como mentor/ayudante.
STD_00246,Carrera General,Nivel General,6.2,85.0,80.51,ALTO,ROJO (CRÍTICO),Tutoría Académica Obligatoria y Derivación a Bienestar Estudiantil,1. Sesión tutorial individual semanal. 2. Plan de refuerzo en temas críticos. 3. Monitoreo continuo de asistencia.
STD_00246,Carrera General,Nivel General,9.3,85.0,41.44,MEDIO,AMARILLO (ADVERTENCIA),Acompañamiento Tutorial Preventivo y Talleres de Estudio,1. Entrevista de seguimiento bimensual. 2. Talleres grupales de resolución de ejercicios.
STD_00246,Carrera General,Nivel General,10.0,85.0,19.55,BAJO,VERDE (ÓPTIMO),Seguimiento Regular de Aula,1. Continuar con el ritmo académico habitual. 2. Oportunidad de participación como mentor/ayudante.
STD_00247,Carrera General,Nivel General,6.4,85.0,72.43,ALTO,ROJO (CRÍTICO),Tutoría Académica Obligatoria y Derivación a Bienestar Estudiantil,1. Sesión tutorial individual semanal. 2. Plan de refuerzo en temas críticos. 3. Monitoreo continuo de asistencia.
STD_00247,Carrera General,Nivel General,8.0,85.0,24.19,BAJO,VERDE (ÓPTIMO),Seguimiento Regular de Aula,1. Continuar con el ritmo académico habitual. 2. Oportunidad de participación como mentor/ayudante.
STD_00247,Carrera General,Nivel General,9.0,85.0,16.07,BAJO,VERDE (ÓPTIMO),Seguimiento Regular de Aula,1. Continuar con el ritmo académico habitual. 2. Oportunidad de participación como mentor/ayudante.
STD_00247,Carrera General,Nivel General,8.9,85.0,28.6,BAJO,VERDE (ÓPTIMO),Seguimiento Regular de Aula,1. Continuar con el ritmo académico habitual. 2. Oportunidad de participación como mentor/ayudante.
STD_00247,Carrera General,Nivel General,5.8,85.0,46.19,ALTO,ROJO (CRÍTICO),Tutoría Académica Obligatoria y Derivación a Bienestar Estudiantil,1. Sesión tutorial individual semanal. 2. Plan de refuerzo en temas críticos. 3. Monitoreo continuo de asistencia.
STD_00247,Carrera General,Nivel General,7.0,85.0,17.53,BAJO,VERDE (ÓPTIMO),Seguimiento Regular de Aula,1. Continuar con el ritmo académico habitual. 2. Oportunidad de participación como mentor/ayudante.
STD_00247,Carrera General,Nivel General,7.0,85.0,34.56,BAJO,VERDE (ÓPTIMO),Seguimiento Regular de Aula,1. Continuar con el ritmo académico habitual. 2. Oportunidad de participación como mentor/ayudante.
STD_00247,Carrera General,Nivel General,7.5,85.0,21.06,BAJO,VERDE (ÓPTIMO),Seguimiento Regular de Aula,1. Continuar con el ritmo académico habitual. 2. Oportunidad de participación como mentor/ayudante.
STD_00248,Carrera General,Nivel General,7.8,85.0,18.59,BAJO,VERDE (ÓPTIMO),Seguimiento Regular de Aula,1. Continuar con el ritmo académico habitual. 2. Oportunidad de participación como mentor/ayudante.
STD_00248,Carrera General,Nivel General,5.2,85.0,80.99,ALTO,ROJO (CRÍTICO),Tutoría Académica Obligatoria y Derivación a Bienestar Estudiantil,1. Sesión tutorial individual semanal. 2. Plan de refuerzo en temas críticos. 3. Monitoreo continuo de asistencia.
STD_00248,Carrera General,Nivel General,5.0,85.0,61.4,ALTO,ROJO (CRÍTICO),Tutoría Académica Obligatoria y Derivación a Bienestar Estudiantil,1. Sesión tutorial individual semanal. 2. Plan de refuerzo en temas críticos. 3. Monitoreo continuo de asistencia.
STD_00248,Carrera General,Nivel General,5.0,85.0,76.61,ALTO,ROJO (CRÍTICO),Tutoría Académica Obligatoria y Derivación a Bienestar Estudiantil,1. Sesión tutorial individual semanal. 2. Plan de refuerzo en temas críticos. 3. Monitoreo continuo de asistencia.
STD_00248,Carrera General,Nivel General,4.9,85.0,79.23,ALTO,ROJO (CRÍTICO),Tutoría Académica Obligatoria y Derivación a Bienestar Estudiantil,1. Sesión tutorial individual semanal. 2. Plan de refuerzo en temas críticos. 3. Monitoreo continuo de asistencia.
STD_00248,Carrera General,Nivel General,11.0,85.0,18.82,BAJO,VERDE (ÓPTIMO),Seguimiento Regular de Aula,1. Continuar con el ritmo académico habitual. 2. Oportunidad de participación como mentor/ayudante.
STD_00248,Carrera General,Nivel General,5.7,85.0,68.8,ALTO,ROJO (CRÍTICO),Tutoría Académica Obligatoria y Derivación a Bienestar Estudiantil,1. Sesión tutorial individual semanal. 2. Plan de refuerzo en temas críticos. 3. Monitoreo continuo de asistencia.
STD_00248,Carrera General,Nivel General,7.5,85.0,24.93,BAJO,VERDE (ÓPTIMO),Seguimiento Regular de Aula,1. Continuar con el ritmo académico habitual. 2. Oportunidad de participación como mentor/ayudante.
STD_00249,Carrera General,Nivel General,4.5,85.0,47.1,ALTO,ROJO (CRÍTICO),Tutoría Académica Obligatoria y Derivación a Bienestar Estudiantil,1. Sesión tutorial individual semanal. 2. Plan de refuerzo en temas críticos. 3. Monitoreo continuo de asistencia.
STD_00249,Carrera General,Nivel General,9.8,85.0,9.55,BAJO,VERDE (ÓPTIMO),Seguimiento Regular de Aula,1. Continuar con el ritmo académico habitual. 2. Oportunidad de participación como mentor/ayudante.
STD_00249,Carrera General,Nivel General,8.5,85.0,12.97,BAJO,VERDE (ÓPTIMO),Seguimiento Regular de Aula,1. Continuar con el ritmo académico habitual. 2. Oportunidad de participación como mentor/ayudante.
STD_00249,Carrera General,Nivel General,7.8,85.0,12.48,BAJO,VERDE (ÓPTIMO),Seguimiento Regular de Aula,1. Continuar con el ritmo académico habitual. 2. Oportunidad de participación como mentor/ayudante.
STD_00249,Carrera General,Nivel General,9.5,85.0,9.42,BAJO,VERDE (ÓPTIMO),Seguimiento Regular de Aula,1. Continuar con el ritmo académico habitual. 2. Oportunidad de participación como mentor/ayudante.
STD_00249,Carrera General,Nivel General,8.5,85.0,16.16,BAJO,VERDE (ÓPTIMO),Seguimiento Regular de Aula,1. Continuar con el ritmo académico habitual. 2. Oportunidad de participación como mentor/ayudante.
STD_00249,Carrera General,Nivel General,5.6,85.0,88.59,ALTO,ROJO (CRÍTICO),Tutoría Académica Obligatoria y Derivación a Bienestar Estudiantil,1. Sesión tutorial individual semanal. 2. Plan de refuerzo en temas críticos. 3. Monitoreo continuo de asistencia.
STD_00249,Carrera General,Nivel General,4.4,85.0,79.31,ALTO,ROJO (CRÍTICO),Tutoría Académica Obligatoria y Derivación a Bienestar Estudiantil,1. Sesión tutorial individual semanal. 2. Plan de refuerzo en temas críticos. 3. Monitoreo continuo de asistencia.
STD_00250,Carrera General,Nivel General,6.9,85.0,73.47,ALTO,ROJO (CRÍTICO),Tutoría Académica Obligatoria y Derivación a Bienestar Estudiantil,1. Sesión tutorial individual semanal. 2. Plan de refuerzo en temas críticos. 3. Monitoreo continuo de asistencia.
STD_00250,Carrera General,Nivel General,10.0,85.0,27.19,BAJO,VERDE (ÓPTIMO),Seguimiento Regular de Aula,1. Continuar con el ritmo académico habitual. 2. Oportunidad de participación como mentor/ayudante.
STD_00250,Carrera General,Nivel General,6.1,85.0,78.12,ALTO,ROJO (CRÍTICO),Tutoría Académica Obligatoria y Derivación a Bienestar Estudiantil,1. Sesión tutorial individual semanal. 2. Plan de refuerzo en temas críticos. 3. Monitoreo continuo de asistencia.
STD_00250,Carrera General,Nivel General,5.1,85.0,81.44,ALTO,ROJO (CRÍTICO),Tutoría Académica Obligatoria y Derivación a Bienestar Estudiantil,1. Sesión tutorial individual semanal. 2. Plan de refuerzo en temas críticos. 3. Monitoreo continuo de asistencia.
STD_00250,Carrera General,Nivel General,8.0,85.0,21.81,BAJO,VERDE (ÓPTIMO),Seguimiento Regular de Aula,1. Continuar con el ritmo académico habitual. 2. Oportunidad de participación como mentor/ayudante.
STD_00250,Carrera General,Nivel General,6.5,85.0,82.3,ALTO,ROJO (CRÍTICO),Tutoría Académica Obligatoria y Derivación a Bienestar Estudiantil,1. Sesión tutorial individual semanal. 2. Plan de refuerzo en temas críticos. 3. Monitoreo continuo de asistencia.
STD_00250,Carrera General,Nivel General,6.4,85.0,84.97,ALTO,ROJO (CRÍTICO),Tutoría Académica Obligatoria y Derivación a Bienestar Estudiantil,1. Sesión tutorial individual semanal. 2. Plan de refuerzo en temas críticos. 3. Monitoreo continuo de asistencia.
STD_00250,Carrera General,Nivel General,7.2,85.0,31.39,BAJO,VERDE (ÓPTIMO),Seguimiento Regular de Aula,1. Continuar con el ritmo académico habitual. 2. Oportunidad de participación como mentor/ayudante.
STD_00251,Carrera General,Nivel General,5.4,85.0,68.7,ALTO,ROJO (CRÍTICO),Tutoría Académica Obligatoria y Derivación a Bienestar Estudiantil,1. Sesión tutorial individual semanal. 2. Plan de refuerzo en temas críticos. 3. Monitoreo continuo de asistencia.
STD_00251,Carrera General,Nivel General,11.0,85.0,40.67,MEDIO,AMARILLO (ADVERTENCIA),Acompañamiento Tutorial Preventivo y Talleres de Estudio,1. Entrevista de seguimiento bimensual. 2. Talleres grupales de resolución de ejercicios.
STD_00251,Carrera General,Nivel General,5.9,85.0,75.26,ALTO,ROJO (CRÍTICO),Tutoría Académica Obligatoria y Derivación a Bienestar Estudiantil,1. Sesión tutorial individual semanal. 2. Plan de refuerzo en temas críticos. 3. Monitoreo continuo de asistencia.
STD_00251,Carrera General,Nivel General,5.4,85.0,75.76,ALTO,ROJO (CRÍTICO),Tutoría Académica Obligatoria y Derivación a Bienestar Estudiantil,1. Sesión tutorial individual semanal. 2. Plan de refuerzo en temas críticos. 3. Monitoreo continuo de asistencia.
STD_00251,Carrera General,Nivel General,11.0,85.0,31.32,BAJO,VERDE (ÓPTIMO),Seguimiento Regular de Aula,1. Continuar con el ritmo académico habitual. 2. Oportunidad de participación como mentor/ayudante.
STD_00251,Carrera General,Nivel General,7.0,85.0,23.8,BAJO,VERDE (ÓPTIMO),Seguimiento Regular de Aula,1. Continuar con el ritmo académico habitual. 2. Oportunidad de participación como mentor/ayudante.
STD_00251,Carrera General,Nivel General,5.6,85.0,66.55,ALTO,ROJO (CRÍTICO),Tutoría Académica Obligatoria y Derivación a Bienestar Estudiantil,1. Sesión tutorial individual semanal. 2. Plan de refuerzo en temas críticos. 3. Monitoreo continuo de asistencia.
STD_00251,Carrera General,Nivel General,8.1,85.0,38.66,MEDIO,AMARILLO (ADVERTENCIA),Acompañamiento Tutorial Preventivo y Talleres de Estudio,1. Entrevista de seguimiento bimensual. 2. Talleres grupales de resolución de ejercicios.
STD_00252,Carrera General,Nivel General,8.7,85.0,9.0,BAJO,VERDE (ÓPTIMO),Seguimiento Regular de Aula,1. Continuar con el ritmo académico habitual. 2. Oportunidad de participación como mentor/ayudante.
STD_00252,Carrera General,Nivel General,8.5,85.0,5.47,BAJO,VERDE (ÓPTIMO),Seguimiento Regular de Aula,1. Continuar con el ritmo académico habitual. 2. Oportunidad de participación como mentor/ayudante.
STD_00252,Carrera General,Nivel General,6.6,85.0,67.9,ALTO,ROJO (CRÍTICO),Tutoría Académica Obligatoria y Derivación a Bienestar Estudiantil,1. Sesión tutorial individual semanal. 2. Plan de refuerzo en temas críticos. 3. Monitoreo continuo de asistencia.
STD_00252,Carrera General,Nivel General,8.3,85.0,5.79,BAJO,VERDE (ÓPTIMO),Seguimiento Regular de Aula,1. Continuar con el ritmo académico habitual. 2. Oportunidad de participación como mentor/ayudante.
STD_00252,Carrera General,Nivel General,6.2,85.0,75.69,ALTO,ROJO (CRÍTICO),Tutoría Académica Obligatoria y Derivación a Bienestar Estudiantil,1. Sesión tutorial individual semanal. 2. Plan de refuerzo en temas críticos. 3. Monitoreo continuo de asistencia.
STD_00252,Carrera General,Nivel General,4.5,85.0,91.79,ALTO,ROJO (CRÍTICO),Tutoría Académica Obligatoria y Derivación a Bienestar Estudiantil,1. Sesión tutorial individual semanal. 2. Plan de refuerzo en temas críticos. 3. Monitoreo continuo de asistencia.
STD_00252,Carrera General,Nivel General,9.7,85.0,10.78,BAJO,VERDE (ÓPTIMO),Seguimiento Regular de Aula,1. Continuar con el ritmo académico habitual. 2. Oportunidad de participación como mentor/ayudante.
STD_00252,Carrera General,Nivel General,8.7,85.0,9.13,BAJO,VERDE (ÓPTIMO),Seguimiento Regular de Aula,1. Continuar con el ritmo académico habitual. 2. Oportunidad de participación como mentor/ayudante.
STD_00253,Carrera General,Nivel General,7.1,85.0,19.09,BAJO,VERDE (ÓPTIMO),Seguimiento Regular de Aula,1. Continuar con el ritmo académico habitual. 2. Oportunidad de participación como mentor/ayudante.
STD_00253,Carrera General,Nivel General,9.8,85.0,27.72,BAJO,VERDE (ÓPTIMO),Seguimiento Regular de Aula,1. Continuar con el ritmo académico habitual. 2. Oportunidad de participación como mentor/ayudante.
STD_00253,Carrera General,Nivel General,9.9,85.0,28.13,BAJO,VERDE (ÓPTIMO),Seguimiento Regular de Aula,1. Continuar con el ritmo académico habitual. 2. Oportunidad de participación como mentor/ayudante.
STD_00253,Carrera General,Nivel General,4.7,85.0,81.3,ALTO,ROJO (CRÍTICO),Tutoría Académica Obligatoria y Derivación a Bienestar Estudiantil,1. Sesión tutorial individual semanal. 2. Plan de refuerzo en temas críticos. 3. Monitoreo continuo de asistencia.
STD_00253,Carrera General,Nivel General,6.5,85.0,78.41,ALTO,ROJO (CRÍTICO),Tutoría Académica Obligatoria y Derivación a Bienestar Estudiantil,1. Sesión tutorial individual semanal. 2. Plan de refuerzo en temas críticos. 3. Monitoreo continuo de asistencia.
STD_00253,Carrera General,Nivel General,6.5,85.0,75.67,ALTO,ROJO (CRÍTICO),Tutoría Académica Obligatoria y Derivación a Bienestar Estudiantil,1. Sesión tutorial individual semanal. 2. Plan de refuerzo en temas críticos. 3. Monitoreo continuo de asistencia.
STD_00253,Carrera General,Nivel General,5.3,85.0,76.52,ALTO,ROJO (CRÍTICO),Tutoría Académica Obligatoria y Derivación a Bienestar Estudiantil,1. Sesión tutorial individual semanal. 2. Plan de refuerzo en temas críticos. 3. Monitoreo continuo de asistencia.
STD_00253,Carrera General,Nivel General,5.1,85.0,84.5,ALTO,ROJO (CRÍTICO),Tutoría Académica Obligatoria y Derivación a Bienestar Estudiantil,1. Sesión tutorial individual semanal. 2. Plan de refuerzo en temas críticos. 3. Monitoreo continuo de asistencia.
STD_00254,Carrera General,Nivel General,8.1,85.0,32.78,BAJO,VERDE (ÓPTIMO),Seguimiento Regular de Aula,1. Continuar con el ritmo académico habitual. 2. Oportunidad de participación como mentor/ayudante.
STD_00254,Carrera General,Nivel General,8.6,85.0,29.71,BAJO,VERDE (ÓPTIMO),Seguimiento Regular de Aula,1. Continuar con el ritmo académico habitual. 2. Oportunidad de participación como mentor/ayudante.
STD_00254,Carrera General,Nivel General,6.9,85.0,77.36,ALTO,ROJO (CRÍTICO),Tutoría Académica Obligatoria y Derivación a Bienestar Estudiantil,1. Sesión tutorial individual semanal. 2. Plan de refuerzo en temas críticos. 3. Monitoreo continuo de asistencia.
STD_00254,Carrera General,Nivel General,7.2,85.0,15.08,BAJO,VERDE (ÓPTIMO),Seguimiento Regular de Aula,1. Continuar con el ritmo académico habitual. 2. Oportunidad de participación como mentor/ayudante.
STD_00254,Carrera General,Nivel General,6.4,85.0,75.53,ALTO,ROJO (CRÍTICO),Tutoría Académica Obligatoria y Derivación a Bienestar Estudiantil,1. Sesión tutorial individual semanal. 2. Plan de refuerzo en temas críticos. 3. Monitoreo continuo de asistencia.
STD_00254,Carrera General,Nivel General,6.4,85.0,70.8,ALTO,ROJO (CRÍTICO),Tutoría Académica Obligatoria y Derivación a Bienestar Estudiantil,1. Sesión tutorial individual semanal. 2. Plan de refuerzo en temas críticos. 3. Monitoreo continuo de asistencia.
STD_00254,Carrera General,Nivel General,7.1,85.0,16.88,BAJO,VERDE (ÓPTIMO),Seguimiento Regular de Aula,1. Continuar con el ritmo académico habitual. 2. Oportunidad de participación como mentor/ayudante.
STD_00254,Carrera General,Nivel General,7.8,85.0,19.39,BAJO,VERDE (ÓPTIMO),Seguimiento Regular de Aula,1. Continuar con el ritmo académico habitual. 2. Oportunidad de participación como mentor/ayudante.
STD_00255,Carrera General,Nivel General,4.4,85.0,80.54,ALTO,ROJO (CRÍTICO),Tutoría Académica Obligatoria y Derivación a Bienestar Estudiantil,1. Sesión tutorial individual semanal. 2. Plan de refuerzo en temas críticos. 3. Monitoreo continuo de asistencia.
STD_00255,Carrera General,Nivel General,6.6,85.0,77.98,ALTO,ROJO (CRÍTICO),Tutoría Académica Obligatoria y Derivación a Bienestar Estudiantil,1. Sesión tutorial individual semanal. 2. Plan de refuerzo en temas críticos. 3. Monitoreo continuo de asistencia.
STD_00255,Carrera General,Nivel General,5.2,85.0,72.66,ALTO,ROJO (CRÍTICO),Tutoría Académica Obligatoria y Derivación a Bienestar Estudiantil,1. Sesión tutorial individual semanal. 2. Plan de refuerzo en temas críticos. 3. Monitoreo continuo de asistencia.
STD_00255,Carrera General,Nivel General,7.8,85.0,25.72,BAJO,VERDE (ÓPTIMO),Seguimiento Regular de Aula,1. Continuar con el ritmo académico habitual. 2. Oportunidad de participación como mentor/ayudante.
STD_00255,Carrera General,Nivel General,4.7,85.0,81.52,ALTO,ROJO (CRÍTICO),Tutoría Académica Obligatoria y Derivación a Bienestar Estudiantil,1. Sesión tutorial individual semanal. 2. Plan de refuerzo en temas críticos. 3. Monitoreo continuo de asistencia.
STD_00255,Carrera General,Nivel General,11.0,85.0,38.05,MEDIO,AMARILLO (ADVERTENCIA),Acompañamiento Tutorial Preventivo y Talleres de Estudio,1. Entrevista de seguimiento bimensual. 2. Talleres grupales de resolución de ejercicios.
STD_00255,Carrera General,Nivel General,7.2,85.0,33.03,BAJO,VERDE (ÓPTIMO),Seguimiento Regular de Aula,1. Continuar con el ritmo académico habitual. 2. Oportunidad de participación como mentor/ayudante.
STD_00255,Carrera General,Nivel General,4.4,85.0,75.7,ALTO,ROJO (CRÍTICO),Tutoría Académica Obligatoria y Derivación a Bienestar Estudiantil,1. Sesión tutorial individual semanal. 2. Plan de refuerzo en temas críticos. 3. Monitoreo continuo de asistencia.
STD_00256,Carrera General,Nivel General,4.0,85.0,88.67,ALTO,ROJO (CRÍTICO),Tutoría Académica Obligatoria y Derivación a Bienestar Estudiantil,1. Sesión tutorial individual semanal. 2. Plan de refuerzo en temas críticos. 3. Monitoreo continuo de asistencia.
STD_00256,Carrera General,Nivel General,11.0,85.0,8.22,BAJO,VERDE (ÓPTIMO),Seguimiento Regular de Aula,1. Continuar con el ritmo académico habitual. 2. Oportunidad de participación como mentor/ayudante.
STD_00256,Carrera General,Nivel General,6.9,85.0,75.57,ALTO,ROJO (CRÍTICO),Tutoría Académica Obligatoria y Derivación a Bienestar Estudiantil,1. Sesión tutorial individual semanal. 2. Plan de refuerzo en temas críticos. 3. Monitoreo continuo de asistencia.
STD_00256,Carrera General,Nivel General,8.2,85.0,17.0,BAJO,VERDE (ÓPTIMO),Seguimiento Regular de Aula,1. Continuar con el ritmo académico habitual. 2. Oportunidad de participación como mentor/ayudante.
STD_00256,Carrera General,Nivel General,9.1,85.0,4.78,BAJO,VERDE (ÓPTIMO),Seguimiento Regular de Aula,1. Continuar con el ritmo académico habitual. 2. Oportunidad de participación como mentor/ayudante.
STD_00256,Carrera General,Nivel General,8.1,85.0,17.61,BAJO,VERDE (ÓPTIMO),Seguimiento Regular de Aula,1. Continuar con el ritmo académico habitual. 2. Oportunidad de participación como mentor/ayudante.
STD_00256,Carrera General,Nivel General,7.9,85.0,11.2,BAJO,VERDE (ÓPTIMO),Seguimiento Regular de Aula,1. Continuar con el ritmo académico habitual. 2. Oportunidad de participación como mentor/ayudante.
STD_00256,Carrera General,Nivel General,4.8,85.0,73.63,ALTO,ROJO (CRÍTICO),Tutoría Académica Obligatoria y Derivación a Bienestar Estudiantil,1. Sesión tutorial individual semanal. 2. Plan de refuerzo en temas críticos. 3. Monitoreo continuo de asistencia.
STD_00257,Carrera General,Nivel General,8.6,85.0,28.66,BAJO,VERDE (ÓPTIMO),Seguimiento Regular de Aula,1. Continuar con el ritmo académico habitual. 2. Oportunidad de participación como mentor/ayudante.
STD_00257,Carrera General,Nivel General,9.0,85.0,6.79,BAJO,VERDE (ÓPTIMO),Seguimiento Regular de Aula,1. Continuar con el ritmo académico habitual. 2. Oportunidad de participación como mentor/ayudante.
STD_00257,Carrera General,Nivel General,8.0,85.0,10.86,BAJO,VERDE (ÓPTIMO),Seguimiento Regular de Aula,1. Continuar con el ritmo académico habitual. 2. Oportunidad de participación como mentor/ayudante.
STD_00257,Carrera General,Nivel General,9.0,85.0,8.21,BAJO,VERDE (ÓPTIMO),Seguimiento Regular de Aula,1. Continuar con el ritmo académico habitual. 2. Oportunidad de participación como mentor/ayudante.
STD_00257,Carrera General,Nivel General,8.3,85.0,12.16,BAJO,VERDE (ÓPTIMO),Seguimiento Regular de Aula,1. Continuar con el ritmo académico habitual. 2. Oportunidad de participación como mentor/ayudante.
STD_00257,Carrera General,Nivel General,9.8,85.0,15.12,BAJO,VERDE (ÓPTIMO),Seguimiento Regular de Aula,1. Continuar con el ritmo académico habitual. 2. Oportunidad de participación como mentor/ayudante.
STD_00257,Carrera General,Nivel General,4.9,85.0,60.81,ALTO,ROJO (CRÍTICO),Tutoría Académica Obligatoria y Derivación a Bienestar Estudiantil,1. Sesión tutorial individual semanal. 2. Plan de refuerzo en temas críticos. 3. Monitoreo continuo de asistencia.
STD_00257,Carrera General,Nivel General,7.5,85.0,6.65,BAJO,VERDE (ÓPTIMO),Seguimiento Regular de Aula,1. Continuar con el ritmo académico habitual. 2. Oportunidad de participación como mentor/ayudante.
STD_00258,Carrera General,Nivel General,5.1,85.0,65.15,ALTO,ROJO (CRÍTICO),Tutoría Académica Obligatoria y Derivación a Bienestar Estudiantil,1. Sesión tutorial individual semanal. 2. Plan de refuerzo en temas críticos. 3. Monitoreo continuo de asistencia.
STD_00258,Carrera General,Nivel General,9.6,85.0,12.15,BAJO,VERDE (ÓPTIMO),Seguimiento Regular de Aula,1. Continuar con el ritmo académico habitual. 2. Oportunidad de participación como mentor/ayudante.
STD_00258,Carrera General,Nivel General,8.3,85.0,30.83,BAJO,VERDE (ÓPTIMO),Seguimiento Regular de Aula,1. Continuar con el ritmo académico habitual. 2. Oportunidad de participación como mentor/ayudante.
STD_00258,Carrera General,Nivel General,9.6,85.0,24.08,BAJO,VERDE (ÓPTIMO),Seguimiento Regular de Aula,1. Continuar con el ritmo académico habitual. 2. Oportunidad de participación como mentor/ayudante.
STD_00258,Carrera General,Nivel General,8.2,85.0,14.14,BAJO,VERDE (ÓPTIMO),Seguimiento Regular de Aula,1. Continuar con el ritmo académico habitual. 2. Oportunidad de participación como mentor/ayudante.
STD_00258,Carrera General,Nivel General,8.1,85.0,21.98,BAJO,VERDE (ÓPTIMO),Seguimiento Regular de Aula,1. Continuar con el ritmo académico habitual. 2. Oportunidad de participación como mentor/ayudante.
STD_00258,Carrera General,Nivel General,5.0,85.0,78.2,ALTO,ROJO (CRÍTICO),Tutoría Académica Obligatoria y Derivación a Bienestar Estudiantil,1. Sesión tutorial individual semanal. 2. Plan de refuerzo en temas críticos. 3. Monitoreo continuo de asistencia.
STD_00258,Carrera General,Nivel General,5.6,85.0,62.01,ALTO,ROJO (CRÍTICO),Tutoría Académica Obligatoria y Derivación a Bienestar Estudiantil,1. Sesión tutorial individual semanal. 2. Plan de refuerzo en temas críticos. 3. Monitoreo continuo de asistencia.
STD_00259,Carrera General,Nivel General,6.9,85.0,85.0,ALTO,ROJO (CRÍTICO),Tutoría Académica Obligatoria y Derivación a Bienestar Estudiantil,1. Sesión tutorial individual semanal. 2. Plan de refuerzo en temas críticos. 3. Monitoreo continuo de asistencia.
STD_00259,Carrera General,Nivel General,7.8,85.0,15.92,BAJO,VERDE (ÓPTIMO),Seguimiento Regular de Aula,1. Continuar con el ritmo académico habitual. 2. Oportunidad de participación como mentor/ayudante.
STD_00259,Carrera General,Nivel General,4.3,85.0,66.73,ALTO,ROJO (CRÍTICO),Tutoría Académica Obligatoria y Derivación a Bienestar Estudiantil,1. Sesión tutorial individual semanal. 2. Plan de refuerzo en temas críticos. 3. Monitoreo continuo de asistencia.
STD_00259,Carrera General,Nivel General,8.2,85.0,24.64,BAJO,VERDE (ÓPTIMO),Seguimiento Regular de Aula,1. Continuar con el ritmo académico habitual. 2. Oportunidad de participación como mentor/ayudante.
STD_00259,Carrera General,Nivel General,10.0,85.0,11.38,BAJO,VERDE (ÓPTIMO),Seguimiento Regular de Aula,1. Continuar con el ritmo académico habitual. 2. Oportunidad de participación como mentor/ayudante.
STD_00259,Carrera General,Nivel General,7.1,85.0,18.27,BAJO,VERDE (ÓPTIMO),Seguimiento Regular de Aula,1. Continuar con el ritmo académico habitual. 2. Oportunidad de participación como mentor/ayudante.
STD_00259,Carrera General,Nivel General,6.7,85.0,70.2,ALTO,ROJO (CRÍTICO),Tutoría Académica Obligatoria y Derivación a Bienestar Estudiantil,1. Sesión tutorial individual semanal. 2. Plan de refuerzo en temas críticos. 3. Monitoreo continuo de asistencia.
STD_00259,Carrera General,Nivel General,7.0,85.0,8.56,BAJO,VERDE (ÓPTIMO),Seguimiento Regular de Aula,1. Continuar con el ritmo académico habitual. 2. Oportunidad de participación como mentor/ayudante.
STD_00260,Carrera General,Nivel General,7.9,85.0,19.06,BAJO,VERDE (ÓPTIMO),Seguimiento Regular de Aula,1. Continuar con el ritmo académico habitual. 2. Oportunidad de participación como mentor/ayudante.
STD_00260,Carrera General,Nivel General,4.9,85.0,90.46,ALTO,ROJO (CRÍTICO),Tutoría Académica Obligatoria y Derivación a Bienestar Estudiantil,1. Sesión tutorial individual semanal. 2. Plan de refuerzo en temas críticos. 3. Monitoreo continuo de asistencia.
STD_00260,Carrera General,Nivel General,5.4,85.0,69.15,ALTO,ROJO (CRÍTICO),Tutoría Académica Obligatoria y Derivación a Bienestar Estudiantil,1. Sesión tutorial individual semanal. 2. Plan de refuerzo en temas críticos. 3. Monitoreo continuo de asistencia.
STD_00260,Carrera General,Nivel General,5.9,85.0,87.74,ALTO,ROJO (CRÍTICO),Tutoría Académica Obligatoria y Derivación a Bienestar Estudiantil,1. Sesión tutorial individual semanal. 2. Plan de refuerzo en temas críticos. 3. Monitoreo continuo de asistencia.
STD_00260,Carrera General,Nivel General,8.6,85.0,29.4,BAJO,VERDE (ÓPTIMO),Seguimiento Regular de Aula,1. Continuar con el ritmo académico habitual. 2. Oportunidad de participación como mentor/ayudante.
STD_00260,Carrera General,Nivel General,5.0,85.0,80.99,ALTO,ROJO (CRÍTICO),Tutoría Académica Obligatoria y Derivación a Bienestar Estudiantil,1. Sesión tutorial individual semanal. 2. Plan de refuerzo en temas críticos. 3. Monitoreo continuo de asistencia.
STD_00260,Carrera General,Nivel General,4.2,85.0,78.65,ALTO,ROJO (CRÍTICO),Tutoría Académica Obligatoria y Derivación a Bienestar Estudiantil,1. Sesión tutorial individual semanal. 2. Plan de refuerzo en temas críticos. 3. Monitoreo continuo de asistencia.
STD_00260,Carrera General,Nivel General,5.7,85.0,79.87,ALTO,ROJO (CRÍTICO),Tutoría Académica Obligatoria y Derivación a Bienestar Estudiantil,1. Sesión tutorial individual semanal. 2. Plan de refuerzo en temas críticos. 3. Monitoreo continuo de asistencia.
STD_00261,Carrera General,Nivel General,6.0,85.0,76.88,ALTO,ROJO (CRÍTICO),Tutoría Académica Obligatoria y Derivación a Bienestar Estudiantil,1. Sesión tutorial individual semanal. 2. Plan de refuerzo en temas críticos. 3. Monitoreo continuo de asistencia.
STD_00261,Carrera General,Nivel General,7.9,85.0,31.36,BAJO,VERDE (ÓPTIMO),Seguimiento Regular de Aula,1. Continuar con el ritmo académico habitual. 2. Oportunidad de participación como mentor/ayudante.
STD_00261,Carrera General,Nivel General,4.5,85.0,85.08,ALTO,ROJO (CRÍTICO),Tutoría Académica Obligatoria y Derivación a Bienestar Estudiantil,1. Sesión tutorial individual semanal. 2. Plan de refuerzo en temas críticos. 3. Monitoreo continuo de asistencia.
STD_00261,Carrera General,Nivel General,4.9,85.0,78.67,ALTO,ROJO (CRÍTICO),Tutoría Académica Obligatoria y Derivación a Bienestar Estudiantil,1. Sesión tutorial individual semanal. 2. Plan de refuerzo en temas críticos. 3. Monitoreo continuo de asistencia.
STD_00261,Carrera General,Nivel General,6.2,85.0,67.13,ALTO,ROJO (CRÍTICO),Tutoría Académica Obligatoria y Derivación a Bienestar Estudiantil,1. Sesión tutorial individual semanal. 2. Plan de refuerzo en temas críticos. 3. Monitoreo continuo de asistencia.
STD_00261,Carrera General,Nivel General,4.5,85.0,84.95,ALTO,ROJO (CRÍTICO),Tutoría Académica Obligatoria y Derivación a Bienestar Estudiantil,1. Sesión tutorial individual semanal. 2. Plan de refuerzo en temas críticos. 3. Monitoreo continuo de asistencia.
STD_00261,Carrera General,Nivel General,8.8,85.0,20.52,BAJO,VERDE (ÓPTIMO),Seguimiento Regular de Aula,1. Continuar con el ritmo académico habitual. 2. Oportunidad de participación como mentor/ayudante.
STD_00261,Carrera General,Nivel General,11.0,85.0,27.28,BAJO,VERDE (ÓPTIMO),Seguimiento Regular de Aula,1. Continuar con el ritmo académico habitual. 2. Oportunidad de participación como mentor/ayudante.
STD_00262,Carrera General,Nivel General,4.1,85.0,91.54,ALTO,ROJO (CRÍTICO),Tutoría Académica Obligatoria y Derivación a Bienestar Estudiantil,1. Sesión tutorial individual semanal. 2. Plan de refuerzo en temas críticos. 3. Monitoreo continuo de asistencia.
STD_00262,Carrera General,Nivel General,8.9,85.0,22.71,BAJO,VERDE (ÓPTIMO),Seguimiento Regular de Aula,1. Continuar con el ritmo académico habitual. 2. Oportunidad de participación como mentor/ayudante.
STD_00262,Carrera General,Nivel General,9.5,85.0,13.25,BAJO,VERDE (ÓPTIMO),Seguimiento Regular de Aula,1. Continuar con el ritmo académico habitual. 2. Oportunidad de participación como mentor/ayudante.
STD_00262,Carrera General,Nivel General,9.2,85.0,8.99,BAJO,VERDE (ÓPTIMO),Seguimiento Regular de Aula,1. Continuar con el ritmo académico habitual. 2. Oportunidad de participación como mentor/ayudante.
STD_00262,Carrera General,Nivel General,4.7,85.0,81.11,ALTO,ROJO (CRÍTICO),Tutoría Académica Obligatoria y Derivación a Bienestar Estudiantil,1. Sesión tutorial individual semanal. 2. Plan de refuerzo en temas críticos. 3. Monitoreo continuo de asistencia.
STD_00262,Carrera General,Nivel General,11.0,85.0,26.95,BAJO,VERDE (ÓPTIMO),Seguimiento Regular de Aula,1. Continuar con el ritmo académico habitual. 2. Oportunidad de participación como mentor/ayudante.
STD_00262,Carrera General,Nivel General,4.9,85.0,70.3,ALTO,ROJO (CRÍTICO),Tutoría Académica Obligatoria y Derivación a Bienestar Estudiantil,1. Sesión tutorial individual semanal. 2. Plan de refuerzo en temas críticos. 3. Monitoreo continuo de asistencia.
STD_00262,Carrera General,Nivel General,9.1,85.0,18.83,BAJO,VERDE (ÓPTIMO),Seguimiento Regular de Aula,1. Continuar con el ritmo académico habitual. 2. Oportunidad de participación como mentor/ayudante.
STD_00263,Carrera General,Nivel General,8.4,85.0,17.72,BAJO,VERDE (ÓPTIMO),Seguimiento Regular de Aula,1. Continuar con el ritmo académico habitual. 2. Oportunidad de participación como mentor/ayudante.
STD_00263,Carrera General,Nivel General,4.2,85.0,83.25,ALTO,ROJO (CRÍTICO),Tutoría Académica Obligatoria y Derivación a Bienestar Estudiantil,1. Sesión tutorial individual semanal. 2. Plan de refuerzo en temas críticos. 3. Monitoreo continuo de asistencia.
STD_00263,Carrera General,Nivel General,8.4,85.0,31.47,BAJO,VERDE (ÓPTIMO),Seguimiento Regular de Aula,1. Continuar con el ritmo académico habitual. 2. Oportunidad de participación como mentor/ayudante.
STD_00263,Carrera General,Nivel General,6.0,85.0,77.8,ALTO,ROJO (CRÍTICO),Tutoría Académica Obligatoria y Derivación a Bienestar Estudiantil,1. Sesión tutorial individual semanal. 2. Plan de refuerzo en temas críticos. 3. Monitoreo continuo de asistencia.
STD_00263,Carrera General,Nivel General,6.0,85.0,83.65,ALTO,ROJO (CRÍTICO),Tutoría Académica Obligatoria y Derivación a Bienestar Estudiantil,1. Sesión tutorial individual semanal. 2. Plan de refuerzo en temas críticos. 3. Monitoreo continuo de asistencia.
STD_00263,Carrera General,Nivel General,4.2,85.0,77.62,ALTO,ROJO (CRÍTICO),Tutoría Académica Obligatoria y Derivación a Bienestar Estudiantil,1. Sesión tutorial individual semanal. 2. Plan de refuerzo en temas críticos. 3. Monitoreo continuo de asistencia.
STD_00263,Carrera General,Nivel General,7.9,85.0,19.98,BAJO,VERDE (ÓPTIMO),Seguimiento Regular de Aula,1. Continuar con el ritmo académico habitual. 2. Oportunidad de participación como mentor/ayudante.
STD_00263,Carrera General,Nivel General,6.7,85.0,78.1,ALTO,ROJO (CRÍTICO),Tutoría Académica Obligatoria y Derivación a Bienestar Estudiantil,1. Sesión tutorial individual semanal. 2. Plan de refuerzo en temas críticos. 3. Monitoreo continuo de asistencia.
STD_00264,Carrera General,Nivel General,4.6,85.0,69.54,ALTO,ROJO (CRÍTICO),Tutoría Académica Obligatoria y Derivación a Bienestar Estudiantil,1. Sesión tutorial individual semanal. 2. Plan de refuerzo en temas críticos. 3. Monitoreo continuo de asistencia.
STD_00264,Carrera General,Nivel General,7.6,85.0,18.55,BAJO,VERDE (ÓPTIMO),Seguimiento Regular de Aula,1. Continuar con el ritmo académico habitual. 2. Oportunidad de participación como mentor/ayudante.
STD_00264,Carrera General,Nivel General,6.5,85.0,86.88,ALTO,ROJO (CRÍTICO),Tutoría Académica Obligatoria y Derivación a Bienestar Estudiantil,1. Sesión tutorial individual semanal. 2. Plan de refuerzo en temas críticos. 3. Monitoreo continuo de asistencia.
STD_00264,Carrera General,Nivel General,11.0,85.0,23.43,BAJO,VERDE (ÓPTIMO),Seguimiento Regular de Aula,1. Continuar con el ritmo académico habitual. 2. Oportunidad de participación como mentor/ayudante.
STD_00264,Carrera General,Nivel General,7.0,85.0,14.09,BAJO,VERDE (ÓPTIMO),Seguimiento Regular de Aula,1. Continuar con el ritmo académico habitual. 2. Oportunidad de participación como mentor/ayudante.
STD_00264,Carrera General,Nivel General,5.9,85.0,84.96,ALTO,ROJO (CRÍTICO),Tutoría Académica Obligatoria y Derivación a Bienestar Estudiantil,1. Sesión tutorial individual semanal. 2. Plan de refuerzo en temas críticos. 3. Monitoreo continuo de asistencia.
STD_00264,Carrera General,Nivel General,6.9,85.0,81.15,ALTO,ROJO (CRÍTICO),Tutoría Académica Obligatoria y Derivación a Bienestar Estudiantil,1. Sesión tutorial individual semanal. 2. Plan de refuerzo en temas críticos. 3. Monitoreo continuo de asistencia.
STD_00264,Carrera General,Nivel General,9.3,85.0,16.59,BAJO,VERDE (ÓPTIMO),Seguimiento Regular de Aula,1. Continuar con el ritmo académico habitual. 2. Oportunidad de participación como mentor/ayudante.
STD_00265,Carrera General,Nivel General,5.5,85.0,77.95,ALTO,ROJO (CRÍTICO),Tutoría Académica Obligatoria y Derivación a Bienestar Estudiantil,1. Sesión tutorial individual semanal. 2. Plan de refuerzo en temas críticos. 3. Monitoreo continuo de asistencia.
STD_00265,Carrera General,Nivel General,7.4,85.0,14.07,BAJO,VERDE (ÓPTIMO),Seguimiento Regular de Aula,1. Continuar con el ritmo académico habitual. 2. Oportunidad de participación como mentor/ayudante.
STD_00265,Carrera General,Nivel General,4.4,85.0,77.94,ALTO,ROJO (CRÍTICO),Tutoría Académica Obligatoria y Derivación a Bienestar Estudiantil,1. Sesión tutorial individual semanal. 2. Plan de refuerzo en temas críticos. 3. Monitoreo continuo de asistencia.
STD_00265,Carrera General,Nivel General,9.1,85.0,13.5,BAJO,VERDE (ÓPTIMO),Seguimiento Regular de Aula,1. Continuar con el ritmo académico habitual. 2. Oportunidad de participación como mentor/ayudante.
STD_00265,Carrera General,Nivel General,5.0,85.0,88.12,ALTO,ROJO (CRÍTICO),Tutoría Académica Obligatoria y Derivación a Bienestar Estudiantil,1. Sesión tutorial individual semanal. 2. Plan de refuerzo en temas críticos. 3. Monitoreo continuo de asistencia.
STD_00265,Carrera General,Nivel General,5.5,85.0,90.42,ALTO,ROJO (CRÍTICO),Tutoría Académica Obligatoria y Derivación a Bienestar Estudiantil,1. Sesión tutorial individual semanal. 2. Plan de refuerzo en temas críticos. 3. Monitoreo continuo de asistencia.
STD_00265,Carrera General,Nivel General,6.0,85.0,82.01,ALTO,ROJO (CRÍTICO),Tutoría Académica Obligatoria y Derivación a Bienestar Estudiantil,1. Sesión tutorial individual semanal. 2. Plan de refuerzo en temas críticos. 3. Monitoreo continuo de asistencia.
STD_00265,Carrera General,Nivel General,4.7,85.0,83.63,ALTO,ROJO (CRÍTICO),Tutoría Académica Obligatoria y Derivación a Bienestar Estudiantil,1. Sesión tutorial individual semanal. 2. Plan de refuerzo en temas críticos. 3. Monitoreo continuo de asistencia.
STD_00266,Carrera General,Nivel General,6.5,85.0,60.85,MEDIO,AMARILLO (ADVERTENCIA),Acompañamiento Tutorial Preventivo y Talleres de Estudio,1. Entrevista de seguimiento bimensual. 2. Talleres grupales de resolución de ejercicios.
STD_00266,Carrera General,Nivel General,9.4,85.0,11.83,BAJO,VERDE (ÓPTIMO),Seguimiento Regular de Aula,1. Continuar con el ritmo académico habitual. 2. Oportunidad de participación como mentor/ayudante.
STD_00266,Carrera General,Nivel General,8.3,85.0,17.06,BAJO,VERDE (ÓPTIMO),Seguimiento Regular de Aula,1. Continuar con el ritmo académico habitual. 2. Oportunidad de participación como mentor/ayudante.
STD_00266,Carrera General,Nivel General,4.8,85.0,64.94,ALTO,ROJO (CRÍTICO),Tutoría Académica Obligatoria y Derivación a Bienestar Estudiantil,1. Sesión tutorial individual semanal. 2. Plan de refuerzo en temas críticos. 3. Monitoreo continuo de asistencia.
STD_00266,Carrera General,Nivel General,6.0,85.0,70.89,ALTO,ROJO (CRÍTICO),Tutoría Académica Obligatoria y Derivación a Bienestar Estudiantil,1. Sesión tutorial individual semanal. 2. Plan de refuerzo en temas críticos. 3. Monitoreo continuo de asistencia.
STD_00266,Carrera General,Nivel General,9.1,85.0,16.65,BAJO,VERDE (ÓPTIMO),Seguimiento Regular de Aula,1. Continuar con el ritmo académico habitual. 2. Oportunidad de participación como mentor/ayudante.
STD_00266,Carrera General,Nivel General,8.0,85.0,34.97,BAJO,VERDE (ÓPTIMO),Seguimiento Regular de Aula,1. Continuar con el ritmo académico habitual. 2. Oportunidad de participación como mentor/ayudante.
STD_00266,Carrera General,Nivel General,7.9,85.0,15.9,BAJO,VERDE (ÓPTIMO),Seguimiento Regular de Aula,1. Continuar con el ritmo académico habitual. 2. Oportunidad de participación como mentor/ayudante.
STD_00267,Carrera General,Nivel General,5.1,85.0,82.2,ALTO,ROJO (CRÍTICO),Tutoría Académica Obligatoria y Derivación a Bienestar Estudiantil,1. Sesión tutorial individual semanal. 2. Plan de refuerzo en temas críticos. 3. Monitoreo continuo de asistencia.
STD_00267,Carrera General,Nivel General,11.0,85.0,12.75,BAJO,VERDE (ÓPTIMO),Seguimiento Regular de Aula,1. Continuar con el ritmo académico habitual. 2. Oportunidad de participación como mentor/ayudante.
STD_00267,Carrera General,Nivel General,4.3,85.0,62.8,ALTO,ROJO (CRÍTICO),Tutoría Académica Obligatoria y Derivación a Bienestar Estudiantil,1. Sesión tutorial individual semanal. 2. Plan de refuerzo en temas críticos. 3. Monitoreo continuo de asistencia.
STD_00267,Carrera General,Nivel General,8.3,85.0,28.81,BAJO,VERDE (ÓPTIMO),Seguimiento Regular de Aula,1. Continuar con el ritmo académico habitual. 2. Oportunidad de participación como mentor/ayudante.
STD_00267,Carrera General,Nivel General,9.8,85.0,13.51,BAJO,VERDE (ÓPTIMO),Seguimiento Regular de Aula,1. Continuar con el ritmo académico habitual. 2. Oportunidad de participación como mentor/ayudante.
STD_00267,Carrera General,Nivel General,9.4,85.0,24.71,BAJO,VERDE (ÓPTIMO),Seguimiento Regular de Aula,1. Continuar con el ritmo académico habitual. 2. Oportunidad de participación como mentor/ayudante.
STD_00267,Carrera General,Nivel General,8.7,85.0,16.0,BAJO,VERDE (ÓPTIMO),Seguimiento Regular de Aula,1. Continuar con el ritmo académico habitual. 2. Oportunidad de participación como mentor/ayudante.
STD_00267,Carrera General,Nivel General,11.0,85.0,14.28,BAJO,VERDE (ÓPTIMO),Seguimiento Regular de Aula,1. Continuar con el ritmo académico habitual. 2. Oportunidad de participación como mentor/ayudante.
STD_00268,Carrera General,Nivel General,4.8,85.0,77.57,ALTO,ROJO (CRÍTICO),Tutoría Académica Obligatoria y Derivación a Bienestar Estudiantil,1. Sesión tutorial individual semanal. 2. Plan de refuerzo en temas críticos. 3. Monitoreo continuo de asistencia.
STD_00268,Carrera General,Nivel General,4.6,85.0,81.65,ALTO,ROJO (CRÍTICO),Tutoría Académica Obligatoria y Derivación a Bienestar Estudiantil,1. Sesión tutorial individual semanal. 2. Plan de refuerzo en temas críticos. 3. Monitoreo continuo de asistencia.
STD_00268,Carrera General,Nivel General,6.9,85.0,86.23,ALTO,ROJO (CRÍTICO),Tutoría Académica Obligatoria y Derivación a Bienestar Estudiantil,1. Sesión tutorial individual semanal. 2. Plan de refuerzo en temas críticos. 3. Monitoreo continuo de asistencia.
STD_00268,Carrera General,Nivel General,9.3,85.0,24.44,BAJO,VERDE (ÓPTIMO),Seguimiento Regular de Aula,1. Continuar con el ritmo académico habitual. 2. Oportunidad de participación como mentor/ayudante.
STD_00268,Carrera General,Nivel General,6.2,85.0,92.02,ALTO,ROJO (CRÍTICO),Tutoría Académica Obligatoria y Derivación a Bienestar Estudiantil,1. Sesión tutorial individual semanal. 2. Plan de refuerzo en temas críticos. 3. Monitoreo continuo de asistencia.
STD_00268,Carrera General,Nivel General,5.7,85.0,89.95,ALTO,ROJO (CRÍTICO),Tutoría Académica Obligatoria y Derivación a Bienestar Estudiantil,1. Sesión tutorial individual semanal. 2. Plan de refuerzo en temas críticos. 3. Monitoreo continuo de asistencia.
STD_00268,Carrera General,Nivel General,4.5,85.0,83.77,ALTO,ROJO (CRÍTICO),Tutoría Académica Obligatoria y Derivación a Bienestar Estudiantil,1. Sesión tutorial individual semanal. 2. Plan de refuerzo en temas críticos. 3. Monitoreo continuo de asistencia.
STD_00268,Carrera General,Nivel General,8.8,85.0,23.99,BAJO,VERDE (ÓPTIMO),Seguimiento Regular de Aula,1. Continuar con el ritmo académico habitual. 2. Oportunidad de participación como mentor/ayudante.
STD_00269,Carrera General,Nivel General,6.4,85.0,75.92,ALTO,ROJO (CRÍTICO),Tutoría Académica Obligatoria y Derivación a Bienestar Estudiantil,1. Sesión tutorial individual semanal. 2. Plan de refuerzo en temas críticos. 3. Monitoreo continuo de asistencia.
STD_00269,Carrera General,Nivel General,8.6,85.0,11.88,BAJO,VERDE (ÓPTIMO),Seguimiento Regular de Aula,1. Continuar con el ritmo académico habitual. 2. Oportunidad de participación como mentor/ayudante.
STD_00269,Carrera General,Nivel General,9.2,85.0,16.1,BAJO,VERDE (ÓPTIMO),Seguimiento Regular de Aula,1. Continuar con el ritmo académico habitual. 2. Oportunidad de participación como mentor/ayudante.
STD_00269,Carrera General,Nivel General,9.7,85.0,13.32,BAJO,VERDE (ÓPTIMO),Seguimiento Regular de Aula,1. Continuar con el ritmo académico habitual. 2. Oportunidad de participación como mentor/ayudante.
STD_00269,Carrera General,Nivel General,5.6,85.0,77.76,ALTO,ROJO (CRÍTICO),Tutoría Académica Obligatoria y Derivación a Bienestar Estudiantil,1. Sesión tutorial individual semanal. 2. Plan de refuerzo en temas críticos. 3. Monitoreo continuo de asistencia.
STD_00269,Carrera General,Nivel General,9.1,85.0,6.65,BAJO,VERDE (ÓPTIMO),Seguimiento Regular de Aula,1. Continuar con el ritmo académico habitual. 2. Oportunidad de participación como mentor/ayudante.
STD_00269,Carrera General,Nivel General,7.4,85.0,6.95,BAJO,VERDE (ÓPTIMO),Seguimiento Regular de Aula,1. Continuar con el ritmo académico habitual. 2. Oportunidad de participación como mentor/ayudante.
STD_00269,Carrera General,Nivel General,8.0,85.0,16.92,BAJO,VERDE (ÓPTIMO),Seguimiento Regular de Aula,1. Continuar con el ritmo académico habitual. 2. Oportunidad de participación como mentor/ayudante.
STD_00270,Carrera General,Nivel General,7.8,85.0,13.09,BAJO,VERDE (ÓPTIMO),Seguimiento Regular de Aula,1. Continuar con el ritmo académico habitual. 2. Oportunidad de participación como mentor/ayudante.
STD_00270,Carrera General,Nivel General,5.1,85.0,81.25,ALTO,ROJO (CRÍTICO),Tutoría Académica Obligatoria y Derivación a Bienestar Estudiantil,1. Sesión tutorial individual semanal. 2. Plan de refuerzo en temas críticos. 3. Monitoreo continuo de asistencia.
STD_00270,Carrera General,Nivel General,9.3,85.0,5.57,BAJO,VERDE (ÓPTIMO),Seguimiento Regular de Aula,1. Continuar con el ritmo académico habitual. 2. Oportunidad de participación como mentor/ayudante.
STD_00270,Carrera General,Nivel General,7.5,85.0,4.4,BAJO,VERDE (ÓPTIMO),Seguimiento Regular de Aula,1. Continuar con el ritmo académico habitual. 2. Oportunidad de participación como mentor/ayudante.
STD_00270,Carrera General,Nivel General,11.0,85.0,12.94,BAJO,VERDE (ÓPTIMO),Seguimiento Regular de Aula,1. Continuar con el ritmo académico habitual. 2. Oportunidad de participación como mentor/ayudante.
STD_00270,Carrera General,Nivel General,8.2,85.0,6.11,BAJO,VERDE (ÓPTIMO),Seguimiento Regular de Aula,1. Continuar con el ritmo académico habitual. 2. Oportunidad de participación como mentor/ayudante.
STD_00270,Carrera General,Nivel General,10.0,85.0,5.43,BAJO,VERDE (ÓPTIMO),Seguimiento Regular de Aula,1. Continuar con el ritmo académico habitual. 2. Oportunidad de participación como mentor/ayudante.
STD_00270,Carrera General,Nivel General,5.1,85.0,86.49,ALTO,ROJO (CRÍTICO),Tutoría Académica Obligatoria y Derivación a Bienestar Estudiantil,1. Sesión tutorial individual semanal. 2. Plan de refuerzo en temas críticos. 3. Monitoreo continuo de asistencia.
STD_00271,Carrera General,Nivel General,8.6,85.0,14.02,BAJO,VERDE (ÓPTIMO),Seguimiento Regular de Aula,1. Continuar con el ritmo académico habitual. 2. Oportunidad de participación como mentor/ayudante.
STD_00271,Carrera General,Nivel General,6.4,85.0,83.08,ALTO,ROJO (CRÍTICO),Tutoría Académica Obligatoria y Derivación a Bienestar Estudiantil,1. Sesión tutorial individual semanal. 2. Plan de refuerzo en temas críticos. 3. Monitoreo continuo de asistencia.
STD_00271,Carrera General,Nivel General,6.1,85.0,87.84,ALTO,ROJO (CRÍTICO),Tutoría Académica Obligatoria y Derivación a Bienestar Estudiantil,1. Sesión tutorial individual semanal. 2. Plan de refuerzo en temas críticos. 3. Monitoreo continuo de asistencia.
STD_00271,Carrera General,Nivel General,9.2,85.0,26.0,BAJO,VERDE (ÓPTIMO),Seguimiento Regular de Aula,1. Continuar con el ritmo académico habitual. 2. Oportunidad de participación como mentor/ayudante.
STD_00271,Carrera General,Nivel General,7.6,85.0,14.44,BAJO,VERDE (ÓPTIMO),Seguimiento Regular de Aula,1. Continuar con el ritmo académico habitual. 2. Oportunidad de participación como mentor/ayudante.
STD_00271,Carrera General,Nivel General,7.6,85.0,9.77,BAJO,VERDE (ÓPTIMO),Seguimiento Regular de Aula,1. Continuar con el ritmo académico habitual. 2. Oportunidad de participación como mentor/ayudante.
STD_00271,Carrera General,Nivel General,4.9,85.0,67.88,ALTO,ROJO (CRÍTICO),Tutoría Académica Obligatoria y Derivación a Bienestar Estudiantil,1. Sesión tutorial individual semanal. 2. Plan de refuerzo en temas críticos. 3. Monitoreo continuo de asistencia.
STD_00271,Carrera General,Nivel General,6.2,85.0,63.72,MEDIO,AMARILLO (ADVERTENCIA),Acompañamiento Tutorial Preventivo y Talleres de Estudio,1. Entrevista de seguimiento bimensual. 2. Talleres grupales de resolución de ejercicios.
STD_00272,Carrera General,Nivel General,10.0,85.0,5.61,BAJO,VERDE (ÓPTIMO),Seguimiento Regular de Aula,1. Continuar con el ritmo académico habitual. 2. Oportunidad de participación como mentor/ayudante.
STD_00272,Carrera General,Nivel General,4.4,85.0,71.72,ALTO,ROJO (CRÍTICO),Tutoría Académica Obligatoria y Derivación a Bienestar Estudiantil,1. Sesión tutorial individual semanal. 2. Plan de refuerzo en temas críticos. 3. Monitoreo continuo de asistencia.
STD_00272,Carrera General,Nivel General,9.2,85.0,24.77,BAJO,VERDE (ÓPTIMO),Seguimiento Regular de Aula,1. Continuar con el ritmo académico habitual. 2. Oportunidad de participación como mentor/ayudante.
STD_00272,Carrera General,Nivel General,6.2,85.0,83.22,ALTO,ROJO (CRÍTICO),Tutoría Académica Obligatoria y Derivación a Bienestar Estudiantil,1. Sesión tutorial individual semanal. 2. Plan de refuerzo en temas críticos. 3. Monitoreo continuo de asistencia.
STD_00272,Carrera General,Nivel General,8.9,85.0,30.92,BAJO,VERDE (ÓPTIMO),Seguimiento Regular de Aula,1. Continuar con el ritmo académico habitual. 2. Oportunidad de participación como mentor/ayudante.
STD_00272,Carrera General,Nivel General,8.7,85.0,21.85,BAJO,VERDE (ÓPTIMO),Seguimiento Regular de Aula,1. Continuar con el ritmo académico habitual. 2. Oportunidad de participación como mentor/ayudante.
STD_00272,Carrera General,Nivel General,9.8,85.0,30.5,BAJO,VERDE (ÓPTIMO),Seguimiento Regular de Aula,1. Continuar con el ritmo académico habitual. 2. Oportunidad de participación como mentor/ayudante.
STD_00272,Carrera General,Nivel General,4.8,85.0,71.29,ALTO,ROJO (CRÍTICO),Tutoría Académica Obligatoria y Derivación a Bienestar Estudiantil,1. Sesión tutorial individual semanal. 2. Plan de refuerzo en temas críticos. 3. Monitoreo continuo de asistencia.
STD_00273,Carrera General,Nivel General,5.2,85.0,68.23,ALTO,ROJO (CRÍTICO),Tutoría Académica Obligatoria y Derivación a Bienestar Estudiantil,1. Sesión tutorial individual semanal. 2. Plan de refuerzo en temas críticos. 3. Monitoreo continuo de asistencia.
STD_00273,Carrera General,Nivel General,7.7,85.0,9.99,BAJO,VERDE (ÓPTIMO),Seguimiento Regular de Aula,1. Continuar con el ritmo académico habitual. 2. Oportunidad de participación como mentor/ayudante.
STD_00273,Carrera General,Nivel General,7.2,85.0,13.07,BAJO,VERDE (ÓPTIMO),Seguimiento Regular de Aula,1. Continuar con el ritmo académico habitual. 2. Oportunidad de participación como mentor/ayudante.
STD_00273,Carrera General,Nivel General,8.3,85.0,10.23,BAJO,VERDE (ÓPTIMO),Seguimiento Regular de Aula,1. Continuar con el ritmo académico habitual. 2. Oportunidad de participación como mentor/ayudante.
STD_00273,Carrera General,Nivel General,5.9,85.0,76.24,ALTO,ROJO (CRÍTICO),Tutoría Académica Obligatoria y Derivación a Bienestar Estudiantil,1. Sesión tutorial individual semanal. 2. Plan de refuerzo en temas críticos. 3. Monitoreo continuo de asistencia.
STD_00273,Carrera General,Nivel General,7.4,85.0,10.43,BAJO,VERDE (ÓPTIMO),Seguimiento Regular de Aula,1. Continuar con el ritmo académico habitual. 2. Oportunidad de participación como mentor/ayudante.
STD_00273,Carrera General,Nivel General,5.2,85.0,87.68,ALTO,ROJO (CRÍTICO),Tutoría Académica Obligatoria y Derivación a Bienestar Estudiantil,1. Sesión tutorial individual semanal. 2. Plan de refuerzo en temas críticos. 3. Monitoreo continuo de asistencia.
STD_00273,Carrera General,Nivel General,9.4,85.0,21.89,BAJO,VERDE (ÓPTIMO),Seguimiento Regular de Aula,1. Continuar con el ritmo académico habitual. 2. Oportunidad de participación como mentor/ayudante.
STD_00274,Carrera General,Nivel General,8.4,85.0,11.02,BAJO,VERDE (ÓPTIMO),Seguimiento Regular de Aula,1. Continuar con el ritmo académico habitual. 2. Oportunidad de participación como mentor/ayudante.
STD_00274,Carrera General,Nivel General,7.7,85.0,9.19,BAJO,VERDE (ÓPTIMO),Seguimiento Regular de Aula,1. Continuar con el ritmo académico habitual. 2. Oportunidad de participación como mentor/ayudante.
STD_00274,Carrera General,Nivel General,9.8,85.0,12.14,BAJO,VERDE (ÓPTIMO),Seguimiento Regular de Aula,1. Continuar con el ritmo académico habitual. 2. Oportunidad de participación como mentor/ayudante.
STD_00274,Carrera General,Nivel General,8.0,85.0,32.13,BAJO,VERDE (ÓPTIMO),Seguimiento Regular de Aula,1. Continuar con el ritmo académico habitual. 2. Oportunidad de participación como mentor/ayudante.
STD_00274,Carrera General,Nivel General,7.9,85.0,12.88,BAJO,VERDE (ÓPTIMO),Seguimiento Regular de Aula,1. Continuar con el ritmo académico habitual. 2. Oportunidad de participación como mentor/ayudante.
STD_00274,Carrera General,Nivel General,4.5,85.0,86.96,ALTO,ROJO (CRÍTICO),Tutoría Académica Obligatoria y Derivación a Bienestar Estudiantil,1. Sesión tutorial individual semanal. 2. Plan de refuerzo en temas críticos. 3. Monitoreo continuo de asistencia.
STD_00274,Carrera General,Nivel General,9.9,85.0,21.25,BAJO,VERDE (ÓPTIMO),Seguimiento Regular de Aula,1. Continuar con el ritmo académico habitual. 2. Oportunidad de participación como mentor/ayudante.
STD_00274,Carrera General,Nivel General,6.9,85.0,76.28,ALTO,ROJO (CRÍTICO),Tutoría Académica Obligatoria y Derivación a Bienestar Estudiantil,1. Sesión tutorial individual semanal. 2. Plan de refuerzo en temas críticos. 3. Monitoreo continuo de asistencia.
STD_00275,Carrera General,Nivel General,4.3,85.0,85.45,ALTO,ROJO (CRÍTICO),Tutoría Académica Obligatoria y Derivación a Bienestar Estudiantil,1. Sesión tutorial individual semanal. 2. Plan de refuerzo en temas críticos. 3. Monitoreo continuo de asistencia.
STD_00275,Carrera General,Nivel General,6.1,85.0,88.06,ALTO,ROJO (CRÍTICO),Tutoría Académica Obligatoria y Derivación a Bienestar Estudiantil,1. Sesión tutorial individual semanal. 2. Plan de refuerzo en temas críticos. 3. Monitoreo continuo de asistencia.
STD_00275,Carrera General,Nivel General,6.9,85.0,84.31,ALTO,ROJO (CRÍTICO),Tutoría Académica Obligatoria y Derivación a Bienestar Estudiantil,1. Sesión tutorial individual semanal. 2. Plan de refuerzo en temas críticos. 3. Monitoreo continuo de asistencia.
STD_00275,Carrera General,Nivel General,6.2,85.0,93.51,ALTO,ROJO (CRÍTICO),Tutoría Académica Obligatoria y Derivación a Bienestar Estudiantil,1. Sesión tutorial individual semanal. 2. Plan de refuerzo en temas críticos. 3. Monitoreo continuo de asistencia.
STD_00275,Carrera General,Nivel General,5.9,85.0,82.39,ALTO,ROJO (CRÍTICO),Tutoría Académica Obligatoria y Derivación a Bienestar Estudiantil,1. Sesión tutorial individual semanal. 2. Plan de refuerzo en temas críticos. 3. Monitoreo continuo de asistencia.
STD_00275,Carrera General,Nivel General,6.6,85.0,79.19,ALTO,ROJO (CRÍTICO),Tutoría Académica Obligatoria y Derivación a Bienestar Estudiantil,1. Sesión tutorial individual semanal. 2. Plan de refuerzo en temas críticos. 3. Monitoreo continuo de asistencia.
STD_00275,Carrera General,Nivel General,6.8,85.0,87.92,ALTO,ROJO (CRÍTICO),Tutoría Académica Obligatoria y Derivación a Bienestar Estudiantil,1. Sesión tutorial individual semanal. 2. Plan de refuerzo en temas críticos. 3. Monitoreo continuo de asistencia.
STD_00275,Carrera General,Nivel General,9.7,85.0,32.13,BAJO,VERDE (ÓPTIMO),Seguimiento Regular de Aula,1. Continuar con el ritmo académico habitual. 2. Oportunidad de participación como mentor/ayudante.
STD_00276,Carrera General,Nivel General,7.1,85.0,11.41,BAJO,VERDE (ÓPTIMO),Seguimiento Regular de Aula,1. Continuar con el ritmo académico habitual. 2. Oportunidad de participación como mentor/ayudante.
STD_00276,Carrera General,Nivel General,6.5,85.0,86.67,ALTO,ROJO (CRÍTICO),Tutoría Académica Obligatoria y Derivación a Bienestar Estudiantil,1. Sesión tutorial individual semanal. 2. Plan de refuerzo en temas críticos. 3. Monitoreo continuo de asistencia.
STD_00276,Carrera General,Nivel General,8.3,85.0,2.41,BAJO,VERDE (ÓPTIMO),Seguimiento Regular de Aula,1. Continuar con el ritmo académico habitual. 2. Oportunidad de participación como mentor/ayudante.
STD_00276,Carrera General,Nivel General,9.4,85.0,5.13,BAJO,VERDE (ÓPTIMO),Seguimiento Regular de Aula,1. Continuar con el ritmo académico habitual. 2. Oportunidad de participación como mentor/ayudante.
STD_00276,Carrera General,Nivel General,5.2,85.0,87.52,ALTO,ROJO (CRÍTICO),Tutoría Académica Obligatoria y Derivación a Bienestar Estudiantil,1. Sesión tutorial individual semanal. 2. Plan de refuerzo en temas críticos. 3. Monitoreo continuo de asistencia.
STD_00276,Carrera General,Nivel General,8.8,85.0,4.17,BAJO,VERDE (ÓPTIMO),Seguimiento Regular de Aula,1. Continuar con el ritmo académico habitual. 2. Oportunidad de participación como mentor/ayudante.
STD_00276,Carrera General,Nivel General,8.5,85.0,6.24,BAJO,VERDE (ÓPTIMO),Seguimiento Regular de Aula,1. Continuar con el ritmo académico habitual. 2. Oportunidad de participación como mentor/ayudante.
STD_00276,Carrera General,Nivel General,7.3,85.0,6.56,BAJO,VERDE (ÓPTIMO),Seguimiento Regular de Aula,1. Continuar con el ritmo académico habitual. 2. Oportunidad de participación como mentor/ayudante.
STD_00277,Carrera General,Nivel General,5.4,85.0,86.64,ALTO,ROJO (CRÍTICO),Tutoría Académica Obligatoria y Derivación a Bienestar Estudiantil,1. Sesión tutorial individual semanal. 2. Plan de refuerzo en temas críticos. 3. Monitoreo continuo de asistencia.
STD_00277,Carrera General,Nivel General,7.9,85.0,35.06,MEDIO,AMARILLO (ADVERTENCIA),Acompañamiento Tutorial Preventivo y Talleres de Estudio,1. Entrevista de seguimiento bimensual. 2. Talleres grupales de resolución de ejercicios.
STD_00277,Carrera General,Nivel General,4.5,85.0,80.63,ALTO,ROJO (CRÍTICO),Tutoría Académica Obligatoria y Derivación a Bienestar Estudiantil,1. Sesión tutorial individual semanal. 2. Plan de refuerzo en temas críticos. 3. Monitoreo continuo de asistencia.
STD_00277,Carrera General,Nivel General,8.1,85.0,12.38,BAJO,VERDE (ÓPTIMO),Seguimiento Regular de Aula,1. Continuar con el ritmo académico habitual. 2. Oportunidad de participación como mentor/ayudante.
STD_00277,Carrera General,Nivel General,8.2,85.0,20.31,BAJO,VERDE (ÓPTIMO),Seguimiento Regular de Aula,1. Continuar con el ritmo académico habitual. 2. Oportunidad de participación como mentor/ayudante.
STD_00277,Carrera General,Nivel General,7.7,85.0,29.68,BAJO,VERDE (ÓPTIMO),Seguimiento Regular de Aula,1. Continuar con el ritmo académico habitual. 2. Oportunidad de participación como mentor/ayudante.
STD_00277,Carrera General,Nivel General,5.8,85.0,73.95,ALTO,ROJO (CRÍTICO),Tutoría Académica Obligatoria y Derivación a Bienestar Estudiantil,1. Sesión tutorial individual semanal. 2. Plan de refuerzo en temas críticos. 3. Monitoreo continuo de asistencia.
STD_00277,Carrera General,Nivel General,5.4,85.0,73.76,ALTO,ROJO (CRÍTICO),Tutoría Académica Obligatoria y Derivación a Bienestar Estudiantil,1. Sesión tutorial individual semanal. 2. Plan de refuerzo en temas críticos. 3. Monitoreo continuo de asistencia.
STD_00278,Carrera General,Nivel General,5.1,85.0,73.22,ALTO,ROJO (CRÍTICO),Tutoría Académica Obligatoria y Derivación a Bienestar Estudiantil,1. Sesión tutorial individual semanal. 2. Plan de refuerzo en temas críticos. 3. Monitoreo continuo de asistencia.
STD_00278,Carrera General,Nivel General,4.7,85.0,74.89,ALTO,ROJO (CRÍTICO),Tutoría Académica Obligatoria y Derivación a Bienestar Estudiantil,1. Sesión tutorial individual semanal. 2. Plan de refuerzo en temas críticos. 3. Monitoreo continuo de asistencia.
STD_00278,Carrera General,Nivel General,8.5,85.0,30.62,BAJO,VERDE (ÓPTIMO),Seguimiento Regular de Aula,1. Continuar con el ritmo académico habitual. 2. Oportunidad de participación como mentor/ayudante.
STD_00278,Carrera General,Nivel General,5.2,85.0,65.87,ALTO,ROJO (CRÍTICO),Tutoría Académica Obligatoria y Derivación a Bienestar Estudiantil,1. Sesión tutorial individual semanal. 2. Plan de refuerzo en temas críticos. 3. Monitoreo continuo de asistencia.
STD_00278,Carrera General,Nivel General,8.0,85.0,24.62,BAJO,VERDE (ÓPTIMO),Seguimiento Regular de Aula,1. Continuar con el ritmo académico habitual. 2. Oportunidad de participación como mentor/ayudante.
STD_00278,Carrera General,Nivel General,5.9,85.0,86.43,ALTO,ROJO (CRÍTICO),Tutoría Académica Obligatoria y Derivación a Bienestar Estudiantil,1. Sesión tutorial individual semanal. 2. Plan de refuerzo en temas críticos. 3. Monitoreo continuo de asistencia.
STD_00278,Carrera General,Nivel General,4.6,85.0,64.54,ALTO,ROJO (CRÍTICO),Tutoría Académica Obligatoria y Derivación a Bienestar Estudiantil,1. Sesión tutorial individual semanal. 2. Plan de refuerzo en temas críticos. 3. Monitoreo continuo de asistencia.
STD_00278,Carrera General,Nivel General,7.3,85.0,29.18,BAJO,VERDE (ÓPTIMO),Seguimiento Regular de Aula,1. Continuar con el ritmo académico habitual. 2. Oportunidad de participación como mentor/ayudante.
STD_00279,Carrera General,Nivel General,5.0,85.0,74.88,ALTO,ROJO (CRÍTICO),Tutoría Académica Obligatoria y Derivación a Bienestar Estudiantil,1. Sesión tutorial individual semanal. 2. Plan de refuerzo en temas críticos. 3. Monitoreo continuo de asistencia.
STD_00279,Carrera General,Nivel General,5.1,85.0,73.2,ALTO,ROJO (CRÍTICO),Tutoría Académica Obligatoria y Derivación a Bienestar Estudiantil,1. Sesión tutorial individual semanal. 2. Plan de refuerzo en temas críticos. 3. Monitoreo continuo de asistencia.
STD_00279,Carrera General,Nivel General,6.8,85.0,84.69,ALTO,ROJO (CRÍTICO),Tutoría Académica Obligatoria y Derivación a Bienestar Estudiantil,1. Sesión tutorial individual semanal. 2. Plan de refuerzo en temas críticos. 3. Monitoreo continuo de asistencia.
STD_00279,Carrera General,Nivel General,7.1,85.0,29.68,BAJO,VERDE (ÓPTIMO),Seguimiento Regular de Aula,1. Continuar con el ritmo académico habitual. 2. Oportunidad de participación como mentor/ayudante.
STD_00279,Carrera General,Nivel General,9.0,85.0,22.44,BAJO,VERDE (ÓPTIMO),Seguimiento Regular de Aula,1. Continuar con el ritmo académico habitual. 2. Oportunidad de participación como mentor/ayudante.
STD_00279,Carrera General,Nivel General,4.6,85.0,82.09,ALTO,ROJO (CRÍTICO),Tutoría Académica Obligatoria y Derivación a Bienestar Estudiantil,1. Sesión tutorial individual semanal. 2. Plan de refuerzo en temas críticos. 3. Monitoreo continuo de asistencia.
STD_00279,Carrera General,Nivel General,6.9,85.0,82.41,ALTO,ROJO (CRÍTICO),Tutoría Académica Obligatoria y Derivación a Bienestar Estudiantil,1. Sesión tutorial individual semanal. 2. Plan de refuerzo en temas críticos. 3. Monitoreo continuo de asistencia.
STD_00279,Carrera General,Nivel General,9.6,85.0,28.61,BAJO,VERDE (ÓPTIMO),Seguimiento Regular de Aula,1. Continuar con el ritmo académico habitual. 2. Oportunidad de participación como mentor/ayudante.
STD_00280,Carrera General,Nivel General,11.0,85.0,12.18,BAJO,VERDE (ÓPTIMO),Seguimiento Regular de Aula,1. Continuar con el ritmo académico habitual. 2. Oportunidad de participación como mentor/ayudante.
STD_00280,Carrera General,Nivel General,9.5,85.0,8.99,BAJO,VERDE (ÓPTIMO),Seguimiento Regular de Aula,1. Continuar con el ritmo académico habitual. 2. Oportunidad de participación como mentor/ayudante.
STD_00280,Carrera General,Nivel General,4.5,85.0,87.85,ALTO,ROJO (CRÍTICO),Tutoría Académica Obligatoria y Derivación a Bienestar Estudiantil,1. Sesión tutorial individual semanal. 2. Plan de refuerzo en temas críticos. 3. Monitoreo continuo de asistencia.
STD_00280,Carrera General,Nivel General,7.0,85.0,13.68,BAJO,VERDE (ÓPTIMO),Seguimiento Regular de Aula,1. Continuar con el ritmo académico habitual. 2. Oportunidad de participación como mentor/ayudante.
STD_00280,Carrera General,Nivel General,7.4,85.0,10.43,BAJO,VERDE (ÓPTIMO),Seguimiento Regular de Aula,1. Continuar con el ritmo académico habitual. 2. Oportunidad de participación como mentor/ayudante.
STD_00280,Carrera General,Nivel General,4.4,85.0,74.45,ALTO,ROJO (CRÍTICO),Tutoría Académica Obligatoria y Derivación a Bienestar Estudiantil,1. Sesión tutorial individual semanal. 2. Plan de refuerzo en temas críticos. 3. Monitoreo continuo de asistencia.
STD_00280,Carrera General,Nivel General,8.8,85.0,24.36,BAJO,VERDE (ÓPTIMO),Seguimiento Regular de Aula,1. Continuar con el ritmo académico habitual. 2. Oportunidad de participación como mentor/ayudante.
STD_00280,Carrera General,Nivel General,4.4,85.0,89.3,ALTO,ROJO (CRÍTICO),Tutoría Académica Obligatoria y Derivación a Bienestar Estudiantil,1. Sesión tutorial individual semanal. 2. Plan de refuerzo en temas críticos. 3. Monitoreo continuo de asistencia.
STD_00281,Carrera General,Nivel General,9.0,85.0,11.48,BAJO,VERDE (ÓPTIMO),Seguimiento Regular de Aula,1. Continuar con el ritmo académico habitual. 2. Oportunidad de participación como mentor/ayudante.
STD_00281,Carrera General,Nivel General,7.9,85.0,11.55,BAJO,VERDE (ÓPTIMO),Seguimiento Regular de Aula,1. Continuar con el ritmo académico habitual. 2. Oportunidad de participación como mentor/ayudante.
STD_00281,Carrera General,Nivel General,4.8,85.0,70.89,ALTO,ROJO (CRÍTICO),Tutoría Académica Obligatoria y Derivación a Bienestar Estudiantil,1. Sesión tutorial individual semanal. 2. Plan de refuerzo en temas críticos. 3. Monitoreo continuo de asistencia.
STD_00281,Carrera General,Nivel General,8.9,85.0,11.69,BAJO,VERDE (ÓPTIMO),Seguimiento Regular de Aula,1. Continuar con el ritmo académico habitual. 2. Oportunidad de participación como mentor/ayudante.
STD_00281,Carrera General,Nivel General,7.4,85.0,9.14,BAJO,VERDE (ÓPTIMO),Seguimiento Regular de Aula,1. Continuar con el ritmo académico habitual. 2. Oportunidad de participación como mentor/ayudante.
STD_00281,Carrera General,Nivel General,9.9,85.0,8.63,BAJO,VERDE (ÓPTIMO),Seguimiento Regular de Aula,1. Continuar con el ritmo académico habitual. 2. Oportunidad de participación como mentor/ayudante.
STD_00281,Carrera General,Nivel General,9.5,85.0,14.57,BAJO,VERDE (ÓPTIMO),Seguimiento Regular de Aula,1. Continuar con el ritmo académico habitual. 2. Oportunidad de participación como mentor/ayudante.
STD_00281,Carrera General,Nivel General,8.8,85.0,4.36,BAJO,VERDE (ÓPTIMO),Seguimiento Regular de Aula,1. Continuar con el ritmo académico habitual. 2. Oportunidad de participación como mentor/ayudante.
STD_00282,Carrera General,Nivel General,6.8,85.0,86.26,ALTO,ROJO (CRÍTICO),Tutoría Académica Obligatoria y Derivación a Bienestar Estudiantil,1. Sesión tutorial individual semanal. 2. Plan de refuerzo en temas críticos. 3. Monitoreo continuo de asistencia.
STD_00282,Carrera General,Nivel General,9.4,85.0,30.36,BAJO,VERDE (ÓPTIMO),Seguimiento Regular de Aula,1. Continuar con el ritmo académico habitual. 2. Oportunidad de participación como mentor/ayudante.
STD_00282,Carrera General,Nivel General,7.5,85.0,18.06,BAJO,VERDE (ÓPTIMO),Seguimiento Regular de Aula,1. Continuar con el ritmo académico habitual. 2. Oportunidad de participación como mentor/ayudante.
STD_00282,Carrera General,Nivel General,8.0,85.0,21.68,BAJO,VERDE (ÓPTIMO),Seguimiento Regular de Aula,1. Continuar con el ritmo académico habitual. 2. Oportunidad de participación como mentor/ayudante.
STD_00282,Carrera General,Nivel General,6.3,85.0,86.24,ALTO,ROJO (CRÍTICO),Tutoría Académica Obligatoria y Derivación a Bienestar Estudiantil,1. Sesión tutorial individual semanal. 2. Plan de refuerzo en temas críticos. 3. Monitoreo continuo de asistencia.
STD_00282,Carrera General,Nivel General,5.9,85.0,68.06,ALTO,ROJO (CRÍTICO),Tutoría Académica Obligatoria y Derivación a Bienestar Estudiantil,1. Sesión tutorial individual semanal. 2. Plan de refuerzo en temas críticos. 3. Monitoreo continuo de asistencia.
STD_00282,Carrera General,Nivel General,9.7,85.0,15.91,BAJO,VERDE (ÓPTIMO),Seguimiento Regular de Aula,1. Continuar con el ritmo académico habitual. 2. Oportunidad de participación como mentor/ayudante.
STD_00282,Carrera General,Nivel General,8.1,85.0,26.11,BAJO,VERDE (ÓPTIMO),Seguimiento Regular de Aula,1. Continuar con el ritmo académico habitual. 2. Oportunidad de participación como mentor/ayudante.
STD_00283,Carrera General,Nivel General,9.0,85.0,32.38,BAJO,VERDE (ÓPTIMO),Seguimiento Regular de Aula,1. Continuar con el ritmo académico habitual. 2. Oportunidad de participación como mentor/ayudante.
STD_00283,Carrera General,Nivel General,5.2,85.0,85.53,ALTO,ROJO (CRÍTICO),Tutoría Académica Obligatoria y Derivación a Bienestar Estudiantil,1. Sesión tutorial individual semanal. 2. Plan de refuerzo en temas críticos. 3. Monitoreo continuo de asistencia.
STD_00283,Carrera General,Nivel General,6.5,85.0,80.48,ALTO,ROJO (CRÍTICO),Tutoría Académica Obligatoria y Derivación a Bienestar Estudiantil,1. Sesión tutorial individual semanal. 2. Plan de refuerzo en temas críticos. 3. Monitoreo continuo de asistencia.
STD_00283,Carrera General,Nivel General,8.9,85.0,36.18,MEDIO,AMARILLO (ADVERTENCIA),Acompañamiento Tutorial Preventivo y Talleres de Estudio,1. Entrevista de seguimiento bimensual. 2. Talleres grupales de resolución de ejercicios.
STD_00283,Carrera General,Nivel General,5.3,85.0,85.33,ALTO,ROJO (CRÍTICO),Tutoría Académica Obligatoria y Derivación a Bienestar Estudiantil,1. Sesión tutorial individual semanal. 2. Plan de refuerzo en temas críticos. 3. Monitoreo continuo de asistencia.
STD_00283,Carrera General,Nivel General,4.7,85.0,76.75,ALTO,ROJO (CRÍTICO),Tutoría Académica Obligatoria y Derivación a Bienestar Estudiantil,1. Sesión tutorial individual semanal. 2. Plan de refuerzo en temas críticos. 3. Monitoreo continuo de asistencia.
STD_00283,Carrera General,Nivel General,6.7,85.0,91.37,ALTO,ROJO (CRÍTICO),Tutoría Académica Obligatoria y Derivación a Bienestar Estudiantil,1. Sesión tutorial individual semanal. 2. Plan de refuerzo en temas críticos. 3. Monitoreo continuo de asistencia.
STD_00283,Carrera General,Nivel General,5.8,85.0,78.2,ALTO,ROJO (CRÍTICO),Tutoría Académica Obligatoria y Derivación a Bienestar Estudiantil,1. Sesión tutorial individual semanal. 2. Plan de refuerzo en temas críticos. 3. Monitoreo continuo de asistencia.
STD_00284,Carrera General,Nivel General,5.5,85.0,86.68,ALTO,ROJO (CRÍTICO),Tutoría Académica Obligatoria y Derivación a Bienestar Estudiantil,1. Sesión tutorial individual semanal. 2. Plan de refuerzo en temas críticos. 3. Monitoreo continuo de asistencia.
STD_00284,Carrera General,Nivel General,7.9,85.0,26.97,BAJO,VERDE (ÓPTIMO),Seguimiento Regular de Aula,1. Continuar con el ritmo académico habitual. 2. Oportunidad de participación como mentor/ayudante.
STD_00284,Carrera General,Nivel General,7.9,85.0,19.37,BAJO,VERDE (ÓPTIMO),Seguimiento Regular de Aula,1. Continuar con el ritmo académico habitual. 2. Oportunidad de participación como mentor/ayudante.
STD_00284,Carrera General,Nivel General,6.0,85.0,89.87,ALTO,ROJO (CRÍTICO),Tutoría Académica Obligatoria y Derivación a Bienestar Estudiantil,1. Sesión tutorial individual semanal. 2. Plan de refuerzo en temas críticos. 3. Monitoreo continuo de asistencia.
STD_00284,Carrera General,Nivel General,5.0,85.0,81.84,ALTO,ROJO (CRÍTICO),Tutoría Académica Obligatoria y Derivación a Bienestar Estudiantil,1. Sesión tutorial individual semanal. 2. Plan de refuerzo en temas críticos. 3. Monitoreo continuo de asistencia.
STD_00284,Carrera General,Nivel General,4.1,85.0,85.58,ALTO,ROJO (CRÍTICO),Tutoría Académica Obligatoria y Derivación a Bienestar Estudiantil,1. Sesión tutorial individual semanal. 2. Plan de refuerzo en temas críticos. 3. Monitoreo continuo de asistencia.
STD_00284,Carrera General,Nivel General,4.7,85.0,78.35,ALTO,ROJO (CRÍTICO),Tutoría Académica Obligatoria y Derivación a Bienestar Estudiantil,1. Sesión tutorial individual semanal. 2. Plan de refuerzo en temas críticos. 3. Monitoreo continuo de asistencia.
STD_00284,Carrera General,Nivel General,9.9,85.0,30.32,BAJO,VERDE (ÓPTIMO),Seguimiento Regular de Aula,1. Continuar con el ritmo académico habitual. 2. Oportunidad de participación como mentor/ayudante.
STD_00285,Carrera General,Nivel General,7.3,85.0,8.96,BAJO,VERDE (ÓPTIMO),Seguimiento Regular de Aula,1. Continuar con el ritmo académico habitual. 2. Oportunidad de participación como mentor/ayudante.
STD_00285,Carrera General,Nivel General,7.5,85.0,7.09,BAJO,VERDE (ÓPTIMO),Seguimiento Regular de Aula,1. Continuar con el ritmo académico habitual. 2. Oportunidad de participación como mentor/ayudante.
STD_00285,Carrera General,Nivel General,6.4,85.0,92.1,ALTO,ROJO (CRÍTICO),Tutoría Académica Obligatoria y Derivación a Bienestar Estudiantil,1. Sesión tutorial individual semanal. 2. Plan de refuerzo en temas críticos. 3. Monitoreo continuo de asistencia.
STD_00285,Carrera General,Nivel General,4.8,85.0,88.3,ALTO,ROJO (CRÍTICO),Tutoría Académica Obligatoria y Derivación a Bienestar Estudiantil,1. Sesión tutorial individual semanal. 2. Plan de refuerzo en temas críticos. 3. Monitoreo continuo de asistencia.
STD_00285,Carrera General,Nivel General,7.5,85.0,7.02,BAJO,VERDE (ÓPTIMO),Seguimiento Regular de Aula,1. Continuar con el ritmo académico habitual. 2. Oportunidad de participación como mentor/ayudante.
STD_00285,Carrera General,Nivel General,7.0,85.0,14.86,BAJO,VERDE (ÓPTIMO),Seguimiento Regular de Aula,1. Continuar con el ritmo académico habitual. 2. Oportunidad de participación como mentor/ayudante.
STD_00285,Carrera General,Nivel General,6.4,85.0,84.56,ALTO,ROJO (CRÍTICO),Tutoría Académica Obligatoria y Derivación a Bienestar Estudiantil,1. Sesión tutorial individual semanal. 2. Plan de refuerzo en temas críticos. 3. Monitoreo continuo de asistencia.
STD_00285,Carrera General,Nivel General,9.7,85.0,5.42,BAJO,VERDE (ÓPTIMO),Seguimiento Regular de Aula,1. Continuar con el ritmo académico habitual. 2. Oportunidad de participación como mentor/ayudante.
STD_00286,Carrera General,Nivel General,7.9,85.0,17.25,BAJO,VERDE (ÓPTIMO),Seguimiento Regular de Aula,1. Continuar con el ritmo académico habitual. 2. Oportunidad de participación como mentor/ayudante.
STD_00286,Carrera General,Nivel General,9.3,85.0,18.84,BAJO,VERDE (ÓPTIMO),Seguimiento Regular de Aula,1. Continuar con el ritmo académico habitual. 2. Oportunidad de participación como mentor/ayudante.
STD_00286,Carrera General,Nivel General,4.5,85.0,66.4,ALTO,ROJO (CRÍTICO),Tutoría Académica Obligatoria y Derivación a Bienestar Estudiantil,1. Sesión tutorial individual semanal. 2. Plan de refuerzo en temas críticos. 3. Monitoreo continuo de asistencia.
STD_00286,Carrera General,Nivel General,6.9,85.0,70.61,ALTO,ROJO (CRÍTICO),Tutoría Académica Obligatoria y Derivación a Bienestar Estudiantil,1. Sesión tutorial individual semanal. 2. Plan de refuerzo en temas críticos. 3. Monitoreo continuo de asistencia.
STD_00286,Carrera General,Nivel General,9.3,85.0,18.2,BAJO,VERDE (ÓPTIMO),Seguimiento Regular de Aula,1. Continuar con el ritmo académico habitual. 2. Oportunidad de participación como mentor/ayudante.
STD_00286,Carrera General,Nivel General,7.0,85.0,22.68,BAJO,VERDE (ÓPTIMO),Seguimiento Regular de Aula,1. Continuar con el ritmo académico habitual. 2. Oportunidad de participación como mentor/ayudante.
STD_00286,Carrera General,Nivel General,4.9,85.0,73.26,ALTO,ROJO (CRÍTICO),Tutoría Académica Obligatoria y Derivación a Bienestar Estudiantil,1. Sesión tutorial individual semanal. 2. Plan de refuerzo en temas críticos. 3. Monitoreo continuo de asistencia.
STD_00286,Carrera General,Nivel General,9.2,85.0,12.99,BAJO,VERDE (ÓPTIMO),Seguimiento Regular de Aula,1. Continuar con el ritmo académico habitual. 2. Oportunidad de participación como mentor/ayudante.
STD_00287,Carrera General,Nivel General,4.8,85.0,82.42,ALTO,ROJO (CRÍTICO),Tutoría Académica Obligatoria y Derivación a Bienestar Estudiantil,1. Sesión tutorial individual semanal. 2. Plan de refuerzo en temas críticos. 3. Monitoreo continuo de asistencia.
STD_00287,Carrera General,Nivel General,8.8,85.0,25.54,BAJO,VERDE (ÓPTIMO),Seguimiento Regular de Aula,1. Continuar con el ritmo académico habitual. 2. Oportunidad de participación como mentor/ayudante.
STD_00287,Carrera General,Nivel General,6.2,85.0,79.48,ALTO,ROJO (CRÍTICO),Tutoría Académica Obligatoria y Derivación a Bienestar Estudiantil,1. Sesión tutorial individual semanal. 2. Plan de refuerzo en temas críticos. 3. Monitoreo continuo de asistencia.
STD_00287,Carrera General,Nivel General,9.4,85.0,15.75,BAJO,VERDE (ÓPTIMO),Seguimiento Regular de Aula,1. Continuar con el ritmo académico habitual. 2. Oportunidad de participación como mentor/ayudante.
STD_00287,Carrera General,Nivel General,5.3,85.0,69.21,ALTO,ROJO (CRÍTICO),Tutoría Académica Obligatoria y Derivación a Bienestar Estudiantil,1. Sesión tutorial individual semanal. 2. Plan de refuerzo en temas críticos. 3. Monitoreo continuo de asistencia.
STD_00287,Carrera General,Nivel General,9.0,85.0,19.2,BAJO,VERDE (ÓPTIMO),Seguimiento Regular de Aula,1. Continuar con el ritmo académico habitual. 2. Oportunidad de participación como mentor/ayudante.
STD_00287,Carrera General,Nivel General,8.0,85.0,18.46,BAJO,VERDE (ÓPTIMO),Seguimiento Regular de Aula,1. Continuar con el ritmo académico habitual. 2. Oportunidad de participación como mentor/ayudante.
STD_00287,Carrera General,Nivel General,7.6,85.0,15.91,BAJO,VERDE (ÓPTIMO),Seguimiento Regular de Aula,1. Continuar con el ritmo académico habitual. 2. Oportunidad de participación como mentor/ayudante.
STD_00288,Carrera General,Nivel General,4.2,85.0,88.55,ALTO,ROJO (CRÍTICO),Tutoría Académica Obligatoria y Derivación a Bienestar Estudiantil,1. Sesión tutorial individual semanal. 2. Plan de refuerzo en temas críticos. 3. Monitoreo continuo de asistencia.
STD_00288,Carrera General,Nivel General,7.3,85.0,9.73,BAJO,VERDE (ÓPTIMO),Seguimiento Regular de Aula,1. Continuar con el ritmo académico habitual. 2. Oportunidad de participación como mentor/ayudante.
STD_00288,Carrera General,Nivel General,6.3,85.0,88.41,ALTO,ROJO (CRÍTICO),Tutoría Académica Obligatoria y Derivación a Bienestar Estudiantil,1. Sesión tutorial individual semanal. 2. Plan de refuerzo en temas críticos. 3. Monitoreo continuo de asistencia.
STD_00288,Carrera General,Nivel General,8.0,85.0,17.95,BAJO,VERDE (ÓPTIMO),Seguimiento Regular de Aula,1. Continuar con el ritmo académico habitual. 2. Oportunidad de participación como mentor/ayudante.
STD_00288,Carrera General,Nivel General,7.8,85.0,24.02,BAJO,VERDE (ÓPTIMO),Seguimiento Regular de Aula,1. Continuar con el ritmo académico habitual. 2. Oportunidad de participación como mentor/ayudante.
STD_00288,Carrera General,Nivel General,11.0,85.0,18.79,BAJO,VERDE (ÓPTIMO),Seguimiento Regular de Aula,1. Continuar con el ritmo académico habitual. 2. Oportunidad de participación como mentor/ayudante.
STD_00288,Carrera General,Nivel General,6.0,85.0,81.17,ALTO,ROJO (CRÍTICO),Tutoría Académica Obligatoria y Derivación a Bienestar Estudiantil,1. Sesión tutorial individual semanal. 2. Plan de refuerzo en temas críticos. 3. Monitoreo continuo de asistencia.
STD_00288,Carrera General,Nivel General,10.0,85.0,8.94,BAJO,VERDE (ÓPTIMO),Seguimiento Regular de Aula,1. Continuar con el ritmo académico habitual. 2. Oportunidad de participación como mentor/ayudante.
STD_00289,Carrera General,Nivel General,6.8,85.0,73.8,ALTO,ROJO (CRÍTICO),Tutoría Académica Obligatoria y Derivación a Bienestar Estudiantil,1. Sesión tutorial individual semanal. 2. Plan de refuerzo en temas críticos. 3. Monitoreo continuo de asistencia.
STD_00289,Carrera General,Nivel General,5.4,85.0,84.9,ALTO,ROJO (CRÍTICO),Tutoría Académica Obligatoria y Derivación a Bienestar Estudiantil,1. Sesión tutorial individual semanal. 2. Plan de refuerzo en temas críticos. 3. Monitoreo continuo de asistencia.
STD_00289,Carrera General,Nivel General,4.4,85.0,85.74,ALTO,ROJO (CRÍTICO),Tutoría Académica Obligatoria y Derivación a Bienestar Estudiantil,1. Sesión tutorial individual semanal. 2. Plan de refuerzo en temas críticos. 3. Monitoreo continuo de asistencia.
STD_00289,Carrera General,Nivel General,4.7,85.0,73.16,ALTO,ROJO (CRÍTICO),Tutoría Académica Obligatoria y Derivación a Bienestar Estudiantil,1. Sesión tutorial individual semanal. 2. Plan de refuerzo en temas críticos. 3. Monitoreo continuo de asistencia.
STD_00289,Carrera General,Nivel General,8.1,85.0,29.64,BAJO,VERDE (ÓPTIMO),Seguimiento Regular de Aula,1. Continuar con el ritmo académico habitual. 2. Oportunidad de participación como mentor/ayudante.
STD_00289,Carrera General,Nivel General,7.7,85.0,17.27,BAJO,VERDE (ÓPTIMO),Seguimiento Regular de Aula,1. Continuar con el ritmo académico habitual. 2. Oportunidad de participación como mentor/ayudante.
STD_00289,Carrera General,Nivel General,8.1,85.0,16.77,BAJO,VERDE (ÓPTIMO),Seguimiento Regular de Aula,1. Continuar con el ritmo académico habitual. 2. Oportunidad de participación como mentor/ayudante.
STD_00289,Carrera General,Nivel General,5.5,85.0,87.79,ALTO,ROJO (CRÍTICO),Tutoría Académica Obligatoria y Derivación a Bienestar Estudiantil,1. Sesión tutorial individual semanal. 2. Plan de refuerzo en temas críticos. 3. Monitoreo continuo de asistencia.
STD_00290,Carrera General,Nivel General,9.3,85.0,14.49,BAJO,VERDE (ÓPTIMO),Seguimiento Regular de Aula,1. Continuar con el ritmo académico habitual. 2. Oportunidad de participación como mentor/ayudante.
STD_00290,Carrera General,Nivel General,8.2,85.0,15.32,BAJO,VERDE (ÓPTIMO),Seguimiento Regular de Aula,1. Continuar con el ritmo académico habitual. 2. Oportunidad de participación como mentor/ayudante.
STD_00290,Carrera General,Nivel General,4.9,85.0,81.48,ALTO,ROJO (CRÍTICO),Tutoría Académica Obligatoria y Derivación a Bienestar Estudiantil,1. Sesión tutorial individual semanal. 2. Plan de refuerzo en temas críticos. 3. Monitoreo continuo de asistencia.
STD_00290,Carrera General,Nivel General,7.1,85.0,3.46,BAJO,VERDE (ÓPTIMO),Seguimiento Regular de Aula,1. Continuar con el ritmo académico habitual. 2. Oportunidad de participación como mentor/ayudante.
STD_00290,Carrera General,Nivel General,5.2,85.0,77.23,ALTO,ROJO (CRÍTICO),Tutoría Académica Obligatoria y Derivación a Bienestar Estudiantil,1. Sesión tutorial individual semanal. 2. Plan de refuerzo en temas críticos. 3. Monitoreo continuo de asistencia.
STD_00290,Carrera General,Nivel General,9.5,85.0,15.41,BAJO,VERDE (ÓPTIMO),Seguimiento Regular de Aula,1. Continuar con el ritmo académico habitual. 2. Oportunidad de participación como mentor/ayudante.
STD_00290,Carrera General,Nivel General,9.6,85.0,13.16,BAJO,VERDE (ÓPTIMO),Seguimiento Regular de Aula,1. Continuar con el ritmo académico habitual. 2. Oportunidad de participación como mentor/ayudante.
STD_00290,Carrera General,Nivel General,9.6,85.0,8.13,BAJO,VERDE (ÓPTIMO),Seguimiento Regular de Aula,1. Continuar con el ritmo académico habitual. 2. Oportunidad de participación como mentor/ayudante.
STD_00291,Carrera General,Nivel General,8.8,85.0,15.92,BAJO,VERDE (ÓPTIMO),Seguimiento Regular de Aula,1. Continuar con el ritmo académico habitual. 2. Oportunidad de participación como mentor/ayudante.
STD_00291,Carrera General,Nivel General,5.0,85.0,53.46,ALTO,ROJO (CRÍTICO),Tutoría Académica Obligatoria y Derivación a Bienestar Estudiantil,1. Sesión tutorial individual semanal. 2. Plan de refuerzo en temas críticos. 3. Monitoreo continuo de asistencia.
STD_00291,Carrera General,Nivel General,4.9,85.0,89.27,ALTO,ROJO (CRÍTICO),Tutoría Académica Obligatoria y Derivación a Bienestar Estudiantil,1. Sesión tutorial individual semanal. 2. Plan de refuerzo en temas críticos. 3. Monitoreo continuo de asistencia.
STD_00291,Carrera General,Nivel General,8.4,85.0,19.16,BAJO,VERDE (ÓPTIMO),Seguimiento Regular de Aula,1. Continuar con el ritmo académico habitual. 2. Oportunidad de participación como mentor/ayudante.
STD_00291,Carrera General,Nivel General,9.9,85.0,38.11,MEDIO,AMARILLO (ADVERTENCIA),Acompañamiento Tutorial Preventivo y Talleres de Estudio,1. Entrevista de seguimiento bimensual. 2. Talleres grupales de resolución de ejercicios.
STD_00291,Carrera General,Nivel General,7.1,85.0,12.02,BAJO,VERDE (ÓPTIMO),Seguimiento Regular de Aula,1. Continuar con el ritmo académico habitual. 2. Oportunidad de participación como mentor/ayudante.
STD_00291,Carrera General,Nivel General,9.3,85.0,12.77,BAJO,VERDE (ÓPTIMO),Seguimiento Regular de Aula,1. Continuar con el ritmo académico habitual. 2. Oportunidad de participación como mentor/ayudante.
STD_00291,Carrera General,Nivel General,7.5,85.0,27.93,BAJO,VERDE (ÓPTIMO),Seguimiento Regular de Aula,1. Continuar con el ritmo académico habitual. 2. Oportunidad de participación como mentor/ayudante.
STD_00292,Carrera General,Nivel General,7.2,85.0,28.56,BAJO,VERDE (ÓPTIMO),Seguimiento Regular de Aula,1. Continuar con el ritmo académico habitual. 2. Oportunidad de participación como mentor/ayudante.
STD_00292,Carrera General,Nivel General,9.3,85.0,42.96,MEDIO,AMARILLO (ADVERTENCIA),Acompañamiento Tutorial Preventivo y Talleres de Estudio,1. Entrevista de seguimiento bimensual. 2. Talleres grupales de resolución de ejercicios.
STD_00292,Carrera General,Nivel General,5.4,85.0,78.75,ALTO,ROJO (CRÍTICO),Tutoría Académica Obligatoria y Derivación a Bienestar Estudiantil,1. Sesión tutorial individual semanal. 2. Plan de refuerzo en temas críticos. 3. Monitoreo continuo de asistencia.
STD_00292,Carrera General,Nivel General,5.1,85.0,79.82,ALTO,ROJO (CRÍTICO),Tutoría Académica Obligatoria y Derivación a Bienestar Estudiantil,1. Sesión tutorial individual semanal. 2. Plan de refuerzo en temas críticos. 3. Monitoreo continuo de asistencia.
STD_00292,Carrera General,Nivel General,6.9,85.0,80.46,ALTO,ROJO (CRÍTICO),Tutoría Académica Obligatoria y Derivación a Bienestar Estudiantil,1. Sesión tutorial individual semanal. 2. Plan de refuerzo en temas críticos. 3. Monitoreo continuo de asistencia.
STD_00292,Carrera General,Nivel General,5.1,85.0,84.71,ALTO,ROJO (CRÍTICO),Tutoría Académica Obligatoria y Derivación a Bienestar Estudiantil,1. Sesión tutorial individual semanal. 2. Plan de refuerzo en temas críticos. 3. Monitoreo continuo de asistencia.
STD_00292,Carrera General,Nivel General,4.7,85.0,67.25,ALTO,ROJO (CRÍTICO),Tutoría Académica Obligatoria y Derivación a Bienestar Estudiantil,1. Sesión tutorial individual semanal. 2. Plan de refuerzo en temas críticos. 3. Monitoreo continuo de asistencia.
STD_00292,Carrera General,Nivel General,6.4,85.0,80.4,ALTO,ROJO (CRÍTICO),Tutoría Académica Obligatoria y Derivación a Bienestar Estudiantil,1. Sesión tutorial individual semanal. 2. Plan de refuerzo en temas críticos. 3. Monitoreo continuo de asistencia.
STD_00293,Carrera General,Nivel General,10.0,85.0,21.23,BAJO,VERDE (ÓPTIMO),Seguimiento Regular de Aula,1. Continuar con el ritmo académico habitual. 2. Oportunidad de participación como mentor/ayudante.
STD_00293,Carrera General,Nivel General,9.8,85.0,22.89,BAJO,VERDE (ÓPTIMO),Seguimiento Regular de Aula,1. Continuar con el ritmo académico habitual. 2. Oportunidad de participación como mentor/ayudante.
STD_00293,Carrera General,Nivel General,7.9,85.0,15.85,BAJO,VERDE (ÓPTIMO),Seguimiento Regular de Aula,1. Continuar con el ritmo académico habitual. 2. Oportunidad de participación como mentor/ayudante.
STD_00293,Carrera General,Nivel General,9.6,85.0,11.95,BAJO,VERDE (ÓPTIMO),Seguimiento Regular de Aula,1. Continuar con el ritmo académico habitual. 2. Oportunidad de participación como mentor/ayudante.
STD_00293,Carrera General,Nivel General,10.0,85.0,16.51,BAJO,VERDE (ÓPTIMO),Seguimiento Regular de Aula,1. Continuar con el ritmo académico habitual. 2. Oportunidad de participación como mentor/ayudante.
STD_00293,Carrera General,Nivel General,4.2,85.0,80.87,ALTO,ROJO (CRÍTICO),Tutoría Académica Obligatoria y Derivación a Bienestar Estudiantil,1. Sesión tutorial individual semanal. 2. Plan de refuerzo en temas críticos. 3. Monitoreo continuo de asistencia.
STD_00293,Carrera General,Nivel General,8.3,85.0,16.13,BAJO,VERDE (ÓPTIMO),Seguimiento Regular de Aula,1. Continuar con el ritmo académico habitual. 2. Oportunidad de participación como mentor/ayudante.
STD_00293,Carrera General,Nivel General,5.5,85.0,93.18,ALTO,ROJO (CRÍTICO),Tutoría Académica Obligatoria y Derivación a Bienestar Estudiantil,1. Sesión tutorial individual semanal. 2. Plan de refuerzo en temas críticos. 3. Monitoreo continuo de asistencia.
STD_00294,Carrera General,Nivel General,4.3,85.0,91.96,ALTO,ROJO (CRÍTICO),Tutoría Académica Obligatoria y Derivación a Bienestar Estudiantil,1. Sesión tutorial individual semanal. 2. Plan de refuerzo en temas críticos. 3. Monitoreo continuo de asistencia.
STD_00294,Carrera General,Nivel General,5.9,85.0,90.56,ALTO,ROJO (CRÍTICO),Tutoría Académica Obligatoria y Derivación a Bienestar Estudiantil,1. Sesión tutorial individual semanal. 2. Plan de refuerzo en temas críticos. 3. Monitoreo continuo de asistencia.
STD_00294,Carrera General,Nivel General,4.4,85.0,93.66,ALTO,ROJO (CRÍTICO),Tutoría Académica Obligatoria y Derivación a Bienestar Estudiantil,1. Sesión tutorial individual semanal. 2. Plan de refuerzo en temas críticos. 3. Monitoreo continuo de asistencia.
STD_00294,Carrera General,Nivel General,5.0,85.0,74.76,ALTO,ROJO (CRÍTICO),Tutoría Académica Obligatoria y Derivación a Bienestar Estudiantil,1. Sesión tutorial individual semanal. 2. Plan de refuerzo en temas críticos. 3. Monitoreo continuo de asistencia.
STD_00294,Carrera General,Nivel General,5.2,85.0,88.45,ALTO,ROJO (CRÍTICO),Tutoría Académica Obligatoria y Derivación a Bienestar Estudiantil,1. Sesión tutorial individual semanal. 2. Plan de refuerzo en temas críticos. 3. Monitoreo continuo de asistencia.
STD_00294,Carrera General,Nivel General,6.4,85.0,86.16,ALTO,ROJO (CRÍTICO),Tutoría Académica Obligatoria y Derivación a Bienestar Estudiantil,1. Sesión tutorial individual semanal. 2. Plan de refuerzo en temas críticos. 3. Monitoreo continuo de asistencia.
STD_00294,Carrera General,Nivel General,7.1,85.0,26.35,BAJO,VERDE (ÓPTIMO),Seguimiento Regular de Aula,1. Continuar con el ritmo académico habitual. 2. Oportunidad de participación como mentor/ayudante.
STD_00294,Carrera General,Nivel General,8.6,85.0,25.96,BAJO,VERDE (ÓPTIMO),Seguimiento Regular de Aula,1. Continuar con el ritmo académico habitual. 2. Oportunidad de participación como mentor/ayudante.
STD_00295,Carrera General,Nivel General,8.9,85.0,12.99,BAJO,VERDE (ÓPTIMO),Seguimiento Regular de Aula,1. Continuar con el ritmo académico habitual. 2. Oportunidad de participación como mentor/ayudante.
STD_00295,Carrera General,Nivel General,4.1,85.0,74.31,ALTO,ROJO (CRÍTICO),Tutoría Académica Obligatoria y Derivación a Bienestar Estudiantil,1. Sesión tutorial individual semanal. 2. Plan de refuerzo en temas críticos. 3. Monitoreo continuo de asistencia.
STD_00295,Carrera General,Nivel General,7.0,85.0,12.27,BAJO,VERDE (ÓPTIMO),Seguimiento Regular de Aula,1. Continuar con el ritmo académico habitual. 2. Oportunidad de participación como mentor/ayudante.
STD_00295,Carrera General,Nivel General,7.5,85.0,2.68,BAJO,VERDE (ÓPTIMO),Seguimiento Regular de Aula,1. Continuar con el ritmo académico habitual. 2. Oportunidad de participación como mentor/ayudante.
STD_00295,Carrera General,Nivel General,9.0,85.0,3.66,BAJO,VERDE (ÓPTIMO),Seguimiento Regular de Aula,1. Continuar con el ritmo académico habitual. 2. Oportunidad de participación como mentor/ayudante.
STD_00295,Carrera General,Nivel General,8.8,85.0,2.51,BAJO,VERDE (ÓPTIMO),Seguimiento Regular de Aula,1. Continuar con el ritmo académico habitual. 2. Oportunidad de participación como mentor/ayudante.
STD_00295,Carrera General,Nivel General,7.7,85.0,3.83,BAJO,VERDE (ÓPTIMO),Seguimiento Regular de Aula,1. Continuar con el ritmo académico habitual. 2. Oportunidad de participación como mentor/ayudante.
STD_00295,Carrera General,Nivel General,9.7,85.0,6.62,BAJO,VERDE (ÓPTIMO),Seguimiento Regular de Aula,1. Continuar con el ritmo académico habitual. 2. Oportunidad de participación como mentor/ayudante.
STD_00296,Carrera General,Nivel General,6.4,85.0,86.62,ALTO,ROJO (CRÍTICO),Tutoría Académica Obligatoria y Derivación a Bienestar Estudiantil,1. Sesión tutorial individual semanal. 2. Plan de refuerzo en temas críticos. 3. Monitoreo continuo de asistencia.
STD_00296,Carrera General,Nivel General,4.2,85.0,74.7,ALTO,ROJO (CRÍTICO),Tutoría Académica Obligatoria y Derivación a Bienestar Estudiantil,1. Sesión tutorial individual semanal. 2. Plan de refuerzo en temas críticos. 3. Monitoreo continuo de asistencia.
STD_00296,Carrera General,Nivel General,5.9,85.0,84.88,ALTO,ROJO (CRÍTICO),Tutoría Académica Obligatoria y Derivación a Bienestar Estudiantil,1. Sesión tutorial individual semanal. 2. Plan de refuerzo en temas críticos. 3. Monitoreo continuo de asistencia.
STD_00296,Carrera General,Nivel General,6.3,85.0,84.41,ALTO,ROJO (CRÍTICO),Tutoría Académica Obligatoria y Derivación a Bienestar Estudiantil,1. Sesión tutorial individual semanal. 2. Plan de refuerzo en temas críticos. 3. Monitoreo continuo de asistencia.
STD_00296,Carrera General,Nivel General,9.7,85.0,13.77,BAJO,VERDE (ÓPTIMO),Seguimiento Regular de Aula,1. Continuar con el ritmo académico habitual. 2. Oportunidad de participación como mentor/ayudante.
STD_00296,Carrera General,Nivel General,8.5,85.0,23.92,BAJO,VERDE (ÓPTIMO),Seguimiento Regular de Aula,1. Continuar con el ritmo académico habitual. 2. Oportunidad de participación como mentor/ayudante.
STD_00296,Carrera General,Nivel General,9.1,85.0,12.37,BAJO,VERDE (ÓPTIMO),Seguimiento Regular de Aula,1. Continuar con el ritmo académico habitual. 2. Oportunidad de participación como mentor/ayudante.
STD_00296,Carrera General,Nivel General,7.2,85.0,24.32,BAJO,VERDE (ÓPTIMO),Seguimiento Regular de Aula,1. Continuar con el ritmo académico habitual. 2. Oportunidad de participación como mentor/ayudante.
STD_00297,Carrera General,Nivel General,9.8,85.0,25.97,BAJO,VERDE (ÓPTIMO),Seguimiento Regular de Aula,1. Continuar con el ritmo académico habitual. 2. Oportunidad de participación como mentor/ayudante.
STD_00297,Carrera General,Nivel General,7.8,85.0,38.16,MEDIO,AMARILLO (ADVERTENCIA),Acompañamiento Tutorial Preventivo y Talleres de Estudio,1. Entrevista de seguimiento bimensual. 2. Talleres grupales de resolución de ejercicios.
STD_00297,Carrera General,Nivel General,8.7,85.0,8.31,BAJO,VERDE (ÓPTIMO),Seguimiento Regular de Aula,1. Continuar con el ritmo académico habitual. 2. Oportunidad de participación como mentor/ayudante.
STD_00297,Carrera General,Nivel General,5.2,85.0,75.85,ALTO,ROJO (CRÍTICO),Tutoría Académica Obligatoria y Derivación a Bienestar Estudiantil,1. Sesión tutorial individual semanal. 2. Plan de refuerzo en temas críticos. 3. Monitoreo continuo de asistencia.
STD_00297,Carrera General,Nivel General,4.6,85.0,74.56,ALTO,ROJO (CRÍTICO),Tutoría Académica Obligatoria y Derivación a Bienestar Estudiantil,1. Sesión tutorial individual semanal. 2. Plan de refuerzo en temas críticos. 3. Monitoreo continuo de asistencia.
STD_00297,Carrera General,Nivel General,8.7,85.0,22.31,BAJO,VERDE (ÓPTIMO),Seguimiento Regular de Aula,1. Continuar con el ritmo académico habitual. 2. Oportunidad de participación como mentor/ayudante.
STD_00297,Carrera General,Nivel General,6.0,85.0,84.34,ALTO,ROJO (CRÍTICO),Tutoría Académica Obligatoria y Derivación a Bienestar Estudiantil,1. Sesión tutorial individual semanal. 2. Plan de refuerzo en temas críticos. 3. Monitoreo continuo de asistencia.
STD_00297,Carrera General,Nivel General,4.5,85.0,79.27,ALTO,ROJO (CRÍTICO),Tutoría Académica Obligatoria y Derivación a Bienestar Estudiantil,1. Sesión tutorial individual semanal. 2. Plan de refuerzo en temas críticos. 3. Monitoreo continuo de asistencia.
STD_00298,Carrera General,Nivel General,9.2,85.0,5.41,BAJO,VERDE (ÓPTIMO),Seguimiento Regular de Aula,1. Continuar con el ritmo académico habitual. 2. Oportunidad de participación como mentor/ayudante.
STD_00298,Carrera General,Nivel General,6.1,85.0,68.85,ALTO,ROJO (CRÍTICO),Tutoría Académica Obligatoria y Derivación a Bienestar Estudiantil,1. Sesión tutorial individual semanal. 2. Plan de refuerzo en temas críticos. 3. Monitoreo continuo de asistencia.
STD_00298,Carrera General,Nivel General,9.6,85.0,28.85,BAJO,VERDE (ÓPTIMO),Seguimiento Regular de Aula,1. Continuar con el ritmo académico habitual. 2. Oportunidad de participación como mentor/ayudante.
STD_00298,Carrera General,Nivel General,6.5,85.0,70.21,ALTO,ROJO (CRÍTICO),Tutoría Académica Obligatoria y Derivación a Bienestar Estudiantil,1. Sesión tutorial individual semanal. 2. Plan de refuerzo en temas críticos. 3. Monitoreo continuo de asistencia.
STD_00298,Carrera General,Nivel General,4.7,85.0,76.09,ALTO,ROJO (CRÍTICO),Tutoría Académica Obligatoria y Derivación a Bienestar Estudiantil,1. Sesión tutorial individual semanal. 2. Plan de refuerzo en temas críticos. 3. Monitoreo continuo de asistencia.
STD_00298,Carrera General,Nivel General,8.5,85.0,21.74,BAJO,VERDE (ÓPTIMO),Seguimiento Regular de Aula,1. Continuar con el ritmo académico habitual. 2. Oportunidad de participación como mentor/ayudante.
STD_00298,Carrera General,Nivel General,9.6,85.0,25.45,BAJO,VERDE (ÓPTIMO),Seguimiento Regular de Aula,1. Continuar con el ritmo académico habitual. 2. Oportunidad de participación como mentor/ayudante.
STD_00298,Carrera General,Nivel General,4.9,85.0,66.25,ALTO,ROJO (CRÍTICO),Tutoría Académica Obligatoria y Derivación a Bienestar Estudiantil,1. Sesión tutorial individual semanal. 2. Plan de refuerzo en temas críticos. 3. Monitoreo continuo de asistencia.
STD_00299,Carrera General,Nivel General,4.6,85.0,80.08,ALTO,ROJO (CRÍTICO),Tutoría Académica Obligatoria y Derivación a Bienestar Estudiantil,1. Sesión tutorial individual semanal. 2. Plan de refuerzo en temas críticos. 3. Monitoreo continuo de asistencia.
STD_00299,Carrera General,Nivel General,7.4,85.0,18.78,BAJO,VERDE (ÓPTIMO),Seguimiento Regular de Aula,1. Continuar con el ritmo académico habitual. 2. Oportunidad de participación como mentor/ayudante.
STD_00299,Carrera General,Nivel General,9.1,85.0,22.18,BAJO,VERDE (ÓPTIMO),Seguimiento Regular de Aula,1. Continuar con el ritmo académico habitual. 2. Oportunidad de participación como mentor/ayudante.
STD_00299,Carrera General,Nivel General,10.0,85.0,16.88,BAJO,VERDE (ÓPTIMO),Seguimiento Regular de Aula,1. Continuar con el ritmo académico habitual. 2. Oportunidad de participación como mentor/ayudante.
STD_00299,Carrera General,Nivel General,8.6,85.0,34.23,BAJO,VERDE (ÓPTIMO),Seguimiento Regular de Aula,1. Continuar con el ritmo académico habitual. 2. Oportunidad de participación como mentor/ayudante.
STD_00299,Carrera General,Nivel General,9.5,85.0,28.65,BAJO,VERDE (ÓPTIMO),Seguimiento Regular de Aula,1. Continuar con el ritmo académico habitual. 2. Oportunidad de participación como mentor/ayudante.
STD_00299,Carrera General,Nivel General,6.7,85.0,78.27,ALTO,ROJO (CRÍTICO),Tutoría Académica Obligatoria y Derivación a Bienestar Estudiantil,1. Sesión tutorial individual semanal. 2. Plan de refuerzo en temas críticos. 3. Monitoreo continuo de asistencia.
STD_00299,Carrera General,Nivel General,6.8,85.0,73.84,ALTO,ROJO (CRÍTICO),Tutoría Académica Obligatoria y Derivación a Bienestar Estudiantil,1. Sesión tutorial individual semanal. 2. Plan de refuerzo en temas críticos. 3. Monitoreo continuo de asistencia.
STD_00300,Carrera General,Nivel General,5.3,85.0,82.56,ALTO,ROJO (CRÍTICO),Tutoría Académica Obligatoria y Derivación a Bienestar Estudiantil,1. Sesión tutorial individual semanal. 2. Plan de refuerzo en temas críticos. 3. Monitoreo continuo de asistencia.
STD_00300,Carrera General,Nivel General,9.7,85.0,12.03,BAJO,VERDE (ÓPTIMO),Seguimiento Regular de Aula,1. Continuar con el ritmo académico habitual. 2. Oportunidad de participación como mentor/ayudante.
STD_00300,Carrera General,Nivel General,4.1,85.0,76.78,ALTO,ROJO (CRÍTICO),Tutoría Académica Obligatoria y Derivación a Bienestar Estudiantil,1. Sesión tutorial individual semanal. 2. Plan de refuerzo en temas críticos. 3. Monitoreo continuo de asistencia.
STD_00300,Carrera General,Nivel General,7.4,85.0,15.27,BAJO,VERDE (ÓPTIMO),Seguimiento Regular de Aula,1. Continuar con el ritmo académico habitual. 2. Oportunidad de participación como mentor/ayudante.
STD_00300,Carrera General,Nivel General,9.9,85.0,18.07,BAJO,VERDE (ÓPTIMO),Seguimiento Regular de Aula,1. Continuar con el ritmo académico habitual. 2. Oportunidad de participación como mentor/ayudante.
STD_00300,Carrera General,Nivel General,7.0,85.0,17.41,BAJO,VERDE (ÓPTIMO),Seguimiento Regular de Aula,1. Continuar con el ritmo académico habitual. 2. Oportunidad de participación como mentor/ayudante.
STD_00300,Carrera General,Nivel General,9.4,85.0,27.71,BAJO,VERDE (ÓPTIMO),Seguimiento Regular de Aula,1. Continuar con el ritmo académico habitual. 2. Oportunidad de participación como mentor/ayudante.
STD_00300,Carrera General,Nivel General,4.5,85.0,87.82,ALTO,ROJO (CRÍTICO),Tutoría Académica Obligatoria y Derivación a Bienestar Estudiantil,1. Sesión tutorial individual semanal. 2. Plan de refuerzo en temas críticos. 3. Monitoreo continuo de asistencia.
STD_00301,Carrera General,Nivel General,4.9,85.0,82.89,ALTO,ROJO (CRÍTICO),Tutoría Académica Obligatoria y Derivación a Bienestar Estudiantil,1. Sesión tutorial individual semanal. 2. Plan de refuerzo en temas críticos. 3. Monitoreo continuo de asistencia.
STD_00301,Carrera General,Nivel General,6.0,85.0,72.35,ALTO,ROJO (CRÍTICO),Tutoría Académica Obligatoria y Derivación a Bienestar Estudiantil,1. Sesión tutorial individual semanal. 2. Plan de refuerzo en temas críticos. 3. Monitoreo continuo de asistencia.
STD_00301,Carrera General,Nivel General,7.6,85.0,6.84,BAJO,VERDE (ÓPTIMO),Seguimiento Regular de Aula,1. Continuar con el ritmo académico habitual. 2. Oportunidad de participación como mentor/ayudante.
STD_00301,Carrera General,Nivel General,11.0,85.0,10.75,BAJO,VERDE (ÓPTIMO),Seguimiento Regular de Aula,1. Continuar con el ritmo académico habitual. 2. Oportunidad de participación como mentor/ayudante.
STD_00301,Carrera General,Nivel General,8.4,85.0,4.98,BAJO,VERDE (ÓPTIMO),Seguimiento Regular de Aula,1. Continuar con el ritmo académico habitual. 2. Oportunidad de participación como mentor/ayudante.
STD_00301,Carrera General,Nivel General,8.1,85.0,16.32,BAJO,VERDE (ÓPTIMO),Seguimiento Regular de Aula,1. Continuar con el ritmo académico habitual. 2. Oportunidad de participación como mentor/ayudante.
STD_00301,Carrera General,Nivel General,8.1,85.0,30.55,BAJO,VERDE (ÓPTIMO),Seguimiento Regular de Aula,1. Continuar con el ritmo académico habitual. 2. Oportunidad de participación como mentor/ayudante.
STD_00301,Carrera General,Nivel General,6.4,85.0,71.91,ALTO,ROJO (CRÍTICO),Tutoría Académica Obligatoria y Derivación a Bienestar Estudiantil,1. Sesión tutorial individual semanal. 2. Plan de refuerzo en temas críticos. 3. Monitoreo continuo de asistencia.
STD_00302,Carrera General,Nivel General,8.1,85.0,14.08,BAJO,VERDE (ÓPTIMO),Seguimiento Regular de Aula,1. Continuar con el ritmo académico habitual. 2. Oportunidad de participación como mentor/ayudante.
STD_00302,Carrera General,Nivel General,11.0,85.0,18.31,BAJO,VERDE (ÓPTIMO),Seguimiento Regular de Aula,1. Continuar con el ritmo académico habitual. 2. Oportunidad de participación como mentor/ayudante.
STD_00302,Carrera General,Nivel General,5.0,85.0,73.5,ALTO,ROJO (CRÍTICO),Tutoría Académica Obligatoria y Derivación a Bienestar Estudiantil,1. Sesión tutorial individual semanal. 2. Plan de refuerzo en temas críticos. 3. Monitoreo continuo de asistencia.
STD_00302,Carrera General,Nivel General,9.5,85.0,22.65,BAJO,VERDE (ÓPTIMO),Seguimiento Regular de Aula,1. Continuar con el ritmo académico habitual. 2. Oportunidad de participación como mentor/ayudante.
STD_00302,Carrera General,Nivel General,4.8,85.0,81.51,ALTO,ROJO (CRÍTICO),Tutoría Académica Obligatoria y Derivación a Bienestar Estudiantil,1. Sesión tutorial individual semanal. 2. Plan de refuerzo en temas críticos. 3. Monitoreo continuo de asistencia.
STD_00302,Carrera General,Nivel General,8.5,85.0,17.7,BAJO,VERDE (ÓPTIMO),Seguimiento Regular de Aula,1. Continuar con el ritmo académico habitual. 2. Oportunidad de participación como mentor/ayudante.
STD_00302,Carrera General,Nivel General,7.1,85.0,15.23,BAJO,VERDE (ÓPTIMO),Seguimiento Regular de Aula,1. Continuar con el ritmo académico habitual. 2. Oportunidad de participación como mentor/ayudante.
STD_00302,Carrera General,Nivel General,9.4,85.0,27.74,BAJO,VERDE (ÓPTIMO),Seguimiento Regular de Aula,1. Continuar con el ritmo académico habitual. 2. Oportunidad de participación como mentor/ayudante.
STD_00303,Carrera General,Nivel General,9.6,85.0,15.23,BAJO,VERDE (ÓPTIMO),Seguimiento Regular de Aula,1. Continuar con el ritmo académico habitual. 2. Oportunidad de participación como mentor/ayudante.
STD_00303,Carrera General,Nivel General,9.3,85.0,3.16,BAJO,VERDE (ÓPTIMO),Seguimiento Regular de Aula,1. Continuar con el ritmo académico habitual. 2. Oportunidad de participación como mentor/ayudante.
STD_00303,Carrera General,Nivel General,9.1,85.0,7.03,BAJO,VERDE (ÓPTIMO),Seguimiento Regular de Aula,1. Continuar con el ritmo académico habitual. 2. Oportunidad de participación como mentor/ayudante.
STD_00303,Carrera General,Nivel General,8.6,85.0,22.44,BAJO,VERDE (ÓPTIMO),Seguimiento Regular de Aula,1. Continuar con el ritmo académico habitual. 2. Oportunidad de participación como mentor/ayudante.
STD_00303,Carrera General,Nivel General,6.5,85.0,65.9,ALTO,ROJO (CRÍTICO),Tutoría Académica Obligatoria y Derivación a Bienestar Estudiantil,1. Sesión tutorial individual semanal. 2. Plan de refuerzo en temas críticos. 3. Monitoreo continuo de asistencia.
STD_00303,Carrera General,Nivel General,7.3,85.0,11.01,BAJO,VERDE (ÓPTIMO),Seguimiento Regular de Aula,1. Continuar con el ritmo académico habitual. 2. Oportunidad de participación como mentor/ayudante.
STD_00303,Carrera General,Nivel General,8.6,85.0,11.44,BAJO,VERDE (ÓPTIMO),Seguimiento Regular de Aula,1. Continuar con el ritmo académico habitual. 2. Oportunidad de participación como mentor/ayudante.
STD_00303,Carrera General,Nivel General,9.6,85.0,5.71,BAJO,VERDE (ÓPTIMO),Seguimiento Regular de Aula,1. Continuar con el ritmo académico habitual. 2. Oportunidad de participación como mentor/ayudante.
STD_00304,Carrera General,Nivel General,7.7,85.0,24.68,BAJO,VERDE (ÓPTIMO),Seguimiento Regular de Aula,1. Continuar con el ritmo académico habitual. 2. Oportunidad de participación como mentor/ayudante.
STD_00304,Carrera General,Nivel General,9.1,85.0,26.1,BAJO,VERDE (ÓPTIMO),Seguimiento Regular de Aula,1. Continuar con el ritmo académico habitual. 2. Oportunidad de participación como mentor/ayudante.
STD_00304,Carrera General,Nivel General,5.6,85.0,88.69,ALTO,ROJO (CRÍTICO),Tutoría Académica Obligatoria y Derivación a Bienestar Estudiantil,1. Sesión tutorial individual semanal. 2. Plan de refuerzo en temas críticos. 3. Monitoreo continuo de asistencia.
STD_00304,Carrera General,Nivel General,6.8,85.0,91.79,ALTO,ROJO (CRÍTICO),Tutoría Académica Obligatoria y Derivación a Bienestar Estudiantil,1. Sesión tutorial individual semanal. 2. Plan de refuerzo en temas críticos. 3. Monitoreo continuo de asistencia.
STD_00304,Carrera General,Nivel General,5.8,85.0,88.52,ALTO,ROJO (CRÍTICO),Tutoría Académica Obligatoria y Derivación a Bienestar Estudiantil,1. Sesión tutorial individual semanal. 2. Plan de refuerzo en temas críticos. 3. Monitoreo continuo de asistencia.
STD_00304,Carrera General,Nivel General,5.3,85.0,79.26,ALTO,ROJO (CRÍTICO),Tutoría Académica Obligatoria y Derivación a Bienestar Estudiantil,1. Sesión tutorial individual semanal. 2. Plan de refuerzo en temas críticos. 3. Monitoreo continuo de asistencia.
STD_00304,Carrera General,Nivel General,10.0,85.0,11.92,BAJO,VERDE (ÓPTIMO),Seguimiento Regular de Aula,1. Continuar con el ritmo académico habitual. 2. Oportunidad de participación como mentor/ayudante.
STD_00304,Carrera General,Nivel General,4.7,85.0,85.22,ALTO,ROJO (CRÍTICO),Tutoría Académica Obligatoria y Derivación a Bienestar Estudiantil,1. Sesión tutorial individual semanal. 2. Plan de refuerzo en temas críticos. 3. Monitoreo continuo de asistencia.
STD_00305,Carrera General,Nivel General,6.2,85.0,86.49,ALTO,ROJO (CRÍTICO),Tutoría Académica Obligatoria y Derivación a Bienestar Estudiantil,1. Sesión tutorial individual semanal. 2. Plan de refuerzo en temas críticos. 3. Monitoreo continuo de asistencia.
STD_00305,Carrera General,Nivel General,9.7,85.0,10.21,BAJO,VERDE (ÓPTIMO),Seguimiento Regular de Aula,1. Continuar con el ritmo académico habitual. 2. Oportunidad de participación como mentor/ayudante.
STD_00305,Carrera General,Nivel General,8.9,85.0,15.6,BAJO,VERDE (ÓPTIMO),Seguimiento Regular de Aula,1. Continuar con el ritmo académico habitual. 2. Oportunidad de participación como mentor/ayudante.
STD_00305,Carrera General,Nivel General,4.9,85.0,69.48,ALTO,ROJO (CRÍTICO),Tutoría Académica Obligatoria y Derivación a Bienestar Estudiantil,1. Sesión tutorial individual semanal. 2. Plan de refuerzo en temas críticos. 3. Monitoreo continuo de asistencia.
STD_00305,Carrera General,Nivel General,9.0,85.0,11.52,BAJO,VERDE (ÓPTIMO),Seguimiento Regular de Aula,1. Continuar con el ritmo académico habitual. 2. Oportunidad de participación como mentor/ayudante.
STD_00305,Carrera General,Nivel General,7.4,85.0,15.87,BAJO,VERDE (ÓPTIMO),Seguimiento Regular de Aula,1. Continuar con el ritmo académico habitual. 2. Oportunidad de participación como mentor/ayudante.
STD_00305,Carrera General,Nivel General,11.0,85.0,8.42,BAJO,VERDE (ÓPTIMO),Seguimiento Regular de Aula,1. Continuar con el ritmo académico habitual. 2. Oportunidad de participación como mentor/ayudante.
STD_00305,Carrera General,Nivel General,5.5,85.0,78.34,ALTO,ROJO (CRÍTICO),Tutoría Académica Obligatoria y Derivación a Bienestar Estudiantil,1. Sesión tutorial individual semanal. 2. Plan de refuerzo en temas críticos. 3. Monitoreo continuo de asistencia.
STD_00306,Carrera General,Nivel General,6.2,85.0,88.99,ALTO,ROJO (CRÍTICO),Tutoría Académica Obligatoria y Derivación a Bienestar Estudiantil,1. Sesión tutorial individual semanal. 2. Plan de refuerzo en temas críticos. 3. Monitoreo continuo de asistencia.
STD_00306,Carrera General,Nivel General,7.5,85.0,18.47,BAJO,VERDE (ÓPTIMO),Seguimiento Regular de Aula,1. Continuar con el ritmo académico habitual. 2. Oportunidad de participación como mentor/ayudante.
STD_00306,Carrera General,Nivel General,6.2,85.0,73.47,ALTO,ROJO (CRÍTICO),Tutoría Académica Obligatoria y Derivación a Bienestar Estudiantil,1. Sesión tutorial individual semanal. 2. Plan de refuerzo en temas críticos. 3. Monitoreo continuo de asistencia.
STD_00306,Carrera General,Nivel General,4.2,85.0,71.22,ALTO,ROJO (CRÍTICO),Tutoría Académica Obligatoria y Derivación a Bienestar Estudiantil,1. Sesión tutorial individual semanal. 2. Plan de refuerzo en temas críticos. 3. Monitoreo continuo de asistencia.
STD_00306,Carrera General,Nivel General,6.7,85.0,88.48,ALTO,ROJO (CRÍTICO),Tutoría Académica Obligatoria y Derivación a Bienestar Estudiantil,1. Sesión tutorial individual semanal. 2. Plan de refuerzo en temas críticos. 3. Monitoreo continuo de asistencia.
STD_00306,Carrera General,Nivel General,8.9,85.0,15.97,BAJO,VERDE (ÓPTIMO),Seguimiento Regular de Aula,1. Continuar con el ritmo académico habitual. 2. Oportunidad de participación como mentor/ayudante.
STD_00306,Carrera General,Nivel General,4.1,85.0,84.85,ALTO,ROJO (CRÍTICO),Tutoría Académica Obligatoria y Derivación a Bienestar Estudiantil,1. Sesión tutorial individual semanal. 2. Plan de refuerzo en temas críticos. 3. Monitoreo continuo de asistencia.
STD_00306,Carrera General,Nivel General,10.0,85.0,30.95,BAJO,VERDE (ÓPTIMO),Seguimiento Regular de Aula,1. Continuar con el ritmo académico habitual. 2. Oportunidad de participación como mentor/ayudante.
STD_00307,Carrera General,Nivel General,6.7,85.0,83.5,ALTO,ROJO (CRÍTICO),Tutoría Académica Obligatoria y Derivación a Bienestar Estudiantil,1. Sesión tutorial individual semanal. 2. Plan de refuerzo en temas críticos. 3. Monitoreo continuo de asistencia.
STD_00307,Carrera General,Nivel General,4.0,85.0,74.42,ALTO,ROJO (CRÍTICO),Tutoría Académica Obligatoria y Derivación a Bienestar Estudiantil,1. Sesión tutorial individual semanal. 2. Plan de refuerzo en temas críticos. 3. Monitoreo continuo de asistencia.
STD_00307,Carrera General,Nivel General,8.7,85.0,19.23,BAJO,VERDE (ÓPTIMO),Seguimiento Regular de Aula,1. Continuar con el ritmo académico habitual. 2. Oportunidad de participación como mentor/ayudante.
STD_00307,Carrera General,Nivel General,9.4,85.0,35.08,MEDIO,AMARILLO (ADVERTENCIA),Acompañamiento Tutorial Preventivo y Talleres de Estudio,1. Entrevista de seguimiento bimensual. 2. Talleres grupales de resolución de ejercicios.
STD_00307,Carrera General,Nivel General,8.4,85.0,12.53,BAJO,VERDE (ÓPTIMO),Seguimiento Regular de Aula,1. Continuar con el ritmo académico habitual. 2. Oportunidad de participación como mentor/ayudante.
STD_00307,Carrera General,Nivel General,4.9,85.0,67.51,ALTO,ROJO (CRÍTICO),Tutoría Académica Obligatoria y Derivación a Bienestar Estudiantil,1. Sesión tutorial individual semanal. 2. Plan de refuerzo en temas críticos. 3. Monitoreo continuo de asistencia.
STD_00307,Carrera General,Nivel General,7.6,85.0,21.22,BAJO,VERDE (ÓPTIMO),Seguimiento Regular de Aula,1. Continuar con el ritmo académico habitual. 2. Oportunidad de participación como mentor/ayudante.
STD_00307,Carrera General,Nivel General,7.7,85.0,25.34,BAJO,VERDE (ÓPTIMO),Seguimiento Regular de Aula,1. Continuar con el ritmo académico habitual. 2. Oportunidad de participación como mentor/ayudante.
STD_00308,Carrera General,Nivel General,4.5,85.0,80.1,ALTO,ROJO (CRÍTICO),Tutoría Académica Obligatoria y Derivación a Bienestar Estudiantil,1. Sesión tutorial individual semanal. 2. Plan de refuerzo en temas críticos. 3. Monitoreo continuo de asistencia.
STD_00308,Carrera General,Nivel General,5.1,85.0,63.99,ALTO,ROJO (CRÍTICO),Tutoría Académica Obligatoria y Derivación a Bienestar Estudiantil,1. Sesión tutorial individual semanal. 2. Plan de refuerzo en temas críticos. 3. Monitoreo continuo de asistencia.
STD_00308,Carrera General,Nivel General,8.8,85.0,25.97,BAJO,VERDE (ÓPTIMO),Seguimiento Regular de Aula,1. Continuar con el ritmo académico habitual. 2. Oportunidad de participación como mentor/ayudante.
STD_00308,Carrera General,Nivel General,4.8,85.0,83.66,ALTO,ROJO (CRÍTICO),Tutoría Académica Obligatoria y Derivación a Bienestar Estudiantil,1. Sesión tutorial individual semanal. 2. Plan de refuerzo en temas críticos. 3. Monitoreo continuo de asistencia.
STD_00308,Carrera General,Nivel General,10.0,85.0,25.65,BAJO,VERDE (ÓPTIMO),Seguimiento Regular de Aula,1. Continuar con el ritmo académico habitual. 2. Oportunidad de participación como mentor/ayudante.
STD_00308,Carrera General,Nivel General,4.6,85.0,75.51,ALTO,ROJO (CRÍTICO),Tutoría Académica Obligatoria y Derivación a Bienestar Estudiantil,1. Sesión tutorial individual semanal. 2. Plan de refuerzo en temas críticos. 3. Monitoreo continuo de asistencia.
STD_00308,Carrera General,Nivel General,7.5,85.0,19.92,BAJO,VERDE (ÓPTIMO),Seguimiento Regular de Aula,1. Continuar con el ritmo académico habitual. 2. Oportunidad de participación como mentor/ayudante.
STD_00308,Carrera General,Nivel General,5.8,85.0,71.5,ALTO,ROJO (CRÍTICO),Tutoría Académica Obligatoria y Derivación a Bienestar Estudiantil,1. Sesión tutorial individual semanal. 2. Plan de refuerzo en temas críticos. 3. Monitoreo continuo de asistencia.
STD_00309,Carrera General,Nivel General,5.0,85.0,87.48,ALTO,ROJO (CRÍTICO),Tutoría Académica Obligatoria y Derivación a Bienestar Estudiantil,1. Sesión tutorial individual semanal. 2. Plan de refuerzo en temas críticos. 3. Monitoreo continuo de asistencia.
STD_00309,Carrera General,Nivel General,5.9,85.0,76.34,ALTO,ROJO (CRÍTICO),Tutoría Académica Obligatoria y Derivación a Bienestar Estudiantil,1. Sesión tutorial individual semanal. 2. Plan de refuerzo en temas críticos. 3. Monitoreo continuo de asistencia.
STD_00309,Carrera General,Nivel General,6.0,85.0,86.51,ALTO,ROJO (CRÍTICO),Tutoría Académica Obligatoria y Derivación a Bienestar Estudiantil,1. Sesión tutorial individual semanal. 2. Plan de refuerzo en temas críticos. 3. Monitoreo continuo de asistencia.
STD_00309,Carrera General,Nivel General,4.2,85.0,89.21,ALTO,ROJO (CRÍTICO),Tutoría Académica Obligatoria y Derivación a Bienestar Estudiantil,1. Sesión tutorial individual semanal. 2. Plan de refuerzo en temas críticos. 3. Monitoreo continuo de asistencia.
STD_00309,Carrera General,Nivel General,5.4,85.0,92.6,ALTO,ROJO (CRÍTICO),Tutoría Académica Obligatoria y Derivación a Bienestar Estudiantil,1. Sesión tutorial individual semanal. 2. Plan de refuerzo en temas críticos. 3. Monitoreo continuo de asistencia.
STD_00309,Carrera General,Nivel General,5.2,85.0,84.75,ALTO,ROJO (CRÍTICO),Tutoría Académica Obligatoria y Derivación a Bienestar Estudiantil,1. Sesión tutorial individual semanal. 2. Plan de refuerzo en temas críticos. 3. Monitoreo continuo de asistencia.
STD_00309,Carrera General,Nivel General,4.2,85.0,92.44,ALTO,ROJO (CRÍTICO),Tutoría Académica Obligatoria y Derivación a Bienestar Estudiantil,1. Sesión tutorial individual semanal. 2. Plan de refuerzo en temas críticos. 3. Monitoreo continuo de asistencia.
STD_00309,Carrera General,Nivel General,8.6,85.0,14.24,BAJO,VERDE (ÓPTIMO),Seguimiento Regular de Aula,1. Continuar con el ritmo académico habitual. 2. Oportunidad de participación como mentor/ayudante.
STD_00310,Carrera General,Nivel General,4.6,85.0,73.84,ALTO,ROJO (CRÍTICO),Tutoría Académica Obligatoria y Derivación a Bienestar Estudiantil,1. Sesión tutorial individual semanal. 2. Plan de refuerzo en temas críticos. 3. Monitoreo continuo de asistencia.
STD_00310,Carrera General,Nivel General,11.0,85.0,20.74,BAJO,VERDE (ÓPTIMO),Seguimiento Regular de Aula,1. Continuar con el ritmo académico habitual. 2. Oportunidad de participación como mentor/ayudante.
STD_00310,Carrera General,Nivel General,7.4,85.0,18.09,BAJO,VERDE (ÓPTIMO),Seguimiento Regular de Aula,1. Continuar con el ritmo académico habitual. 2. Oportunidad de participación como mentor/ayudante.
STD_00310,Carrera General,Nivel General,7.5,85.0,15.19,BAJO,VERDE (ÓPTIMO),Seguimiento Regular de Aula,1. Continuar con el ritmo académico habitual. 2. Oportunidad de participación como mentor/ayudante.
STD_00310,Carrera General,Nivel General,9.1,85.0,6.8,BAJO,VERDE (ÓPTIMO),Seguimiento Regular de Aula,1. Continuar con el ritmo académico habitual. 2. Oportunidad de participación como mentor/ayudante.
STD_00310,Carrera General,Nivel General,7.5,85.0,14.55,BAJO,VERDE (ÓPTIMO),Seguimiento Regular de Aula,1. Continuar con el ritmo académico habitual. 2. Oportunidad de participación como mentor/ayudante.
STD_00310,Carrera General,Nivel General,9.7,85.0,16.3,BAJO,VERDE (ÓPTIMO),Seguimiento Regular de Aula,1. Continuar con el ritmo académico habitual. 2. Oportunidad de participación como mentor/ayudante.
STD_00310,Carrera General,Nivel General,9.7,85.0,14.02,BAJO,VERDE (ÓPTIMO),Seguimiento Regular de Aula,1. Continuar con el ritmo académico habitual. 2. Oportunidad de participación como mentor/ayudante.
STD_00311,Carrera General,Nivel General,5.3,85.0,85.09,ALTO,ROJO (CRÍTICO),Tutoría Académica Obligatoria y Derivación a Bienestar Estudiantil,1. Sesión tutorial individual semanal. 2. Plan de refuerzo en temas críticos. 3. Monitoreo continuo de asistencia.
STD_00311,Carrera General,Nivel General,7.8,85.0,23.21,BAJO,VERDE (ÓPTIMO),Seguimiento Regular de Aula,1. Continuar con el ritmo académico habitual. 2. Oportunidad de participación como mentor/ayudante.
STD_00311,Carrera General,Nivel General,5.2,85.0,94.26,ALTO,ROJO (CRÍTICO),Tutoría Académica Obligatoria y Derivación a Bienestar Estudiantil,1. Sesión tutorial individual semanal. 2. Plan de refuerzo en temas críticos. 3. Monitoreo continuo de asistencia.
STD_00311,Carrera General,Nivel General,5.7,85.0,86.12,ALTO,ROJO (CRÍTICO),Tutoría Académica Obligatoria y Derivación a Bienestar Estudiantil,1. Sesión tutorial individual semanal. 2. Plan de refuerzo en temas críticos. 3. Monitoreo continuo de asistencia.
STD_00311,Carrera General,Nivel General,11.0,85.0,25.8,BAJO,VERDE (ÓPTIMO),Seguimiento Regular de Aula,1. Continuar con el ritmo académico habitual. 2. Oportunidad de participación como mentor/ayudante.
STD_00311,Carrera General,Nivel General,4.4,85.0,91.94,ALTO,ROJO (CRÍTICO),Tutoría Académica Obligatoria y Derivación a Bienestar Estudiantil,1. Sesión tutorial individual semanal. 2. Plan de refuerzo en temas críticos. 3. Monitoreo continuo de asistencia.
STD_00311,Carrera General,Nivel General,6.2,85.0,93.08,ALTO,ROJO (CRÍTICO),Tutoría Académica Obligatoria y Derivación a Bienestar Estudiantil,1. Sesión tutorial individual semanal. 2. Plan de refuerzo en temas críticos. 3. Monitoreo continuo de asistencia.
STD_00311,Carrera General,Nivel General,5.7,85.0,82.41,ALTO,ROJO (CRÍTICO),Tutoría Académica Obligatoria y Derivación a Bienestar Estudiantil,1. Sesión tutorial individual semanal. 2. Plan de refuerzo en temas críticos. 3. Monitoreo continuo de asistencia.
STD_00312,Carrera General,Nivel General,4.3,85.0,88.97,ALTO,ROJO (CRÍTICO),Tutoría Académica Obligatoria y Derivación a Bienestar Estudiantil,1. Sesión tutorial individual semanal. 2. Plan de refuerzo en temas críticos. 3. Monitoreo continuo de asistencia.
STD_00312,Carrera General,Nivel General,7.8,85.0,14.31,BAJO,VERDE (ÓPTIMO),Seguimiento Regular de Aula,1. Continuar con el ritmo académico habitual. 2. Oportunidad de participación como mentor/ayudante.
STD_00312,Carrera General,Nivel General,11.0,85.0,13.67,BAJO,VERDE (ÓPTIMO),Seguimiento Regular de Aula,1. Continuar con el ritmo académico habitual. 2. Oportunidad de participación como mentor/ayudante.
STD_00312,Carrera General,Nivel General,5.8,85.0,79.7,ALTO,ROJO (CRÍTICO),Tutoría Académica Obligatoria y Derivación a Bienestar Estudiantil,1. Sesión tutorial individual semanal. 2. Plan de refuerzo en temas críticos. 3. Monitoreo continuo de asistencia.
STD_00312,Carrera General,Nivel General,8.1,85.0,16.28,BAJO,VERDE (ÓPTIMO),Seguimiento Regular de Aula,1. Continuar con el ritmo académico habitual. 2. Oportunidad de participación como mentor/ayudante.
STD_00312,Carrera General,Nivel General,8.2,85.0,10.3,BAJO,VERDE (ÓPTIMO),Seguimiento Regular de Aula,1. Continuar con el ritmo académico habitual. 2. Oportunidad de participación como mentor/ayudante.
STD_00312,Carrera General,Nivel General,8.5,85.0,10.3,BAJO,VERDE (ÓPTIMO),Seguimiento Regular de Aula,1. Continuar con el ritmo académico habitual. 2. Oportunidad de participación como mentor/ayudante.
STD_00312,Carrera General,Nivel General,4.0,85.0,84.74,ALTO,ROJO (CRÍTICO),Tutoría Académica Obligatoria y Derivación a Bienestar Estudiantil,1. Sesión tutorial individual semanal. 2. Plan de refuerzo en temas críticos. 3. Monitoreo continuo de asistencia.
STD_00313,Carrera General,Nivel General,4.3,85.0,77.4,ALTO,ROJO (CRÍTICO),Tutoría Académica Obligatoria y Derivación a Bienestar Estudiantil,1. Sesión tutorial individual semanal. 2. Plan de refuerzo en temas críticos. 3. Monitoreo continuo de asistencia.
STD_00313,Carrera General,Nivel General,5.5,85.0,79.95,ALTO,ROJO (CRÍTICO),Tutoría Académica Obligatoria y Derivación a Bienestar Estudiantil,1. Sesión tutorial individual semanal. 2. Plan de refuerzo en temas críticos. 3. Monitoreo continuo de asistencia.
STD_00313,Carrera General,Nivel General,11.0,85.0,12.14,BAJO,VERDE (ÓPTIMO),Seguimiento Regular de Aula,1. Continuar con el ritmo académico habitual. 2. Oportunidad de participación como mentor/ayudante.
STD_00313,Carrera General,Nivel General,7.4,85.0,26.66,BAJO,VERDE (ÓPTIMO),Seguimiento Regular de Aula,1. Continuar con el ritmo académico habitual. 2. Oportunidad de participación como mentor/ayudante.
STD_00313,Carrera General,Nivel General,6.2,85.0,80.27,ALTO,ROJO (CRÍTICO),Tutoría Académica Obligatoria y Derivación a Bienestar Estudiantil,1. Sesión tutorial individual semanal. 2. Plan de refuerzo en temas críticos. 3. Monitoreo continuo de asistencia.
STD_00313,Carrera General,Nivel General,8.7,85.0,11.23,BAJO,VERDE (ÓPTIMO),Seguimiento Regular de Aula,1. Continuar con el ritmo académico habitual. 2. Oportunidad de participación como mentor/ayudante.
STD_00313,Carrera General,Nivel General,9.1,85.0,18.86,BAJO,VERDE (ÓPTIMO),Seguimiento Regular de Aula,1. Continuar con el ritmo académico habitual. 2. Oportunidad de participación como mentor/ayudante.
STD_00313,Carrera General,Nivel General,8.3,85.0,5.88,BAJO,VERDE (ÓPTIMO),Seguimiento Regular de Aula,1. Continuar con el ritmo académico habitual. 2. Oportunidad de participación como mentor/ayudante.
STD_00314,Carrera General,Nivel General,9.6,85.0,14.3,BAJO,VERDE (ÓPTIMO),Seguimiento Regular de Aula,1. Continuar con el ritmo académico habitual. 2. Oportunidad de participación como mentor/ayudante.
STD_00314,Carrera General,Nivel General,9.0,85.0,21.28,BAJO,VERDE (ÓPTIMO),Seguimiento Regular de Aula,1. Continuar con el ritmo académico habitual. 2. Oportunidad de participación como mentor/ayudante.
STD_00314,Carrera General,Nivel General,5.6,85.0,78.61,ALTO,ROJO (CRÍTICO),Tutoría Académica Obligatoria y Derivación a Bienestar Estudiantil,1. Sesión tutorial individual semanal. 2. Plan de refuerzo en temas críticos. 3. Monitoreo continuo de asistencia.
STD_00314,Carrera General,Nivel General,6.0,85.0,91.76,ALTO,ROJO (CRÍTICO),Tutoría Académica Obligatoria y Derivación a Bienestar Estudiantil,1. Sesión tutorial individual semanal. 2. Plan de refuerzo en temas críticos. 3. Monitoreo continuo de asistencia.
STD_00314,Carrera General,Nivel General,6.2,85.0,82.89,ALTO,ROJO (CRÍTICO),Tutoría Académica Obligatoria y Derivación a Bienestar Estudiantil,1. Sesión tutorial individual semanal. 2. Plan de refuerzo en temas críticos. 3. Monitoreo continuo de asistencia.
STD_00314,Carrera General,Nivel General,9.0,85.0,24.33,BAJO,VERDE (ÓPTIMO),Seguimiento Regular de Aula,1. Continuar con el ritmo académico habitual. 2. Oportunidad de participación como mentor/ayudante.
STD_00314,Carrera General,Nivel General,11.0,85.0,8.05,BAJO,VERDE (ÓPTIMO),Seguimiento Regular de Aula,1. Continuar con el ritmo académico habitual. 2. Oportunidad de participación como mentor/ayudante.
STD_00314,Carrera General,Nivel General,7.6,85.0,23.31,BAJO,VERDE (ÓPTIMO),Seguimiento Regular de Aula,1. Continuar con el ritmo académico habitual. 2. Oportunidad de participación como mentor/ayudante.
STD_00315,Carrera General,Nivel General,9.7,85.0,15.65,BAJO,VERDE (ÓPTIMO),Seguimiento Regular de Aula,1. Continuar con el ritmo académico habitual. 2. Oportunidad de participación como mentor/ayudante.
STD_00315,Carrera General,Nivel General,8.2,85.0,14.61,BAJO,VERDE (ÓPTIMO),Seguimiento Regular de Aula,1. Continuar con el ritmo académico habitual. 2. Oportunidad de participación como mentor/ayudante.
STD_00315,Carrera General,Nivel General,5.7,85.0,77.54,ALTO,ROJO (CRÍTICO),Tutoría Académica Obligatoria y Derivación a Bienestar Estudiantil,1. Sesión tutorial individual semanal. 2. Plan de refuerzo en temas críticos. 3. Monitoreo continuo de asistencia.
STD_00315,Carrera General,Nivel General,6.5,85.0,82.44,ALTO,ROJO (CRÍTICO),Tutoría Académica Obligatoria y Derivación a Bienestar Estudiantil,1. Sesión tutorial individual semanal. 2. Plan de refuerzo en temas críticos. 3. Monitoreo continuo de asistencia.
STD_00315,Carrera General,Nivel General,9.7,85.0,8.79,BAJO,VERDE (ÓPTIMO),Seguimiento Regular de Aula,1. Continuar con el ritmo académico habitual. 2. Oportunidad de participación como mentor/ayudante.
STD_00315,Carrera General,Nivel General,6.2,85.0,80.2,ALTO,ROJO (CRÍTICO),Tutoría Académica Obligatoria y Derivación a Bienestar Estudiantil,1. Sesión tutorial individual semanal. 2. Plan de refuerzo en temas críticos. 3. Monitoreo continuo de asistencia.
STD_00315,Carrera General,Nivel General,7.3,85.0,18.24,BAJO,VERDE (ÓPTIMO),Seguimiento Regular de Aula,1. Continuar con el ritmo académico habitual. 2. Oportunidad de participación como mentor/ayudante.
STD_00315,Carrera General,Nivel General,7.6,85.0,24.52,BAJO,VERDE (ÓPTIMO),Seguimiento Regular de Aula,1. Continuar con el ritmo académico habitual. 2. Oportunidad de participación como mentor/ayudante.
STD_00316,Carrera General,Nivel General,4.6,85.0,69.18,ALTO,ROJO (CRÍTICO),Tutoría Académica Obligatoria y Derivación a Bienestar Estudiantil,1. Sesión tutorial individual semanal. 2. Plan de refuerzo en temas críticos. 3. Monitoreo continuo de asistencia.
STD_00316,Carrera General,Nivel General,4.3,85.0,79.76,ALTO,ROJO (CRÍTICO),Tutoría Académica Obligatoria y Derivación a Bienestar Estudiantil,1. Sesión tutorial individual semanal. 2. Plan de refuerzo en temas críticos. 3. Monitoreo continuo de asistencia.
STD_00316,Carrera General,Nivel General,6.7,85.0,84.5,ALTO,ROJO (CRÍTICO),Tutoría Académica Obligatoria y Derivación a Bienestar Estudiantil,1. Sesión tutorial individual semanal. 2. Plan de refuerzo en temas críticos. 3. Monitoreo continuo de asistencia.
STD_00316,Carrera General,Nivel General,7.7,85.0,33.92,BAJO,VERDE (ÓPTIMO),Seguimiento Regular de Aula,1. Continuar con el ritmo académico habitual. 2. Oportunidad de participación como mentor/ayudante.
STD_00316,Carrera General,Nivel General,9.6,85.0,30.67,BAJO,VERDE (ÓPTIMO),Seguimiento Regular de Aula,1. Continuar con el ritmo académico habitual. 2. Oportunidad de participación como mentor/ayudante.
STD_00316,Carrera General,Nivel General,5.9,85.0,63.49,ALTO,ROJO (CRÍTICO),Tutoría Académica Obligatoria y Derivación a Bienestar Estudiantil,1. Sesión tutorial individual semanal. 2. Plan de refuerzo en temas críticos. 3. Monitoreo continuo de asistencia.
STD_00316,Carrera General,Nivel General,5.7,85.0,78.58,ALTO,ROJO (CRÍTICO),Tutoría Académica Obligatoria y Derivación a Bienestar Estudiantil,1. Sesión tutorial individual semanal. 2. Plan de refuerzo en temas críticos. 3. Monitoreo continuo de asistencia.
STD_00316,Carrera General,Nivel General,6.1,85.0,85.14,ALTO,ROJO (CRÍTICO),Tutoría Académica Obligatoria y Derivación a Bienestar Estudiantil,1. Sesión tutorial individual semanal. 2. Plan de refuerzo en temas críticos. 3. Monitoreo continuo de asistencia.
STD_00317,Carrera General,Nivel General,4.0,85.0,80.37,ALTO,ROJO (CRÍTICO),Tutoría Académica Obligatoria y Derivación a Bienestar Estudiantil,1. Sesión tutorial individual semanal. 2. Plan de refuerzo en temas críticos. 3. Monitoreo continuo de asistencia.
STD_00317,Carrera General,Nivel General,7.0,85.0,17.98,BAJO,VERDE (ÓPTIMO),Seguimiento Regular de Aula,1. Continuar con el ritmo académico habitual. 2. Oportunidad de participación como mentor/ayudante.
STD_00317,Carrera General,Nivel General,7.4,85.0,24.14,BAJO,VERDE (ÓPTIMO),Seguimiento Regular de Aula,1. Continuar con el ritmo académico habitual. 2. Oportunidad de participación como mentor/ayudante.
STD_00317,Carrera General,Nivel General,11.0,85.0,22.06,BAJO,VERDE (ÓPTIMO),Seguimiento Regular de Aula,1. Continuar con el ritmo académico habitual. 2. Oportunidad de participación como mentor/ayudante.
STD_00317,Carrera General,Nivel General,6.5,85.0,64.07,MEDIO,AMARILLO (ADVERTENCIA),Acompañamiento Tutorial Preventivo y Talleres de Estudio,1. Entrevista de seguimiento bimensual. 2. Talleres grupales de resolución de ejercicios.
STD_00317,Carrera General,Nivel General,7.7,85.0,18.32,BAJO,VERDE (ÓPTIMO),Seguimiento Regular de Aula,1. Continuar con el ritmo académico habitual. 2. Oportunidad de participación como mentor/ayudante.
STD_00317,Carrera General,Nivel General,9.6,85.0,15.61,BAJO,VERDE (ÓPTIMO),Seguimiento Regular de Aula,1. Continuar con el ritmo académico habitual. 2. Oportunidad de participación como mentor/ayudante.
STD_00317,Carrera General,Nivel General,5.3,85.0,82.92,ALTO,ROJO (CRÍTICO),Tutoría Académica Obligatoria y Derivación a Bienestar Estudiantil,1. Sesión tutorial individual semanal. 2. Plan de refuerzo en temas críticos. 3. Monitoreo continuo de asistencia.
STD_00318,Carrera General,Nivel General,6.9,85.0,80.54,ALTO,ROJO (CRÍTICO),Tutoría Académica Obligatoria y Derivación a Bienestar Estudiantil,1. Sesión tutorial individual semanal. 2. Plan de refuerzo en temas críticos. 3. Monitoreo continuo de asistencia.
STD_00318,Carrera General,Nivel General,7.8,85.0,8.26,BAJO,VERDE (ÓPTIMO),Seguimiento Regular de Aula,1. Continuar con el ritmo académico habitual. 2. Oportunidad de participación como mentor/ayudante.
STD_00318,Carrera General,Nivel General,4.5,85.0,79.54,ALTO,ROJO (CRÍTICO),Tutoría Académica Obligatoria y Derivación a Bienestar Estudiantil,1. Sesión tutorial individual semanal. 2. Plan de refuerzo en temas críticos. 3. Monitoreo continuo de asistencia.
STD_00318,Carrera General,Nivel General,9.0,85.0,14.58,BAJO,VERDE (ÓPTIMO),Seguimiento Regular de Aula,1. Continuar con el ritmo académico habitual. 2. Oportunidad de participación como mentor/ayudante.
STD_00318,Carrera General,Nivel General,7.6,85.0,11.0,BAJO,VERDE (ÓPTIMO),Seguimiento Regular de Aula,1. Continuar con el ritmo académico habitual. 2. Oportunidad de participación como mentor/ayudante.
STD_00318,Carrera General,Nivel General,7.2,85.0,17.89,BAJO,VERDE (ÓPTIMO),Seguimiento Regular de Aula,1. Continuar con el ritmo académico habitual. 2. Oportunidad de participación como mentor/ayudante.
STD_00318,Carrera General,Nivel General,8.0,85.0,14.49,BAJO,VERDE (ÓPTIMO),Seguimiento Regular de Aula,1. Continuar con el ritmo académico habitual. 2. Oportunidad de participación como mentor/ayudante.
STD_00318,Carrera General,Nivel General,11.0,85.0,20.27,BAJO,VERDE (ÓPTIMO),Seguimiento Regular de Aula,1. Continuar con el ritmo académico habitual. 2. Oportunidad de participación como mentor/ayudante.
STD_00319,Carrera General,Nivel General,9.4,85.0,22.52,BAJO,VERDE (ÓPTIMO),Seguimiento Regular de Aula,1. Continuar con el ritmo académico habitual. 2. Oportunidad de participación como mentor/ayudante.
STD_00319,Carrera General,Nivel General,5.7,85.0,85.0,ALTO,ROJO (CRÍTICO),Tutoría Académica Obligatoria y Derivación a Bienestar Estudiantil,1. Sesión tutorial individual semanal. 2. Plan de refuerzo en temas críticos. 3. Monitoreo continuo de asistencia.
STD_00319,Carrera General,Nivel General,5.5,85.0,84.72,ALTO,ROJO (CRÍTICO),Tutoría Académica Obligatoria y Derivación a Bienestar Estudiantil,1. Sesión tutorial individual semanal. 2. Plan de refuerzo en temas críticos. 3. Monitoreo continuo de asistencia.
STD_00319,Carrera General,Nivel General,5.8,85.0,84.79,ALTO,ROJO (CRÍTICO),Tutoría Académica Obligatoria y Derivación a Bienestar Estudiantil,1. Sesión tutorial individual semanal. 2. Plan de refuerzo en temas críticos. 3. Monitoreo continuo de asistencia.
STD_00319,Carrera General,Nivel General,5.6,85.0,83.87,ALTO,ROJO (CRÍTICO),Tutoría Académica Obligatoria y Derivación a Bienestar Estudiantil,1. Sesión tutorial individual semanal. 2. Plan de refuerzo en temas críticos. 3. Monitoreo continuo de asistencia.
STD_00319,Carrera General,Nivel General,8.0,85.0,22.7,BAJO,VERDE (ÓPTIMO),Seguimiento Regular de Aula,1. Continuar con el ritmo académico habitual. 2. Oportunidad de participación como mentor/ayudante.
STD_00319,Carrera General,Nivel General,8.9,85.0,18.4,BAJO,VERDE (ÓPTIMO),Seguimiento Regular de Aula,1. Continuar con el ritmo académico habitual. 2. Oportunidad de participación como mentor/ayudante.
STD_00319,Carrera General,Nivel General,6.8,85.0,82.93,ALTO,ROJO (CRÍTICO),Tutoría Académica Obligatoria y Derivación a Bienestar Estudiantil,1. Sesión tutorial individual semanal. 2. Plan de refuerzo en temas críticos. 3. Monitoreo continuo de asistencia.
STD_00320,Carrera General,Nivel General,7.5,85.0,20.71,BAJO,VERDE (ÓPTIMO),Seguimiento Regular de Aula,1. Continuar con el ritmo académico habitual. 2. Oportunidad de participación como mentor/ayudante.
STD_00320,Carrera General,Nivel General,7.5,85.0,15.86,BAJO,VERDE (ÓPTIMO),Seguimiento Regular de Aula,1. Continuar con el ritmo académico habitual. 2. Oportunidad de participación como mentor/ayudante.
STD_00320,Carrera General,Nivel General,9.3,85.0,12.94,BAJO,VERDE (ÓPTIMO),Seguimiento Regular de Aula,1. Continuar con el ritmo académico habitual. 2. Oportunidad de participación como mentor/ayudante.
STD_00320,Carrera General,Nivel General,7.2,85.0,5.56,BAJO,VERDE (ÓPTIMO),Seguimiento Regular de Aula,1. Continuar con el ritmo académico habitual. 2. Oportunidad de participación como mentor/ayudante.
STD_00320,Carrera General,Nivel General,9.6,85.0,26.4,BAJO,VERDE (ÓPTIMO),Seguimiento Regular de Aula,1. Continuar con el ritmo académico habitual. 2. Oportunidad de participación como mentor/ayudante.
STD_00320,Carrera General,Nivel General,4.7,85.0,85.9,ALTO,ROJO (CRÍTICO),Tutoría Académica Obligatoria y Derivación a Bienestar Estudiantil,1. Sesión tutorial individual semanal. 2. Plan de refuerzo en temas críticos. 3. Monitoreo continuo de asistencia.
STD_00320,Carrera General,Nivel General,6.0,85.0,78.93,ALTO,ROJO (CRÍTICO),Tutoría Académica Obligatoria y Derivación a Bienestar Estudiantil,1. Sesión tutorial individual semanal. 2. Plan de refuerzo en temas críticos. 3. Monitoreo continuo de asistencia.
STD_00320,Carrera General,Nivel General,6.7,85.0,83.36,ALTO,ROJO (CRÍTICO),Tutoría Académica Obligatoria y Derivación a Bienestar Estudiantil,1. Sesión tutorial individual semanal. 2. Plan de refuerzo en temas críticos. 3. Monitoreo continuo de asistencia.
STD_00321,Carrera General,Nivel General,4.2,85.0,66.35,ALTO,ROJO (CRÍTICO),Tutoría Académica Obligatoria y Derivación a Bienestar Estudiantil,1. Sesión tutorial individual semanal. 2. Plan de refuerzo en temas críticos. 3. Monitoreo continuo de asistencia.
STD_00321,Carrera General,Nivel General,7.3,85.0,33.63,BAJO,VERDE (ÓPTIMO),Seguimiento Regular de Aula,1. Continuar con el ritmo académico habitual. 2. Oportunidad de participación como mentor/ayudante.
STD_00321,Carrera General,Nivel General,8.3,85.0,23.31,BAJO,VERDE (ÓPTIMO),Seguimiento Regular de Aula,1. Continuar con el ritmo académico habitual. 2. Oportunidad de participación como mentor/ayudante.
STD_00321,Carrera General,Nivel General,5.1,85.0,71.23,ALTO,ROJO (CRÍTICO),Tutoría Académica Obligatoria y Derivación a Bienestar Estudiantil,1. Sesión tutorial individual semanal. 2. Plan de refuerzo en temas críticos. 3. Monitoreo continuo de asistencia.
STD_00321,Carrera General,Nivel General,4.5,85.0,83.05,ALTO,ROJO (CRÍTICO),Tutoría Académica Obligatoria y Derivación a Bienestar Estudiantil,1. Sesión tutorial individual semanal. 2. Plan de refuerzo en temas críticos. 3. Monitoreo continuo de asistencia.
STD_00321,Carrera General,Nivel General,8.3,85.0,24.38,BAJO,VERDE (ÓPTIMO),Seguimiento Regular de Aula,1. Continuar con el ritmo académico habitual. 2. Oportunidad de participación como mentor/ayudante.
STD_00321,Carrera General,Nivel General,11.0,85.0,29.12,BAJO,VERDE (ÓPTIMO),Seguimiento Regular de Aula,1. Continuar con el ritmo académico habitual. 2. Oportunidad de participación como mentor/ayudante.
STD_00321,Carrera General,Nivel General,9.3,85.0,30.33,BAJO,VERDE (ÓPTIMO),Seguimiento Regular de Aula,1. Continuar con el ritmo académico habitual. 2. Oportunidad de participación como mentor/ayudante.
STD_00322,Carrera General,Nivel General,8.1,85.0,12.18,BAJO,VERDE (ÓPTIMO),Seguimiento Regular de Aula,1. Continuar con el ritmo académico habitual. 2. Oportunidad de participación como mentor/ayudante.
STD_00322,Carrera General,Nivel General,6.9,85.0,86.33,ALTO,ROJO (CRÍTICO),Tutoría Académica Obligatoria y Derivación a Bienestar Estudiantil,1. Sesión tutorial individual semanal. 2. Plan de refuerzo en temas críticos. 3. Monitoreo continuo de asistencia.
STD_00322,Carrera General,Nivel General,9.4,85.0,12.09,BAJO,VERDE (ÓPTIMO),Seguimiento Regular de Aula,1. Continuar con el ritmo académico habitual. 2. Oportunidad de participación como mentor/ayudante.
STD_00322,Carrera General,Nivel General,5.2,85.0,81.44,ALTO,ROJO (CRÍTICO),Tutoría Académica Obligatoria y Derivación a Bienestar Estudiantil,1. Sesión tutorial individual semanal. 2. Plan de refuerzo en temas críticos. 3. Monitoreo continuo de asistencia.
STD_00322,Carrera General,Nivel General,8.1,85.0,16.63,BAJO,VERDE (ÓPTIMO),Seguimiento Regular de Aula,1. Continuar con el ritmo académico habitual. 2. Oportunidad de participación como mentor/ayudante.
STD_00322,Carrera General,Nivel General,5.1,85.0,81.07,ALTO,ROJO (CRÍTICO),Tutoría Académica Obligatoria y Derivación a Bienestar Estudiantil,1. Sesión tutorial individual semanal. 2. Plan de refuerzo en temas críticos. 3. Monitoreo continuo de asistencia.
STD_00322,Carrera General,Nivel General,8.4,85.0,31.83,BAJO,VERDE (ÓPTIMO),Seguimiento Regular de Aula,1. Continuar con el ritmo académico habitual. 2. Oportunidad de participación como mentor/ayudante.
STD_00322,Carrera General,Nivel General,9.8,85.0,9.71,BAJO,VERDE (ÓPTIMO),Seguimiento Regular de Aula,1. Continuar con el ritmo académico habitual. 2. Oportunidad de participación como mentor/ayudante.
STD_00323,Carrera General,Nivel General,6.3,85.0,91.74,ALTO,ROJO (CRÍTICO),Tutoría Académica Obligatoria y Derivación a Bienestar Estudiantil,1. Sesión tutorial individual semanal. 2. Plan de refuerzo en temas críticos. 3. Monitoreo continuo de asistencia.
STD_00323,Carrera General,Nivel General,4.1,85.0,80.84,ALTO,ROJO (CRÍTICO),Tutoría Académica Obligatoria y Derivación a Bienestar Estudiantil,1. Sesión tutorial individual semanal. 2. Plan de refuerzo en temas críticos. 3. Monitoreo continuo de asistencia.
STD_00323,Carrera General,Nivel General,6.0,85.0,74.96,ALTO,ROJO (CRÍTICO),Tutoría Académica Obligatoria y Derivación a Bienestar Estudiantil,1. Sesión tutorial individual semanal. 2. Plan de refuerzo en temas críticos. 3. Monitoreo continuo de asistencia.
STD_00323,Carrera General,Nivel General,6.1,85.0,74.33,ALTO,ROJO (CRÍTICO),Tutoría Académica Obligatoria y Derivación a Bienestar Estudiantil,1. Sesión tutorial individual semanal. 2. Plan de refuerzo en temas críticos. 3. Monitoreo continuo de asistencia.
STD_00323,Carrera General,Nivel General,8.0,85.0,12.73,BAJO,VERDE (ÓPTIMO),Seguimiento Regular de Aula,1. Continuar con el ritmo académico habitual. 2. Oportunidad de participación como mentor/ayudante.
STD_00323,Carrera General,Nivel General,9.5,85.0,23.88,BAJO,VERDE (ÓPTIMO),Seguimiento Regular de Aula,1. Continuar con el ritmo académico habitual. 2. Oportunidad de participación como mentor/ayudante.
STD_00323,Carrera General,Nivel General,9.7,85.0,25.06,BAJO,VERDE (ÓPTIMO),Seguimiento Regular de Aula,1. Continuar con el ritmo académico habitual. 2. Oportunidad de participación como mentor/ayudante.
STD_00323,Carrera General,Nivel General,7.4,85.0,14.3,BAJO,VERDE (ÓPTIMO),Seguimiento Regular de Aula,1. Continuar con el ritmo académico habitual. 2. Oportunidad de participación como mentor/ayudante.
STD_00324,Carrera General,Nivel General,8.4,85.0,31.68,BAJO,VERDE (ÓPTIMO),Seguimiento Regular de Aula,1. Continuar con el ritmo académico habitual. 2. Oportunidad de participación como mentor/ayudante.
STD_00324,Carrera General,Nivel General,5.2,85.0,80.84,ALTO,ROJO (CRÍTICO),Tutoría Académica Obligatoria y Derivación a Bienestar Estudiantil,1. Sesión tutorial individual semanal. 2. Plan de refuerzo en temas críticos. 3. Monitoreo continuo de asistencia.
STD_00324,Carrera General,Nivel General,6.0,85.0,71.19,ALTO,ROJO (CRÍTICO),Tutoría Académica Obligatoria y Derivación a Bienestar Estudiantil,1. Sesión tutorial individual semanal. 2. Plan de refuerzo en temas críticos. 3. Monitoreo continuo de asistencia.
STD_00324,Carrera General,Nivel General,9.6,85.0,7.39,BAJO,VERDE (ÓPTIMO),Seguimiento Regular de Aula,1. Continuar con el ritmo académico habitual. 2. Oportunidad de participación como mentor/ayudante.
STD_00324,Carrera General,Nivel General,6.0,85.0,66.45,ALTO,ROJO (CRÍTICO),Tutoría Académica Obligatoria y Derivación a Bienestar Estudiantil,1. Sesión tutorial individual semanal. 2. Plan de refuerzo en temas críticos. 3. Monitoreo continuo de asistencia.
STD_00324,Carrera General,Nivel General,5.7,85.0,63.36,ALTO,ROJO (CRÍTICO),Tutoría Académica Obligatoria y Derivación a Bienestar Estudiantil,1. Sesión tutorial individual semanal. 2. Plan de refuerzo en temas críticos. 3. Monitoreo continuo de asistencia.
STD_00324,Carrera General,Nivel General,7.0,85.0,30.14,BAJO,VERDE (ÓPTIMO),Seguimiento Regular de Aula,1. Continuar con el ritmo académico habitual. 2. Oportunidad de participación como mentor/ayudante.
STD_00324,Carrera General,Nivel General,9.1,85.0,27.8,BAJO,VERDE (ÓPTIMO),Seguimiento Regular de Aula,1. Continuar con el ritmo académico habitual. 2. Oportunidad de participación como mentor/ayudante.
STD_00325,Carrera General,Nivel General,5.1,85.0,85.65,ALTO,ROJO (CRÍTICO),Tutoría Académica Obligatoria y Derivación a Bienestar Estudiantil,1. Sesión tutorial individual semanal. 2. Plan de refuerzo en temas críticos. 3. Monitoreo continuo de asistencia.
STD_00325,Carrera General,Nivel General,4.7,85.0,94.74,ALTO,ROJO (CRÍTICO),Tutoría Académica Obligatoria y Derivación a Bienestar Estudiantil,1. Sesión tutorial individual semanal. 2. Plan de refuerzo en temas críticos. 3. Monitoreo continuo de asistencia.
STD_00325,Carrera General,Nivel General,6.8,85.0,90.83,ALTO,ROJO (CRÍTICO),Tutoría Académica Obligatoria y Derivación a Bienestar Estudiantil,1. Sesión tutorial individual semanal. 2. Plan de refuerzo en temas críticos. 3. Monitoreo continuo de asistencia.
STD_00325,Carrera General,Nivel General,9.8,85.0,27.01,BAJO,VERDE (ÓPTIMO),Seguimiento Regular de Aula,1. Continuar con el ritmo académico habitual. 2. Oportunidad de participación como mentor/ayudante.
STD_00325,Carrera General,Nivel General,9.3,85.0,25.58,BAJO,VERDE (ÓPTIMO),Seguimiento Regular de Aula,1. Continuar con el ritmo académico habitual. 2. Oportunidad de participación como mentor/ayudante.
STD_00325,Carrera General,Nivel General,6.9,85.0,82.98,ALTO,ROJO (CRÍTICO),Tutoría Académica Obligatoria y Derivación a Bienestar Estudiantil,1. Sesión tutorial individual semanal. 2. Plan de refuerzo en temas críticos. 3. Monitoreo continuo de asistencia.
STD_00325,Carrera General,Nivel General,6.3,85.0,91.02,ALTO,ROJO (CRÍTICO),Tutoría Académica Obligatoria y Derivación a Bienestar Estudiantil,1. Sesión tutorial individual semanal. 2. Plan de refuerzo en temas críticos. 3. Monitoreo continuo de asistencia.
STD_00325,Carrera General,Nivel General,6.1,85.0,86.2,ALTO,ROJO (CRÍTICO),Tutoría Académica Obligatoria y Derivación a Bienestar Estudiantil,1. Sesión tutorial individual semanal. 2. Plan de refuerzo en temas críticos. 3. Monitoreo continuo de asistencia.
STD_00326,Carrera General,Nivel General,6.4,85.0,84.85,ALTO,ROJO (CRÍTICO),Tutoría Académica Obligatoria y Derivación a Bienestar Estudiantil,1. Sesión tutorial individual semanal. 2. Plan de refuerzo en temas críticos. 3. Monitoreo continuo de asistencia.
STD_00326,Carrera General,Nivel General,7.0,85.0,26.72,BAJO,VERDE (ÓPTIMO),Seguimiento Regular de Aula,1. Continuar con el ritmo académico habitual. 2. Oportunidad de participación como mentor/ayudante.
STD_00326,Carrera General,Nivel General,4.9,85.0,82.36,ALTO,ROJO (CRÍTICO),Tutoría Académica Obligatoria y Derivación a Bienestar Estudiantil,1. Sesión tutorial individual semanal. 2. Plan de refuerzo en temas críticos. 3. Monitoreo continuo de asistencia.
STD_00326,Carrera General,Nivel General,9.5,85.0,19.14,BAJO,VERDE (ÓPTIMO),Seguimiento Regular de Aula,1. Continuar con el ritmo académico habitual. 2. Oportunidad de participación como mentor/ayudante.
STD_00326,Carrera General,Nivel General,6.6,85.0,92.84,ALTO,ROJO (CRÍTICO),Tutoría Académica Obligatoria y Derivación a Bienestar Estudiantil,1. Sesión tutorial individual semanal. 2. Plan de refuerzo en temas críticos. 3. Monitoreo continuo de asistencia.
STD_00326,Carrera General,Nivel General,4.8,85.0,90.38,ALTO,ROJO (CRÍTICO),Tutoría Académica Obligatoria y Derivación a Bienestar Estudiantil,1. Sesión tutorial individual semanal. 2. Plan de refuerzo en temas críticos. 3. Monitoreo continuo de asistencia.
STD_00326,Carrera General,Nivel General,6.4,85.0,77.12,ALTO,ROJO (CRÍTICO),Tutoría Académica Obligatoria y Derivación a Bienestar Estudiantil,1. Sesión tutorial individual semanal. 2. Plan de refuerzo en temas críticos. 3. Monitoreo continuo de asistencia.
STD_00326,Carrera General,Nivel General,5.3,85.0,69.03,ALTO,ROJO (CRÍTICO),Tutoría Académica Obligatoria y Derivación a Bienestar Estudiantil,1. Sesión tutorial individual semanal. 2. Plan de refuerzo en temas críticos. 3. Monitoreo continuo de asistencia.
STD_00327,Carrera General,Nivel General,4.9,85.0,75.78,ALTO,ROJO (CRÍTICO),Tutoría Académica Obligatoria y Derivación a Bienestar Estudiantil,1. Sesión tutorial individual semanal. 2. Plan de refuerzo en temas críticos. 3. Monitoreo continuo de asistencia.
STD_00327,Carrera General,Nivel General,6.6,85.0,82.5,ALTO,ROJO (CRÍTICO),Tutoría Académica Obligatoria y Derivación a Bienestar Estudiantil,1. Sesión tutorial individual semanal. 2. Plan de refuerzo en temas críticos. 3. Monitoreo continuo de asistencia.
STD_00327,Carrera General,Nivel General,6.1,85.0,69.45,ALTO,ROJO (CRÍTICO),Tutoría Académica Obligatoria y Derivación a Bienestar Estudiantil,1. Sesión tutorial individual semanal. 2. Plan de refuerzo en temas críticos. 3. Monitoreo continuo de asistencia.
STD_00327,Carrera General,Nivel General,9.3,85.0,14.89,BAJO,VERDE (ÓPTIMO),Seguimiento Regular de Aula,1. Continuar con el ritmo académico habitual. 2. Oportunidad de participación como mentor/ayudante.
STD_00327,Carrera General,Nivel General,4.9,85.0,87.64,ALTO,ROJO (CRÍTICO),Tutoría Académica Obligatoria y Derivación a Bienestar Estudiantil,1. Sesión tutorial individual semanal. 2. Plan de refuerzo en temas críticos. 3. Monitoreo continuo de asistencia.
STD_00327,Carrera General,Nivel General,6.9,85.0,87.09,ALTO,ROJO (CRÍTICO),Tutoría Académica Obligatoria y Derivación a Bienestar Estudiantil,1. Sesión tutorial individual semanal. 2. Plan de refuerzo en temas críticos. 3. Monitoreo continuo de asistencia.
STD_00327,Carrera General,Nivel General,9.7,85.0,26.42,BAJO,VERDE (ÓPTIMO),Seguimiento Regular de Aula,1. Continuar con el ritmo académico habitual. 2. Oportunidad de participación como mentor/ayudante.
STD_00327,Carrera General,Nivel General,7.9,85.0,35.36,MEDIO,AMARILLO (ADVERTENCIA),Acompañamiento Tutorial Preventivo y Talleres de Estudio,1. Entrevista de seguimiento bimensual. 2. Talleres grupales de resolución de ejercicios.
STD_00328,Carrera General,Nivel General,6.3,85.0,57.19,MEDIO,AMARILLO (ADVERTENCIA),Acompañamiento Tutorial Preventivo y Talleres de Estudio,1. Entrevista de seguimiento bimensual. 2. Talleres grupales de resolución de ejercicios.
STD_00328,Carrera General,Nivel General,8.6,85.0,16.99,BAJO,VERDE (ÓPTIMO),Seguimiento Regular de Aula,1. Continuar con el ritmo académico habitual. 2. Oportunidad de participación como mentor/ayudante.
STD_00328,Carrera General,Nivel General,7.7,85.0,26.98,BAJO,VERDE (ÓPTIMO),Seguimiento Regular de Aula,1. Continuar con el ritmo académico habitual. 2. Oportunidad de participación como mentor/ayudante.
STD_00328,Carrera General,Nivel General,7.8,85.0,12.88,BAJO,VERDE (ÓPTIMO),Seguimiento Regular de Aula,1. Continuar con el ritmo académico habitual. 2. Oportunidad de participación como mentor/ayudante.
STD_00328,Carrera General,Nivel General,11.0,85.0,13.58,BAJO,VERDE (ÓPTIMO),Seguimiento Regular de Aula,1. Continuar con el ritmo académico habitual. 2. Oportunidad de participación como mentor/ayudante.
STD_00328,Carrera General,Nivel General,8.4,85.0,19.8,BAJO,VERDE (ÓPTIMO),Seguimiento Regular de Aula,1. Continuar con el ritmo académico habitual. 2. Oportunidad de participación como mentor/ayudante.
STD_00328,Carrera General,Nivel General,4.4,85.0,72.79,ALTO,ROJO (CRÍTICO),Tutoría Académica Obligatoria y Derivación a Bienestar Estudiantil,1. Sesión tutorial individual semanal. 2. Plan de refuerzo en temas críticos. 3. Monitoreo continuo de asistencia.
STD_00328,Carrera General,Nivel General,4.2,85.0,74.55,ALTO,ROJO (CRÍTICO),Tutoría Académica Obligatoria y Derivación a Bienestar Estudiantil,1. Sesión tutorial individual semanal. 2. Plan de refuerzo en temas críticos. 3. Monitoreo continuo de asistencia.
STD_00329,Carrera General,Nivel General,7.1,85.0,14.61,BAJO,VERDE (ÓPTIMO),Seguimiento Regular de Aula,1. Continuar con el ritmo académico habitual. 2. Oportunidad de participación como mentor/ayudante.
STD_00329,Carrera General,Nivel General,9.0,85.0,17.5,BAJO,VERDE (ÓPTIMO),Seguimiento Regular de Aula,1. Continuar con el ritmo académico habitual. 2. Oportunidad de participación como mentor/ayudante.
STD_00329,Carrera General,Nivel General,9.8,85.0,13.51,BAJO,VERDE (ÓPTIMO),Seguimiento Regular de Aula,1. Continuar con el ritmo académico habitual. 2. Oportunidad de participación como mentor/ayudante.
STD_00329,Carrera General,Nivel General,5.1,85.0,73.0,ALTO,ROJO (CRÍTICO),Tutoría Académica Obligatoria y Derivación a Bienestar Estudiantil,1. Sesión tutorial individual semanal. 2. Plan de refuerzo en temas críticos. 3. Monitoreo continuo de asistencia.
STD_00329,Carrera General,Nivel General,7.1,85.0,20.25,BAJO,VERDE (ÓPTIMO),Seguimiento Regular de Aula,1. Continuar con el ritmo académico habitual. 2. Oportunidad de participación como mentor/ayudante.
STD_00329,Carrera General,Nivel General,9.1,85.0,22.97,BAJO,VERDE (ÓPTIMO),Seguimiento Regular de Aula,1. Continuar con el ritmo académico habitual. 2. Oportunidad de participación como mentor/ayudante.
STD_00329,Carrera General,Nivel General,6.1,85.0,63.98,MEDIO,AMARILLO (ADVERTENCIA),Acompañamiento Tutorial Preventivo y Talleres de Estudio,1. Entrevista de seguimiento bimensual. 2. Talleres grupales de resolución de ejercicios.
STD_00329,Carrera General,Nivel General,11.0,85.0,31.81,BAJO,VERDE (ÓPTIMO),Seguimiento Regular de Aula,1. Continuar con el ritmo académico habitual. 2. Oportunidad de participación como mentor/ayudante.
STD_00330,Carrera General,Nivel General,7.3,85.0,20.49,BAJO,VERDE (ÓPTIMO),Seguimiento Regular de Aula,1. Continuar con el ritmo académico habitual. 2. Oportunidad de participación como mentor/ayudante.
STD_00330,Carrera General,Nivel General,8.3,85.0,14.96,BAJO,VERDE (ÓPTIMO),Seguimiento Regular de Aula,1. Continuar con el ritmo académico habitual. 2. Oportunidad de participación como mentor/ayudante.
STD_00330,Carrera General,Nivel General,9.1,85.0,15.5,BAJO,VERDE (ÓPTIMO),Seguimiento Regular de Aula,1. Continuar con el ritmo académico habitual. 2. Oportunidad de participación como mentor/ayudante.
STD_00330,Carrera General,Nivel General,4.3,85.0,63.19,ALTO,ROJO (CRÍTICO),Tutoría Académica Obligatoria y Derivación a Bienestar Estudiantil,1. Sesión tutorial individual semanal. 2. Plan de refuerzo en temas críticos. 3. Monitoreo continuo de asistencia.
STD_00330,Carrera General,Nivel General,6.3,85.0,65.72,ALTO,ROJO (CRÍTICO),Tutoría Académica Obligatoria y Derivación a Bienestar Estudiantil,1. Sesión tutorial individual semanal. 2. Plan de refuerzo en temas críticos. 3. Monitoreo continuo de asistencia.
STD_00330,Carrera General,Nivel General,8.2,85.0,25.34,BAJO,VERDE (ÓPTIMO),Seguimiento Regular de Aula,1. Continuar con el ritmo académico habitual. 2. Oportunidad de participación como mentor/ayudante.
STD_00330,Carrera General,Nivel General,9.2,85.0,16.51,BAJO,VERDE (ÓPTIMO),Seguimiento Regular de Aula,1. Continuar con el ritmo académico habitual. 2. Oportunidad de participación como mentor/ayudante.
STD_00330,Carrera General,Nivel General,9.1,85.0,16.8,BAJO,VERDE (ÓPTIMO),Seguimiento Regular de Aula,1. Continuar con el ritmo académico habitual. 2. Oportunidad de participación como mentor/ayudante.
STD_00331,Carrera General,Nivel General,7.4,85.0,20.48,BAJO,VERDE (ÓPTIMO),Seguimiento Regular de Aula,1. Continuar con el ritmo académico habitual. 2. Oportunidad de participación como mentor/ayudante.
STD_00331,Carrera General,Nivel General,8.5,85.0,26.17,BAJO,VERDE (ÓPTIMO),Seguimiento Regular de Aula,1. Continuar con el ritmo académico habitual. 2. Oportunidad de participación como mentor/ayudante.
STD_00331,Carrera General,Nivel General,9.3,85.0,33.49,BAJO,VERDE (ÓPTIMO),Seguimiento Regular de Aula,1. Continuar con el ritmo académico habitual. 2. Oportunidad de participación como mentor/ayudante.
STD_00331,Carrera General,Nivel General,4.1,85.0,81.2,ALTO,ROJO (CRÍTICO),Tutoría Académica Obligatoria y Derivación a Bienestar Estudiantil,1. Sesión tutorial individual semanal. 2. Plan de refuerzo en temas críticos. 3. Monitoreo continuo de asistencia.
STD_00331,Carrera General,Nivel General,8.5,85.0,17.76,BAJO,VERDE (ÓPTIMO),Seguimiento Regular de Aula,1. Continuar con el ritmo académico habitual. 2. Oportunidad de participación como mentor/ayudante.
STD_00331,Carrera General,Nivel General,5.0,85.0,60.14,ALTO,ROJO (CRÍTICO),Tutoría Académica Obligatoria y Derivación a Bienestar Estudiantil,1. Sesión tutorial individual semanal. 2. Plan de refuerzo en temas críticos. 3. Monitoreo continuo de asistencia.
STD_00331,Carrera General,Nivel General,11.0,85.0,34.91,BAJO,VERDE (ÓPTIMO),Seguimiento Regular de Aula,1. Continuar con el ritmo académico habitual. 2. Oportunidad de participación como mentor/ayudante.
STD_00331,Carrera General,Nivel General,5.1,85.0,86.98,ALTO,ROJO (CRÍTICO),Tutoría Académica Obligatoria y Derivación a Bienestar Estudiantil,1. Sesión tutorial individual semanal. 2. Plan de refuerzo en temas críticos. 3. Monitoreo continuo de asistencia.
STD_00332,Carrera General,Nivel General,9.4,85.0,8.71,BAJO,VERDE (ÓPTIMO),Seguimiento Regular de Aula,1. Continuar con el ritmo académico habitual. 2. Oportunidad de participación como mentor/ayudante.
STD_00332,Carrera General,Nivel General,8.5,85.0,20.44,BAJO,VERDE (ÓPTIMO),Seguimiento Regular de Aula,1. Continuar con el ritmo académico habitual. 2. Oportunidad de participación como mentor/ayudante.
STD_00332,Carrera General,Nivel General,7.2,85.0,6.51,BAJO,VERDE (ÓPTIMO),Seguimiento Regular de Aula,1. Continuar con el ritmo académico habitual. 2. Oportunidad de participación como mentor/ayudante.
STD_00332,Carrera General,Nivel General,9.9,85.0,9.78,BAJO,VERDE (ÓPTIMO),Seguimiento Regular de Aula,1. Continuar con el ritmo académico habitual. 2. Oportunidad de participación como mentor/ayudante.
STD_00332,Carrera General,Nivel General,7.3,85.0,10.11,BAJO,VERDE (ÓPTIMO),Seguimiento Regular de Aula,1. Continuar con el ritmo académico habitual. 2. Oportunidad de participación como mentor/ayudante.
STD_00332,Carrera General,Nivel General,4.3,85.0,82.35,ALTO,ROJO (CRÍTICO),Tutoría Académica Obligatoria y Derivación a Bienestar Estudiantil,1. Sesión tutorial individual semanal. 2. Plan de refuerzo en temas críticos. 3. Monitoreo continuo de asistencia.
STD_00332,Carrera General,Nivel General,9.4,85.0,15.47,BAJO,VERDE (ÓPTIMO),Seguimiento Regular de Aula,1. Continuar con el ritmo académico habitual. 2. Oportunidad de participación como mentor/ayudante.
STD_00332,Carrera General,Nivel General,5.2,85.0,76.33,ALTO,ROJO (CRÍTICO),Tutoría Académica Obligatoria y Derivación a Bienestar Estudiantil,1. Sesión tutorial individual semanal. 2. Plan de refuerzo en temas críticos. 3. Monitoreo continuo de asistencia.
STD_00333,Carrera General,Nivel General,7.0,85.0,9.2,BAJO,VERDE (ÓPTIMO),Seguimiento Regular de Aula,1. Continuar con el ritmo académico habitual. 2. Oportunidad de participación como mentor/ayudante.
STD_00333,Carrera General,Nivel General,7.1,85.0,15.52,BAJO,VERDE (ÓPTIMO),Seguimiento Regular de Aula,1. Continuar con el ritmo académico habitual. 2. Oportunidad de participación como mentor/ayudante.
STD_00333,Carrera General,Nivel General,7.5,85.0,16.58,BAJO,VERDE (ÓPTIMO),Seguimiento Regular de Aula,1. Continuar con el ritmo académico habitual. 2. Oportunidad de participación como mentor/ayudante.
STD_00333,Carrera General,Nivel General,8.9,85.0,34.28,BAJO,VERDE (ÓPTIMO),Seguimiento Regular de Aula,1. Continuar con el ritmo académico habitual. 2. Oportunidad de participación como mentor/ayudante.
STD_00333,Carrera General,Nivel General,5.0,85.0,73.97,ALTO,ROJO (CRÍTICO),Tutoría Académica Obligatoria y Derivación a Bienestar Estudiantil,1. Sesión tutorial individual semanal. 2. Plan de refuerzo en temas críticos. 3. Monitoreo continuo de asistencia.
STD_00333,Carrera General,Nivel General,6.9,85.0,90.11,ALTO,ROJO (CRÍTICO),Tutoría Académica Obligatoria y Derivación a Bienestar Estudiantil,1. Sesión tutorial individual semanal. 2. Plan de refuerzo en temas críticos. 3. Monitoreo continuo de asistencia.
STD_00333,Carrera General,Nivel General,5.0,85.0,77.77,ALTO,ROJO (CRÍTICO),Tutoría Académica Obligatoria y Derivación a Bienestar Estudiantil,1. Sesión tutorial individual semanal. 2. Plan de refuerzo en temas críticos. 3. Monitoreo continuo de asistencia.
STD_00333,Carrera General,Nivel General,6.7,85.0,84.07,ALTO,ROJO (CRÍTICO),Tutoría Académica Obligatoria y Derivación a Bienestar Estudiantil,1. Sesión tutorial individual semanal. 2. Plan de refuerzo en temas críticos. 3. Monitoreo continuo de asistencia.
STD_00334,Carrera General,Nivel General,8.6,85.0,13.9,BAJO,VERDE (ÓPTIMO),Seguimiento Regular de Aula,1. Continuar con el ritmo académico habitual. 2. Oportunidad de participación como mentor/ayudante.
STD_00334,Carrera General,Nivel General,4.2,85.0,79.62,ALTO,ROJO (CRÍTICO),Tutoría Académica Obligatoria y Derivación a Bienestar Estudiantil,1. Sesión tutorial individual semanal. 2. Plan de refuerzo en temas críticos. 3. Monitoreo continuo de asistencia.
STD_00334,Carrera General,Nivel General,6.1,85.0,79.92,ALTO,ROJO (CRÍTICO),Tutoría Académica Obligatoria y Derivación a Bienestar Estudiantil,1. Sesión tutorial individual semanal. 2. Plan de refuerzo en temas críticos. 3. Monitoreo continuo de asistencia.
STD_00334,Carrera General,Nivel General,9.7,85.0,11.75,BAJO,VERDE (ÓPTIMO),Seguimiento Regular de Aula,1. Continuar con el ritmo académico habitual. 2. Oportunidad de participación como mentor/ayudante.
STD_00334,Carrera General,Nivel General,4.5,85.0,80.72,ALTO,ROJO (CRÍTICO),Tutoría Académica Obligatoria y Derivación a Bienestar Estudiantil,1. Sesión tutorial individual semanal. 2. Plan de refuerzo en temas críticos. 3. Monitoreo continuo de asistencia.
STD_00334,Carrera General,Nivel General,5.2,85.0,86.85,ALTO,ROJO (CRÍTICO),Tutoría Académica Obligatoria y Derivación a Bienestar Estudiantil,1. Sesión tutorial individual semanal. 2. Plan de refuerzo en temas críticos. 3. Monitoreo continuo de asistencia.
STD_00334,Carrera General,Nivel General,8.1,85.0,16.62,BAJO,VERDE (ÓPTIMO),Seguimiento Regular de Aula,1. Continuar con el ritmo académico habitual. 2. Oportunidad de participación como mentor/ayudante.
STD_00334,Carrera General,Nivel General,9.4,85.0,23.86,BAJO,VERDE (ÓPTIMO),Seguimiento Regular de Aula,1. Continuar con el ritmo académico habitual. 2. Oportunidad de participación como mentor/ayudante.
STD_00335,Carrera General,Nivel General,5.1,85.0,86.25,ALTO,ROJO (CRÍTICO),Tutoría Académica Obligatoria y Derivación a Bienestar Estudiantil,1. Sesión tutorial individual semanal. 2. Plan de refuerzo en temas críticos. 3. Monitoreo continuo de asistencia.
STD_00335,Carrera General,Nivel General,5.8,85.0,79.38,ALTO,ROJO (CRÍTICO),Tutoría Académica Obligatoria y Derivación a Bienestar Estudiantil,1. Sesión tutorial individual semanal. 2. Plan de refuerzo en temas críticos. 3. Monitoreo continuo de asistencia.
STD_00335,Carrera General,Nivel General,6.2,85.0,93.53,ALTO,ROJO (CRÍTICO),Tutoría Académica Obligatoria y Derivación a Bienestar Estudiantil,1. Sesión tutorial individual semanal. 2. Plan de refuerzo en temas críticos. 3. Monitoreo continuo de asistencia.
STD_00335,Carrera General,Nivel General,9.5,85.0,10.07,BAJO,VERDE (ÓPTIMO),Seguimiento Regular de Aula,1. Continuar con el ritmo académico habitual. 2. Oportunidad de participación como mentor/ayudante.
STD_00335,Carrera General,Nivel General,5.6,85.0,96.19,ALTO,ROJO (CRÍTICO),Tutoría Académica Obligatoria y Derivación a Bienestar Estudiantil,1. Sesión tutorial individual semanal. 2. Plan de refuerzo en temas críticos. 3. Monitoreo continuo de asistencia.
STD_00335,Carrera General,Nivel General,4.9,85.0,92.68,ALTO,ROJO (CRÍTICO),Tutoría Académica Obligatoria y Derivación a Bienestar Estudiantil,1. Sesión tutorial individual semanal. 2. Plan de refuerzo en temas críticos. 3. Monitoreo continuo de asistencia.
STD_00335,Carrera General,Nivel General,8.6,85.0,12.12,BAJO,VERDE (ÓPTIMO),Seguimiento Regular de Aula,1. Continuar con el ritmo académico habitual. 2. Oportunidad de participación como mentor/ayudante.
STD_00335,Carrera General,Nivel General,6.5,85.0,92.76,ALTO,ROJO (CRÍTICO),Tutoría Académica Obligatoria y Derivación a Bienestar Estudiantil,1. Sesión tutorial individual semanal. 2. Plan de refuerzo en temas críticos. 3. Monitoreo continuo de asistencia.
STD_00336,Carrera General,Nivel General,4.1,85.0,71.47,ALTO,ROJO (CRÍTICO),Tutoría Académica Obligatoria y Derivación a Bienestar Estudiantil,1. Sesión tutorial individual semanal. 2. Plan de refuerzo en temas críticos. 3. Monitoreo continuo de asistencia.
STD_00336,Carrera General,Nivel General,6.2,85.0,75.97,ALTO,ROJO (CRÍTICO),Tutoría Académica Obligatoria y Derivación a Bienestar Estudiantil,1. Sesión tutorial individual semanal. 2. Plan de refuerzo en temas críticos. 3. Monitoreo continuo de asistencia.
STD_00336,Carrera General,Nivel General,5.2,85.0,70.45,ALTO,ROJO (CRÍTICO),Tutoría Académica Obligatoria y Derivación a Bienestar Estudiantil,1. Sesión tutorial individual semanal. 2. Plan de refuerzo en temas críticos. 3. Monitoreo continuo de asistencia.
STD_00336,Carrera General,Nivel General,5.9,85.0,81.17,ALTO,ROJO (CRÍTICO),Tutoría Académica Obligatoria y Derivación a Bienestar Estudiantil,1. Sesión tutorial individual semanal. 2. Plan de refuerzo en temas críticos. 3. Monitoreo continuo de asistencia.
STD_00336,Carrera General,Nivel General,9.2,85.0,32.06,BAJO,VERDE (ÓPTIMO),Seguimiento Regular de Aula,1. Continuar con el ritmo académico habitual. 2. Oportunidad de participación como mentor/ayudante.
STD_00336,Carrera General,Nivel General,11.0,85.0,31.35,BAJO,VERDE (ÓPTIMO),Seguimiento Regular de Aula,1. Continuar con el ritmo académico habitual. 2. Oportunidad de participación como mentor/ayudante.
STD_00336,Carrera General,Nivel General,5.5,85.0,82.48,ALTO,ROJO (CRÍTICO),Tutoría Académica Obligatoria y Derivación a Bienestar Estudiantil,1. Sesión tutorial individual semanal. 2. Plan de refuerzo en temas críticos. 3. Monitoreo continuo de asistencia.
STD_00336,Carrera General,Nivel General,9.6,85.0,29.39,BAJO,VERDE (ÓPTIMO),Seguimiento Regular de Aula,1. Continuar con el ritmo académico habitual. 2. Oportunidad de participación como mentor/ayudante.
STD_00337,Carrera General,Nivel General,7.0,85.0,18.56,BAJO,VERDE (ÓPTIMO),Seguimiento Regular de Aula,1. Continuar con el ritmo académico habitual. 2. Oportunidad de participación como mentor/ayudante.
STD_00337,Carrera General,Nivel General,6.7,85.0,71.14,ALTO,ROJO (CRÍTICO),Tutoría Académica Obligatoria y Derivación a Bienestar Estudiantil,1. Sesión tutorial individual semanal. 2. Plan de refuerzo en temas críticos. 3. Monitoreo continuo de asistencia.
STD_00337,Carrera General,Nivel General,8.5,85.0,10.91,BAJO,VERDE (ÓPTIMO),Seguimiento Regular de Aula,1. Continuar con el ritmo académico habitual. 2. Oportunidad de participación como mentor/ayudante.
STD_00337,Carrera General,Nivel General,6.9,85.0,52.04,MEDIO,AMARILLO (ADVERTENCIA),Acompañamiento Tutorial Preventivo y Talleres de Estudio,1. Entrevista de seguimiento bimensual. 2. Talleres grupales de resolución de ejercicios.
STD_00337,Carrera General,Nivel General,9.9,85.0,14.53,BAJO,VERDE (ÓPTIMO),Seguimiento Regular de Aula,1. Continuar con el ritmo académico habitual. 2. Oportunidad de participación como mentor/ayudante.
STD_00337,Carrera General,Nivel General,9.7,85.0,18.72,BAJO,VERDE (ÓPTIMO),Seguimiento Regular de Aula,1. Continuar con el ritmo académico habitual. 2. Oportunidad de participación como mentor/ayudante.
STD_00337,Carrera General,Nivel General,7.8,85.0,20.82,BAJO,VERDE (ÓPTIMO),Seguimiento Regular de Aula,1. Continuar con el ritmo académico habitual. 2. Oportunidad de participación como mentor/ayudante.
STD_00337,Carrera General,Nivel General,7.4,85.0,12.94,BAJO,VERDE (ÓPTIMO),Seguimiento Regular de Aula,1. Continuar con el ritmo académico habitual. 2. Oportunidad de participación como mentor/ayudante.
STD_00338,Carrera General,Nivel General,8.8,85.0,10.73,BAJO,VERDE (ÓPTIMO),Seguimiento Regular de Aula,1. Continuar con el ritmo académico habitual. 2. Oportunidad de participación como mentor/ayudante.
STD_00338,Carrera General,Nivel General,5.1,85.0,78.11,ALTO,ROJO (CRÍTICO),Tutoría Académica Obligatoria y Derivación a Bienestar Estudiantil,1. Sesión tutorial individual semanal. 2. Plan de refuerzo en temas críticos. 3. Monitoreo continuo de asistencia.
STD_00338,Carrera General,Nivel General,9.1,85.0,23.34,BAJO,VERDE (ÓPTIMO),Seguimiento Regular de Aula,1. Continuar con el ritmo académico habitual. 2. Oportunidad de participación como mentor/ayudante.
STD_00338,Carrera General,Nivel General,6.9,85.0,82.3,ALTO,ROJO (CRÍTICO),Tutoría Académica Obligatoria y Derivación a Bienestar Estudiantil,1. Sesión tutorial individual semanal. 2. Plan de refuerzo en temas críticos. 3. Monitoreo continuo de asistencia.
STD_00338,Carrera General,Nivel General,4.5,85.0,91.07,ALTO,ROJO (CRÍTICO),Tutoría Académica Obligatoria y Derivación a Bienestar Estudiantil,1. Sesión tutorial individual semanal. 2. Plan de refuerzo en temas críticos. 3. Monitoreo continuo de asistencia.
STD_00338,Carrera General,Nivel General,9.6,85.0,31.59,BAJO,VERDE (ÓPTIMO),Seguimiento Regular de Aula,1. Continuar con el ritmo académico habitual. 2. Oportunidad de participación como mentor/ayudante.
STD_00338,Carrera General,Nivel General,4.1,85.0,81.89,ALTO,ROJO (CRÍTICO),Tutoría Académica Obligatoria y Derivación a Bienestar Estudiantil,1. Sesión tutorial individual semanal. 2. Plan de refuerzo en temas críticos. 3. Monitoreo continuo de asistencia.
STD_00338,Carrera General,Nivel General,4.3,85.0,65.67,ALTO,ROJO (CRÍTICO),Tutoría Académica Obligatoria y Derivación a Bienestar Estudiantil,1. Sesión tutorial individual semanal. 2. Plan de refuerzo en temas críticos. 3. Monitoreo continuo de asistencia.
STD_00339,Carrera General,Nivel General,7.5,85.0,27.47,BAJO,VERDE (ÓPTIMO),Seguimiento Regular de Aula,1. Continuar con el ritmo académico habitual. 2. Oportunidad de participación como mentor/ayudante.
STD_00339,Carrera General,Nivel General,4.9,85.0,53.94,ALTO,ROJO (CRÍTICO),Tutoría Académica Obligatoria y Derivación a Bienestar Estudiantil,1. Sesión tutorial individual semanal. 2. Plan de refuerzo en temas críticos. 3. Monitoreo continuo de asistencia.
STD_00339,Carrera General,Nivel General,5.8,85.0,76.6,ALTO,ROJO (CRÍTICO),Tutoría Académica Obligatoria y Derivación a Bienestar Estudiantil,1. Sesión tutorial individual semanal. 2. Plan de refuerzo en temas críticos. 3. Monitoreo continuo de asistencia.
STD_00339,Carrera General,Nivel General,8.5,85.0,25.35,BAJO,VERDE (ÓPTIMO),Seguimiento Regular de Aula,1. Continuar con el ritmo académico habitual. 2. Oportunidad de participación como mentor/ayudante.
STD_00339,Carrera General,Nivel General,8.7,85.0,29.59,BAJO,VERDE (ÓPTIMO),Seguimiento Regular de Aula,1. Continuar con el ritmo académico habitual. 2. Oportunidad de participación como mentor/ayudante.
STD_00339,Carrera General,Nivel General,8.8,85.0,23.18,BAJO,VERDE (ÓPTIMO),Seguimiento Regular de Aula,1. Continuar con el ritmo académico habitual. 2. Oportunidad de participación como mentor/ayudante.
STD_00339,Carrera General,Nivel General,4.6,85.0,80.32,ALTO,ROJO (CRÍTICO),Tutoría Académica Obligatoria y Derivación a Bienestar Estudiantil,1. Sesión tutorial individual semanal. 2. Plan de refuerzo en temas críticos. 3. Monitoreo continuo de asistencia.
STD_00339,Carrera General,Nivel General,11.0,85.0,14.66,BAJO,VERDE (ÓPTIMO),Seguimiento Regular de Aula,1. Continuar con el ritmo académico habitual. 2. Oportunidad de participación como mentor/ayudante.
STD_00340,Carrera General,Nivel General,7.5,85.0,15.54,BAJO,VERDE (ÓPTIMO),Seguimiento Regular de Aula,1. Continuar con el ritmo académico habitual. 2. Oportunidad de participación como mentor/ayudante.
STD_00340,Carrera General,Nivel General,5.0,85.0,80.52,ALTO,ROJO (CRÍTICO),Tutoría Académica Obligatoria y Derivación a Bienestar Estudiantil,1. Sesión tutorial individual semanal. 2. Plan de refuerzo en temas críticos. 3. Monitoreo continuo de asistencia.
STD_00340,Carrera General,Nivel General,9.6,85.0,22.18,BAJO,VERDE (ÓPTIMO),Seguimiento Regular de Aula,1. Continuar con el ritmo académico habitual. 2. Oportunidad de participación como mentor/ayudante.
STD_00340,Carrera General,Nivel General,4.6,85.0,90.55,ALTO,ROJO (CRÍTICO),Tutoría Académica Obligatoria y Derivación a Bienestar Estudiantil,1. Sesión tutorial individual semanal. 2. Plan de refuerzo en temas críticos. 3. Monitoreo continuo de asistencia.
STD_00340,Carrera General,Nivel General,7.0,85.0,10.83,BAJO,VERDE (ÓPTIMO),Seguimiento Regular de Aula,1. Continuar con el ritmo académico habitual. 2. Oportunidad de participación como mentor/ayudante.
STD_00340,Carrera General,Nivel General,7.4,85.0,9.15,BAJO,VERDE (ÓPTIMO),Seguimiento Regular de Aula,1. Continuar con el ritmo académico habitual. 2. Oportunidad de participación como mentor/ayudante.
STD_00340,Carrera General,Nivel General,5.8,85.0,79.0,ALTO,ROJO (CRÍTICO),Tutoría Académica Obligatoria y Derivación a Bienestar Estudiantil,1. Sesión tutorial individual semanal. 2. Plan de refuerzo en temas críticos. 3. Monitoreo continuo de asistencia.
STD_00340,Carrera General,Nivel General,7.4,85.0,12.48,BAJO,VERDE (ÓPTIMO),Seguimiento Regular de Aula,1. Continuar con el ritmo académico habitual. 2. Oportunidad de participación como mentor/ayudante.
STD_00341,Carrera General,Nivel General,8.6,85.0,12.84,BAJO,VERDE (ÓPTIMO),Seguimiento Regular de Aula,1. Continuar con el ritmo académico habitual. 2. Oportunidad de participación como mentor/ayudante.
STD_00341,Carrera General,Nivel General,9.7,85.0,20.26,BAJO,VERDE (ÓPTIMO),Seguimiento Regular de Aula,1. Continuar con el ritmo académico habitual. 2. Oportunidad de participación como mentor/ayudante.
STD_00341,Carrera General,Nivel General,5.1,85.0,67.79,ALTO,ROJO (CRÍTICO),Tutoría Académica Obligatoria y Derivación a Bienestar Estudiantil,1. Sesión tutorial individual semanal. 2. Plan de refuerzo en temas críticos. 3. Monitoreo continuo de asistencia.
STD_00341,Carrera General,Nivel General,5.0,85.0,77.6,ALTO,ROJO (CRÍTICO),Tutoría Académica Obligatoria y Derivación a Bienestar Estudiantil,1. Sesión tutorial individual semanal. 2. Plan de refuerzo en temas críticos. 3. Monitoreo continuo de asistencia.
STD_00341,Carrera General,Nivel General,7.4,85.0,37.27,MEDIO,AMARILLO (ADVERTENCIA),Acompañamiento Tutorial Preventivo y Talleres de Estudio,1. Entrevista de seguimiento bimensual. 2. Talleres grupales de resolución de ejercicios.
STD_00341,Carrera General,Nivel General,9.7,85.0,26.92,BAJO,VERDE (ÓPTIMO),Seguimiento Regular de Aula,1. Continuar con el ritmo académico habitual. 2. Oportunidad de participación como mentor/ayudante.
STD_00341,Carrera General,Nivel General,4.7,85.0,71.68,ALTO,ROJO (CRÍTICO),Tutoría Académica Obligatoria y Derivación a Bienestar Estudiantil,1. Sesión tutorial individual semanal. 2. Plan de refuerzo en temas críticos. 3. Monitoreo continuo de asistencia.
STD_00341,Carrera General,Nivel General,6.7,85.0,86.03,ALTO,ROJO (CRÍTICO),Tutoría Académica Obligatoria y Derivación a Bienestar Estudiantil,1. Sesión tutorial individual semanal. 2. Plan de refuerzo en temas críticos. 3. Monitoreo continuo de asistencia.
STD_00342,Carrera General,Nivel General,9.7,85.0,24.42,BAJO,VERDE (ÓPTIMO),Seguimiento Regular de Aula,1. Continuar con el ritmo académico habitual. 2. Oportunidad de participación como mentor/ayudante.
STD_00342,Carrera General,Nivel General,5.7,85.0,57.54,ALTO,ROJO (CRÍTICO),Tutoría Académica Obligatoria y Derivación a Bienestar Estudiantil,1. Sesión tutorial individual semanal. 2. Plan de refuerzo en temas críticos. 3. Monitoreo continuo de asistencia.
STD_00342,Carrera General,Nivel General,8.3,85.0,18.18,BAJO,VERDE (ÓPTIMO),Seguimiento Regular de Aula,1. Continuar con el ritmo académico habitual. 2. Oportunidad de participación como mentor/ayudante.
STD_00342,Carrera General,Nivel General,8.1,85.0,18.7,BAJO,VERDE (ÓPTIMO),Seguimiento Regular de Aula,1. Continuar con el ritmo académico habitual. 2. Oportunidad de participación como mentor/ayudante.
STD_00342,Carrera General,Nivel General,8.8,85.0,21.8,BAJO,VERDE (ÓPTIMO),Seguimiento Regular de Aula,1. Continuar con el ritmo académico habitual. 2. Oportunidad de participación como mentor/ayudante.
STD_00342,Carrera General,Nivel General,5.1,85.0,67.18,ALTO,ROJO (CRÍTICO),Tutoría Académica Obligatoria y Derivación a Bienestar Estudiantil,1. Sesión tutorial individual semanal. 2. Plan de refuerzo en temas críticos. 3. Monitoreo continuo de asistencia.
STD_00342,Carrera General,Nivel General,4.7,85.0,86.98,ALTO,ROJO (CRÍTICO),Tutoría Académica Obligatoria y Derivación a Bienestar Estudiantil,1. Sesión tutorial individual semanal. 2. Plan de refuerzo en temas críticos. 3. Monitoreo continuo de asistencia.
STD_00342,Carrera General,Nivel General,8.2,85.0,7.6,BAJO,VERDE (ÓPTIMO),Seguimiento Regular de Aula,1. Continuar con el ritmo académico habitual. 2. Oportunidad de participación como mentor/ayudante.
STD_00343,Carrera General,Nivel General,8.0,85.0,16.51,BAJO,VERDE (ÓPTIMO),Seguimiento Regular de Aula,1. Continuar con el ritmo académico habitual. 2. Oportunidad de participación como mentor/ayudante.
STD_00343,Carrera General,Nivel General,6.0,85.0,84.04,ALTO,ROJO (CRÍTICO),Tutoría Académica Obligatoria y Derivación a Bienestar Estudiantil,1. Sesión tutorial individual semanal. 2. Plan de refuerzo en temas críticos. 3. Monitoreo continuo de asistencia.
STD_00343,Carrera General,Nivel General,6.8,85.0,85.56,ALTO,ROJO (CRÍTICO),Tutoría Académica Obligatoria y Derivación a Bienestar Estudiantil,1. Sesión tutorial individual semanal. 2. Plan de refuerzo en temas críticos. 3. Monitoreo continuo de asistencia.
STD_00343,Carrera General,Nivel General,6.0,85.0,94.78,ALTO,ROJO (CRÍTICO),Tutoría Académica Obligatoria y Derivación a Bienestar Estudiantil,1. Sesión tutorial individual semanal. 2. Plan de refuerzo en temas críticos. 3. Monitoreo continuo de asistencia.
STD_00343,Carrera General,Nivel General,5.2,85.0,91.52,ALTO,ROJO (CRÍTICO),Tutoría Académica Obligatoria y Derivación a Bienestar Estudiantil,1. Sesión tutorial individual semanal. 2. Plan de refuerzo en temas críticos. 3. Monitoreo continuo de asistencia.
STD_00343,Carrera General,Nivel General,7.6,85.0,19.26,BAJO,VERDE (ÓPTIMO),Seguimiento Regular de Aula,1. Continuar con el ritmo académico habitual. 2. Oportunidad de participación como mentor/ayudante.
STD_00343,Carrera General,Nivel General,4.4,85.0,92.44,ALTO,ROJO (CRÍTICO),Tutoría Académica Obligatoria y Derivación a Bienestar Estudiantil,1. Sesión tutorial individual semanal. 2. Plan de refuerzo en temas críticos. 3. Monitoreo continuo de asistencia.
STD_00343,Carrera General,Nivel General,7.1,85.0,7.67,BAJO,VERDE (ÓPTIMO),Seguimiento Regular de Aula,1. Continuar con el ritmo académico habitual. 2. Oportunidad de participación como mentor/ayudante.
STD_00344,Carrera General,Nivel General,9.2,85.0,15.08,BAJO,VERDE (ÓPTIMO),Seguimiento Regular de Aula,1. Continuar con el ritmo académico habitual. 2. Oportunidad de participación como mentor/ayudante.
STD_00344,Carrera General,Nivel General,9.0,85.0,15.36,BAJO,VERDE (ÓPTIMO),Seguimiento Regular de Aula,1. Continuar con el ritmo académico habitual. 2. Oportunidad de participación como mentor/ayudante.
STD_00344,Carrera General,Nivel General,6.4,85.0,81.77,ALTO,ROJO (CRÍTICO),Tutoría Académica Obligatoria y Derivación a Bienestar Estudiantil,1. Sesión tutorial individual semanal. 2. Plan de refuerzo en temas críticos. 3. Monitoreo continuo de asistencia.
STD_00344,Carrera General,Nivel General,11.0,85.0,7.5,BAJO,VERDE (ÓPTIMO),Seguimiento Regular de Aula,1. Continuar con el ritmo académico habitual. 2. Oportunidad de participación como mentor/ayudante.
STD_00344,Carrera General,Nivel General,11.0,85.0,15.76,BAJO,VERDE (ÓPTIMO),Seguimiento Regular de Aula,1. Continuar con el ritmo académico habitual. 2. Oportunidad de participación como mentor/ayudante.
STD_00344,Carrera General,Nivel General,7.4,85.0,17.61,BAJO,VERDE (ÓPTIMO),Seguimiento Regular de Aula,1. Continuar con el ritmo académico habitual. 2. Oportunidad de participación como mentor/ayudante.
STD_00344,Carrera General,Nivel General,5.8,85.0,71.32,ALTO,ROJO (CRÍTICO),Tutoría Académica Obligatoria y Derivación a Bienestar Estudiantil,1. Sesión tutorial individual semanal. 2. Plan de refuerzo en temas críticos. 3. Monitoreo continuo de asistencia.
STD_00344,Carrera General,Nivel General,7.2,85.0,7.11,BAJO,VERDE (ÓPTIMO),Seguimiento Regular de Aula,1. Continuar con el ritmo académico habitual. 2. Oportunidad de participación como mentor/ayudante.
STD_00345,Carrera General,Nivel General,6.3,85.0,79.79,ALTO,ROJO (CRÍTICO),Tutoría Académica Obligatoria y Derivación a Bienestar Estudiantil,1. Sesión tutorial individual semanal. 2. Plan de refuerzo en temas críticos. 3. Monitoreo continuo de asistencia.
STD_00345,Carrera General,Nivel General,5.6,85.0,79.54,ALTO,ROJO (CRÍTICO),Tutoría Académica Obligatoria y Derivación a Bienestar Estudiantil,1. Sesión tutorial individual semanal. 2. Plan de refuerzo en temas críticos. 3. Monitoreo continuo de asistencia.
STD_00345,Carrera General,Nivel General,9.7,85.0,17.32,BAJO,VERDE (ÓPTIMO),Seguimiento Regular de Aula,1. Continuar con el ritmo académico habitual. 2. Oportunidad de participación como mentor/ayudante.
STD_00345,Carrera General,Nivel General,6.4,85.0,86.61,ALTO,ROJO (CRÍTICO),Tutoría Académica Obligatoria y Derivación a Bienestar Estudiantil,1. Sesión tutorial individual semanal. 2. Plan de refuerzo en temas críticos. 3. Monitoreo continuo de asistencia.
STD_00345,Carrera General,Nivel General,9.8,85.0,23.09,BAJO,VERDE (ÓPTIMO),Seguimiento Regular de Aula,1. Continuar con el ritmo académico habitual. 2. Oportunidad de participación como mentor/ayudante.
STD_00345,Carrera General,Nivel General,4.2,85.0,86.73,ALTO,ROJO (CRÍTICO),Tutoría Académica Obligatoria y Derivación a Bienestar Estudiantil,1. Sesión tutorial individual semanal. 2. Plan de refuerzo en temas críticos. 3. Monitoreo continuo de asistencia.
STD_00345,Carrera General,Nivel General,8.9,85.0,20.76,BAJO,VERDE (ÓPTIMO),Seguimiento Regular de Aula,1. Continuar con el ritmo académico habitual. 2. Oportunidad de participación como mentor/ayudante.
STD_00345,Carrera General,Nivel General,8.0,85.0,9.04,BAJO,VERDE (ÓPTIMO),Seguimiento Regular de Aula,1. Continuar con el ritmo académico habitual. 2. Oportunidad de participación como mentor/ayudante.
STD_00346,Carrera General,Nivel General,11.0,85.0,15.82,BAJO,VERDE (ÓPTIMO),Seguimiento Regular de Aula,1. Continuar con el ritmo académico habitual. 2. Oportunidad de participación como mentor/ayudante.
STD_00346,Carrera General,Nivel General,9.5,85.0,11.36,BAJO,VERDE (ÓPTIMO),Seguimiento Regular de Aula,1. Continuar con el ritmo académico habitual. 2. Oportunidad de participación como mentor/ayudante.
STD_00346,Carrera General,Nivel General,5.6,85.0,71.17,ALTO,ROJO (CRÍTICO),Tutoría Académica Obligatoria y Derivación a Bienestar Estudiantil,1. Sesión tutorial individual semanal. 2. Plan de refuerzo en temas críticos. 3. Monitoreo continuo de asistencia.
STD_00346,Carrera General,Nivel General,7.0,85.0,12.68,BAJO,VERDE (ÓPTIMO),Seguimiento Regular de Aula,1. Continuar con el ritmo académico habitual. 2. Oportunidad de participación como mentor/ayudante.
STD_00346,Carrera General,Nivel General,8.5,85.0,13.53,BAJO,VERDE (ÓPTIMO),Seguimiento Regular de Aula,1. Continuar con el ritmo académico habitual. 2. Oportunidad de participación como mentor/ayudante.
STD_00346,Carrera General,Nivel General,6.3,85.0,58.62,MEDIO,AMARILLO (ADVERTENCIA),Acompañamiento Tutorial Preventivo y Talleres de Estudio,1. Entrevista de seguimiento bimensual. 2. Talleres grupales de resolución de ejercicios.
STD_00346,Carrera General,Nivel General,10.0,85.0,28.33,BAJO,VERDE (ÓPTIMO),Seguimiento Regular de Aula,1. Continuar con el ritmo académico habitual. 2. Oportunidad de participación como mentor/ayudante.
STD_00346,Carrera General,Nivel General,5.2,85.0,75.15,ALTO,ROJO (CRÍTICO),Tutoría Académica Obligatoria y Derivación a Bienestar Estudiantil,1. Sesión tutorial individual semanal. 2. Plan de refuerzo en temas críticos. 3. Monitoreo continuo de asistencia.
STD_00347,Carrera General,Nivel General,4.7,85.0,93.05,ALTO,ROJO (CRÍTICO),Tutoría Académica Obligatoria y Derivación a Bienestar Estudiantil,1. Sesión tutorial individual semanal. 2. Plan de refuerzo en temas críticos. 3. Monitoreo continuo de asistencia.
STD_00347,Carrera General,Nivel General,9.8,85.0,4.37,BAJO,VERDE (ÓPTIMO),Seguimiento Regular de Aula,1. Continuar con el ritmo académico habitual. 2. Oportunidad de participación como mentor/ayudante.
STD_00347,Carrera General,Nivel General,9.1,85.0,10.34,BAJO,VERDE (ÓPTIMO),Seguimiento Regular de Aula,1. Continuar con el ritmo académico habitual. 2. Oportunidad de participación como mentor/ayudante.
STD_00347,Carrera General,Nivel General,9.0,85.0,10.25,BAJO,VERDE (ÓPTIMO),Seguimiento Regular de Aula,1. Continuar con el ritmo académico habitual. 2. Oportunidad de participación como mentor/ayudante.
STD_00347,Carrera General,Nivel General,8.0,85.0,5.18,BAJO,VERDE (ÓPTIMO),Seguimiento Regular de Aula,1. Continuar con el ritmo académico habitual. 2. Oportunidad de participación como mentor/ayudante.
STD_00347,Carrera General,Nivel General,8.0,85.0,8.09,BAJO,VERDE (ÓPTIMO),Seguimiento Regular de Aula,1. Continuar con el ritmo académico habitual. 2. Oportunidad de participación como mentor/ayudante.
STD_00347,Carrera General,Nivel General,6.2,85.0,84.83,ALTO,ROJO (CRÍTICO),Tutoría Académica Obligatoria y Derivación a Bienestar Estudiantil,1. Sesión tutorial individual semanal. 2. Plan de refuerzo en temas críticos. 3. Monitoreo continuo de asistencia.
STD_00347,Carrera General,Nivel General,7.9,85.0,3.0,BAJO,VERDE (ÓPTIMO),Seguimiento Regular de Aula,1. Continuar con el ritmo académico habitual. 2. Oportunidad de participación como mentor/ayudante.
STD_00348,Carrera General,Nivel General,7.8,85.0,12.05,BAJO,VERDE (ÓPTIMO),Seguimiento Regular de Aula,1. Continuar con el ritmo académico habitual. 2. Oportunidad de participación como mentor/ayudante.
STD_00348,Carrera General,Nivel General,7.3,85.0,44.22,MEDIO,AMARILLO (ADVERTENCIA),Acompañamiento Tutorial Preventivo y Talleres de Estudio,1. Entrevista de seguimiento bimensual. 2. Talleres grupales de resolución de ejercicios.
STD_00348,Carrera General,Nivel General,4.1,85.0,69.92,ALTO,ROJO (CRÍTICO),Tutoría Académica Obligatoria y Derivación a Bienestar Estudiantil,1. Sesión tutorial individual semanal. 2. Plan de refuerzo en temas críticos. 3. Monitoreo continuo de asistencia.
STD_00348,Carrera General,Nivel General,7.6,85.0,36.06,MEDIO,AMARILLO (ADVERTENCIA),Acompañamiento Tutorial Preventivo y Talleres de Estudio,1. Entrevista de seguimiento bimensual. 2. Talleres grupales de resolución de ejercicios.
STD_00348,Carrera General,Nivel General,6.9,85.0,76.52,ALTO,ROJO (CRÍTICO),Tutoría Académica Obligatoria y Derivación a Bienestar Estudiantil,1. Sesión tutorial individual semanal. 2. Plan de refuerzo en temas críticos. 3. Monitoreo continuo de asistencia.
STD_00348,Carrera General,Nivel General,4.7,85.0,69.93,ALTO,ROJO (CRÍTICO),Tutoría Académica Obligatoria y Derivación a Bienestar Estudiantil,1. Sesión tutorial individual semanal. 2. Plan de refuerzo en temas críticos. 3. Monitoreo continuo de asistencia.
STD_00348,Carrera General,Nivel General,5.0,85.0,86.06,ALTO,ROJO (CRÍTICO),Tutoría Académica Obligatoria y Derivación a Bienestar Estudiantil,1. Sesión tutorial individual semanal. 2. Plan de refuerzo en temas críticos. 3. Monitoreo continuo de asistencia.
STD_00348,Carrera General,Nivel General,6.9,85.0,79.97,ALTO,ROJO (CRÍTICO),Tutoría Académica Obligatoria y Derivación a Bienestar Estudiantil,1. Sesión tutorial individual semanal. 2. Plan de refuerzo en temas críticos. 3. Monitoreo continuo de asistencia.
STD_00349,Carrera General,Nivel General,7.2,85.0,18.5,BAJO,VERDE (ÓPTIMO),Seguimiento Regular de Aula,1. Continuar con el ritmo académico habitual. 2. Oportunidad de participación como mentor/ayudante.
STD_00349,Carrera General,Nivel General,4.7,85.0,71.66,ALTO,ROJO (CRÍTICO),Tutoría Académica Obligatoria y Derivación a Bienestar Estudiantil,1. Sesión tutorial individual semanal. 2. Plan de refuerzo en temas críticos. 3. Monitoreo continuo de asistencia.
STD_00349,Carrera General,Nivel General,8.2,85.0,28.53,BAJO,VERDE (ÓPTIMO),Seguimiento Regular de Aula,1. Continuar con el ritmo académico habitual. 2. Oportunidad de participación como mentor/ayudante.
STD_00349,Carrera General,Nivel General,10.0,85.0,12.44,BAJO,VERDE (ÓPTIMO),Seguimiento Regular de Aula,1. Continuar con el ritmo académico habitual. 2. Oportunidad de participación como mentor/ayudante.
STD_00349,Carrera General,Nivel General,8.0,85.0,23.75,BAJO,VERDE (ÓPTIMO),Seguimiento Regular de Aula,1. Continuar con el ritmo académico habitual. 2. Oportunidad de participación como mentor/ayudante.
STD_00349,Carrera General,Nivel General,5.0,85.0,61.75,ALTO,ROJO (CRÍTICO),Tutoría Académica Obligatoria y Derivación a Bienestar Estudiantil,1. Sesión tutorial individual semanal. 2. Plan de refuerzo en temas críticos. 3. Monitoreo continuo de asistencia.
STD_00349,Carrera General,Nivel General,6.6,85.0,65.92,ALTO,ROJO (CRÍTICO),Tutoría Académica Obligatoria y Derivación a Bienestar Estudiantil,1. Sesión tutorial individual semanal. 2. Plan de refuerzo en temas críticos. 3. Monitoreo continuo de asistencia.
STD_00349,Carrera General,Nivel General,7.2,85.0,38.31,MEDIO,AMARILLO (ADVERTENCIA),Acompañamiento Tutorial Preventivo y Talleres de Estudio,1. Entrevista de seguimiento bimensual. 2. Talleres grupales de resolución de ejercicios.
STD_00350,Carrera General,Nivel General,8.3,85.0,10.3,BAJO,VERDE (ÓPTIMO),Seguimiento Regular de Aula,1. Continuar con el ritmo académico habitual. 2. Oportunidad de participación como mentor/ayudante.
STD_00350,Carrera General,Nivel General,8.9,85.0,11.78,BAJO,VERDE (ÓPTIMO),Seguimiento Regular de Aula,1. Continuar con el ritmo académico habitual. 2. Oportunidad de participación como mentor/ayudante.
STD_00350,Carrera General,Nivel General,7.4,85.0,17.52,BAJO,VERDE (ÓPTIMO),Seguimiento Regular de Aula,1. Continuar con el ritmo académico habitual. 2. Oportunidad de participación como mentor/ayudante.
STD_00350,Carrera General,Nivel General,8.8,85.0,18.91,BAJO,VERDE (ÓPTIMO),Seguimiento Regular de Aula,1. Continuar con el ritmo académico habitual. 2. Oportunidad de participación como mentor/ayudante.
STD_00350,Carrera General,Nivel General,8.2,85.0,7.47,BAJO,VERDE (ÓPTIMO),Seguimiento Regular de Aula,1. Continuar con el ritmo académico habitual. 2. Oportunidad de participación como mentor/ayudante.
STD_00350,Carrera General,Nivel General,6.5,85.0,74.69,ALTO,ROJO (CRÍTICO),Tutoría Académica Obligatoria y Derivación a Bienestar Estudiantil,1. Sesión tutorial individual semanal. 2. Plan de refuerzo en temas críticos. 3. Monitoreo continuo de asistencia.
STD_00350,Carrera General,Nivel General,7.0,85.0,13.32,BAJO,VERDE (ÓPTIMO),Seguimiento Regular de Aula,1. Continuar con el ritmo académico habitual. 2. Oportunidad de participación como mentor/ayudante.
STD_00350,Carrera General,Nivel General,5.6,85.0,70.29,ALTO,ROJO (CRÍTICO),Tutoría Académica Obligatoria y Derivación a Bienestar Estudiantil,1. Sesión tutorial individual semanal. 2. Plan de refuerzo en temas críticos. 3. Monitoreo continuo de asistencia.
STD_00351,Carrera General,Nivel General,10.0,85.0,29.83,BAJO,VERDE (ÓPTIMO),Seguimiento Regular de Aula,1. Continuar con el ritmo académico habitual. 2. Oportunidad de participación como mentor/ayudante.
STD_00351,Carrera General,Nivel General,5.8,85.0,74.52,ALTO,ROJO (CRÍTICO),Tutoría Académica Obligatoria y Derivación a Bienestar Estudiantil,1. Sesión tutorial individual semanal. 2. Plan de refuerzo en temas críticos. 3. Monitoreo continuo de asistencia.
STD_00351,Carrera General,Nivel General,8.0,85.0,23.41,BAJO,VERDE (ÓPTIMO),Seguimiento Regular de Aula,1. Continuar con el ritmo académico habitual. 2. Oportunidad de participación como mentor/ayudante.
STD_00351,Carrera General,Nivel General,6.9,85.0,58.8,MEDIO,AMARILLO (ADVERTENCIA),Acompañamiento Tutorial Preventivo y Talleres de Estudio,1. Entrevista de seguimiento bimensual. 2. Talleres grupales de resolución de ejercicios.
STD_00351,Carrera General,Nivel General,7.5,85.0,27.5,BAJO,VERDE (ÓPTIMO),Seguimiento Regular de Aula,1. Continuar con el ritmo académico habitual. 2. Oportunidad de participación como mentor/ayudante.
STD_00351,Carrera General,Nivel General,5.6,85.0,79.57,ALTO,ROJO (CRÍTICO),Tutoría Académica Obligatoria y Derivación a Bienestar Estudiantil,1. Sesión tutorial individual semanal. 2. Plan de refuerzo en temas críticos. 3. Monitoreo continuo de asistencia.
STD_00351,Carrera General,Nivel General,9.4,85.0,16.62,BAJO,VERDE (ÓPTIMO),Seguimiento Regular de Aula,1. Continuar con el ritmo académico habitual. 2. Oportunidad de participación como mentor/ayudante.
STD_00351,Carrera General,Nivel General,8.7,85.0,13.4,BAJO,VERDE (ÓPTIMO),Seguimiento Regular de Aula,1. Continuar con el ritmo académico habitual. 2. Oportunidad de participación como mentor/ayudante.
STD_00352,Carrera General,Nivel General,9.8,85.0,9.96,BAJO,VERDE (ÓPTIMO),Seguimiento Regular de Aula,1. Continuar con el ritmo académico habitual. 2. Oportunidad de participación como mentor/ayudante.
STD_00352,Carrera General,Nivel General,7.8,85.0,21.46,BAJO,VERDE (ÓPTIMO),Seguimiento Regular de Aula,1. Continuar con el ritmo académico habitual. 2. Oportunidad de participación como mentor/ayudante.
STD_00352,Carrera General,Nivel General,8.4,85.0,32.29,BAJO,VERDE (ÓPTIMO),Seguimiento Regular de Aula,1. Continuar con el ritmo académico habitual. 2. Oportunidad de participación como mentor/ayudante.
STD_00352,Carrera General,Nivel General,8.0,85.0,11.8,BAJO,VERDE (ÓPTIMO),Seguimiento Regular de Aula,1. Continuar con el ritmo académico habitual. 2. Oportunidad de participación como mentor/ayudante.
STD_00352,Carrera General,Nivel General,4.2,85.0,71.78,ALTO,ROJO (CRÍTICO),Tutoría Académica Obligatoria y Derivación a Bienestar Estudiantil,1. Sesión tutorial individual semanal. 2. Plan de refuerzo en temas críticos. 3. Monitoreo continuo de asistencia.
STD_00352,Carrera General,Nivel General,5.4,85.0,87.45,ALTO,ROJO (CRÍTICO),Tutoría Académica Obligatoria y Derivación a Bienestar Estudiantil,1. Sesión tutorial individual semanal. 2. Plan de refuerzo en temas críticos. 3. Monitoreo continuo de asistencia.
STD_00352,Carrera General,Nivel General,8.3,85.0,16.3,BAJO,VERDE (ÓPTIMO),Seguimiento Regular de Aula,1. Continuar con el ritmo académico habitual. 2. Oportunidad de participación como mentor/ayudante.
STD_00352,Carrera General,Nivel General,4.4,85.0,77.4,ALTO,ROJO (CRÍTICO),Tutoría Académica Obligatoria y Derivación a Bienestar Estudiantil,1. Sesión tutorial individual semanal. 2. Plan de refuerzo en temas críticos. 3. Monitoreo continuo de asistencia.
STD_00353,Carrera General,Nivel General,6.1,85.0,84.36,ALTO,ROJO (CRÍTICO),Tutoría Académica Obligatoria y Derivación a Bienestar Estudiantil,1. Sesión tutorial individual semanal. 2. Plan de refuerzo en temas críticos. 3. Monitoreo continuo de asistencia.
STD_00353,Carrera General,Nivel General,9.7,85.0,23.89,BAJO,VERDE (ÓPTIMO),Seguimiento Regular de Aula,1. Continuar con el ritmo académico habitual. 2. Oportunidad de participación como mentor/ayudante.
STD_00353,Carrera General,Nivel General,4.4,85.0,93.25,ALTO,ROJO (CRÍTICO),Tutoría Académica Obligatoria y Derivación a Bienestar Estudiantil,1. Sesión tutorial individual semanal. 2. Plan de refuerzo en temas críticos. 3. Monitoreo continuo de asistencia.
STD_00353,Carrera General,Nivel General,9.7,85.0,26.8,BAJO,VERDE (ÓPTIMO),Seguimiento Regular de Aula,1. Continuar con el ritmo académico habitual. 2. Oportunidad de participación como mentor/ayudante.
STD_00353,Carrera General,Nivel General,5.1,85.0,89.47,ALTO,ROJO (CRÍTICO),Tutoría Académica Obligatoria y Derivación a Bienestar Estudiantil,1. Sesión tutorial individual semanal. 2. Plan de refuerzo en temas críticos. 3. Monitoreo continuo de asistencia.
STD_00353,Carrera General,Nivel General,5.9,85.0,82.59,ALTO,ROJO (CRÍTICO),Tutoría Académica Obligatoria y Derivación a Bienestar Estudiantil,1. Sesión tutorial individual semanal. 2. Plan de refuerzo en temas críticos. 3. Monitoreo continuo de asistencia.
STD_00353,Carrera General,Nivel General,6.8,85.0,66.91,ALTO,ROJO (CRÍTICO),Tutoría Académica Obligatoria y Derivación a Bienestar Estudiantil,1. Sesión tutorial individual semanal. 2. Plan de refuerzo en temas críticos. 3. Monitoreo continuo de asistencia.
STD_00353,Carrera General,Nivel General,8.7,85.0,32.64,BAJO,VERDE (ÓPTIMO),Seguimiento Regular de Aula,1. Continuar con el ritmo académico habitual. 2. Oportunidad de participación como mentor/ayudante.
STD_00354,Carrera General,Nivel General,8.0,85.0,12.81,BAJO,VERDE (ÓPTIMO),Seguimiento Regular de Aula,1. Continuar con el ritmo académico habitual. 2. Oportunidad de participación como mentor/ayudante.
STD_00354,Carrera General,Nivel General,6.0,85.0,85.82,ALTO,ROJO (CRÍTICO),Tutoría Académica Obligatoria y Derivación a Bienestar Estudiantil,1. Sesión tutorial individual semanal. 2. Plan de refuerzo en temas críticos. 3. Monitoreo continuo de asistencia.
STD_00354,Carrera General,Nivel General,8.6,85.0,29.24,BAJO,VERDE (ÓPTIMO),Seguimiento Regular de Aula,1. Continuar con el ritmo académico habitual. 2. Oportunidad de participación como mentor/ayudante.
STD_00354,Carrera General,Nivel General,6.7,85.0,88.22,ALTO,ROJO (CRÍTICO),Tutoría Académica Obligatoria y Derivación a Bienestar Estudiantil,1. Sesión tutorial individual semanal. 2. Plan de refuerzo en temas críticos. 3. Monitoreo continuo de asistencia.
STD_00354,Carrera General,Nivel General,4.1,85.0,85.73,ALTO,ROJO (CRÍTICO),Tutoría Académica Obligatoria y Derivación a Bienestar Estudiantil,1. Sesión tutorial individual semanal. 2. Plan de refuerzo en temas críticos. 3. Monitoreo continuo de asistencia.
STD_00354,Carrera General,Nivel General,8.0,85.0,7.5,BAJO,VERDE (ÓPTIMO),Seguimiento Regular de Aula,1. Continuar con el ritmo académico habitual. 2. Oportunidad de participación como mentor/ayudante.
STD_00354,Carrera General,Nivel General,6.9,85.0,94.43,ALTO,ROJO (CRÍTICO),Tutoría Académica Obligatoria y Derivación a Bienestar Estudiantil,1. Sesión tutorial individual semanal. 2. Plan de refuerzo en temas críticos. 3. Monitoreo continuo de asistencia.
STD_00354,Carrera General,Nivel General,5.5,85.0,82.47,ALTO,ROJO (CRÍTICO),Tutoría Académica Obligatoria y Derivación a Bienestar Estudiantil,1. Sesión tutorial individual semanal. 2. Plan de refuerzo en temas críticos. 3. Monitoreo continuo de asistencia.
STD_00355,Carrera General,Nivel General,5.3,85.0,78.97,ALTO,ROJO (CRÍTICO),Tutoría Académica Obligatoria y Derivación a Bienestar Estudiantil,1. Sesión tutorial individual semanal. 2. Plan de refuerzo en temas críticos. 3. Monitoreo continuo de asistencia.
STD_00355,Carrera General,Nivel General,6.5,85.0,74.77,ALTO,ROJO (CRÍTICO),Tutoría Académica Obligatoria y Derivación a Bienestar Estudiantil,1. Sesión tutorial individual semanal. 2. Plan de refuerzo en temas críticos. 3. Monitoreo continuo de asistencia.
STD_00355,Carrera General,Nivel General,11.0,85.0,19.3,BAJO,VERDE (ÓPTIMO),Seguimiento Regular de Aula,1. Continuar con el ritmo académico habitual. 2. Oportunidad de participación como mentor/ayudante.
STD_00355,Carrera General,Nivel General,5.1,85.0,94.07,ALTO,ROJO (CRÍTICO),Tutoría Académica Obligatoria y Derivación a Bienestar Estudiantil,1. Sesión tutorial individual semanal. 2. Plan de refuerzo en temas críticos. 3. Monitoreo continuo de asistencia.
STD_00355,Carrera General,Nivel General,9.2,85.0,31.0,BAJO,VERDE (ÓPTIMO),Seguimiento Regular de Aula,1. Continuar con el ritmo académico habitual. 2. Oportunidad de participación como mentor/ayudante.
STD_00355,Carrera General,Nivel General,4.9,85.0,78.84,ALTO,ROJO (CRÍTICO),Tutoría Académica Obligatoria y Derivación a Bienestar Estudiantil,1. Sesión tutorial individual semanal. 2. Plan de refuerzo en temas críticos. 3. Monitoreo continuo de asistencia.
STD_00355,Carrera General,Nivel General,4.2,85.0,82.47,ALTO,ROJO (CRÍTICO),Tutoría Académica Obligatoria y Derivación a Bienestar Estudiantil,1. Sesión tutorial individual semanal. 2. Plan de refuerzo en temas críticos. 3. Monitoreo continuo de asistencia.
STD_00355,Carrera General,Nivel General,8.3,85.0,12.3,BAJO,VERDE (ÓPTIMO),Seguimiento Regular de Aula,1. Continuar con el ritmo académico habitual. 2. Oportunidad de participación como mentor/ayudante.
STD_00356,Carrera General,Nivel General,8.7,85.0,30.62,BAJO,VERDE (ÓPTIMO),Seguimiento Regular de Aula,1. Continuar con el ritmo académico habitual. 2. Oportunidad de participación como mentor/ayudante.
STD_00356,Carrera General,Nivel General,5.8,85.0,90.17,ALTO,ROJO (CRÍTICO),Tutoría Académica Obligatoria y Derivación a Bienestar Estudiantil,1. Sesión tutorial individual semanal. 2. Plan de refuerzo en temas críticos. 3. Monitoreo continuo de asistencia.
STD_00356,Carrera General,Nivel General,5.8,85.0,94.12,ALTO,ROJO (CRÍTICO),Tutoría Académica Obligatoria y Derivación a Bienestar Estudiantil,1. Sesión tutorial individual semanal. 2. Plan de refuerzo en temas críticos. 3. Monitoreo continuo de asistencia.
STD_00356,Carrera General,Nivel General,4.2,85.0,75.91,ALTO,ROJO (CRÍTICO),Tutoría Académica Obligatoria y Derivación a Bienestar Estudiantil,1. Sesión tutorial individual semanal. 2. Plan de refuerzo en temas críticos. 3. Monitoreo continuo de asistencia.
STD_00356,Carrera General,Nivel General,6.7,85.0,86.15,ALTO,ROJO (CRÍTICO),Tutoría Académica Obligatoria y Derivación a Bienestar Estudiantil,1. Sesión tutorial individual semanal. 2. Plan de refuerzo en temas críticos. 3. Monitoreo continuo de asistencia.
STD_00356,Carrera General,Nivel General,4.5,85.0,87.43,ALTO,ROJO (CRÍTICO),Tutoría Académica Obligatoria y Derivación a Bienestar Estudiantil,1. Sesión tutorial individual semanal. 2. Plan de refuerzo en temas críticos. 3. Monitoreo continuo de asistencia.
STD_00356,Carrera General,Nivel General,5.6,85.0,90.55,ALTO,ROJO (CRÍTICO),Tutoría Académica Obligatoria y Derivación a Bienestar Estudiantil,1. Sesión tutorial individual semanal. 2. Plan de refuerzo en temas críticos. 3. Monitoreo continuo de asistencia.
STD_00356,Carrera General,Nivel General,6.3,85.0,95.37,ALTO,ROJO (CRÍTICO),Tutoría Académica Obligatoria y Derivación a Bienestar Estudiantil,1. Sesión tutorial individual semanal. 2. Plan de refuerzo en temas críticos. 3. Monitoreo continuo de asistencia.
STD_00357,Carrera General,Nivel General,7.8,85.0,9.25,BAJO,VERDE (ÓPTIMO),Seguimiento Regular de Aula,1. Continuar con el ritmo académico habitual. 2. Oportunidad de participación como mentor/ayudante.
STD_00357,Carrera General,Nivel General,11.0,85.0,7.14,BAJO,VERDE (ÓPTIMO),Seguimiento Regular de Aula,1. Continuar con el ritmo académico habitual. 2. Oportunidad de participación como mentor/ayudante.
STD_00357,Carrera General,Nivel General,5.1,85.0,68.78,ALTO,ROJO (CRÍTICO),Tutoría Académica Obligatoria y Derivación a Bienestar Estudiantil,1. Sesión tutorial individual semanal. 2. Plan de refuerzo en temas críticos. 3. Monitoreo continuo de asistencia.
STD_00357,Carrera General,Nivel General,7.5,85.0,9.2,BAJO,VERDE (ÓPTIMO),Seguimiento Regular de Aula,1. Continuar con el ritmo académico habitual. 2. Oportunidad de participación como mentor/ayudante.
STD_00357,Carrera General,Nivel General,7.8,85.0,3.79,BAJO,VERDE (ÓPTIMO),Seguimiento Regular de Aula,1. Continuar con el ritmo académico habitual. 2. Oportunidad de participación como mentor/ayudante.
STD_00357,Carrera General,Nivel General,9.9,85.0,3.91,BAJO,VERDE (ÓPTIMO),Seguimiento Regular de Aula,1. Continuar con el ritmo académico habitual. 2. Oportunidad de participación como mentor/ayudante.
STD_00357,Carrera General,Nivel General,9.7,85.0,6.47,BAJO,VERDE (ÓPTIMO),Seguimiento Regular de Aula,1. Continuar con el ritmo académico habitual. 2. Oportunidad de participación como mentor/ayudante.
STD_00357,Carrera General,Nivel General,9.6,85.0,13.02,BAJO,VERDE (ÓPTIMO),Seguimiento Regular de Aula,1. Continuar con el ritmo académico habitual. 2. Oportunidad de participación como mentor/ayudante.
STD_00358,Carrera General,Nivel General,6.8,85.0,85.93,ALTO,ROJO (CRÍTICO),Tutoría Académica Obligatoria y Derivación a Bienestar Estudiantil,1. Sesión tutorial individual semanal. 2. Plan de refuerzo en temas críticos. 3. Monitoreo continuo de asistencia.
STD_00358,Carrera General,Nivel General,6.3,85.0,87.87,ALTO,ROJO (CRÍTICO),Tutoría Académica Obligatoria y Derivación a Bienestar Estudiantil,1. Sesión tutorial individual semanal. 2. Plan de refuerzo en temas críticos. 3. Monitoreo continuo de asistencia.
STD_00358,Carrera General,Nivel General,8.2,85.0,20.16,BAJO,VERDE (ÓPTIMO),Seguimiento Regular de Aula,1. Continuar con el ritmo académico habitual. 2. Oportunidad de participación como mentor/ayudante.
STD_00358,Carrera General,Nivel General,9.8,85.0,11.84,BAJO,VERDE (ÓPTIMO),Seguimiento Regular de Aula,1. Continuar con el ritmo académico habitual. 2. Oportunidad de participación como mentor/ayudante.
STD_00358,Carrera General,Nivel General,6.9,85.0,80.26,ALTO,ROJO (CRÍTICO),Tutoría Académica Obligatoria y Derivación a Bienestar Estudiantil,1. Sesión tutorial individual semanal. 2. Plan de refuerzo en temas críticos. 3. Monitoreo continuo de asistencia.
STD_00358,Carrera General,Nivel General,9.7,85.0,21.38,BAJO,VERDE (ÓPTIMO),Seguimiento Regular de Aula,1. Continuar con el ritmo académico habitual. 2. Oportunidad de participación como mentor/ayudante.
STD_00358,Carrera General,Nivel General,4.3,85.0,83.17,ALTO,ROJO (CRÍTICO),Tutoría Académica Obligatoria y Derivación a Bienestar Estudiantil,1. Sesión tutorial individual semanal. 2. Plan de refuerzo en temas críticos. 3. Monitoreo continuo de asistencia.
STD_00358,Carrera General,Nivel General,5.6,85.0,88.16,ALTO,ROJO (CRÍTICO),Tutoría Académica Obligatoria y Derivación a Bienestar Estudiantil,1. Sesión tutorial individual semanal. 2. Plan de refuerzo en temas críticos. 3. Monitoreo continuo de asistencia.
STD_00359,Carrera General,Nivel General,9.0,85.0,9.97,BAJO,VERDE (ÓPTIMO),Seguimiento Regular de Aula,1. Continuar con el ritmo académico habitual. 2. Oportunidad de participación como mentor/ayudante.
STD_00359,Carrera General,Nivel General,8.4,85.0,16.12,BAJO,VERDE (ÓPTIMO),Seguimiento Regular de Aula,1. Continuar con el ritmo académico habitual. 2. Oportunidad de participación como mentor/ayudante.
STD_00359,Carrera General,Nivel General,5.6,85.0,77.63,ALTO,ROJO (CRÍTICO),Tutoría Académica Obligatoria y Derivación a Bienestar Estudiantil,1. Sesión tutorial individual semanal. 2. Plan de refuerzo en temas críticos. 3. Monitoreo continuo de asistencia.
STD_00359,Carrera General,Nivel General,5.2,85.0,88.42,ALTO,ROJO (CRÍTICO),Tutoría Académica Obligatoria y Derivación a Bienestar Estudiantil,1. Sesión tutorial individual semanal. 2. Plan de refuerzo en temas críticos. 3. Monitoreo continuo de asistencia.
STD_00359,Carrera General,Nivel General,7.6,85.0,9.7,BAJO,VERDE (ÓPTIMO),Seguimiento Regular de Aula,1. Continuar con el ritmo académico habitual. 2. Oportunidad de participación como mentor/ayudante.
STD_00359,Carrera General,Nivel General,7.4,85.0,9.8,BAJO,VERDE (ÓPTIMO),Seguimiento Regular de Aula,1. Continuar con el ritmo académico habitual. 2. Oportunidad de participación como mentor/ayudante.
STD_00359,Carrera General,Nivel General,4.9,85.0,88.57,ALTO,ROJO (CRÍTICO),Tutoría Académica Obligatoria y Derivación a Bienestar Estudiantil,1. Sesión tutorial individual semanal. 2. Plan de refuerzo en temas críticos. 3. Monitoreo continuo de asistencia.
STD_00359,Carrera General,Nivel General,9.2,85.0,24.86,BAJO,VERDE (ÓPTIMO),Seguimiento Regular de Aula,1. Continuar con el ritmo académico habitual. 2. Oportunidad de participación como mentor/ayudante.
STD_00360,Carrera General,Nivel General,4.2,85.0,81.0,ALTO,ROJO (CRÍTICO),Tutoría Académica Obligatoria y Derivación a Bienestar Estudiantil,1. Sesión tutorial individual semanal. 2. Plan de refuerzo en temas críticos. 3. Monitoreo continuo de asistencia.
STD_00360,Carrera General,Nivel General,5.7,85.0,73.5,ALTO,ROJO (CRÍTICO),Tutoría Académica Obligatoria y Derivación a Bienestar Estudiantil,1. Sesión tutorial individual semanal. 2. Plan de refuerzo en temas críticos. 3. Monitoreo continuo de asistencia.
STD_00360,Carrera General,Nivel General,4.5,85.0,82.23,ALTO,ROJO (CRÍTICO),Tutoría Académica Obligatoria y Derivación a Bienestar Estudiantil,1. Sesión tutorial individual semanal. 2. Plan de refuerzo en temas críticos. 3. Monitoreo continuo de asistencia.
STD_00360,Carrera General,Nivel General,4.2,85.0,81.74,ALTO,ROJO (CRÍTICO),Tutoría Académica Obligatoria y Derivación a Bienestar Estudiantil,1. Sesión tutorial individual semanal. 2. Plan de refuerzo en temas críticos. 3. Monitoreo continuo de asistencia.
STD_00360,Carrera General,Nivel General,8.5,85.0,22.96,BAJO,VERDE (ÓPTIMO),Seguimiento Regular de Aula,1. Continuar con el ritmo académico habitual. 2. Oportunidad de participación como mentor/ayudante.
STD_00360,Carrera General,Nivel General,8.0,85.0,28.86,BAJO,VERDE (ÓPTIMO),Seguimiento Regular de Aula,1. Continuar con el ritmo académico habitual. 2. Oportunidad de participación como mentor/ayudante.
STD_00360,Carrera General,Nivel General,5.4,85.0,66.21,ALTO,ROJO (CRÍTICO),Tutoría Académica Obligatoria y Derivación a Bienestar Estudiantil,1. Sesión tutorial individual semanal. 2. Plan de refuerzo en temas críticos. 3. Monitoreo continuo de asistencia.
STD_00360,Carrera General,Nivel General,7.3,85.0,24.94,BAJO,VERDE (ÓPTIMO),Seguimiento Regular de Aula,1. Continuar con el ritmo académico habitual. 2. Oportunidad de participación como mentor/ayudante.
STD_00361,Carrera General,Nivel General,8.2,85.0,8.75,BAJO,VERDE (ÓPTIMO),Seguimiento Regular de Aula,1. Continuar con el ritmo académico habitual. 2. Oportunidad de participación como mentor/ayudante.
STD_00361,Carrera General,Nivel General,7.0,85.0,12.76,BAJO,VERDE (ÓPTIMO),Seguimiento Regular de Aula,1. Continuar con el ritmo académico habitual. 2. Oportunidad de participación como mentor/ayudante.
STD_00361,Carrera General,Nivel General,5.2,85.0,80.3,ALTO,ROJO (CRÍTICO),Tutoría Académica Obligatoria y Derivación a Bienestar Estudiantil,1. Sesión tutorial individual semanal. 2. Plan de refuerzo en temas críticos. 3. Monitoreo continuo de asistencia.
STD_00361,Carrera General,Nivel General,5.6,85.0,72.3,ALTO,ROJO (CRÍTICO),Tutoría Académica Obligatoria y Derivación a Bienestar Estudiantil,1. Sesión tutorial individual semanal. 2. Plan de refuerzo en temas críticos. 3. Monitoreo continuo de asistencia.
STD_00361,Carrera General,Nivel General,7.3,85.0,18.72,BAJO,VERDE (ÓPTIMO),Seguimiento Regular de Aula,1. Continuar con el ritmo académico habitual. 2. Oportunidad de participación como mentor/ayudante.
STD_00361,Carrera General,Nivel General,9.4,85.0,13.49,BAJO,VERDE (ÓPTIMO),Seguimiento Regular de Aula,1. Continuar con el ritmo académico habitual. 2. Oportunidad de participación como mentor/ayudante.
STD_00361,Carrera General,Nivel General,7.5,85.0,12.68,BAJO,VERDE (ÓPTIMO),Seguimiento Regular de Aula,1. Continuar con el ritmo académico habitual. 2. Oportunidad de participación como mentor/ayudante.
STD_00361,Carrera General,Nivel General,7.0,85.0,15.67,BAJO,VERDE (ÓPTIMO),Seguimiento Regular de Aula,1. Continuar con el ritmo académico habitual. 2. Oportunidad de participación como mentor/ayudante.
STD_00362,Carrera General,Nivel General,7.3,85.0,25.46,BAJO,VERDE (ÓPTIMO),Seguimiento Regular de Aula,1. Continuar con el ritmo académico habitual. 2. Oportunidad de participación como mentor/ayudante.
STD_00362,Carrera General,Nivel General,7.8,85.0,15.24,BAJO,VERDE (ÓPTIMO),Seguimiento Regular de Aula,1. Continuar con el ritmo académico habitual. 2. Oportunidad de participación como mentor/ayudante.
STD_00362,Carrera General,Nivel General,7.2,85.0,23.8,BAJO,VERDE (ÓPTIMO),Seguimiento Regular de Aula,1. Continuar con el ritmo académico habitual. 2. Oportunidad de participación como mentor/ayudante.
STD_00362,Carrera General,Nivel General,5.8,85.0,49.18,ALTO,ROJO (CRÍTICO),Tutoría Académica Obligatoria y Derivación a Bienestar Estudiantil,1. Sesión tutorial individual semanal. 2. Plan de refuerzo en temas críticos. 3. Monitoreo continuo de asistencia.
STD_00362,Carrera General,Nivel General,6.1,85.0,84.18,ALTO,ROJO (CRÍTICO),Tutoría Académica Obligatoria y Derivación a Bienestar Estudiantil,1. Sesión tutorial individual semanal. 2. Plan de refuerzo en temas críticos. 3. Monitoreo continuo de asistencia.
STD_00362,Carrera General,Nivel General,4.1,85.0,77.07,ALTO,ROJO (CRÍTICO),Tutoría Académica Obligatoria y Derivación a Bienestar Estudiantil,1. Sesión tutorial individual semanal. 2. Plan de refuerzo en temas críticos. 3. Monitoreo continuo de asistencia.
STD_00362,Carrera General,Nivel General,7.6,85.0,13.88,BAJO,VERDE (ÓPTIMO),Seguimiento Regular de Aula,1. Continuar con el ritmo académico habitual. 2. Oportunidad de participación como mentor/ayudante.
STD_00362,Carrera General,Nivel General,9.6,85.0,16.93,BAJO,VERDE (ÓPTIMO),Seguimiento Regular de Aula,1. Continuar con el ritmo académico habitual. 2. Oportunidad de participación como mentor/ayudante.
STD_00363,Carrera General,Nivel General,8.2,85.0,17.38,BAJO,VERDE (ÓPTIMO),Seguimiento Regular de Aula,1. Continuar con el ritmo académico habitual. 2. Oportunidad de participación como mentor/ayudante.
STD_00363,Carrera General,Nivel General,8.6,85.0,26.82,BAJO,VERDE (ÓPTIMO),Seguimiento Regular de Aula,1. Continuar con el ritmo académico habitual. 2. Oportunidad de participación como mentor/ayudante.
STD_00363,Carrera General,Nivel General,8.1,85.0,13.24,BAJO,VERDE (ÓPTIMO),Seguimiento Regular de Aula,1. Continuar con el ritmo académico habitual. 2. Oportunidad de participación como mentor/ayudante.
STD_00363,Carrera General,Nivel General,4.0,85.0,87.41,ALTO,ROJO (CRÍTICO),Tutoría Académica Obligatoria y Derivación a Bienestar Estudiantil,1. Sesión tutorial individual semanal. 2. Plan de refuerzo en temas críticos. 3. Monitoreo continuo de asistencia.
STD_00363,Carrera General,Nivel General,6.9,85.0,72.43,ALTO,ROJO (CRÍTICO),Tutoría Académica Obligatoria y Derivación a Bienestar Estudiantil,1. Sesión tutorial individual semanal. 2. Plan de refuerzo en temas críticos. 3. Monitoreo continuo de asistencia.
STD_00363,Carrera General,Nivel General,11.0,85.0,28.92,BAJO,VERDE (ÓPTIMO),Seguimiento Regular de Aula,1. Continuar con el ritmo académico habitual. 2. Oportunidad de participación como mentor/ayudante.
STD_00363,Carrera General,Nivel General,6.1,85.0,83.77,ALTO,ROJO (CRÍTICO),Tutoría Académica Obligatoria y Derivación a Bienestar Estudiantil,1. Sesión tutorial individual semanal. 2. Plan de refuerzo en temas críticos. 3. Monitoreo continuo de asistencia.
STD_00363,Carrera General,Nivel General,8.6,85.0,14.5,BAJO,VERDE (ÓPTIMO),Seguimiento Regular de Aula,1. Continuar con el ritmo académico habitual. 2. Oportunidad de participación como mentor/ayudante.
STD_00364,Carrera General,Nivel General,11.0,85.0,9.6,BAJO,VERDE (ÓPTIMO),Seguimiento Regular de Aula,1. Continuar con el ritmo académico habitual. 2. Oportunidad de participación como mentor/ayudante.
STD_00364,Carrera General,Nivel General,9.6,85.0,11.45,BAJO,VERDE (ÓPTIMO),Seguimiento Regular de Aula,1. Continuar con el ritmo académico habitual. 2. Oportunidad de participación como mentor/ayudante.
STD_00364,Carrera General,Nivel General,4.0,85.0,90.37,ALTO,ROJO (CRÍTICO),Tutoría Académica Obligatoria y Derivación a Bienestar Estudiantil,1. Sesión tutorial individual semanal. 2. Plan de refuerzo en temas críticos. 3. Monitoreo continuo de asistencia.
STD_00364,Carrera General,Nivel General,7.3,85.0,3.13,BAJO,VERDE (ÓPTIMO),Seguimiento Regular de Aula,1. Continuar con el ritmo académico habitual. 2. Oportunidad de participación como mentor/ayudante.
STD_00364,Carrera General,Nivel General,4.9,85.0,68.42,ALTO,ROJO (CRÍTICO),Tutoría Académica Obligatoria y Derivación a Bienestar Estudiantil,1. Sesión tutorial individual semanal. 2. Plan de refuerzo en temas críticos. 3. Monitoreo continuo de asistencia.
STD_00364,Carrera General,Nivel General,9.0,85.0,2.95,BAJO,VERDE (ÓPTIMO),Seguimiento Regular de Aula,1. Continuar con el ritmo académico habitual. 2. Oportunidad de participación como mentor/ayudante.
STD_00364,Carrera General,Nivel General,9.7,85.0,8.21,BAJO,VERDE (ÓPTIMO),Seguimiento Regular de Aula,1. Continuar con el ritmo académico habitual. 2. Oportunidad de participación como mentor/ayudante.
STD_00364,Carrera General,Nivel General,9.0,85.0,5.69,BAJO,VERDE (ÓPTIMO),Seguimiento Regular de Aula,1. Continuar con el ritmo académico habitual. 2. Oportunidad de participación como mentor/ayudante.
STD_00365,Carrera General,Nivel General,11.0,85.0,29.0,BAJO,VERDE (ÓPTIMO),Seguimiento Regular de Aula,1. Continuar con el ritmo académico habitual. 2. Oportunidad de participación como mentor/ayudante.
STD_00365,Carrera General,Nivel General,5.4,85.0,89.44,ALTO,ROJO (CRÍTICO),Tutoría Académica Obligatoria y Derivación a Bienestar Estudiantil,1. Sesión tutorial individual semanal. 2. Plan de refuerzo en temas críticos. 3. Monitoreo continuo de asistencia.
STD_00365,Carrera General,Nivel General,6.5,85.0,80.98,ALTO,ROJO (CRÍTICO),Tutoría Académica Obligatoria y Derivación a Bienestar Estudiantil,1. Sesión tutorial individual semanal. 2. Plan de refuerzo en temas críticos. 3. Monitoreo continuo de asistencia.
STD_00365,Carrera General,Nivel General,5.9,85.0,89.98,ALTO,ROJO (CRÍTICO),Tutoría Académica Obligatoria y Derivación a Bienestar Estudiantil,1. Sesión tutorial individual semanal. 2. Plan de refuerzo en temas críticos. 3. Monitoreo continuo de asistencia.
STD_00365,Carrera General,Nivel General,6.3,85.0,90.6,ALTO,ROJO (CRÍTICO),Tutoría Académica Obligatoria y Derivación a Bienestar Estudiantil,1. Sesión tutorial individual semanal. 2. Plan de refuerzo en temas críticos. 3. Monitoreo continuo de asistencia.
STD_00365,Carrera General,Nivel General,8.9,85.0,21.54,BAJO,VERDE (ÓPTIMO),Seguimiento Regular de Aula,1. Continuar con el ritmo académico habitual. 2. Oportunidad de participación como mentor/ayudante.
STD_00365,Carrera General,Nivel General,5.4,85.0,85.74,ALTO,ROJO (CRÍTICO),Tutoría Académica Obligatoria y Derivación a Bienestar Estudiantil,1. Sesión tutorial individual semanal. 2. Plan de refuerzo en temas críticos. 3. Monitoreo continuo de asistencia.
STD_00365,Carrera General,Nivel General,4.1,85.0,85.93,ALTO,ROJO (CRÍTICO),Tutoría Académica Obligatoria y Derivación a Bienestar Estudiantil,1. Sesión tutorial individual semanal. 2. Plan de refuerzo en temas críticos. 3. Monitoreo continuo de asistencia.
STD_00366,Carrera General,Nivel General,6.4,85.0,85.32,ALTO,ROJO (CRÍTICO),Tutoría Académica Obligatoria y Derivación a Bienestar Estudiantil,1. Sesión tutorial individual semanal. 2. Plan de refuerzo en temas críticos. 3. Monitoreo continuo de asistencia.
STD_00366,Carrera General,Nivel General,9.0,85.0,30.84,BAJO,VERDE (ÓPTIMO),Seguimiento Regular de Aula,1. Continuar con el ritmo académico habitual. 2. Oportunidad de participación como mentor/ayudante.
STD_00366,Carrera General,Nivel General,5.9,85.0,73.63,ALTO,ROJO (CRÍTICO),Tutoría Académica Obligatoria y Derivación a Bienestar Estudiantil,1. Sesión tutorial individual semanal. 2. Plan de refuerzo en temas críticos. 3. Monitoreo continuo de asistencia.
STD_00366,Carrera General,Nivel General,8.3,85.0,10.57,BAJO,VERDE (ÓPTIMO),Seguimiento Regular de Aula,1. Continuar con el ritmo académico habitual. 2. Oportunidad de participación como mentor/ayudante.
STD_00366,Carrera General,Nivel General,4.7,85.0,87.77,ALTO,ROJO (CRÍTICO),Tutoría Académica Obligatoria y Derivación a Bienestar Estudiantil,1. Sesión tutorial individual semanal. 2. Plan de refuerzo en temas críticos. 3. Monitoreo continuo de asistencia.
STD_00366,Carrera General,Nivel General,9.1,85.0,18.11,BAJO,VERDE (ÓPTIMO),Seguimiento Regular de Aula,1. Continuar con el ritmo académico habitual. 2. Oportunidad de participación como mentor/ayudante.
STD_00366,Carrera General,Nivel General,9.1,85.0,23.43,BAJO,VERDE (ÓPTIMO),Seguimiento Regular de Aula,1. Continuar con el ritmo académico habitual. 2. Oportunidad de participación como mentor/ayudante.
STD_00366,Carrera General,Nivel General,4.3,85.0,84.34,ALTO,ROJO (CRÍTICO),Tutoría Académica Obligatoria y Derivación a Bienestar Estudiantil,1. Sesión tutorial individual semanal. 2. Plan de refuerzo en temas críticos. 3. Monitoreo continuo de asistencia.
STD_00367,Carrera General,Nivel General,7.8,85.0,25.81,BAJO,VERDE (ÓPTIMO),Seguimiento Regular de Aula,1. Continuar con el ritmo académico habitual. 2. Oportunidad de participación como mentor/ayudante.
STD_00367,Carrera General,Nivel General,7.6,85.0,14.18,BAJO,VERDE (ÓPTIMO),Seguimiento Regular de Aula,1. Continuar con el ritmo académico habitual. 2. Oportunidad de participación como mentor/ayudante.
STD_00367,Carrera General,Nivel General,4.6,85.0,87.21,ALTO,ROJO (CRÍTICO),Tutoría Académica Obligatoria y Derivación a Bienestar Estudiantil,1. Sesión tutorial individual semanal. 2. Plan de refuerzo en temas críticos. 3. Monitoreo continuo de asistencia.
STD_00367,Carrera General,Nivel General,7.5,85.0,19.58,BAJO,VERDE (ÓPTIMO),Seguimiento Regular de Aula,1. Continuar con el ritmo académico habitual. 2. Oportunidad de participación como mentor/ayudante.
STD_00367,Carrera General,Nivel General,7.6,85.0,11.46,BAJO,VERDE (ÓPTIMO),Seguimiento Regular de Aula,1. Continuar con el ritmo académico habitual. 2. Oportunidad de participación como mentor/ayudante.
STD_00367,Carrera General,Nivel General,8.2,85.0,13.59,BAJO,VERDE (ÓPTIMO),Seguimiento Regular de Aula,1. Continuar con el ritmo académico habitual. 2. Oportunidad de participación como mentor/ayudante.
STD_00367,Carrera General,Nivel General,11.0,85.0,14.39,BAJO,VERDE (ÓPTIMO),Seguimiento Regular de Aula,1. Continuar con el ritmo académico habitual. 2. Oportunidad de participación como mentor/ayudante.
STD_00367,Carrera General,Nivel General,6.9,85.0,69.47,ALTO,ROJO (CRÍTICO),Tutoría Académica Obligatoria y Derivación a Bienestar Estudiantil,1. Sesión tutorial individual semanal. 2. Plan de refuerzo en temas críticos. 3. Monitoreo continuo de asistencia.
STD_00368,Carrera General,Nivel General,7.0,85.0,6.55,BAJO,VERDE (ÓPTIMO),Seguimiento Regular de Aula,1. Continuar con el ritmo académico habitual. 2. Oportunidad de participación como mentor/ayudante.
STD_00368,Carrera General,Nivel General,8.6,85.0,14.49,BAJO,VERDE (ÓPTIMO),Seguimiento Regular de Aula,1. Continuar con el ritmo académico habitual. 2. Oportunidad de participación como mentor/ayudante.
STD_00368,Carrera General,Nivel General,7.2,85.0,10.75,BAJO,VERDE (ÓPTIMO),Seguimiento Regular de Aula,1. Continuar con el ritmo académico habitual. 2. Oportunidad de participación como mentor/ayudante.
STD_00368,Carrera General,Nivel General,8.8,85.0,1.52,BAJO,VERDE (ÓPTIMO),Seguimiento Regular de Aula,1. Continuar con el ritmo académico habitual. 2. Oportunidad de participación como mentor/ayudante.
STD_00368,Carrera General,Nivel General,7.1,85.0,3.83,BAJO,VERDE (ÓPTIMO),Seguimiento Regular de Aula,1. Continuar con el ritmo académico habitual. 2. Oportunidad de participación como mentor/ayudante.
STD_00368,Carrera General,Nivel General,4.2,85.0,75.65,ALTO,ROJO (CRÍTICO),Tutoría Académica Obligatoria y Derivación a Bienestar Estudiantil,1. Sesión tutorial individual semanal. 2. Plan de refuerzo en temas críticos. 3. Monitoreo continuo de asistencia.
STD_00368,Carrera General,Nivel General,5.8,85.0,75.22,ALTO,ROJO (CRÍTICO),Tutoría Académica Obligatoria y Derivación a Bienestar Estudiantil,1. Sesión tutorial individual semanal. 2. Plan de refuerzo en temas críticos. 3. Monitoreo continuo de asistencia.
STD_00368,Carrera General,Nivel General,7.0,85.0,3.28,BAJO,VERDE (ÓPTIMO),Seguimiento Regular de Aula,1. Continuar con el ritmo académico habitual. 2. Oportunidad de participación como mentor/ayudante.
STD_00369,Carrera General,Nivel General,8.9,85.0,23.15,BAJO,VERDE (ÓPTIMO),Seguimiento Regular de Aula,1. Continuar con el ritmo académico habitual. 2. Oportunidad de participación como mentor/ayudante.
STD_00369,Carrera General,Nivel General,9.9,85.0,7.88,BAJO,VERDE (ÓPTIMO),Seguimiento Regular de Aula,1. Continuar con el ritmo académico habitual. 2. Oportunidad de participación como mentor/ayudante.
STD_00369,Carrera General,Nivel General,5.4,85.0,74.83,ALTO,ROJO (CRÍTICO),Tutoría Académica Obligatoria y Derivación a Bienestar Estudiantil,1. Sesión tutorial individual semanal. 2. Plan de refuerzo en temas críticos. 3. Monitoreo continuo de asistencia.
STD_00369,Carrera General,Nivel General,7.5,85.0,11.66,BAJO,VERDE (ÓPTIMO),Seguimiento Regular de Aula,1. Continuar con el ritmo académico habitual. 2. Oportunidad de participación como mentor/ayudante.
STD_00369,Carrera General,Nivel General,5.6,85.0,83.65,ALTO,ROJO (CRÍTICO),Tutoría Académica Obligatoria y Derivación a Bienestar Estudiantil,1. Sesión tutorial individual semanal. 2. Plan de refuerzo en temas críticos. 3. Monitoreo continuo de asistencia.
STD_00369,Carrera General,Nivel General,9.3,85.0,14.29,BAJO,VERDE (ÓPTIMO),Seguimiento Regular de Aula,1. Continuar con el ritmo académico habitual. 2. Oportunidad de participación como mentor/ayudante.
STD_00369,Carrera General,Nivel General,4.5,85.0,84.98,ALTO,ROJO (CRÍTICO),Tutoría Académica Obligatoria y Derivación a Bienestar Estudiantil,1. Sesión tutorial individual semanal. 2. Plan de refuerzo en temas críticos. 3. Monitoreo continuo de asistencia.
STD_00369,Carrera General,Nivel General,7.0,85.0,18.55,BAJO,VERDE (ÓPTIMO),Seguimiento Regular de Aula,1. Continuar con el ritmo académico habitual. 2. Oportunidad de participación como mentor/ayudante.
STD_00370,Carrera General,Nivel General,5.2,85.0,76.28,ALTO,ROJO (CRÍTICO),Tutoría Académica Obligatoria y Derivación a Bienestar Estudiantil,1. Sesión tutorial individual semanal. 2. Plan de refuerzo en temas críticos. 3. Monitoreo continuo de asistencia.
STD_00370,Carrera General,Nivel General,4.7,85.0,71.05,ALTO,ROJO (CRÍTICO),Tutoría Académica Obligatoria y Derivación a Bienestar Estudiantil,1. Sesión tutorial individual semanal. 2. Plan de refuerzo en temas críticos. 3. Monitoreo continuo de asistencia.
STD_00370,Carrera General,Nivel General,9.0,85.0,22.31,BAJO,VERDE (ÓPTIMO),Seguimiento Regular de Aula,1. Continuar con el ritmo académico habitual. 2. Oportunidad de participación como mentor/ayudante.
STD_00370,Carrera General,Nivel General,5.7,85.0,77.13,ALTO,ROJO (CRÍTICO),Tutoría Académica Obligatoria y Derivación a Bienestar Estudiantil,1. Sesión tutorial individual semanal. 2. Plan de refuerzo en temas críticos. 3. Monitoreo continuo de asistencia.
STD_00370,Carrera General,Nivel General,8.4,85.0,23.87,BAJO,VERDE (ÓPTIMO),Seguimiento Regular de Aula,1. Continuar con el ritmo académico habitual. 2. Oportunidad de participación como mentor/ayudante.
STD_00370,Carrera General,Nivel General,5.8,85.0,69.1,ALTO,ROJO (CRÍTICO),Tutoría Académica Obligatoria y Derivación a Bienestar Estudiantil,1. Sesión tutorial individual semanal. 2. Plan de refuerzo en temas críticos. 3. Monitoreo continuo de asistencia.
STD_00370,Carrera General,Nivel General,7.6,85.0,16.36,BAJO,VERDE (ÓPTIMO),Seguimiento Regular de Aula,1. Continuar con el ritmo académico habitual. 2. Oportunidad de participación como mentor/ayudante.
STD_00370,Carrera General,Nivel General,7.7,85.0,21.85,BAJO,VERDE (ÓPTIMO),Seguimiento Regular de Aula,1. Continuar con el ritmo académico habitual. 2. Oportunidad de participación como mentor/ayudante.
STD_00371,Carrera General,Nivel General,7.4,85.0,6.66,BAJO,VERDE (ÓPTIMO),Seguimiento Regular de Aula,1. Continuar con el ritmo académico habitual. 2. Oportunidad de participación como mentor/ayudante.
STD_00371,Carrera General,Nivel General,11.0,85.0,18.68,BAJO,VERDE (ÓPTIMO),Seguimiento Regular de Aula,1. Continuar con el ritmo académico habitual. 2. Oportunidad de participación como mentor/ayudante.
STD_00371,Carrera General,Nivel General,8.1,85.0,20.39,BAJO,VERDE (ÓPTIMO),Seguimiento Regular de Aula,1. Continuar con el ritmo académico habitual. 2. Oportunidad de participación como mentor/ayudante.
STD_00371,Carrera General,Nivel General,9.8,85.0,12.65,BAJO,VERDE (ÓPTIMO),Seguimiento Regular de Aula,1. Continuar con el ritmo académico habitual. 2. Oportunidad de participación como mentor/ayudante.
STD_00371,Carrera General,Nivel General,6.4,85.0,70.42,ALTO,ROJO (CRÍTICO),Tutoría Académica Obligatoria y Derivación a Bienestar Estudiantil,1. Sesión tutorial individual semanal. 2. Plan de refuerzo en temas críticos. 3. Monitoreo continuo de asistencia.
STD_00371,Carrera General,Nivel General,9.4,85.0,10.03,BAJO,VERDE (ÓPTIMO),Seguimiento Regular de Aula,1. Continuar con el ritmo académico habitual. 2. Oportunidad de participación como mentor/ayudante.
STD_00371,Carrera General,Nivel General,8.9,85.0,7.86,BAJO,VERDE (ÓPTIMO),Seguimiento Regular de Aula,1. Continuar con el ritmo académico habitual. 2. Oportunidad de participación como mentor/ayudante.
STD_00371,Carrera General,Nivel General,9.1,85.0,6.42,BAJO,VERDE (ÓPTIMO),Seguimiento Regular de Aula,1. Continuar con el ritmo académico habitual. 2. Oportunidad de participación como mentor/ayudante.
STD_00372,Carrera General,Nivel General,6.9,85.0,67.08,ALTO,ROJO (CRÍTICO),Tutoría Académica Obligatoria y Derivación a Bienestar Estudiantil,1. Sesión tutorial individual semanal. 2. Plan de refuerzo en temas críticos. 3. Monitoreo continuo de asistencia.
STD_00372,Carrera General,Nivel General,9.1,85.0,23.85,BAJO,VERDE (ÓPTIMO),Seguimiento Regular de Aula,1. Continuar con el ritmo académico habitual. 2. Oportunidad de participación como mentor/ayudante.
STD_00372,Carrera General,Nivel General,4.7,85.0,67.84,ALTO,ROJO (CRÍTICO),Tutoría Académica Obligatoria y Derivación a Bienestar Estudiantil,1. Sesión tutorial individual semanal. 2. Plan de refuerzo en temas críticos. 3. Monitoreo continuo de asistencia.
STD_00372,Carrera General,Nivel General,5.2,85.0,81.51,ALTO,ROJO (CRÍTICO),Tutoría Académica Obligatoria y Derivación a Bienestar Estudiantil,1. Sesión tutorial individual semanal. 2. Plan de refuerzo en temas críticos. 3. Monitoreo continuo de asistencia.
STD_00372,Carrera General,Nivel General,8.9,85.0,26.19,BAJO,VERDE (ÓPTIMO),Seguimiento Regular de Aula,1. Continuar con el ritmo académico habitual. 2. Oportunidad de participación como mentor/ayudante.
STD_00372,Carrera General,Nivel General,5.7,85.0,91.57,ALTO,ROJO (CRÍTICO),Tutoría Académica Obligatoria y Derivación a Bienestar Estudiantil,1. Sesión tutorial individual semanal. 2. Plan de refuerzo en temas críticos. 3. Monitoreo continuo de asistencia.
STD_00372,Carrera General,Nivel General,8.4,85.0,32.52,BAJO,VERDE (ÓPTIMO),Seguimiento Regular de Aula,1. Continuar con el ritmo académico habitual. 2. Oportunidad de participación como mentor/ayudante.
STD_00372,Carrera General,Nivel General,6.6,85.0,75.52,ALTO,ROJO (CRÍTICO),Tutoría Académica Obligatoria y Derivación a Bienestar Estudiantil,1. Sesión tutorial individual semanal. 2. Plan de refuerzo en temas críticos. 3. Monitoreo continuo de asistencia.
STD_00373,Carrera General,Nivel General,4.3,85.0,86.93,ALTO,ROJO (CRÍTICO),Tutoría Académica Obligatoria y Derivación a Bienestar Estudiantil,1. Sesión tutorial individual semanal. 2. Plan de refuerzo en temas críticos. 3. Monitoreo continuo de asistencia.
STD_00373,Carrera General,Nivel General,9.0,85.0,14.6,BAJO,VERDE (ÓPTIMO),Seguimiento Regular de Aula,1. Continuar con el ritmo académico habitual. 2. Oportunidad de participación como mentor/ayudante.
STD_00373,Carrera General,Nivel General,4.8,85.0,81.18,ALTO,ROJO (CRÍTICO),Tutoría Académica Obligatoria y Derivación a Bienestar Estudiantil,1. Sesión tutorial individual semanal. 2. Plan de refuerzo en temas críticos. 3. Monitoreo continuo de asistencia.
STD_00373,Carrera General,Nivel General,4.3,85.0,85.0,ALTO,ROJO (CRÍTICO),Tutoría Académica Obligatoria y Derivación a Bienestar Estudiantil,1. Sesión tutorial individual semanal. 2. Plan de refuerzo en temas críticos. 3. Monitoreo continuo de asistencia.
STD_00373,Carrera General,Nivel General,8.7,85.0,9.68,BAJO,VERDE (ÓPTIMO),Seguimiento Regular de Aula,1. Continuar con el ritmo académico habitual. 2. Oportunidad de participación como mentor/ayudante.
STD_00373,Carrera General,Nivel General,6.7,85.0,84.0,ALTO,ROJO (CRÍTICO),Tutoría Académica Obligatoria y Derivación a Bienestar Estudiantil,1. Sesión tutorial individual semanal. 2. Plan de refuerzo en temas críticos. 3. Monitoreo continuo de asistencia.
STD_00373,Carrera General,Nivel General,5.3,85.0,85.7,ALTO,ROJO (CRÍTICO),Tutoría Académica Obligatoria y Derivación a Bienestar Estudiantil,1. Sesión tutorial individual semanal. 2. Plan de refuerzo en temas críticos. 3. Monitoreo continuo de asistencia.
STD_00373,Carrera General,Nivel General,7.6,85.0,25.07,BAJO,VERDE (ÓPTIMO),Seguimiento Regular de Aula,1. Continuar con el ritmo académico habitual. 2. Oportunidad de participación como mentor/ayudante.
STD_00374,Carrera General,Nivel General,4.9,85.0,77.12,ALTO,ROJO (CRÍTICO),Tutoría Académica Obligatoria y Derivación a Bienestar Estudiantil,1. Sesión tutorial individual semanal. 2. Plan de refuerzo en temas críticos. 3. Monitoreo continuo de asistencia.
STD_00374,Carrera General,Nivel General,7.3,85.0,19.5,BAJO,VERDE (ÓPTIMO),Seguimiento Regular de Aula,1. Continuar con el ritmo académico habitual. 2. Oportunidad de participación como mentor/ayudante.
STD_00374,Carrera General,Nivel General,7.7,85.0,14.53,BAJO,VERDE (ÓPTIMO),Seguimiento Regular de Aula,1. Continuar con el ritmo académico habitual. 2. Oportunidad de participación como mentor/ayudante.
STD_00374,Carrera General,Nivel General,5.4,85.0,66.84,ALTO,ROJO (CRÍTICO),Tutoría Académica Obligatoria y Derivación a Bienestar Estudiantil,1. Sesión tutorial individual semanal. 2. Plan de refuerzo en temas críticos. 3. Monitoreo continuo de asistencia.
STD_00374,Carrera General,Nivel General,9.7,85.0,9.36,BAJO,VERDE (ÓPTIMO),Seguimiento Regular de Aula,1. Continuar con el ritmo académico habitual. 2. Oportunidad de participación como mentor/ayudante.
STD_00374,Carrera General,Nivel General,8.5,85.0,22.88,BAJO,VERDE (ÓPTIMO),Seguimiento Regular de Aula,1. Continuar con el ritmo académico habitual. 2. Oportunidad de participación como mentor/ayudante.
STD_00374,Carrera General,Nivel General,8.2,85.0,14.44,BAJO,VERDE (ÓPTIMO),Seguimiento Regular de Aula,1. Continuar con el ritmo académico habitual. 2. Oportunidad de participación como mentor/ayudante.
STD_00374,Carrera General,Nivel General,7.1,85.0,16.56,BAJO,VERDE (ÓPTIMO),Seguimiento Regular de Aula,1. Continuar con el ritmo académico habitual. 2. Oportunidad de participación como mentor/ayudante.
STD_00375,Carrera General,Nivel General,8.5,85.0,13.26,BAJO,VERDE (ÓPTIMO),Seguimiento Regular de Aula,1. Continuar con el ritmo académico habitual. 2. Oportunidad de participación como mentor/ayudante.
STD_00375,Carrera General,Nivel General,6.7,85.0,79.94,ALTO,ROJO (CRÍTICO),Tutoría Académica Obligatoria y Derivación a Bienestar Estudiantil,1. Sesión tutorial individual semanal. 2. Plan de refuerzo en temas críticos. 3. Monitoreo continuo de asistencia.
STD_00375,Carrera General,Nivel General,6.6,85.0,73.39,ALTO,ROJO (CRÍTICO),Tutoría Académica Obligatoria y Derivación a Bienestar Estudiantil,1. Sesión tutorial individual semanal. 2. Plan de refuerzo en temas críticos. 3. Monitoreo continuo de asistencia.
STD_00375,Carrera General,Nivel General,5.9,85.0,87.62,ALTO,ROJO (CRÍTICO),Tutoría Académica Obligatoria y Derivación a Bienestar Estudiantil,1. Sesión tutorial individual semanal. 2. Plan de refuerzo en temas críticos. 3. Monitoreo continuo de asistencia.
STD_00375,Carrera General,Nivel General,4.2,85.0,80.12,ALTO,ROJO (CRÍTICO),Tutoría Académica Obligatoria y Derivación a Bienestar Estudiantil,1. Sesión tutorial individual semanal. 2. Plan de refuerzo en temas críticos. 3. Monitoreo continuo de asistencia.
STD_00375,Carrera General,Nivel General,7.3,85.0,10.45,BAJO,VERDE (ÓPTIMO),Seguimiento Regular de Aula,1. Continuar con el ritmo académico habitual. 2. Oportunidad de participación como mentor/ayudante.
STD_00375,Carrera General,Nivel General,8.0,85.0,31.06,BAJO,VERDE (ÓPTIMO),Seguimiento Regular de Aula,1. Continuar con el ritmo académico habitual. 2. Oportunidad de participación como mentor/ayudante.
STD_00375,Carrera General,Nivel General,8.1,85.0,19.0,BAJO,VERDE (ÓPTIMO),Seguimiento Regular de Aula,1. Continuar con el ritmo académico habitual. 2. Oportunidad de participación como mentor/ayudante.
STD_00376,Carrera General,Nivel General,7.5,85.0,17.42,BAJO,VERDE (ÓPTIMO),Seguimiento Regular de Aula,1. Continuar con el ritmo académico habitual. 2. Oportunidad de participación como mentor/ayudante.
STD_00376,Carrera General,Nivel General,6.4,85.0,51.89,MEDIO,AMARILLO (ADVERTENCIA),Acompañamiento Tutorial Preventivo y Talleres de Estudio,1. Entrevista de seguimiento bimensual. 2. Talleres grupales de resolución de ejercicios.
STD_00376,Carrera General,Nivel General,7.3,85.0,18.44,BAJO,VERDE (ÓPTIMO),Seguimiento Regular de Aula,1. Continuar con el ritmo académico habitual. 2. Oportunidad de participación como mentor/ayudante.
STD_00376,Carrera General,Nivel General,9.3,85.0,12.17,BAJO,VERDE (ÓPTIMO),Seguimiento Regular de Aula,1. Continuar con el ritmo académico habitual. 2. Oportunidad de participación como mentor/ayudante.
STD_00376,Carrera General,Nivel General,9.9,85.0,16.99,BAJO,VERDE (ÓPTIMO),Seguimiento Regular de Aula,1. Continuar con el ritmo académico habitual. 2. Oportunidad de participación como mentor/ayudante.
STD_00376,Carrera General,Nivel General,5.9,85.0,65.58,ALTO,ROJO (CRÍTICO),Tutoría Académica Obligatoria y Derivación a Bienestar Estudiantil,1. Sesión tutorial individual semanal. 2. Plan de refuerzo en temas críticos. 3. Monitoreo continuo de asistencia.
STD_00376,Carrera General,Nivel General,8.4,85.0,14.25,BAJO,VERDE (ÓPTIMO),Seguimiento Regular de Aula,1. Continuar con el ritmo académico habitual. 2. Oportunidad de participación como mentor/ayudante.
STD_00376,Carrera General,Nivel General,9.4,85.0,12.46,BAJO,VERDE (ÓPTIMO),Seguimiento Regular de Aula,1. Continuar con el ritmo académico habitual. 2. Oportunidad de participación como mentor/ayudante.
STD_00377,Carrera General,Nivel General,8.2,85.0,14.93,BAJO,VERDE (ÓPTIMO),Seguimiento Regular de Aula,1. Continuar con el ritmo académico habitual. 2. Oportunidad de participación como mentor/ayudante.
STD_00377,Carrera General,Nivel General,6.9,85.0,67.22,ALTO,ROJO (CRÍTICO),Tutoría Académica Obligatoria y Derivación a Bienestar Estudiantil,1. Sesión tutorial individual semanal. 2. Plan de refuerzo en temas críticos. 3. Monitoreo continuo de asistencia.
STD_00377,Carrera General,Nivel General,8.1,85.0,31.86,BAJO,VERDE (ÓPTIMO),Seguimiento Regular de Aula,1. Continuar con el ritmo académico habitual. 2. Oportunidad de participación como mentor/ayudante.
STD_00377,Carrera General,Nivel General,7.0,85.0,28.25,BAJO,VERDE (ÓPTIMO),Seguimiento Regular de Aula,1. Continuar con el ritmo académico habitual. 2. Oportunidad de participación como mentor/ayudante.
STD_00377,Carrera General,Nivel General,6.6,85.0,64.93,MEDIO,AMARILLO (ADVERTENCIA),Acompañamiento Tutorial Preventivo y Talleres de Estudio,1. Entrevista de seguimiento bimensual. 2. Talleres grupales de resolución de ejercicios.
STD_00377,Carrera General,Nivel General,8.2,85.0,20.75,BAJO,VERDE (ÓPTIMO),Seguimiento Regular de Aula,1. Continuar con el ritmo académico habitual. 2. Oportunidad de participación como mentor/ayudante.
STD_00377,Carrera General,Nivel General,9.6,85.0,20.37,BAJO,VERDE (ÓPTIMO),Seguimiento Regular de Aula,1. Continuar con el ritmo académico habitual. 2. Oportunidad de participación como mentor/ayudante.
STD_00377,Carrera General,Nivel General,8.2,85.0,11.94,BAJO,VERDE (ÓPTIMO),Seguimiento Regular de Aula,1. Continuar con el ritmo académico habitual. 2. Oportunidad de participación como mentor/ayudante.
STD_00378,Carrera General,Nivel General,7.8,85.0,43.9,MEDIO,AMARILLO (ADVERTENCIA),Acompañamiento Tutorial Preventivo y Talleres de Estudio,1. Entrevista de seguimiento bimensual. 2. Talleres grupales de resolución de ejercicios.
STD_00378,Carrera General,Nivel General,4.4,85.0,85.5,ALTO,ROJO (CRÍTICO),Tutoría Académica Obligatoria y Derivación a Bienestar Estudiantil,1. Sesión tutorial individual semanal. 2. Plan de refuerzo en temas críticos. 3. Monitoreo continuo de asistencia.
STD_00378,Carrera General,Nivel General,6.8,85.0,87.8,ALTO,ROJO (CRÍTICO),Tutoría Académica Obligatoria y Derivación a Bienestar Estudiantil,1. Sesión tutorial individual semanal. 2. Plan de refuerzo en temas críticos. 3. Monitoreo continuo de asistencia.
STD_00378,Carrera General,Nivel General,5.9,85.0,82.04,ALTO,ROJO (CRÍTICO),Tutoría Académica Obligatoria y Derivación a Bienestar Estudiantil,1. Sesión tutorial individual semanal. 2. Plan de refuerzo en temas críticos. 3. Monitoreo continuo de asistencia.
STD_00378,Carrera General,Nivel General,9.9,85.0,27.36,BAJO,VERDE (ÓPTIMO),Seguimiento Regular de Aula,1. Continuar con el ritmo académico habitual. 2. Oportunidad de participación como mentor/ayudante.
STD_00378,Carrera General,Nivel General,6.3,85.0,81.07,ALTO,ROJO (CRÍTICO),Tutoría Académica Obligatoria y Derivación a Bienestar Estudiantil,1. Sesión tutorial individual semanal. 2. Plan de refuerzo en temas críticos. 3. Monitoreo continuo de asistencia.
STD_00378,Carrera General,Nivel General,5.0,85.0,80.47,ALTO,ROJO (CRÍTICO),Tutoría Académica Obligatoria y Derivación a Bienestar Estudiantil,1. Sesión tutorial individual semanal. 2. Plan de refuerzo en temas críticos. 3. Monitoreo continuo de asistencia.
STD_00378,Carrera General,Nivel General,5.0,85.0,89.64,ALTO,ROJO (CRÍTICO),Tutoría Académica Obligatoria y Derivación a Bienestar Estudiantil,1. Sesión tutorial individual semanal. 2. Plan de refuerzo en temas críticos. 3. Monitoreo continuo de asistencia.
STD_00379,Carrera General,Nivel General,11.0,85.0,27.2,BAJO,VERDE (ÓPTIMO),Seguimiento Regular de Aula,1. Continuar con el ritmo académico habitual. 2. Oportunidad de participación como mentor/ayudante.
STD_00379,Carrera General,Nivel General,9.0,85.0,21.89,BAJO,VERDE (ÓPTIMO),Seguimiento Regular de Aula,1. Continuar con el ritmo académico habitual. 2. Oportunidad de participación como mentor/ayudante.
STD_00379,Carrera General,Nivel General,8.6,85.0,17.06,BAJO,VERDE (ÓPTIMO),Seguimiento Regular de Aula,1. Continuar con el ritmo académico habitual. 2. Oportunidad de participación como mentor/ayudante.
STD_00379,Carrera General,Nivel General,4.6,85.0,54.75,ALTO,ROJO (CRÍTICO),Tutoría Académica Obligatoria y Derivación a Bienestar Estudiantil,1. Sesión tutorial individual semanal. 2. Plan de refuerzo en temas críticos. 3. Monitoreo continuo de asistencia.
STD_00379,Carrera General,Nivel General,6.9,85.0,74.82,ALTO,ROJO (CRÍTICO),Tutoría Académica Obligatoria y Derivación a Bienestar Estudiantil,1. Sesión tutorial individual semanal. 2. Plan de refuerzo en temas críticos. 3. Monitoreo continuo de asistencia.
STD_00379,Carrera General,Nivel General,11.0,85.0,20.36,BAJO,VERDE (ÓPTIMO),Seguimiento Regular de Aula,1. Continuar con el ritmo académico habitual. 2. Oportunidad de participación como mentor/ayudante.
STD_00379,Carrera General,Nivel General,4.0,85.0,55.28,ALTO,ROJO (CRÍTICO),Tutoría Académica Obligatoria y Derivación a Bienestar Estudiantil,1. Sesión tutorial individual semanal. 2. Plan de refuerzo en temas críticos. 3. Monitoreo continuo de asistencia.
STD_00379,Carrera General,Nivel General,8.5,85.0,37.72,MEDIO,AMARILLO (ADVERTENCIA),Acompañamiento Tutorial Preventivo y Talleres de Estudio,1. Entrevista de seguimiento bimensual. 2. Talleres grupales de resolución de ejercicios.
STD_00380,Carrera General,Nivel General,5.1,85.0,87.94,ALTO,ROJO (CRÍTICO),Tutoría Académica Obligatoria y Derivación a Bienestar Estudiantil,1. Sesión tutorial individual semanal. 2. Plan de refuerzo en temas críticos. 3. Monitoreo continuo de asistencia.
STD_00380,Carrera General,Nivel General,9.8,85.0,12.49,BAJO,VERDE (ÓPTIMO),Seguimiento Regular de Aula,1. Continuar con el ritmo académico habitual. 2. Oportunidad de participación como mentor/ayudante.
STD_00380,Carrera General,Nivel General,6.6,85.0,87.95,ALTO,ROJO (CRÍTICO),Tutoría Académica Obligatoria y Derivación a Bienestar Estudiantil,1. Sesión tutorial individual semanal. 2. Plan de refuerzo en temas críticos. 3. Monitoreo continuo de asistencia.
STD_00380,Carrera General,Nivel General,6.6,85.0,85.18,ALTO,ROJO (CRÍTICO),Tutoría Académica Obligatoria y Derivación a Bienestar Estudiantil,1. Sesión tutorial individual semanal. 2. Plan de refuerzo en temas críticos. 3. Monitoreo continuo de asistencia.
STD_00380,Carrera General,Nivel General,5.6,85.0,92.98,ALTO,ROJO (CRÍTICO),Tutoría Académica Obligatoria y Derivación a Bienestar Estudiantil,1. Sesión tutorial individual semanal. 2. Plan de refuerzo en temas críticos. 3. Monitoreo continuo de asistencia.
STD_00380,Carrera General,Nivel General,11.0,85.0,23.97,BAJO,VERDE (ÓPTIMO),Seguimiento Regular de Aula,1. Continuar con el ritmo académico habitual. 2. Oportunidad de participación como mentor/ayudante.
STD_00380,Carrera General,Nivel General,6.8,85.0,85.75,ALTO,ROJO (CRÍTICO),Tutoría Académica Obligatoria y Derivación a Bienestar Estudiantil,1. Sesión tutorial individual semanal. 2. Plan de refuerzo en temas críticos. 3. Monitoreo continuo de asistencia.
STD_00380,Carrera General,Nivel General,6.8,85.0,91.59,ALTO,ROJO (CRÍTICO),Tutoría Académica Obligatoria y Derivación a Bienestar Estudiantil,1. Sesión tutorial individual semanal. 2. Plan de refuerzo en temas críticos. 3. Monitoreo continuo de asistencia.
STD_00381,Carrera General,Nivel General,6.7,85.0,81.02,ALTO,ROJO (CRÍTICO),Tutoría Académica Obligatoria y Derivación a Bienestar Estudiantil,1. Sesión tutorial individual semanal. 2. Plan de refuerzo en temas críticos. 3. Monitoreo continuo de asistencia.
STD_00381,Carrera General,Nivel General,5.9,85.0,73.13,ALTO,ROJO (CRÍTICO),Tutoría Académica Obligatoria y Derivación a Bienestar Estudiantil,1. Sesión tutorial individual semanal. 2. Plan de refuerzo en temas críticos. 3. Monitoreo continuo de asistencia.
STD_00381,Carrera General,Nivel General,9.7,85.0,13.3,BAJO,VERDE (ÓPTIMO),Seguimiento Regular de Aula,1. Continuar con el ritmo académico habitual. 2. Oportunidad de participación como mentor/ayudante.
STD_00381,Carrera General,Nivel General,8.4,85.0,8.79,BAJO,VERDE (ÓPTIMO),Seguimiento Regular de Aula,1. Continuar con el ritmo académico habitual. 2. Oportunidad de participación como mentor/ayudante.
STD_00381,Carrera General,Nivel General,6.6,85.0,84.86,ALTO,ROJO (CRÍTICO),Tutoría Académica Obligatoria y Derivación a Bienestar Estudiantil,1. Sesión tutorial individual semanal. 2. Plan de refuerzo en temas críticos. 3. Monitoreo continuo de asistencia.
STD_00381,Carrera General,Nivel General,9.4,85.0,22.18,BAJO,VERDE (ÓPTIMO),Seguimiento Regular de Aula,1. Continuar con el ritmo académico habitual. 2. Oportunidad de participación como mentor/ayudante.
STD_00381,Carrera General,Nivel General,6.6,85.0,83.27,ALTO,ROJO (CRÍTICO),Tutoría Académica Obligatoria y Derivación a Bienestar Estudiantil,1. Sesión tutorial individual semanal. 2. Plan de refuerzo en temas críticos. 3. Monitoreo continuo de asistencia.
STD_00381,Carrera General,Nivel General,9.0,85.0,9.58,BAJO,VERDE (ÓPTIMO),Seguimiento Regular de Aula,1. Continuar con el ritmo académico habitual. 2. Oportunidad de participación como mentor/ayudante.
STD_00382,Carrera General,Nivel General,8.2,85.0,22.87,BAJO,VERDE (ÓPTIMO),Seguimiento Regular de Aula,1. Continuar con el ritmo académico habitual. 2. Oportunidad de participación como mentor/ayudante.
STD_00382,Carrera General,Nivel General,4.3,85.0,63.62,ALTO,ROJO (CRÍTICO),Tutoría Académica Obligatoria y Derivación a Bienestar Estudiantil,1. Sesión tutorial individual semanal. 2. Plan de refuerzo en temas críticos. 3. Monitoreo continuo de asistencia.
STD_00382,Carrera General,Nivel General,9.8,85.0,9.56,BAJO,VERDE (ÓPTIMO),Seguimiento Regular de Aula,1. Continuar con el ritmo académico habitual. 2. Oportunidad de participación como mentor/ayudante.
STD_00382,Carrera General,Nivel General,4.2,85.0,74.99,ALTO,ROJO (CRÍTICO),Tutoría Académica Obligatoria y Derivación a Bienestar Estudiantil,1. Sesión tutorial individual semanal. 2. Plan de refuerzo en temas críticos. 3. Monitoreo continuo de asistencia.
STD_00382,Carrera General,Nivel General,9.6,85.0,20.83,BAJO,VERDE (ÓPTIMO),Seguimiento Regular de Aula,1. Continuar con el ritmo académico habitual. 2. Oportunidad de participación como mentor/ayudante.
STD_00382,Carrera General,Nivel General,9.0,85.0,13.65,BAJO,VERDE (ÓPTIMO),Seguimiento Regular de Aula,1. Continuar con el ritmo académico habitual. 2. Oportunidad de participación como mentor/ayudante.
STD_00382,Carrera General,Nivel General,5.1,85.0,81.71,ALTO,ROJO (CRÍTICO),Tutoría Académica Obligatoria y Derivación a Bienestar Estudiantil,1. Sesión tutorial individual semanal. 2. Plan de refuerzo en temas críticos. 3. Monitoreo continuo de asistencia.
STD_00382,Carrera General,Nivel General,7.4,85.0,14.34,BAJO,VERDE (ÓPTIMO),Seguimiento Regular de Aula,1. Continuar con el ritmo académico habitual. 2. Oportunidad de participación como mentor/ayudante.
STD_00383,Carrera General,Nivel General,6.9,85.0,89.26,ALTO,ROJO (CRÍTICO),Tutoría Académica Obligatoria y Derivación a Bienestar Estudiantil,1. Sesión tutorial individual semanal. 2. Plan de refuerzo en temas críticos. 3. Monitoreo continuo de asistencia.
STD_00383,Carrera General,Nivel General,6.3,85.0,73.13,ALTO,ROJO (CRÍTICO),Tutoría Académica Obligatoria y Derivación a Bienestar Estudiantil,1. Sesión tutorial individual semanal. 2. Plan de refuerzo en temas críticos. 3. Monitoreo continuo de asistencia.
STD_00383,Carrera General,Nivel General,8.9,85.0,9.45,BAJO,VERDE (ÓPTIMO),Seguimiento Regular de Aula,1. Continuar con el ritmo académico habitual. 2. Oportunidad de participación como mentor/ayudante.
STD_00383,Carrera General,Nivel General,4.8,85.0,68.02,ALTO,ROJO (CRÍTICO),Tutoría Académica Obligatoria y Derivación a Bienestar Estudiantil,1. Sesión tutorial individual semanal. 2. Plan de refuerzo en temas críticos. 3. Monitoreo continuo de asistencia.
STD_00383,Carrera General,Nivel General,7.2,85.0,18.19,BAJO,VERDE (ÓPTIMO),Seguimiento Regular de Aula,1. Continuar con el ritmo académico habitual. 2. Oportunidad de participación como mentor/ayudante.
STD_00383,Carrera General,Nivel General,8.3,85.0,13.35,BAJO,VERDE (ÓPTIMO),Seguimiento Regular de Aula,1. Continuar con el ritmo académico habitual. 2. Oportunidad de participación como mentor/ayudante.
STD_00383,Carrera General,Nivel General,7.6,85.0,26.37,BAJO,VERDE (ÓPTIMO),Seguimiento Regular de Aula,1. Continuar con el ritmo académico habitual. 2. Oportunidad de participación como mentor/ayudante.
STD_00383,Carrera General,Nivel General,6.3,85.0,85.93,ALTO,ROJO (CRÍTICO),Tutoría Académica Obligatoria y Derivación a Bienestar Estudiantil,1. Sesión tutorial individual semanal. 2. Plan de refuerzo en temas críticos. 3. Monitoreo continuo de asistencia.
STD_00384,Carrera General,Nivel General,10.0,85.0,24.28,BAJO,VERDE (ÓPTIMO),Seguimiento Regular de Aula,1. Continuar con el ritmo académico habitual. 2. Oportunidad de participación como mentor/ayudante.
STD_00384,Carrera General,Nivel General,6.7,85.0,75.27,ALTO,ROJO (CRÍTICO),Tutoría Académica Obligatoria y Derivación a Bienestar Estudiantil,1. Sesión tutorial individual semanal. 2. Plan de refuerzo en temas críticos. 3. Monitoreo continuo de asistencia.
STD_00384,Carrera General,Nivel General,4.3,85.0,71.31,ALTO,ROJO (CRÍTICO),Tutoría Académica Obligatoria y Derivación a Bienestar Estudiantil,1. Sesión tutorial individual semanal. 2. Plan de refuerzo en temas críticos. 3. Monitoreo continuo de asistencia.
STD_00384,Carrera General,Nivel General,8.8,85.0,27.11,BAJO,VERDE (ÓPTIMO),Seguimiento Regular de Aula,1. Continuar con el ritmo académico habitual. 2. Oportunidad de participación como mentor/ayudante.
STD_00384,Carrera General,Nivel General,9.4,85.0,33.82,BAJO,VERDE (ÓPTIMO),Seguimiento Regular de Aula,1. Continuar con el ritmo académico habitual. 2. Oportunidad de participación como mentor/ayudante.
STD_00384,Carrera General,Nivel General,4.3,85.0,84.87,ALTO,ROJO (CRÍTICO),Tutoría Académica Obligatoria y Derivación a Bienestar Estudiantil,1. Sesión tutorial individual semanal. 2. Plan de refuerzo en temas críticos. 3. Monitoreo continuo de asistencia.
STD_00384,Carrera General,Nivel General,4.4,85.0,79.04,ALTO,ROJO (CRÍTICO),Tutoría Académica Obligatoria y Derivación a Bienestar Estudiantil,1. Sesión tutorial individual semanal. 2. Plan de refuerzo en temas críticos. 3. Monitoreo continuo de asistencia.
STD_00384,Carrera General,Nivel General,9.5,85.0,23.54,BAJO,VERDE (ÓPTIMO),Seguimiento Regular de Aula,1. Continuar con el ritmo académico habitual. 2. Oportunidad de participación como mentor/ayudante.
STD_00385,Carrera General,Nivel General,4.3,85.0,80.41,ALTO,ROJO (CRÍTICO),Tutoría Académica Obligatoria y Derivación a Bienestar Estudiantil,1. Sesión tutorial individual semanal. 2. Plan de refuerzo en temas críticos. 3. Monitoreo continuo de asistencia.
STD_00385,Carrera General,Nivel General,7.6,85.0,17.16,BAJO,VERDE (ÓPTIMO),Seguimiento Regular de Aula,1. Continuar con el ritmo académico habitual. 2. Oportunidad de participación como mentor/ayudante.
STD_00385,Carrera General,Nivel General,9.7,85.0,30.84,BAJO,VERDE (ÓPTIMO),Seguimiento Regular de Aula,1. Continuar con el ritmo académico habitual. 2. Oportunidad de participación como mentor/ayudante.
STD_00385,Carrera General,Nivel General,6.6,85.0,68.34,ALTO,ROJO (CRÍTICO),Tutoría Académica Obligatoria y Derivación a Bienestar Estudiantil,1. Sesión tutorial individual semanal. 2. Plan de refuerzo en temas críticos. 3. Monitoreo continuo de asistencia.
STD_00385,Carrera General,Nivel General,8.9,85.0,35.08,MEDIO,AMARILLO (ADVERTENCIA),Acompañamiento Tutorial Preventivo y Talleres de Estudio,1. Entrevista de seguimiento bimensual. 2. Talleres grupales de resolución de ejercicios.
STD_00385,Carrera General,Nivel General,6.1,85.0,84.4,ALTO,ROJO (CRÍTICO),Tutoría Académica Obligatoria y Derivación a Bienestar Estudiantil,1. Sesión tutorial individual semanal. 2. Plan de refuerzo en temas críticos. 3. Monitoreo continuo de asistencia.
STD_00385,Carrera General,Nivel General,6.2,85.0,81.26,ALTO,ROJO (CRÍTICO),Tutoría Académica Obligatoria y Derivación a Bienestar Estudiantil,1. Sesión tutorial individual semanal. 2. Plan de refuerzo en temas críticos. 3. Monitoreo continuo de asistencia.
STD_00385,Carrera General,Nivel General,5.1,85.0,85.98,ALTO,ROJO (CRÍTICO),Tutoría Académica Obligatoria y Derivación a Bienestar Estudiantil,1. Sesión tutorial individual semanal. 2. Plan de refuerzo en temas críticos. 3. Monitoreo continuo de asistencia.
STD_00386,Carrera General,Nivel General,6.7,85.0,62.01,MEDIO,AMARILLO (ADVERTENCIA),Acompañamiento Tutorial Preventivo y Talleres de Estudio,1. Entrevista de seguimiento bimensual. 2. Talleres grupales de resolución de ejercicios.
STD_00386,Carrera General,Nivel General,8.5,85.0,22.11,BAJO,VERDE (ÓPTIMO),Seguimiento Regular de Aula,1. Continuar con el ritmo académico habitual. 2. Oportunidad de participación como mentor/ayudante.
STD_00386,Carrera General,Nivel General,9.2,85.0,27.41,BAJO,VERDE (ÓPTIMO),Seguimiento Regular de Aula,1. Continuar con el ritmo académico habitual. 2. Oportunidad de participación como mentor/ayudante.
STD_00386,Carrera General,Nivel General,5.6,85.0,74.64,ALTO,ROJO (CRÍTICO),Tutoría Académica Obligatoria y Derivación a Bienestar Estudiantil,1. Sesión tutorial individual semanal. 2. Plan de refuerzo en temas críticos. 3. Monitoreo continuo de asistencia.
STD_00386,Carrera General,Nivel General,8.4,85.0,12.79,BAJO,VERDE (ÓPTIMO),Seguimiento Regular de Aula,1. Continuar con el ritmo académico habitual. 2. Oportunidad de participación como mentor/ayudante.
STD_00386,Carrera General,Nivel General,9.9,85.0,27.61,BAJO,VERDE (ÓPTIMO),Seguimiento Regular de Aula,1. Continuar con el ritmo académico habitual. 2. Oportunidad de participación como mentor/ayudante.
STD_00386,Carrera General,Nivel General,7.4,85.0,14.54,BAJO,VERDE (ÓPTIMO),Seguimiento Regular de Aula,1. Continuar con el ritmo académico habitual. 2. Oportunidad de participación como mentor/ayudante.
STD_00386,Carrera General,Nivel General,5.1,85.0,76.82,ALTO,ROJO (CRÍTICO),Tutoría Académica Obligatoria y Derivación a Bienestar Estudiantil,1. Sesión tutorial individual semanal. 2. Plan de refuerzo en temas críticos. 3. Monitoreo continuo de asistencia.
STD_00387,Carrera General,Nivel General,8.2,85.0,21.68,BAJO,VERDE (ÓPTIMO),Seguimiento Regular de Aula,1. Continuar con el ritmo académico habitual. 2. Oportunidad de participación como mentor/ayudante.
STD_00387,Carrera General,Nivel General,5.8,85.0,88.33,ALTO,ROJO (CRÍTICO),Tutoría Académica Obligatoria y Derivación a Bienestar Estudiantil,1. Sesión tutorial individual semanal. 2. Plan de refuerzo en temas críticos. 3. Monitoreo continuo de asistencia.
STD_00387,Carrera General,Nivel General,5.5,85.0,78.13,ALTO,ROJO (CRÍTICO),Tutoría Académica Obligatoria y Derivación a Bienestar Estudiantil,1. Sesión tutorial individual semanal. 2. Plan de refuerzo en temas críticos. 3. Monitoreo continuo de asistencia.
STD_00387,Carrera General,Nivel General,5.9,85.0,95.63,ALTO,ROJO (CRÍTICO),Tutoría Académica Obligatoria y Derivación a Bienestar Estudiantil,1. Sesión tutorial individual semanal. 2. Plan de refuerzo en temas críticos. 3. Monitoreo continuo de asistencia.
STD_00387,Carrera General,Nivel General,4.7,85.0,76.92,ALTO,ROJO (CRÍTICO),Tutoría Académica Obligatoria y Derivación a Bienestar Estudiantil,1. Sesión tutorial individual semanal. 2. Plan de refuerzo en temas críticos. 3. Monitoreo continuo de asistencia.
STD_00387,Carrera General,Nivel General,7.2,85.0,15.24,BAJO,VERDE (ÓPTIMO),Seguimiento Regular de Aula,1. Continuar con el ritmo académico habitual. 2. Oportunidad de participación como mentor/ayudante.
STD_00387,Carrera General,Nivel General,4.1,85.0,70.03,ALTO,ROJO (CRÍTICO),Tutoría Académica Obligatoria y Derivación a Bienestar Estudiantil,1. Sesión tutorial individual semanal. 2. Plan de refuerzo en temas críticos. 3. Monitoreo continuo de asistencia.
STD_00387,Carrera General,Nivel General,4.9,85.0,74.54,ALTO,ROJO (CRÍTICO),Tutoría Académica Obligatoria y Derivación a Bienestar Estudiantil,1. Sesión tutorial individual semanal. 2. Plan de refuerzo en temas críticos. 3. Monitoreo continuo de asistencia.
STD_00388,Carrera General,Nivel General,8.5,85.0,11.57,BAJO,VERDE (ÓPTIMO),Seguimiento Regular de Aula,1. Continuar con el ritmo académico habitual. 2. Oportunidad de participación como mentor/ayudante.
STD_00388,Carrera General,Nivel General,5.1,85.0,71.88,ALTO,ROJO (CRÍTICO),Tutoría Académica Obligatoria y Derivación a Bienestar Estudiantil,1. Sesión tutorial individual semanal. 2. Plan de refuerzo en temas críticos. 3. Monitoreo continuo de asistencia.
STD_00388,Carrera General,Nivel General,5.8,85.0,73.43,ALTO,ROJO (CRÍTICO),Tutoría Académica Obligatoria y Derivación a Bienestar Estudiantil,1. Sesión tutorial individual semanal. 2. Plan de refuerzo en temas críticos. 3. Monitoreo continuo de asistencia.
STD_00388,Carrera General,Nivel General,7.7,85.0,22.44,BAJO,VERDE (ÓPTIMO),Seguimiento Regular de Aula,1. Continuar con el ritmo académico habitual. 2. Oportunidad de participación como mentor/ayudante.
STD_00388,Carrera General,Nivel General,6.5,85.0,69.56,ALTO,ROJO (CRÍTICO),Tutoría Académica Obligatoria y Derivación a Bienestar Estudiantil,1. Sesión tutorial individual semanal. 2. Plan de refuerzo en temas críticos. 3. Monitoreo continuo de asistencia.
STD_00388,Carrera General,Nivel General,9.1,85.0,14.39,BAJO,VERDE (ÓPTIMO),Seguimiento Regular de Aula,1. Continuar con el ritmo académico habitual. 2. Oportunidad de participación como mentor/ayudante.
STD_00388,Carrera General,Nivel General,7.9,85.0,20.73,BAJO,VERDE (ÓPTIMO),Seguimiento Regular de Aula,1. Continuar con el ritmo académico habitual. 2. Oportunidad de participación como mentor/ayudante.
STD_00388,Carrera General,Nivel General,7.1,85.0,18.47,BAJO,VERDE (ÓPTIMO),Seguimiento Regular de Aula,1. Continuar con el ritmo académico habitual. 2. Oportunidad de participación como mentor/ayudante.
STD_00389,Carrera General,Nivel General,8.0,85.0,14.44,BAJO,VERDE (ÓPTIMO),Seguimiento Regular de Aula,1. Continuar con el ritmo académico habitual. 2. Oportunidad de participación como mentor/ayudante.
STD_00389,Carrera General,Nivel General,4.9,85.0,79.65,ALTO,ROJO (CRÍTICO),Tutoría Académica Obligatoria y Derivación a Bienestar Estudiantil,1. Sesión tutorial individual semanal. 2. Plan de refuerzo en temas críticos. 3. Monitoreo continuo de asistencia.
STD_00389,Carrera General,Nivel General,8.2,85.0,13.61,BAJO,VERDE (ÓPTIMO),Seguimiento Regular de Aula,1. Continuar con el ritmo académico habitual. 2. Oportunidad de participación como mentor/ayudante.
STD_00389,Carrera General,Nivel General,7.3,85.0,18.92,BAJO,VERDE (ÓPTIMO),Seguimiento Regular de Aula,1. Continuar con el ritmo académico habitual. 2. Oportunidad de participación como mentor/ayudante.
STD_00389,Carrera General,Nivel General,8.4,85.0,23.89,BAJO,VERDE (ÓPTIMO),Seguimiento Regular de Aula,1. Continuar con el ritmo académico habitual. 2. Oportunidad de participación como mentor/ayudante.
STD_00389,Carrera General,Nivel General,6.2,85.0,75.61,ALTO,ROJO (CRÍTICO),Tutoría Académica Obligatoria y Derivación a Bienestar Estudiantil,1. Sesión tutorial individual semanal. 2. Plan de refuerzo en temas críticos. 3. Monitoreo continuo de asistencia.
STD_00389,Carrera General,Nivel General,9.6,85.0,21.61,BAJO,VERDE (ÓPTIMO),Seguimiento Regular de Aula,1. Continuar con el ritmo académico habitual. 2. Oportunidad de participación como mentor/ayudante.
STD_00389,Carrera General,Nivel General,11.0,85.0,11.63,BAJO,VERDE (ÓPTIMO),Seguimiento Regular de Aula,1. Continuar con el ritmo académico habitual. 2. Oportunidad de participación como mentor/ayudante.
STD_00390,Carrera General,Nivel General,5.4,85.0,92.65,ALTO,ROJO (CRÍTICO),Tutoría Académica Obligatoria y Derivación a Bienestar Estudiantil,1. Sesión tutorial individual semanal. 2. Plan de refuerzo en temas críticos. 3. Monitoreo continuo de asistencia.
STD_00390,Carrera General,Nivel General,5.9,85.0,81.13,ALTO,ROJO (CRÍTICO),Tutoría Académica Obligatoria y Derivación a Bienestar Estudiantil,1. Sesión tutorial individual semanal. 2. Plan de refuerzo en temas críticos. 3. Monitoreo continuo de asistencia.
STD_00390,Carrera General,Nivel General,9.1,85.0,13.29,BAJO,VERDE (ÓPTIMO),Seguimiento Regular de Aula,1. Continuar con el ritmo académico habitual. 2. Oportunidad de participación como mentor/ayudante.
STD_00390,Carrera General,Nivel General,4.4,85.0,92.74,ALTO,ROJO (CRÍTICO),Tutoría Académica Obligatoria y Derivación a Bienestar Estudiantil,1. Sesión tutorial individual semanal. 2. Plan de refuerzo en temas críticos. 3. Monitoreo continuo de asistencia.
STD_00390,Carrera General,Nivel General,4.6,85.0,88.07,ALTO,ROJO (CRÍTICO),Tutoría Académica Obligatoria y Derivación a Bienestar Estudiantil,1. Sesión tutorial individual semanal. 2. Plan de refuerzo en temas críticos. 3. Monitoreo continuo de asistencia.
STD_00390,Carrera General,Nivel General,6.1,85.0,90.38,ALTO,ROJO (CRÍTICO),Tutoría Académica Obligatoria y Derivación a Bienestar Estudiantil,1. Sesión tutorial individual semanal. 2. Plan de refuerzo en temas críticos. 3. Monitoreo continuo de asistencia.
STD_00390,Carrera General,Nivel General,5.6,85.0,85.07,ALTO,ROJO (CRÍTICO),Tutoría Académica Obligatoria y Derivación a Bienestar Estudiantil,1. Sesión tutorial individual semanal. 2. Plan de refuerzo en temas críticos. 3. Monitoreo continuo de asistencia.
STD_00390,Carrera General,Nivel General,6.1,85.0,68.4,ALTO,ROJO (CRÍTICO),Tutoría Académica Obligatoria y Derivación a Bienestar Estudiantil,1. Sesión tutorial individual semanal. 2. Plan de refuerzo en temas críticos. 3. Monitoreo continuo de asistencia.
STD_00391,Carrera General,Nivel General,9.8,85.0,10.21,BAJO,VERDE (ÓPTIMO),Seguimiento Regular de Aula,1. Continuar con el ritmo académico habitual. 2. Oportunidad de participación como mentor/ayudante.
STD_00391,Carrera General,Nivel General,7.4,85.0,16.93,BAJO,VERDE (ÓPTIMO),Seguimiento Regular de Aula,1. Continuar con el ritmo académico habitual. 2. Oportunidad de participación como mentor/ayudante.
STD_00391,Carrera General,Nivel General,9.3,85.0,8.76,BAJO,VERDE (ÓPTIMO),Seguimiento Regular de Aula,1. Continuar con el ritmo académico habitual. 2. Oportunidad de participación como mentor/ayudante.
STD_00391,Carrera General,Nivel General,9.2,85.0,10.5,BAJO,VERDE (ÓPTIMO),Seguimiento Regular de Aula,1. Continuar con el ritmo académico habitual. 2. Oportunidad de participación como mentor/ayudante.
STD_00391,Carrera General,Nivel General,5.5,85.0,88.11,ALTO,ROJO (CRÍTICO),Tutoría Académica Obligatoria y Derivación a Bienestar Estudiantil,1. Sesión tutorial individual semanal. 2. Plan de refuerzo en temas críticos. 3. Monitoreo continuo de asistencia.
STD_00391,Carrera General,Nivel General,4.6,85.0,83.9,ALTO,ROJO (CRÍTICO),Tutoría Académica Obligatoria y Derivación a Bienestar Estudiantil,1. Sesión tutorial individual semanal. 2. Plan de refuerzo en temas críticos. 3. Monitoreo continuo de asistencia.
STD_00391,Carrera General,Nivel General,6.2,85.0,84.66,ALTO,ROJO (CRÍTICO),Tutoría Académica Obligatoria y Derivación a Bienestar Estudiantil,1. Sesión tutorial individual semanal. 2. Plan de refuerzo en temas críticos. 3. Monitoreo continuo de asistencia.
STD_00391,Carrera General,Nivel General,7.8,85.0,12.32,BAJO,VERDE (ÓPTIMO),Seguimiento Regular de Aula,1. Continuar con el ritmo académico habitual. 2. Oportunidad de participación como mentor/ayudante.
STD_00392,Carrera General,Nivel General,6.6,85.0,71.53,ALTO,ROJO (CRÍTICO),Tutoría Académica Obligatoria y Derivación a Bienestar Estudiantil,1. Sesión tutorial individual semanal. 2. Plan de refuerzo en temas críticos. 3. Monitoreo continuo de asistencia.
STD_00392,Carrera General,Nivel General,5.9,85.0,74.2,ALTO,ROJO (CRÍTICO),Tutoría Académica Obligatoria y Derivación a Bienestar Estudiantil,1. Sesión tutorial individual semanal. 2. Plan de refuerzo en temas críticos. 3. Monitoreo continuo de asistencia.
STD_00392,Carrera General,Nivel General,4.4,85.0,84.83,ALTO,ROJO (CRÍTICO),Tutoría Académica Obligatoria y Derivación a Bienestar Estudiantil,1. Sesión tutorial individual semanal. 2. Plan de refuerzo en temas críticos. 3. Monitoreo continuo de asistencia.
STD_00392,Carrera General,Nivel General,8.6,85.0,23.34,BAJO,VERDE (ÓPTIMO),Seguimiento Regular de Aula,1. Continuar con el ritmo académico habitual. 2. Oportunidad de participación como mentor/ayudante.
STD_00392,Carrera General,Nivel General,11.0,85.0,24.83,BAJO,VERDE (ÓPTIMO),Seguimiento Regular de Aula,1. Continuar con el ritmo académico habitual. 2. Oportunidad de participación como mentor/ayudante.
STD_00392,Carrera General,Nivel General,5.6,85.0,76.44,ALTO,ROJO (CRÍTICO),Tutoría Académica Obligatoria y Derivación a Bienestar Estudiantil,1. Sesión tutorial individual semanal. 2. Plan de refuerzo en temas críticos. 3. Monitoreo continuo de asistencia.
STD_00392,Carrera General,Nivel General,6.4,85.0,72.22,ALTO,ROJO (CRÍTICO),Tutoría Académica Obligatoria y Derivación a Bienestar Estudiantil,1. Sesión tutorial individual semanal. 2. Plan de refuerzo en temas críticos. 3. Monitoreo continuo de asistencia.
STD_00392,Carrera General,Nivel General,5.6,85.0,74.38,ALTO,ROJO (CRÍTICO),Tutoría Académica Obligatoria y Derivación a Bienestar Estudiantil,1. Sesión tutorial individual semanal. 2. Plan de refuerzo en temas críticos. 3. Monitoreo continuo de asistencia.
STD_00393,Carrera General,Nivel General,6.5,85.0,78.84,ALTO,ROJO (CRÍTICO),Tutoría Académica Obligatoria y Derivación a Bienestar Estudiantil,1. Sesión tutorial individual semanal. 2. Plan de refuerzo en temas críticos. 3. Monitoreo continuo de asistencia.
STD_00393,Carrera General,Nivel General,4.8,85.0,80.62,ALTO,ROJO (CRÍTICO),Tutoría Académica Obligatoria y Derivación a Bienestar Estudiantil,1. Sesión tutorial individual semanal. 2. Plan de refuerzo en temas críticos. 3. Monitoreo continuo de asistencia.
STD_00393,Carrera General,Nivel General,9.7,85.0,23.58,BAJO,VERDE (ÓPTIMO),Seguimiento Regular de Aula,1. Continuar con el ritmo académico habitual. 2. Oportunidad de participación como mentor/ayudante.
STD_00393,Carrera General,Nivel General,6.3,85.0,81.34,ALTO,ROJO (CRÍTICO),Tutoría Académica Obligatoria y Derivación a Bienestar Estudiantil,1. Sesión tutorial individual semanal. 2. Plan de refuerzo en temas críticos. 3. Monitoreo continuo de asistencia.
STD_00393,Carrera General,Nivel General,5.6,85.0,94.27,ALTO,ROJO (CRÍTICO),Tutoría Académica Obligatoria y Derivación a Bienestar Estudiantil,1. Sesión tutorial individual semanal. 2. Plan de refuerzo en temas críticos. 3. Monitoreo continuo de asistencia.
STD_00393,Carrera General,Nivel General,4.6,85.0,87.17,ALTO,ROJO (CRÍTICO),Tutoría Académica Obligatoria y Derivación a Bienestar Estudiantil,1. Sesión tutorial individual semanal. 2. Plan de refuerzo en temas críticos. 3. Monitoreo continuo de asistencia.
STD_00393,Carrera General,Nivel General,5.2,85.0,86.26,ALTO,ROJO (CRÍTICO),Tutoría Académica Obligatoria y Derivación a Bienestar Estudiantil,1. Sesión tutorial individual semanal. 2. Plan de refuerzo en temas críticos. 3. Monitoreo continuo de asistencia.
STD_00393,Carrera General,Nivel General,6.2,85.0,92.97,ALTO,ROJO (CRÍTICO),Tutoría Académica Obligatoria y Derivación a Bienestar Estudiantil,1. Sesión tutorial individual semanal. 2. Plan de refuerzo en temas críticos. 3. Monitoreo continuo de asistencia.
STD_00394,Carrera General,Nivel General,9.1,85.0,12.74,BAJO,VERDE (ÓPTIMO),Seguimiento Regular de Aula,1. Continuar con el ritmo académico habitual. 2. Oportunidad de participación como mentor/ayudante.
STD_00394,Carrera General,Nivel General,5.0,85.0,80.72,ALTO,ROJO (CRÍTICO),Tutoría Académica Obligatoria y Derivación a Bienestar Estudiantil,1. Sesión tutorial individual semanal. 2. Plan de refuerzo en temas críticos. 3. Monitoreo continuo de asistencia.
STD_00394,Carrera General,Nivel General,7.7,85.0,6.98,BAJO,VERDE (ÓPTIMO),Seguimiento Regular de Aula,1. Continuar con el ritmo académico habitual. 2. Oportunidad de participación como mentor/ayudante.
STD_00394,Carrera General,Nivel General,7.5,85.0,13.44,BAJO,VERDE (ÓPTIMO),Seguimiento Regular de Aula,1. Continuar con el ritmo académico habitual. 2. Oportunidad de participación como mentor/ayudante.
STD_00394,Carrera General,Nivel General,8.5,85.0,13.56,BAJO,VERDE (ÓPTIMO),Seguimiento Regular de Aula,1. Continuar con el ritmo académico habitual. 2. Oportunidad de participación como mentor/ayudante.
STD_00394,Carrera General,Nivel General,6.7,85.0,83.51,ALTO,ROJO (CRÍTICO),Tutoría Académica Obligatoria y Derivación a Bienestar Estudiantil,1. Sesión tutorial individual semanal. 2. Plan de refuerzo en temas críticos. 3. Monitoreo continuo de asistencia.
STD_00394,Carrera General,Nivel General,9.5,85.0,5.7,BAJO,VERDE (ÓPTIMO),Seguimiento Regular de Aula,1. Continuar con el ritmo académico habitual. 2. Oportunidad de participación como mentor/ayudante.
STD_00394,Carrera General,Nivel General,9.4,85.0,14.17,BAJO,VERDE (ÓPTIMO),Seguimiento Regular de Aula,1. Continuar con el ritmo académico habitual. 2. Oportunidad de participación como mentor/ayudante.
STD_00395,Carrera General,Nivel General,5.0,85.0,77.94,ALTO,ROJO (CRÍTICO),Tutoría Académica Obligatoria y Derivación a Bienestar Estudiantil,1. Sesión tutorial individual semanal. 2. Plan de refuerzo en temas críticos. 3. Monitoreo continuo de asistencia.
STD_00395,Carrera General,Nivel General,8.4,85.0,37.74,MEDIO,AMARILLO (ADVERTENCIA),Acompañamiento Tutorial Preventivo y Talleres de Estudio,1. Entrevista de seguimiento bimensual. 2. Talleres grupales de resolución de ejercicios.
STD_00395,Carrera General,Nivel General,6.2,85.0,92.35,ALTO,ROJO (CRÍTICO),Tutoría Académica Obligatoria y Derivación a Bienestar Estudiantil,1. Sesión tutorial individual semanal. 2. Plan de refuerzo en temas críticos. 3. Monitoreo continuo de asistencia.
STD_00395,Carrera General,Nivel General,4.5,85.0,92.24,ALTO,ROJO (CRÍTICO),Tutoría Académica Obligatoria y Derivación a Bienestar Estudiantil,1. Sesión tutorial individual semanal. 2. Plan de refuerzo en temas críticos. 3. Monitoreo continuo de asistencia.
STD_00395,Carrera General,Nivel General,6.3,85.0,89.39,ALTO,ROJO (CRÍTICO),Tutoría Académica Obligatoria y Derivación a Bienestar Estudiantil,1. Sesión tutorial individual semanal. 2. Plan de refuerzo en temas críticos. 3. Monitoreo continuo de asistencia.
STD_00395,Carrera General,Nivel General,5.1,85.0,85.64,ALTO,ROJO (CRÍTICO),Tutoría Académica Obligatoria y Derivación a Bienestar Estudiantil,1. Sesión tutorial individual semanal. 2. Plan de refuerzo en temas críticos. 3. Monitoreo continuo de asistencia.
STD_00395,Carrera General,Nivel General,8.7,85.0,31.05,BAJO,VERDE (ÓPTIMO),Seguimiento Regular de Aula,1. Continuar con el ritmo académico habitual. 2. Oportunidad de participación como mentor/ayudante.
STD_00395,Carrera General,Nivel General,5.9,85.0,80.96,ALTO,ROJO (CRÍTICO),Tutoría Académica Obligatoria y Derivación a Bienestar Estudiantil,1. Sesión tutorial individual semanal. 2. Plan de refuerzo en temas críticos. 3. Monitoreo continuo de asistencia.
STD_00396,Carrera General,Nivel General,9.6,85.0,19.04,BAJO,VERDE (ÓPTIMO),Seguimiento Regular de Aula,1. Continuar con el ritmo académico habitual. 2. Oportunidad de participación como mentor/ayudante.
STD_00396,Carrera General,Nivel General,8.9,85.0,15.91,BAJO,VERDE (ÓPTIMO),Seguimiento Regular de Aula,1. Continuar con el ritmo académico habitual. 2. Oportunidad de participación como mentor/ayudante.
STD_00396,Carrera General,Nivel General,11.0,85.0,8.9,BAJO,VERDE (ÓPTIMO),Seguimiento Regular de Aula,1. Continuar con el ritmo académico habitual. 2. Oportunidad de participación como mentor/ayudante.
STD_00396,Carrera General,Nivel General,8.8,85.0,16.03,BAJO,VERDE (ÓPTIMO),Seguimiento Regular de Aula,1. Continuar con el ritmo académico habitual. 2. Oportunidad de participación como mentor/ayudante.
STD_00396,Carrera General,Nivel General,5.7,85.0,83.77,ALTO,ROJO (CRÍTICO),Tutoría Académica Obligatoria y Derivación a Bienestar Estudiantil,1. Sesión tutorial individual semanal. 2. Plan de refuerzo en temas críticos. 3. Monitoreo continuo de asistencia.
STD_00396,Carrera General,Nivel General,10.0,85.0,17.22,BAJO,VERDE (ÓPTIMO),Seguimiento Regular de Aula,1. Continuar con el ritmo académico habitual. 2. Oportunidad de participación como mentor/ayudante.
STD_00396,Carrera General,Nivel General,6.6,85.0,81.5,ALTO,ROJO (CRÍTICO),Tutoría Académica Obligatoria y Derivación a Bienestar Estudiantil,1. Sesión tutorial individual semanal. 2. Plan de refuerzo en temas críticos. 3. Monitoreo continuo de asistencia.
STD_00396,Carrera General,Nivel General,5.2,85.0,79.15,ALTO,ROJO (CRÍTICO),Tutoría Académica Obligatoria y Derivación a Bienestar Estudiantil,1. Sesión tutorial individual semanal. 2. Plan de refuerzo en temas críticos. 3. Monitoreo continuo de asistencia.
STD_00397,Carrera General,Nivel General,8.1,85.0,13.09,BAJO,VERDE (ÓPTIMO),Seguimiento Regular de Aula,1. Continuar con el ritmo académico habitual. 2. Oportunidad de participación como mentor/ayudante.
STD_00397,Carrera General,Nivel General,9.5,85.0,17.54,BAJO,VERDE (ÓPTIMO),Seguimiento Regular de Aula,1. Continuar con el ritmo académico habitual. 2. Oportunidad de participación como mentor/ayudante.
STD_00397,Carrera General,Nivel General,9.0,85.0,25.15,BAJO,VERDE (ÓPTIMO),Seguimiento Regular de Aula,1. Continuar con el ritmo académico habitual. 2. Oportunidad de participación como mentor/ayudante.
STD_00397,Carrera General,Nivel General,5.5,85.0,83.45,ALTO,ROJO (CRÍTICO),Tutoría Académica Obligatoria y Derivación a Bienestar Estudiantil,1. Sesión tutorial individual semanal. 2. Plan de refuerzo en temas críticos. 3. Monitoreo continuo de asistencia.
STD_00397,Carrera General,Nivel General,4.0,85.0,79.36,ALTO,ROJO (CRÍTICO),Tutoría Académica Obligatoria y Derivación a Bienestar Estudiantil,1. Sesión tutorial individual semanal. 2. Plan de refuerzo en temas críticos. 3. Monitoreo continuo de asistencia.
STD_00397,Carrera General,Nivel General,9.2,85.0,15.58,BAJO,VERDE (ÓPTIMO),Seguimiento Regular de Aula,1. Continuar con el ritmo académico habitual. 2. Oportunidad de participación como mentor/ayudante.
STD_00397,Carrera General,Nivel General,7.0,85.0,16.32,BAJO,VERDE (ÓPTIMO),Seguimiento Regular de Aula,1. Continuar con el ritmo académico habitual. 2. Oportunidad de participación como mentor/ayudante.
STD_00397,Carrera General,Nivel General,4.5,85.0,82.85,ALTO,ROJO (CRÍTICO),Tutoría Académica Obligatoria y Derivación a Bienestar Estudiantil,1. Sesión tutorial individual semanal. 2. Plan de refuerzo en temas críticos. 3. Monitoreo continuo de asistencia.
STD_00398,Carrera General,Nivel General,5.0,85.0,76.29,ALTO,ROJO (CRÍTICO),Tutoría Académica Obligatoria y Derivación a Bienestar Estudiantil,1. Sesión tutorial individual semanal. 2. Plan de refuerzo en temas críticos. 3. Monitoreo continuo de asistencia.
STD_00398,Carrera General,Nivel General,5.0,85.0,87.39,ALTO,ROJO (CRÍTICO),Tutoría Académica Obligatoria y Derivación a Bienestar Estudiantil,1. Sesión tutorial individual semanal. 2. Plan de refuerzo en temas críticos. 3. Monitoreo continuo de asistencia.
STD_00398,Carrera General,Nivel General,6.7,85.0,77.75,ALTO,ROJO (CRÍTICO),Tutoría Académica Obligatoria y Derivación a Bienestar Estudiantil,1. Sesión tutorial individual semanal. 2. Plan de refuerzo en temas críticos. 3. Monitoreo continuo de asistencia.
STD_00398,Carrera General,Nivel General,8.3,85.0,11.77,BAJO,VERDE (ÓPTIMO),Seguimiento Regular de Aula,1. Continuar con el ritmo académico habitual. 2. Oportunidad de participación como mentor/ayudante.
STD_00398,Carrera General,Nivel General,8.3,85.0,18.5,BAJO,VERDE (ÓPTIMO),Seguimiento Regular de Aula,1. Continuar con el ritmo académico habitual. 2. Oportunidad de participación como mentor/ayudante.
STD_00398,Carrera General,Nivel General,6.4,85.0,91.4,ALTO,ROJO (CRÍTICO),Tutoría Académica Obligatoria y Derivación a Bienestar Estudiantil,1. Sesión tutorial individual semanal. 2. Plan de refuerzo en temas críticos. 3. Monitoreo continuo de asistencia.
STD_00398,Carrera General,Nivel General,4.7,85.0,86.75,ALTO,ROJO (CRÍTICO),Tutoría Académica Obligatoria y Derivación a Bienestar Estudiantil,1. Sesión tutorial individual semanal. 2. Plan de refuerzo en temas críticos. 3. Monitoreo continuo de asistencia.
STD_00398,Carrera General,Nivel General,9.4,85.0,16.54,BAJO,VERDE (ÓPTIMO),Seguimiento Regular de Aula,1. Continuar con el ritmo académico habitual. 2. Oportunidad de participación como mentor/ayudante.
STD_00399,Carrera General,Nivel General,8.2,85.0,21.32,BAJO,VERDE (ÓPTIMO),Seguimiento Regular de Aula,1. Continuar con el ritmo académico habitual. 2. Oportunidad de participación como mentor/ayudante.
STD_00399,Carrera General,Nivel General,8.2,85.0,16.87,BAJO,VERDE (ÓPTIMO),Seguimiento Regular de Aula,1. Continuar con el ritmo académico habitual. 2. Oportunidad de participación como mentor/ayudante.
STD_00399,Carrera General,Nivel General,4.5,85.0,65.33,ALTO,ROJO (CRÍTICO),Tutoría Académica Obligatoria y Derivación a Bienestar Estudiantil,1. Sesión tutorial individual semanal. 2. Plan de refuerzo en temas críticos. 3. Monitoreo continuo de asistencia.
STD_00399,Carrera General,Nivel General,4.5,85.0,78.67,ALTO,ROJO (CRÍTICO),Tutoría Académica Obligatoria y Derivación a Bienestar Estudiantil,1. Sesión tutorial individual semanal. 2. Plan de refuerzo en temas críticos. 3. Monitoreo continuo de asistencia.
STD_00399,Carrera General,Nivel General,9.6,85.0,23.24,BAJO,VERDE (ÓPTIMO),Seguimiento Regular de Aula,1. Continuar con el ritmo académico habitual. 2. Oportunidad de participación como mentor/ayudante.
STD_00399,Carrera General,Nivel General,4.5,85.0,68.44,ALTO,ROJO (CRÍTICO),Tutoría Académica Obligatoria y Derivación a Bienestar Estudiantil,1. Sesión tutorial individual semanal. 2. Plan de refuerzo en temas críticos. 3. Monitoreo continuo de asistencia.
STD_00399,Carrera General,Nivel General,5.5,85.0,67.27,ALTO,ROJO (CRÍTICO),Tutoría Académica Obligatoria y Derivación a Bienestar Estudiantil,1. Sesión tutorial individual semanal. 2. Plan de refuerzo en temas críticos. 3. Monitoreo continuo de asistencia.
STD_00399,Carrera General,Nivel General,6.1,85.0,78.01,ALTO,ROJO (CRÍTICO),Tutoría Académica Obligatoria y Derivación a Bienestar Estudiantil,1. Sesión tutorial individual semanal. 2. Plan de refuerzo en temas críticos. 3. Monitoreo continuo de asistencia.
STD_00400,Carrera General,Nivel General,8.6,85.0,13.57,BAJO,VERDE (ÓPTIMO),Seguimiento Regular de Aula,1. Continuar con el ritmo académico habitual. 2. Oportunidad de participación como mentor/ayudante.
STD_00400,Carrera General,Nivel General,6.6,85.0,85.2,ALTO,ROJO (CRÍTICO),Tutoría Académica Obligatoria y Derivación a Bienestar Estudiantil,1. Sesión tutorial individual semanal. 2. Plan de refuerzo en temas críticos. 3. Monitoreo continuo de asistencia.
STD_00400,Carrera General,Nivel General,4.6,85.0,91.19,ALTO,ROJO (CRÍTICO),Tutoría Académica Obligatoria y Derivación a Bienestar Estudiantil,1. Sesión tutorial individual semanal. 2. Plan de refuerzo en temas críticos. 3. Monitoreo continuo de asistencia.
STD_00400,Carrera General,Nivel General,5.6,85.0,78.72,ALTO,ROJO (CRÍTICO),Tutoría Académica Obligatoria y Derivación a Bienestar Estudiantil,1. Sesión tutorial individual semanal. 2. Plan de refuerzo en temas críticos. 3. Monitoreo continuo de asistencia.
STD_00400,Carrera General,Nivel General,5.3,85.0,92.76,ALTO,ROJO (CRÍTICO),Tutoría Académica Obligatoria y Derivación a Bienestar Estudiantil,1. Sesión tutorial individual semanal. 2. Plan de refuerzo en temas críticos. 3. Monitoreo continuo de asistencia.
STD_00400,Carrera General,Nivel General,7.1,85.0,17.83,BAJO,VERDE (ÓPTIMO),Seguimiento Regular de Aula,1. Continuar con el ritmo académico habitual. 2. Oportunidad de participación como mentor/ayudante.
STD_00400,Carrera General,Nivel General,6.7,85.0,70.19,ALTO,ROJO (CRÍTICO),Tutoría Académica Obligatoria y Derivación a Bienestar Estudiantil,1. Sesión tutorial individual semanal. 2. Plan de refuerzo en temas críticos. 3. Monitoreo continuo de asistencia.
STD_00400,Carrera General,Nivel General,8.8,85.0,22.4,BAJO,VERDE (ÓPTIMO),Seguimiento Regular de Aula,1. Continuar con el ritmo académico habitual. 2. Oportunidad de participación como mentor/ayudante.
STD_00401,Carrera General,Nivel General,7.4,85.0,18.96,BAJO,VERDE (ÓPTIMO),Seguimiento Regular de Aula,1. Continuar con el ritmo académico habitual. 2. Oportunidad de participación como mentor/ayudante.
STD_00401,Carrera General,Nivel General,6.0,85.0,80.81,ALTO,ROJO (CRÍTICO),Tutoría Académica Obligatoria y Derivación a Bienestar Estudiantil,1. Sesión tutorial individual semanal. 2. Plan de refuerzo en temas críticos. 3. Monitoreo continuo de asistencia.
STD_00401,Carrera General,Nivel General,7.0,85.0,22.85,BAJO,VERDE (ÓPTIMO),Seguimiento Regular de Aula,1. Continuar con el ritmo académico habitual. 2. Oportunidad de participación como mentor/ayudante.
STD_00401,Carrera General,Nivel General,8.9,85.0,32.15,BAJO,VERDE (ÓPTIMO),Seguimiento Regular de Aula,1. Continuar con el ritmo académico habitual. 2. Oportunidad de participación como mentor/ayudante.
STD_00401,Carrera General,Nivel General,4.8,85.0,69.65,ALTO,ROJO (CRÍTICO),Tutoría Académica Obligatoria y Derivación a Bienestar Estudiantil,1. Sesión tutorial individual semanal. 2. Plan de refuerzo en temas críticos. 3. Monitoreo continuo de asistencia.
STD_00401,Carrera General,Nivel General,9.2,85.0,17.74,BAJO,VERDE (ÓPTIMO),Seguimiento Regular de Aula,1. Continuar con el ritmo académico habitual. 2. Oportunidad de participación como mentor/ayudante.
STD_00401,Carrera General,Nivel General,6.9,85.0,81.58,ALTO,ROJO (CRÍTICO),Tutoría Académica Obligatoria y Derivación a Bienestar Estudiantil,1. Sesión tutorial individual semanal. 2. Plan de refuerzo en temas críticos. 3. Monitoreo continuo de asistencia.
STD_00401,Carrera General,Nivel General,4.3,85.0,83.4,ALTO,ROJO (CRÍTICO),Tutoría Académica Obligatoria y Derivación a Bienestar Estudiantil,1. Sesión tutorial individual semanal. 2. Plan de refuerzo en temas críticos. 3. Monitoreo continuo de asistencia.
STD_00402,Carrera General,Nivel General,7.7,85.0,22.07,BAJO,VERDE (ÓPTIMO),Seguimiento Regular de Aula,1. Continuar con el ritmo académico habitual. 2. Oportunidad de participación como mentor/ayudante.
STD_00402,Carrera General,Nivel General,4.3,85.0,89.57,ALTO,ROJO (CRÍTICO),Tutoría Académica Obligatoria y Derivación a Bienestar Estudiantil,1. Sesión tutorial individual semanal. 2. Plan de refuerzo en temas críticos. 3. Monitoreo continuo de asistencia.
STD_00402,Carrera General,Nivel General,4.9,85.0,89.87,ALTO,ROJO (CRÍTICO),Tutoría Académica Obligatoria y Derivación a Bienestar Estudiantil,1. Sesión tutorial individual semanal. 2. Plan de refuerzo en temas críticos. 3. Monitoreo continuo de asistencia.
STD_00402,Carrera General,Nivel General,7.9,85.0,17.83,BAJO,VERDE (ÓPTIMO),Seguimiento Regular de Aula,1. Continuar con el ritmo académico habitual. 2. Oportunidad de participación como mentor/ayudante.
STD_00402,Carrera General,Nivel General,4.2,85.0,92.31,ALTO,ROJO (CRÍTICO),Tutoría Académica Obligatoria y Derivación a Bienestar Estudiantil,1. Sesión tutorial individual semanal. 2. Plan de refuerzo en temas críticos. 3. Monitoreo continuo de asistencia.
STD_00402,Carrera General,Nivel General,6.8,85.0,82.39,ALTO,ROJO (CRÍTICO),Tutoría Académica Obligatoria y Derivación a Bienestar Estudiantil,1. Sesión tutorial individual semanal. 2. Plan de refuerzo en temas críticos. 3. Monitoreo continuo de asistencia.
STD_00402,Carrera General,Nivel General,5.9,85.0,77.93,ALTO,ROJO (CRÍTICO),Tutoría Académica Obligatoria y Derivación a Bienestar Estudiantil,1. Sesión tutorial individual semanal. 2. Plan de refuerzo en temas críticos. 3. Monitoreo continuo de asistencia.
STD_00402,Carrera General,Nivel General,9.4,85.0,32.39,BAJO,VERDE (ÓPTIMO),Seguimiento Regular de Aula,1. Continuar con el ritmo académico habitual. 2. Oportunidad de participación como mentor/ayudante.
STD_00403,Carrera General,Nivel General,6.9,85.0,76.61,ALTO,ROJO (CRÍTICO),Tutoría Académica Obligatoria y Derivación a Bienestar Estudiantil,1. Sesión tutorial individual semanal. 2. Plan de refuerzo en temas críticos. 3. Monitoreo continuo de asistencia.
STD_00403,Carrera General,Nivel General,5.4,85.0,76.82,ALTO,ROJO (CRÍTICO),Tutoría Académica Obligatoria y Derivación a Bienestar Estudiantil,1. Sesión tutorial individual semanal. 2. Plan de refuerzo en temas críticos. 3. Monitoreo continuo de asistencia.
STD_00403,Carrera General,Nivel General,11.0,85.0,23.88,BAJO,VERDE (ÓPTIMO),Seguimiento Regular de Aula,1. Continuar con el ritmo académico habitual. 2. Oportunidad de participación como mentor/ayudante.
STD_00403,Carrera General,Nivel General,6.4,85.0,88.02,ALTO,ROJO (CRÍTICO),Tutoría Académica Obligatoria y Derivación a Bienestar Estudiantil,1. Sesión tutorial individual semanal. 2. Plan de refuerzo en temas críticos. 3. Monitoreo continuo de asistencia.
STD_00403,Carrera General,Nivel General,7.7,85.0,20.53,BAJO,VERDE (ÓPTIMO),Seguimiento Regular de Aula,1. Continuar con el ritmo académico habitual. 2. Oportunidad de participación como mentor/ayudante.
STD_00403,Carrera General,Nivel General,4.8,85.0,76.15,ALTO,ROJO (CRÍTICO),Tutoría Académica Obligatoria y Derivación a Bienestar Estudiantil,1. Sesión tutorial individual semanal. 2. Plan de refuerzo en temas críticos. 3. Monitoreo continuo de asistencia.
STD_00403,Carrera General,Nivel General,6.7,85.0,89.04,ALTO,ROJO (CRÍTICO),Tutoría Académica Obligatoria y Derivación a Bienestar Estudiantil,1. Sesión tutorial individual semanal. 2. Plan de refuerzo en temas críticos. 3. Monitoreo continuo de asistencia.
STD_00403,Carrera General,Nivel General,9.9,85.0,26.76,BAJO,VERDE (ÓPTIMO),Seguimiento Regular de Aula,1. Continuar con el ritmo académico habitual. 2. Oportunidad de participación como mentor/ayudante.
STD_00404,Carrera General,Nivel General,9.4,85.0,33.38,BAJO,VERDE (ÓPTIMO),Seguimiento Regular de Aula,1. Continuar con el ritmo académico habitual. 2. Oportunidad de participación como mentor/ayudante.
STD_00404,Carrera General,Nivel General,5.4,85.0,82.4,ALTO,ROJO (CRÍTICO),Tutoría Académica Obligatoria y Derivación a Bienestar Estudiantil,1. Sesión tutorial individual semanal. 2. Plan de refuerzo en temas críticos. 3. Monitoreo continuo de asistencia.
STD_00404,Carrera General,Nivel General,4.1,85.0,78.61,ALTO,ROJO (CRÍTICO),Tutoría Académica Obligatoria y Derivación a Bienestar Estudiantil,1. Sesión tutorial individual semanal. 2. Plan de refuerzo en temas críticos. 3. Monitoreo continuo de asistencia.
STD_00404,Carrera General,Nivel General,4.5,85.0,84.25,ALTO,ROJO (CRÍTICO),Tutoría Académica Obligatoria y Derivación a Bienestar Estudiantil,1. Sesión tutorial individual semanal. 2. Plan de refuerzo en temas críticos. 3. Monitoreo continuo de asistencia.
STD_00404,Carrera General,Nivel General,11.0,85.0,16.46,BAJO,VERDE (ÓPTIMO),Seguimiento Regular de Aula,1. Continuar con el ritmo académico habitual. 2. Oportunidad de participación como mentor/ayudante.
STD_00404,Carrera General,Nivel General,7.6,85.0,15.98,BAJO,VERDE (ÓPTIMO),Seguimiento Regular de Aula,1. Continuar con el ritmo académico habitual. 2. Oportunidad de participación como mentor/ayudante.
STD_00404,Carrera General,Nivel General,8.2,85.0,21.85,BAJO,VERDE (ÓPTIMO),Seguimiento Regular de Aula,1. Continuar con el ritmo académico habitual. 2. Oportunidad de participación como mentor/ayudante.
STD_00404,Carrera General,Nivel General,5.6,85.0,77.43,ALTO,ROJO (CRÍTICO),Tutoría Académica Obligatoria y Derivación a Bienestar Estudiantil,1. Sesión tutorial individual semanal. 2. Plan de refuerzo en temas críticos. 3. Monitoreo continuo de asistencia.
STD_00405,Carrera General,Nivel General,6.7,85.0,87.01,ALTO,ROJO (CRÍTICO),Tutoría Académica Obligatoria y Derivación a Bienestar Estudiantil,1. Sesión tutorial individual semanal. 2. Plan de refuerzo en temas críticos. 3. Monitoreo continuo de asistencia.
STD_00405,Carrera General,Nivel General,9.3,85.0,9.64,BAJO,VERDE (ÓPTIMO),Seguimiento Regular de Aula,1. Continuar con el ritmo académico habitual. 2. Oportunidad de participación como mentor/ayudante.
STD_00405,Carrera General,Nivel General,9.5,85.0,7.23,BAJO,VERDE (ÓPTIMO),Seguimiento Regular de Aula,1. Continuar con el ritmo académico habitual. 2. Oportunidad de participación como mentor/ayudante.
STD_00405,Carrera General,Nivel General,7.1,85.0,10.1,BAJO,VERDE (ÓPTIMO),Seguimiento Regular de Aula,1. Continuar con el ritmo académico habitual. 2. Oportunidad de participación como mentor/ayudante.
STD_00405,Carrera General,Nivel General,4.2,85.0,86.98,ALTO,ROJO (CRÍTICO),Tutoría Académica Obligatoria y Derivación a Bienestar Estudiantil,1. Sesión tutorial individual semanal. 2. Plan de refuerzo en temas críticos. 3. Monitoreo continuo de asistencia.
STD_00405,Carrera General,Nivel General,6.9,85.0,79.09,ALTO,ROJO (CRÍTICO),Tutoría Académica Obligatoria y Derivación a Bienestar Estudiantil,1. Sesión tutorial individual semanal. 2. Plan de refuerzo en temas críticos. 3. Monitoreo continuo de asistencia.
STD_00405,Carrera General,Nivel General,9.9,85.0,4.57,BAJO,VERDE (ÓPTIMO),Seguimiento Regular de Aula,1. Continuar con el ritmo académico habitual. 2. Oportunidad de participación como mentor/ayudante.
STD_00405,Carrera General,Nivel General,8.1,85.0,10.66,BAJO,VERDE (ÓPTIMO),Seguimiento Regular de Aula,1. Continuar con el ritmo académico habitual. 2. Oportunidad de participación como mentor/ayudante.
STD_00406,Carrera General,Nivel General,4.1,85.0,86.36,ALTO,ROJO (CRÍTICO),Tutoría Académica Obligatoria y Derivación a Bienestar Estudiantil,1. Sesión tutorial individual semanal. 2. Plan de refuerzo en temas críticos. 3. Monitoreo continuo de asistencia.
STD_00406,Carrera General,Nivel General,6.7,85.0,78.35,ALTO,ROJO (CRÍTICO),Tutoría Académica Obligatoria y Derivación a Bienestar Estudiantil,1. Sesión tutorial individual semanal. 2. Plan de refuerzo en temas críticos. 3. Monitoreo continuo de asistencia.
STD_00406,Carrera General,Nivel General,4.5,85.0,73.91,ALTO,ROJO (CRÍTICO),Tutoría Académica Obligatoria y Derivación a Bienestar Estudiantil,1. Sesión tutorial individual semanal. 2. Plan de refuerzo en temas críticos. 3. Monitoreo continuo de asistencia.
STD_00406,Carrera General,Nivel General,7.2,85.0,25.8,BAJO,VERDE (ÓPTIMO),Seguimiento Regular de Aula,1. Continuar con el ritmo académico habitual. 2. Oportunidad de participación como mentor/ayudante.
STD_00406,Carrera General,Nivel General,11.0,85.0,20.73,BAJO,VERDE (ÓPTIMO),Seguimiento Regular de Aula,1. Continuar con el ritmo académico habitual. 2. Oportunidad de participación como mentor/ayudante.
STD_00406,Carrera General,Nivel General,5.1,85.0,83.34,ALTO,ROJO (CRÍTICO),Tutoría Académica Obligatoria y Derivación a Bienestar Estudiantil,1. Sesión tutorial individual semanal. 2. Plan de refuerzo en temas críticos. 3. Monitoreo continuo de asistencia.
STD_00406,Carrera General,Nivel General,9.2,85.0,16.2,BAJO,VERDE (ÓPTIMO),Seguimiento Regular de Aula,1. Continuar con el ritmo académico habitual. 2. Oportunidad de participación como mentor/ayudante.
STD_00406,Carrera General,Nivel General,8.7,85.0,29.53,BAJO,VERDE (ÓPTIMO),Seguimiento Regular de Aula,1. Continuar con el ritmo académico habitual. 2. Oportunidad de participación como mentor/ayudante.
STD_00407,Carrera General,Nivel General,6.0,85.0,84.18,ALTO,ROJO (CRÍTICO),Tutoría Académica Obligatoria y Derivación a Bienestar Estudiantil,1. Sesión tutorial individual semanal. 2. Plan de refuerzo en temas críticos. 3. Monitoreo continuo de asistencia.
STD_00407,Carrera General,Nivel General,4.0,85.0,90.75,ALTO,ROJO (CRÍTICO),Tutoría Académica Obligatoria y Derivación a Bienestar Estudiantil,1. Sesión tutorial individual semanal. 2. Plan de refuerzo en temas críticos. 3. Monitoreo continuo de asistencia.
STD_00407,Carrera General,Nivel General,8.5,85.0,32.18,BAJO,VERDE (ÓPTIMO),Seguimiento Regular de Aula,1. Continuar con el ritmo académico habitual. 2. Oportunidad de participación como mentor/ayudante.
STD_00407,Carrera General,Nivel General,4.3,85.0,71.55,ALTO,ROJO (CRÍTICO),Tutoría Académica Obligatoria y Derivación a Bienestar Estudiantil,1. Sesión tutorial individual semanal. 2. Plan de refuerzo en temas críticos. 3. Monitoreo continuo de asistencia.
STD_00407,Carrera General,Nivel General,9.5,85.0,31.37,BAJO,VERDE (ÓPTIMO),Seguimiento Regular de Aula,1. Continuar con el ritmo académico habitual. 2. Oportunidad de participación como mentor/ayudante.
STD_00407,Carrera General,Nivel General,6.7,85.0,74.26,ALTO,ROJO (CRÍTICO),Tutoría Académica Obligatoria y Derivación a Bienestar Estudiantil,1. Sesión tutorial individual semanal. 2. Plan de refuerzo en temas críticos. 3. Monitoreo continuo de asistencia.
STD_00407,Carrera General,Nivel General,9.7,85.0,29.28,BAJO,VERDE (ÓPTIMO),Seguimiento Regular de Aula,1. Continuar con el ritmo académico habitual. 2. Oportunidad de participación como mentor/ayudante.
STD_00407,Carrera General,Nivel General,6.9,85.0,83.12,ALTO,ROJO (CRÍTICO),Tutoría Académica Obligatoria y Derivación a Bienestar Estudiantil,1. Sesión tutorial individual semanal. 2. Plan de refuerzo en temas críticos. 3. Monitoreo continuo de asistencia.
STD_00408,Carrera General,Nivel General,9.3,85.0,20.69,BAJO,VERDE (ÓPTIMO),Seguimiento Regular de Aula,1. Continuar con el ritmo académico habitual. 2. Oportunidad de participación como mentor/ayudante.
STD_00408,Carrera General,Nivel General,4.5,85.0,86.36,ALTO,ROJO (CRÍTICO),Tutoría Académica Obligatoria y Derivación a Bienestar Estudiantil,1. Sesión tutorial individual semanal. 2. Plan de refuerzo en temas críticos. 3. Monitoreo continuo de asistencia.
STD_00408,Carrera General,Nivel General,6.4,85.0,76.07,ALTO,ROJO (CRÍTICO),Tutoría Académica Obligatoria y Derivación a Bienestar Estudiantil,1. Sesión tutorial individual semanal. 2. Plan de refuerzo en temas críticos. 3. Monitoreo continuo de asistencia.
STD_00408,Carrera General,Nivel General,9.4,85.0,22.4,BAJO,VERDE (ÓPTIMO),Seguimiento Regular de Aula,1. Continuar con el ritmo académico habitual. 2. Oportunidad de participación como mentor/ayudante.
STD_00408,Carrera General,Nivel General,8.7,85.0,14.34,BAJO,VERDE (ÓPTIMO),Seguimiento Regular de Aula,1. Continuar con el ritmo académico habitual. 2. Oportunidad de participación como mentor/ayudante.
STD_00408,Carrera General,Nivel General,7.6,85.0,15.69,BAJO,VERDE (ÓPTIMO),Seguimiento Regular de Aula,1. Continuar con el ritmo académico habitual. 2. Oportunidad de participación como mentor/ayudante.
STD_00408,Carrera General,Nivel General,6.3,85.0,90.55,ALTO,ROJO (CRÍTICO),Tutoría Académica Obligatoria y Derivación a Bienestar Estudiantil,1. Sesión tutorial individual semanal. 2. Plan de refuerzo en temas críticos. 3. Monitoreo continuo de asistencia.
STD_00408,Carrera General,Nivel General,6.2,85.0,82.5,ALTO,ROJO (CRÍTICO),Tutoría Académica Obligatoria y Derivación a Bienestar Estudiantil,1. Sesión tutorial individual semanal. 2. Plan de refuerzo en temas críticos. 3. Monitoreo continuo de asistencia.
STD_00409,Carrera General,Nivel General,10.0,85.0,37.0,MEDIO,AMARILLO (ADVERTENCIA),Acompañamiento Tutorial Preventivo y Talleres de Estudio,1. Entrevista de seguimiento bimensual. 2. Talleres grupales de resolución de ejercicios.
STD_00409,Carrera General,Nivel General,7.5,85.0,22.21,BAJO,VERDE (ÓPTIMO),Seguimiento Regular de Aula,1. Continuar con el ritmo académico habitual. 2. Oportunidad de participación como mentor/ayudante.
STD_00409,Carrera General,Nivel General,7.6,85.0,18.55,BAJO,VERDE (ÓPTIMO),Seguimiento Regular de Aula,1. Continuar con el ritmo académico habitual. 2. Oportunidad de participación como mentor/ayudante.
STD_00409,Carrera General,Nivel General,4.7,85.0,55.22,ALTO,ROJO (CRÍTICO),Tutoría Académica Obligatoria y Derivación a Bienestar Estudiantil,1. Sesión tutorial individual semanal. 2. Plan de refuerzo en temas críticos. 3. Monitoreo continuo de asistencia.
STD_00409,Carrera General,Nivel General,7.7,85.0,26.55,BAJO,VERDE (ÓPTIMO),Seguimiento Regular de Aula,1. Continuar con el ritmo académico habitual. 2. Oportunidad de participación como mentor/ayudante.
STD_00409,Carrera General,Nivel General,5.8,85.0,54.52,ALTO,ROJO (CRÍTICO),Tutoría Académica Obligatoria y Derivación a Bienestar Estudiantil,1. Sesión tutorial individual semanal. 2. Plan de refuerzo en temas críticos. 3. Monitoreo continuo de asistencia.
STD_00409,Carrera General,Nivel General,7.0,85.0,28.64,BAJO,VERDE (ÓPTIMO),Seguimiento Regular de Aula,1. Continuar con el ritmo académico habitual. 2. Oportunidad de participación como mentor/ayudante.
STD_00409,Carrera General,Nivel General,11.0,85.0,29.84,BAJO,VERDE (ÓPTIMO),Seguimiento Regular de Aula,1. Continuar con el ritmo académico habitual. 2. Oportunidad de participación como mentor/ayudante.
STD_00410,Carrera General,Nivel General,9.6,85.0,24.48,BAJO,VERDE (ÓPTIMO),Seguimiento Regular de Aula,1. Continuar con el ritmo académico habitual. 2. Oportunidad de participación como mentor/ayudante.
STD_00410,Carrera General,Nivel General,4.3,85.0,82.18,ALTO,ROJO (CRÍTICO),Tutoría Académica Obligatoria y Derivación a Bienestar Estudiantil,1. Sesión tutorial individual semanal. 2. Plan de refuerzo en temas críticos. 3. Monitoreo continuo de asistencia.
STD_00410,Carrera General,Nivel General,4.7,85.0,74.6,ALTO,ROJO (CRÍTICO),Tutoría Académica Obligatoria y Derivación a Bienestar Estudiantil,1. Sesión tutorial individual semanal. 2. Plan de refuerzo en temas críticos. 3. Monitoreo continuo de asistencia.
STD_00410,Carrera General,Nivel General,4.1,85.0,74.59,ALTO,ROJO (CRÍTICO),Tutoría Académica Obligatoria y Derivación a Bienestar Estudiantil,1. Sesión tutorial individual semanal. 2. Plan de refuerzo en temas críticos. 3. Monitoreo continuo de asistencia.
STD_00410,Carrera General,Nivel General,7.9,85.0,15.27,BAJO,VERDE (ÓPTIMO),Seguimiento Regular de Aula,1. Continuar con el ritmo académico habitual. 2. Oportunidad de participación como mentor/ayudante.
STD_00410,Carrera General,Nivel General,11.0,85.0,22.9,BAJO,VERDE (ÓPTIMO),Seguimiento Regular de Aula,1. Continuar con el ritmo académico habitual. 2. Oportunidad de participación como mentor/ayudante.
STD_00410,Carrera General,Nivel General,6.0,85.0,73.79,ALTO,ROJO (CRÍTICO),Tutoría Académica Obligatoria y Derivación a Bienestar Estudiantil,1. Sesión tutorial individual semanal. 2. Plan de refuerzo en temas críticos. 3. Monitoreo continuo de asistencia.
STD_00410,Carrera General,Nivel General,8.1,85.0,28.23,BAJO,VERDE (ÓPTIMO),Seguimiento Regular de Aula,1. Continuar con el ritmo académico habitual. 2. Oportunidad de participación como mentor/ayudante.
STD_00411,Carrera General,Nivel General,4.4,85.0,73.28,ALTO,ROJO (CRÍTICO),Tutoría Académica Obligatoria y Derivación a Bienestar Estudiantil,1. Sesión tutorial individual semanal. 2. Plan de refuerzo en temas críticos. 3. Monitoreo continuo de asistencia.
STD_00411,Carrera General,Nivel General,4.5,85.0,88.64,ALTO,ROJO (CRÍTICO),Tutoría Académica Obligatoria y Derivación a Bienestar Estudiantil,1. Sesión tutorial individual semanal. 2. Plan de refuerzo en temas críticos. 3. Monitoreo continuo de asistencia.
STD_00411,Carrera General,Nivel General,4.0,85.0,84.49,ALTO,ROJO (CRÍTICO),Tutoría Académica Obligatoria y Derivación a Bienestar Estudiantil,1. Sesión tutorial individual semanal. 2. Plan de refuerzo en temas críticos. 3. Monitoreo continuo de asistencia.
STD_00411,Carrera General,Nivel General,7.4,85.0,13.79,BAJO,VERDE (ÓPTIMO),Seguimiento Regular de Aula,1. Continuar con el ritmo académico habitual. 2. Oportunidad de participación como mentor/ayudante.
STD_00411,Carrera General,Nivel General,7.4,85.0,28.54,BAJO,VERDE (ÓPTIMO),Seguimiento Regular de Aula,1. Continuar con el ritmo académico habitual. 2. Oportunidad de participación como mentor/ayudante.
STD_00411,Carrera General,Nivel General,8.6,85.0,39.7,MEDIO,AMARILLO (ADVERTENCIA),Acompañamiento Tutorial Preventivo y Talleres de Estudio,1. Entrevista de seguimiento bimensual. 2. Talleres grupales de resolución de ejercicios.
STD_00411,Carrera General,Nivel General,5.0,85.0,78.46,ALTO,ROJO (CRÍTICO),Tutoría Académica Obligatoria y Derivación a Bienestar Estudiantil,1. Sesión tutorial individual semanal. 2. Plan de refuerzo en temas críticos. 3. Monitoreo continuo de asistencia.
STD_00411,Carrera General,Nivel General,5.4,85.0,90.13,ALTO,ROJO (CRÍTICO),Tutoría Académica Obligatoria y Derivación a Bienestar Estudiantil,1. Sesión tutorial individual semanal. 2. Plan de refuerzo en temas críticos. 3. Monitoreo continuo de asistencia.
STD_00412,Carrera General,Nivel General,7.4,85.0,10.11,BAJO,VERDE (ÓPTIMO),Seguimiento Regular de Aula,1. Continuar con el ritmo académico habitual. 2. Oportunidad de participación como mentor/ayudante.
STD_00412,Carrera General,Nivel General,4.5,85.0,55.88,ALTO,ROJO (CRÍTICO),Tutoría Académica Obligatoria y Derivación a Bienestar Estudiantil,1. Sesión tutorial individual semanal. 2. Plan de refuerzo en temas críticos. 3. Monitoreo continuo de asistencia.
STD_00412,Carrera General,Nivel General,8.3,85.0,16.21,BAJO,VERDE (ÓPTIMO),Seguimiento Regular de Aula,1. Continuar con el ritmo académico habitual. 2. Oportunidad de participación como mentor/ayudante.
STD_00412,Carrera General,Nivel General,7.7,85.0,21.6,BAJO,VERDE (ÓPTIMO),Seguimiento Regular de Aula,1. Continuar con el ritmo académico habitual. 2. Oportunidad de participación como mentor/ayudante.
STD_00412,Carrera General,Nivel General,9.5,85.0,8.96,BAJO,VERDE (ÓPTIMO),Seguimiento Regular de Aula,1. Continuar con el ritmo académico habitual. 2. Oportunidad de participación como mentor/ayudante.
STD_00412,Carrera General,Nivel General,9.4,85.0,7.41,BAJO,VERDE (ÓPTIMO),Seguimiento Regular de Aula,1. Continuar con el ritmo académico habitual. 2. Oportunidad de participación como mentor/ayudante.
STD_00412,Carrera General,Nivel General,5.7,85.0,62.02,ALTO,ROJO (CRÍTICO),Tutoría Académica Obligatoria y Derivación a Bienestar Estudiantil,1. Sesión tutorial individual semanal. 2. Plan de refuerzo en temas críticos. 3. Monitoreo continuo de asistencia.
STD_00412,Carrera General,Nivel General,9.9,85.0,31.76,BAJO,VERDE (ÓPTIMO),Seguimiento Regular de Aula,1. Continuar con el ritmo académico habitual. 2. Oportunidad de participación como mentor/ayudante.
STD_00413,Carrera General,Nivel General,4.2,85.0,70.59,ALTO,ROJO (CRÍTICO),Tutoría Académica Obligatoria y Derivación a Bienestar Estudiantil,1. Sesión tutorial individual semanal. 2. Plan de refuerzo en temas críticos. 3. Monitoreo continuo de asistencia.
STD_00413,Carrera General,Nivel General,8.3,85.0,19.85,BAJO,VERDE (ÓPTIMO),Seguimiento Regular de Aula,1. Continuar con el ritmo académico habitual. 2. Oportunidad de participación como mentor/ayudante.
STD_00413,Carrera General,Nivel General,7.4,85.0,17.28,BAJO,VERDE (ÓPTIMO),Seguimiento Regular de Aula,1. Continuar con el ritmo académico habitual. 2. Oportunidad de participación como mentor/ayudante.
STD_00413,Carrera General,Nivel General,7.6,85.0,5.95,BAJO,VERDE (ÓPTIMO),Seguimiento Regular de Aula,1. Continuar con el ritmo académico habitual. 2. Oportunidad de participación como mentor/ayudante.
STD_00413,Carrera General,Nivel General,8.1,85.0,18.24,BAJO,VERDE (ÓPTIMO),Seguimiento Regular de Aula,1. Continuar con el ritmo académico habitual. 2. Oportunidad de participación como mentor/ayudante.
STD_00413,Carrera General,Nivel General,6.6,85.0,71.04,ALTO,ROJO (CRÍTICO),Tutoría Académica Obligatoria y Derivación a Bienestar Estudiantil,1. Sesión tutorial individual semanal. 2. Plan de refuerzo en temas críticos. 3. Monitoreo continuo de asistencia.
STD_00413,Carrera General,Nivel General,7.8,85.0,11.32,BAJO,VERDE (ÓPTIMO),Seguimiento Regular de Aula,1. Continuar con el ritmo académico habitual. 2. Oportunidad de participación como mentor/ayudante.
STD_00413,Carrera General,Nivel General,8.3,85.0,20.22,BAJO,VERDE (ÓPTIMO),Seguimiento Regular de Aula,1. Continuar con el ritmo académico habitual. 2. Oportunidad de participación como mentor/ayudante.
STD_00414,Carrera General,Nivel General,5.6,85.0,76.88,ALTO,ROJO (CRÍTICO),Tutoría Académica Obligatoria y Derivación a Bienestar Estudiantil,1. Sesión tutorial individual semanal. 2. Plan de refuerzo en temas críticos. 3. Monitoreo continuo de asistencia.
STD_00414,Carrera General,Nivel General,8.5,85.0,37.61,MEDIO,AMARILLO (ADVERTENCIA),Acompañamiento Tutorial Preventivo y Talleres de Estudio,1. Entrevista de seguimiento bimensual. 2. Talleres grupales de resolución de ejercicios.
STD_00414,Carrera General,Nivel General,5.2,85.0,71.5,ALTO,ROJO (CRÍTICO),Tutoría Académica Obligatoria y Derivación a Bienestar Estudiantil,1. Sesión tutorial individual semanal. 2. Plan de refuerzo en temas críticos. 3. Monitoreo continuo de asistencia.
STD_00414,Carrera General,Nivel General,10.0,85.0,24.77,BAJO,VERDE (ÓPTIMO),Seguimiento Regular de Aula,1. Continuar con el ritmo académico habitual. 2. Oportunidad de participación como mentor/ayudante.
STD_00414,Carrera General,Nivel General,5.4,85.0,64.56,ALTO,ROJO (CRÍTICO),Tutoría Académica Obligatoria y Derivación a Bienestar Estudiantil,1. Sesión tutorial individual semanal. 2. Plan de refuerzo en temas críticos. 3. Monitoreo continuo de asistencia.
STD_00414,Carrera General,Nivel General,5.4,85.0,86.3,ALTO,ROJO (CRÍTICO),Tutoría Académica Obligatoria y Derivación a Bienestar Estudiantil,1. Sesión tutorial individual semanal. 2. Plan de refuerzo en temas críticos. 3. Monitoreo continuo de asistencia.
STD_00414,Carrera General,Nivel General,10.0,85.0,23.23,BAJO,VERDE (ÓPTIMO),Seguimiento Regular de Aula,1. Continuar con el ritmo académico habitual. 2. Oportunidad de participación como mentor/ayudante.
STD_00414,Carrera General,Nivel General,5.9,85.0,62.07,ALTO,ROJO (CRÍTICO),Tutoría Académica Obligatoria y Derivación a Bienestar Estudiantil,1. Sesión tutorial individual semanal. 2. Plan de refuerzo en temas críticos. 3. Monitoreo continuo de asistencia.
STD_00415,Carrera General,Nivel General,8.5,85.0,8.96,BAJO,VERDE (ÓPTIMO),Seguimiento Regular de Aula,1. Continuar con el ritmo académico habitual. 2. Oportunidad de participación como mentor/ayudante.
STD_00415,Carrera General,Nivel General,6.1,85.0,67.12,ALTO,ROJO (CRÍTICO),Tutoría Académica Obligatoria y Derivación a Bienestar Estudiantil,1. Sesión tutorial individual semanal. 2. Plan de refuerzo en temas críticos. 3. Monitoreo continuo de asistencia.
STD_00415,Carrera General,Nivel General,5.2,85.0,75.16,ALTO,ROJO (CRÍTICO),Tutoría Académica Obligatoria y Derivación a Bienestar Estudiantil,1. Sesión tutorial individual semanal. 2. Plan de refuerzo en temas críticos. 3. Monitoreo continuo de asistencia.
STD_00415,Carrera General,Nivel General,7.1,85.0,15.34,BAJO,VERDE (ÓPTIMO),Seguimiento Regular de Aula,1. Continuar con el ritmo académico habitual. 2. Oportunidad de participación como mentor/ayudante.
STD_00415,Carrera General,Nivel General,9.8,85.0,17.07,BAJO,VERDE (ÓPTIMO),Seguimiento Regular de Aula,1. Continuar con el ritmo académico habitual. 2. Oportunidad de participación como mentor/ayudante.
STD_00415,Carrera General,Nivel General,7.4,85.0,8.52,BAJO,VERDE (ÓPTIMO),Seguimiento Regular de Aula,1. Continuar con el ritmo académico habitual. 2. Oportunidad de participación como mentor/ayudante.
STD_00415,Carrera General,Nivel General,7.3,85.0,21.12,BAJO,VERDE (ÓPTIMO),Seguimiento Regular de Aula,1. Continuar con el ritmo académico habitual. 2. Oportunidad de participación como mentor/ayudante.
STD_00415,Carrera General,Nivel General,8.5,85.0,11.46,BAJO,VERDE (ÓPTIMO),Seguimiento Regular de Aula,1. Continuar con el ritmo académico habitual. 2. Oportunidad de participación como mentor/ayudante.
STD_00416,Carrera General,Nivel General,8.3,85.0,23.2,BAJO,VERDE (ÓPTIMO),Seguimiento Regular de Aula,1. Continuar con el ritmo académico habitual. 2. Oportunidad de participación como mentor/ayudante.
STD_00416,Carrera General,Nivel General,5.0,85.0,86.23,ALTO,ROJO (CRÍTICO),Tutoría Académica Obligatoria y Derivación a Bienestar Estudiantil,1. Sesión tutorial individual semanal. 2. Plan de refuerzo en temas críticos. 3. Monitoreo continuo de asistencia.
STD_00416,Carrera General,Nivel General,8.2,85.0,12.6,BAJO,VERDE (ÓPTIMO),Seguimiento Regular de Aula,1. Continuar con el ritmo académico habitual. 2. Oportunidad de participación como mentor/ayudante.
STD_00416,Carrera General,Nivel General,4.7,85.0,84.01,ALTO,ROJO (CRÍTICO),Tutoría Académica Obligatoria y Derivación a Bienestar Estudiantil,1. Sesión tutorial individual semanal. 2. Plan de refuerzo en temas críticos. 3. Monitoreo continuo de asistencia.
STD_00416,Carrera General,Nivel General,5.8,85.0,85.23,ALTO,ROJO (CRÍTICO),Tutoría Académica Obligatoria y Derivación a Bienestar Estudiantil,1. Sesión tutorial individual semanal. 2. Plan de refuerzo en temas críticos. 3. Monitoreo continuo de asistencia.
STD_00416,Carrera General,Nivel General,8.8,85.0,16.63,BAJO,VERDE (ÓPTIMO),Seguimiento Regular de Aula,1. Continuar con el ritmo académico habitual. 2. Oportunidad de participación como mentor/ayudante.
STD_00416,Carrera General,Nivel General,5.8,85.0,92.13,ALTO,ROJO (CRÍTICO),Tutoría Académica Obligatoria y Derivación a Bienestar Estudiantil,1. Sesión tutorial individual semanal. 2. Plan de refuerzo en temas críticos. 3. Monitoreo continuo de asistencia.
STD_00416,Carrera General,Nivel General,5.8,85.0,83.01,ALTO,ROJO (CRÍTICO),Tutoría Académica Obligatoria y Derivación a Bienestar Estudiantil,1. Sesión tutorial individual semanal. 2. Plan de refuerzo en temas críticos. 3. Monitoreo continuo de asistencia.
STD_00417,Carrera General,Nivel General,5.4,85.0,83.45,ALTO,ROJO (CRÍTICO),Tutoría Académica Obligatoria y Derivación a Bienestar Estudiantil,1. Sesión tutorial individual semanal. 2. Plan de refuerzo en temas críticos. 3. Monitoreo continuo de asistencia.
STD_00417,Carrera General,Nivel General,7.8,85.0,15.06,BAJO,VERDE (ÓPTIMO),Seguimiento Regular de Aula,1. Continuar con el ritmo académico habitual. 2. Oportunidad de participación como mentor/ayudante.
STD_00417,Carrera General,Nivel General,6.4,85.0,84.69,ALTO,ROJO (CRÍTICO),Tutoría Académica Obligatoria y Derivación a Bienestar Estudiantil,1. Sesión tutorial individual semanal. 2. Plan de refuerzo en temas críticos. 3. Monitoreo continuo de asistencia.
STD_00417,Carrera General,Nivel General,9.2,85.0,24.9,BAJO,VERDE (ÓPTIMO),Seguimiento Regular de Aula,1. Continuar con el ritmo académico habitual. 2. Oportunidad de participación como mentor/ayudante.
STD_00417,Carrera General,Nivel General,6.6,85.0,58.77,MEDIO,AMARILLO (ADVERTENCIA),Acompañamiento Tutorial Preventivo y Talleres de Estudio,1. Entrevista de seguimiento bimensual. 2. Talleres grupales de resolución de ejercicios.
STD_00417,Carrera General,Nivel General,7.2,85.0,13.82,BAJO,VERDE (ÓPTIMO),Seguimiento Regular de Aula,1. Continuar con el ritmo académico habitual. 2. Oportunidad de participación como mentor/ayudante.
STD_00417,Carrera General,Nivel General,11.0,85.0,18.06,BAJO,VERDE (ÓPTIMO),Seguimiento Regular de Aula,1. Continuar con el ritmo académico habitual. 2. Oportunidad de participación como mentor/ayudante.
STD_00417,Carrera General,Nivel General,4.6,85.0,88.99,ALTO,ROJO (CRÍTICO),Tutoría Académica Obligatoria y Derivación a Bienestar Estudiantil,1. Sesión tutorial individual semanal. 2. Plan de refuerzo en temas críticos. 3. Monitoreo continuo de asistencia.
STD_00418,Carrera General,Nivel General,4.7,85.0,74.95,ALTO,ROJO (CRÍTICO),Tutoría Académica Obligatoria y Derivación a Bienestar Estudiantil,1. Sesión tutorial individual semanal. 2. Plan de refuerzo en temas críticos. 3. Monitoreo continuo de asistencia.
STD_00418,Carrera General,Nivel General,4.4,85.0,79.85,ALTO,ROJO (CRÍTICO),Tutoría Académica Obligatoria y Derivación a Bienestar Estudiantil,1. Sesión tutorial individual semanal. 2. Plan de refuerzo en temas críticos. 3. Monitoreo continuo de asistencia.
STD_00418,Carrera General,Nivel General,7.7,85.0,18.3,BAJO,VERDE (ÓPTIMO),Seguimiento Regular de Aula,1. Continuar con el ritmo académico habitual. 2. Oportunidad de participación como mentor/ayudante.
STD_00418,Carrera General,Nivel General,6.5,85.0,78.06,ALTO,ROJO (CRÍTICO),Tutoría Académica Obligatoria y Derivación a Bienestar Estudiantil,1. Sesión tutorial individual semanal. 2. Plan de refuerzo en temas críticos. 3. Monitoreo continuo de asistencia.
STD_00418,Carrera General,Nivel General,6.5,85.0,81.26,ALTO,ROJO (CRÍTICO),Tutoría Académica Obligatoria y Derivación a Bienestar Estudiantil,1. Sesión tutorial individual semanal. 2. Plan de refuerzo en temas críticos. 3. Monitoreo continuo de asistencia.
STD_00418,Carrera General,Nivel General,8.7,85.0,26.44,BAJO,VERDE (ÓPTIMO),Seguimiento Regular de Aula,1. Continuar con el ritmo académico habitual. 2. Oportunidad de participación como mentor/ayudante.
STD_00418,Carrera General,Nivel General,9.1,85.0,26.34,BAJO,VERDE (ÓPTIMO),Seguimiento Regular de Aula,1. Continuar con el ritmo académico habitual. 2. Oportunidad de participación como mentor/ayudante.
STD_00418,Carrera General,Nivel General,8.8,85.0,12.72,BAJO,VERDE (ÓPTIMO),Seguimiento Regular de Aula,1. Continuar con el ritmo académico habitual. 2. Oportunidad de participación como mentor/ayudante.
STD_00419,Carrera General,Nivel General,8.6,85.0,20.59,BAJO,VERDE (ÓPTIMO),Seguimiento Regular de Aula,1. Continuar con el ritmo académico habitual. 2. Oportunidad de participación como mentor/ayudante.
STD_00419,Carrera General,Nivel General,6.9,85.0,75.06,ALTO,ROJO (CRÍTICO),Tutoría Académica Obligatoria y Derivación a Bienestar Estudiantil,1. Sesión tutorial individual semanal. 2. Plan de refuerzo en temas críticos. 3. Monitoreo continuo de asistencia.
STD_00419,Carrera General,Nivel General,4.0,85.0,81.87,ALTO,ROJO (CRÍTICO),Tutoría Académica Obligatoria y Derivación a Bienestar Estudiantil,1. Sesión tutorial individual semanal. 2. Plan de refuerzo en temas críticos. 3. Monitoreo continuo de asistencia.
STD_00419,Carrera General,Nivel General,6.6,85.0,88.63,ALTO,ROJO (CRÍTICO),Tutoría Académica Obligatoria y Derivación a Bienestar Estudiantil,1. Sesión tutorial individual semanal. 2. Plan de refuerzo en temas críticos. 3. Monitoreo continuo de asistencia.
STD_00419,Carrera General,Nivel General,8.0,85.0,18.95,BAJO,VERDE (ÓPTIMO),Seguimiento Regular de Aula,1. Continuar con el ritmo académico habitual. 2. Oportunidad de participación como mentor/ayudante.
STD_00419,Carrera General,Nivel General,5.1,85.0,77.05,ALTO,ROJO (CRÍTICO),Tutoría Académica Obligatoria y Derivación a Bienestar Estudiantil,1. Sesión tutorial individual semanal. 2. Plan de refuerzo en temas críticos. 3. Monitoreo continuo de asistencia.
STD_00419,Carrera General,Nivel General,6.5,85.0,83.29,ALTO,ROJO (CRÍTICO),Tutoría Académica Obligatoria y Derivación a Bienestar Estudiantil,1. Sesión tutorial individual semanal. 2. Plan de refuerzo en temas críticos. 3. Monitoreo continuo de asistencia.
STD_00419,Carrera General,Nivel General,6.9,85.0,88.52,ALTO,ROJO (CRÍTICO),Tutoría Académica Obligatoria y Derivación a Bienestar Estudiantil,1. Sesión tutorial individual semanal. 2. Plan de refuerzo en temas críticos. 3. Monitoreo continuo de asistencia.
STD_00420,Carrera General,Nivel General,4.4,85.0,78.35,ALTO,ROJO (CRÍTICO),Tutoría Académica Obligatoria y Derivación a Bienestar Estudiantil,1. Sesión tutorial individual semanal. 2. Plan de refuerzo en temas críticos. 3. Monitoreo continuo de asistencia.
STD_00420,Carrera General,Nivel General,7.8,85.0,16.85,BAJO,VERDE (ÓPTIMO),Seguimiento Regular de Aula,1. Continuar con el ritmo académico habitual. 2. Oportunidad de participación como mentor/ayudante.
STD_00420,Carrera General,Nivel General,6.6,85.0,83.52,ALTO,ROJO (CRÍTICO),Tutoría Académica Obligatoria y Derivación a Bienestar Estudiantil,1. Sesión tutorial individual semanal. 2. Plan de refuerzo en temas críticos. 3. Monitoreo continuo de asistencia.
STD_00420,Carrera General,Nivel General,4.8,85.0,61.64,ALTO,ROJO (CRÍTICO),Tutoría Académica Obligatoria y Derivación a Bienestar Estudiantil,1. Sesión tutorial individual semanal. 2. Plan de refuerzo en temas críticos. 3. Monitoreo continuo de asistencia.
STD_00420,Carrera General,Nivel General,4.1,85.0,77.63,ALTO,ROJO (CRÍTICO),Tutoría Académica Obligatoria y Derivación a Bienestar Estudiantil,1. Sesión tutorial individual semanal. 2. Plan de refuerzo en temas críticos. 3. Monitoreo continuo de asistencia.
STD_00420,Carrera General,Nivel General,8.2,85.0,22.83,BAJO,VERDE (ÓPTIMO),Seguimiento Regular de Aula,1. Continuar con el ritmo académico habitual. 2. Oportunidad de participación como mentor/ayudante.
STD_00420,Carrera General,Nivel General,8.3,85.0,33.98,BAJO,VERDE (ÓPTIMO),Seguimiento Regular de Aula,1. Continuar con el ritmo académico habitual. 2. Oportunidad de participación como mentor/ayudante.
STD_00420,Carrera General,Nivel General,8.6,85.0,21.12,BAJO,VERDE (ÓPTIMO),Seguimiento Regular de Aula,1. Continuar con el ritmo académico habitual. 2. Oportunidad de participación como mentor/ayudante.
STD_00421,Carrera General,Nivel General,7.3,85.0,8.94,BAJO,VERDE (ÓPTIMO),Seguimiento Regular de Aula,1. Continuar con el ritmo académico habitual. 2. Oportunidad de participación como mentor/ayudante.
STD_00421,Carrera General,Nivel General,9.7,85.0,9.79,BAJO,VERDE (ÓPTIMO),Seguimiento Regular de Aula,1. Continuar con el ritmo académico habitual. 2. Oportunidad de participación como mentor/ayudante.
STD_00421,Carrera General,Nivel General,9.3,85.0,10.85,BAJO,VERDE (ÓPTIMO),Seguimiento Regular de Aula,1. Continuar con el ritmo académico habitual. 2. Oportunidad de participación como mentor/ayudante.
STD_00421,Carrera General,Nivel General,7.1,85.0,9.66,BAJO,VERDE (ÓPTIMO),Seguimiento Regular de Aula,1. Continuar con el ritmo académico habitual. 2. Oportunidad de participación como mentor/ayudante.
STD_00421,Carrera General,Nivel General,7.0,85.0,17.02,BAJO,VERDE (ÓPTIMO),Seguimiento Regular de Aula,1. Continuar con el ritmo académico habitual. 2. Oportunidad de participación como mentor/ayudante.
STD_00421,Carrera General,Nivel General,8.6,85.0,16.36,BAJO,VERDE (ÓPTIMO),Seguimiento Regular de Aula,1. Continuar con el ritmo académico habitual. 2. Oportunidad de participación como mentor/ayudante.
STD_00421,Carrera General,Nivel General,8.0,85.0,9.35,BAJO,VERDE (ÓPTIMO),Seguimiento Regular de Aula,1. Continuar con el ritmo académico habitual. 2. Oportunidad de participación como mentor/ayudante.
STD_00421,Carrera General,Nivel General,8.1,85.0,5.49,BAJO,VERDE (ÓPTIMO),Seguimiento Regular de Aula,1. Continuar con el ritmo académico habitual. 2. Oportunidad de participación como mentor/ayudante.
STD_00422,Carrera General,Nivel General,9.8,85.0,16.74,BAJO,VERDE (ÓPTIMO),Seguimiento Regular de Aula,1. Continuar con el ritmo académico habitual. 2. Oportunidad de participación como mentor/ayudante.
STD_00422,Carrera General,Nivel General,6.6,85.0,53.0,MEDIO,AMARILLO (ADVERTENCIA),Acompañamiento Tutorial Preventivo y Talleres de Estudio,1. Entrevista de seguimiento bimensual. 2. Talleres grupales de resolución de ejercicios.
STD_00422,Carrera General,Nivel General,8.7,85.0,18.89,BAJO,VERDE (ÓPTIMO),Seguimiento Regular de Aula,1. Continuar con el ritmo académico habitual. 2. Oportunidad de participación como mentor/ayudante.
STD_00422,Carrera General,Nivel General,6.1,85.0,75.47,ALTO,ROJO (CRÍTICO),Tutoría Académica Obligatoria y Derivación a Bienestar Estudiantil,1. Sesión tutorial individual semanal. 2. Plan de refuerzo en temas críticos. 3. Monitoreo continuo de asistencia.
STD_00422,Carrera General,Nivel General,6.8,85.0,74.87,ALTO,ROJO (CRÍTICO),Tutoría Académica Obligatoria y Derivación a Bienestar Estudiantil,1. Sesión tutorial individual semanal. 2. Plan de refuerzo en temas críticos. 3. Monitoreo continuo de asistencia.
STD_00422,Carrera General,Nivel General,9.3,85.0,16.64,BAJO,VERDE (ÓPTIMO),Seguimiento Regular de Aula,1. Continuar con el ritmo académico habitual. 2. Oportunidad de participación como mentor/ayudante.
STD_00422,Carrera General,Nivel General,7.2,85.0,21.15,BAJO,VERDE (ÓPTIMO),Seguimiento Regular de Aula,1. Continuar con el ritmo académico habitual. 2. Oportunidad de participación como mentor/ayudante.
STD_00422,Carrera General,Nivel General,7.5,85.0,12.83,BAJO,VERDE (ÓPTIMO),Seguimiento Regular de Aula,1. Continuar con el ritmo académico habitual. 2. Oportunidad de participación como mentor/ayudante.
STD_00423,Carrera General,Nivel General,4.1,85.0,86.3,ALTO,ROJO (CRÍTICO),Tutoría Académica Obligatoria y Derivación a Bienestar Estudiantil,1. Sesión tutorial individual semanal. 2. Plan de refuerzo en temas críticos. 3. Monitoreo continuo de asistencia.
STD_00423,Carrera General,Nivel General,8.0,85.0,10.42,BAJO,VERDE (ÓPTIMO),Seguimiento Regular de Aula,1. Continuar con el ritmo académico habitual. 2. Oportunidad de participación como mentor/ayudante.
STD_00423,Carrera General,Nivel General,7.6,85.0,14.25,BAJO,VERDE (ÓPTIMO),Seguimiento Regular de Aula,1. Continuar con el ritmo académico habitual. 2. Oportunidad de participación como mentor/ayudante.
STD_00423,Carrera General,Nivel General,5.5,85.0,67.3,ALTO,ROJO (CRÍTICO),Tutoría Académica Obligatoria y Derivación a Bienestar Estudiantil,1. Sesión tutorial individual semanal. 2. Plan de refuerzo en temas críticos. 3. Monitoreo continuo de asistencia.
STD_00423,Carrera General,Nivel General,7.7,85.0,25.98,BAJO,VERDE (ÓPTIMO),Seguimiento Regular de Aula,1. Continuar con el ritmo académico habitual. 2. Oportunidad de participación como mentor/ayudante.
STD_00423,Carrera General,Nivel General,6.9,85.0,79.96,ALTO,ROJO (CRÍTICO),Tutoría Académica Obligatoria y Derivación a Bienestar Estudiantil,1. Sesión tutorial individual semanal. 2. Plan de refuerzo en temas críticos. 3. Monitoreo continuo de asistencia.
STD_00423,Carrera General,Nivel General,4.1,85.0,82.6,ALTO,ROJO (CRÍTICO),Tutoría Académica Obligatoria y Derivación a Bienestar Estudiantil,1. Sesión tutorial individual semanal. 2. Plan de refuerzo en temas críticos. 3. Monitoreo continuo de asistencia.
STD_00423,Carrera General,Nivel General,7.5,85.0,19.06,BAJO,VERDE (ÓPTIMO),Seguimiento Regular de Aula,1. Continuar con el ritmo académico habitual. 2. Oportunidad de participación como mentor/ayudante.
STD_00424,Carrera General,Nivel General,8.6,85.0,24.49,BAJO,VERDE (ÓPTIMO),Seguimiento Regular de Aula,1. Continuar con el ritmo académico habitual. 2. Oportunidad de participación como mentor/ayudante.
STD_00424,Carrera General,Nivel General,7.4,85.0,14.62,BAJO,VERDE (ÓPTIMO),Seguimiento Regular de Aula,1. Continuar con el ritmo académico habitual. 2. Oportunidad de participación como mentor/ayudante.
STD_00424,Carrera General,Nivel General,9.3,85.0,6.08,BAJO,VERDE (ÓPTIMO),Seguimiento Regular de Aula,1. Continuar con el ritmo académico habitual. 2. Oportunidad de participación como mentor/ayudante.
STD_00424,Carrera General,Nivel General,5.9,85.0,72.65,ALTO,ROJO (CRÍTICO),Tutoría Académica Obligatoria y Derivación a Bienestar Estudiantil,1. Sesión tutorial individual semanal. 2. Plan de refuerzo en temas críticos. 3. Monitoreo continuo de asistencia.
STD_00424,Carrera General,Nivel General,4.3,85.0,69.1,ALTO,ROJO (CRÍTICO),Tutoría Académica Obligatoria y Derivación a Bienestar Estudiantil,1. Sesión tutorial individual semanal. 2. Plan de refuerzo en temas críticos. 3. Monitoreo continuo de asistencia.
STD_00424,Carrera General,Nivel General,7.9,85.0,12.26,BAJO,VERDE (ÓPTIMO),Seguimiento Regular de Aula,1. Continuar con el ritmo académico habitual. 2. Oportunidad de participación como mentor/ayudante.
STD_00424,Carrera General,Nivel General,8.9,85.0,21.27,BAJO,VERDE (ÓPTIMO),Seguimiento Regular de Aula,1. Continuar con el ritmo académico habitual. 2. Oportunidad de participación como mentor/ayudante.
STD_00424,Carrera General,Nivel General,11.0,85.0,7.35,BAJO,VERDE (ÓPTIMO),Seguimiento Regular de Aula,1. Continuar con el ritmo académico habitual. 2. Oportunidad de participación como mentor/ayudante.
STD_00425,Carrera General,Nivel General,6.0,85.0,76.67,ALTO,ROJO (CRÍTICO),Tutoría Académica Obligatoria y Derivación a Bienestar Estudiantil,1. Sesión tutorial individual semanal. 2. Plan de refuerzo en temas críticos. 3. Monitoreo continuo de asistencia.
STD_00425,Carrera General,Nivel General,5.9,85.0,86.16,ALTO,ROJO (CRÍTICO),Tutoría Académica Obligatoria y Derivación a Bienestar Estudiantil,1. Sesión tutorial individual semanal. 2. Plan de refuerzo en temas críticos. 3. Monitoreo continuo de asistencia.
STD_00425,Carrera General,Nivel General,4.6,85.0,91.57,ALTO,ROJO (CRÍTICO),Tutoría Académica Obligatoria y Derivación a Bienestar Estudiantil,1. Sesión tutorial individual semanal. 2. Plan de refuerzo en temas críticos. 3. Monitoreo continuo de asistencia.
STD_00425,Carrera General,Nivel General,5.8,85.0,93.38,ALTO,ROJO (CRÍTICO),Tutoría Académica Obligatoria y Derivación a Bienestar Estudiantil,1. Sesión tutorial individual semanal. 2. Plan de refuerzo en temas críticos. 3. Monitoreo continuo de asistencia.
STD_00425,Carrera General,Nivel General,9.6,85.0,24.17,BAJO,VERDE (ÓPTIMO),Seguimiento Regular de Aula,1. Continuar con el ritmo académico habitual. 2. Oportunidad de participación como mentor/ayudante.
STD_00425,Carrera General,Nivel General,7.4,85.0,27.37,BAJO,VERDE (ÓPTIMO),Seguimiento Regular de Aula,1. Continuar con el ritmo académico habitual. 2. Oportunidad de participación como mentor/ayudante.
STD_00425,Carrera General,Nivel General,6.4,85.0,73.67,ALTO,ROJO (CRÍTICO),Tutoría Académica Obligatoria y Derivación a Bienestar Estudiantil,1. Sesión tutorial individual semanal. 2. Plan de refuerzo en temas críticos. 3. Monitoreo continuo de asistencia.
STD_00425,Carrera General,Nivel General,8.8,85.0,20.5,BAJO,VERDE (ÓPTIMO),Seguimiento Regular de Aula,1. Continuar con el ritmo académico habitual. 2. Oportunidad de participación como mentor/ayudante.
STD_00426,Carrera General,Nivel General,7.6,85.0,30.47,BAJO,VERDE (ÓPTIMO),Seguimiento Regular de Aula,1. Continuar con el ritmo académico habitual. 2. Oportunidad de participación como mentor/ayudante.
STD_00426,Carrera General,Nivel General,5.5,85.0,68.13,ALTO,ROJO (CRÍTICO),Tutoría Académica Obligatoria y Derivación a Bienestar Estudiantil,1. Sesión tutorial individual semanal. 2. Plan de refuerzo en temas críticos. 3. Monitoreo continuo de asistencia.
STD_00426,Carrera General,Nivel General,5.2,85.0,70.52,ALTO,ROJO (CRÍTICO),Tutoría Académica Obligatoria y Derivación a Bienestar Estudiantil,1. Sesión tutorial individual semanal. 2. Plan de refuerzo en temas críticos. 3. Monitoreo continuo de asistencia.
STD_00426,Carrera General,Nivel General,5.5,85.0,79.29,ALTO,ROJO (CRÍTICO),Tutoría Académica Obligatoria y Derivación a Bienestar Estudiantil,1. Sesión tutorial individual semanal. 2. Plan de refuerzo en temas críticos. 3. Monitoreo continuo de asistencia.
STD_00426,Carrera General,Nivel General,7.4,85.0,25.83,BAJO,VERDE (ÓPTIMO),Seguimiento Regular de Aula,1. Continuar con el ritmo académico habitual. 2. Oportunidad de participación como mentor/ayudante.
STD_00426,Carrera General,Nivel General,4.7,85.0,72.54,ALTO,ROJO (CRÍTICO),Tutoría Académica Obligatoria y Derivación a Bienestar Estudiantil,1. Sesión tutorial individual semanal. 2. Plan de refuerzo en temas críticos. 3. Monitoreo continuo de asistencia.
STD_00426,Carrera General,Nivel General,4.1,85.0,88.16,ALTO,ROJO (CRÍTICO),Tutoría Académica Obligatoria y Derivación a Bienestar Estudiantil,1. Sesión tutorial individual semanal. 2. Plan de refuerzo en temas críticos. 3. Monitoreo continuo de asistencia.
STD_00426,Carrera General,Nivel General,6.4,85.0,86.64,ALTO,ROJO (CRÍTICO),Tutoría Académica Obligatoria y Derivación a Bienestar Estudiantil,1. Sesión tutorial individual semanal. 2. Plan de refuerzo en temas críticos. 3. Monitoreo continuo de asistencia.
STD_00427,Carrera General,Nivel General,7.5,85.0,5.84,BAJO,VERDE (ÓPTIMO),Seguimiento Regular de Aula,1. Continuar con el ritmo académico habitual. 2. Oportunidad de participación como mentor/ayudante.
STD_00427,Carrera General,Nivel General,8.0,85.0,12.92,BAJO,VERDE (ÓPTIMO),Seguimiento Regular de Aula,1. Continuar con el ritmo académico habitual. 2. Oportunidad de participación como mentor/ayudante.
STD_00427,Carrera General,Nivel General,5.4,85.0,87.92,ALTO,ROJO (CRÍTICO),Tutoría Académica Obligatoria y Derivación a Bienestar Estudiantil,1. Sesión tutorial individual semanal. 2. Plan de refuerzo en temas críticos. 3. Monitoreo continuo de asistencia.
STD_00427,Carrera General,Nivel General,9.9,85.0,6.93,BAJO,VERDE (ÓPTIMO),Seguimiento Regular de Aula,1. Continuar con el ritmo académico habitual. 2. Oportunidad de participación como mentor/ayudante.
STD_00427,Carrera General,Nivel General,4.2,85.0,85.58,ALTO,ROJO (CRÍTICO),Tutoría Académica Obligatoria y Derivación a Bienestar Estudiantil,1. Sesión tutorial individual semanal. 2. Plan de refuerzo en temas críticos. 3. Monitoreo continuo de asistencia.
STD_00427,Carrera General,Nivel General,9.5,85.0,6.92,BAJO,VERDE (ÓPTIMO),Seguimiento Regular de Aula,1. Continuar con el ritmo académico habitual. 2. Oportunidad de participación como mentor/ayudante.
STD_00427,Carrera General,Nivel General,8.2,85.0,9.65,BAJO,VERDE (ÓPTIMO),Seguimiento Regular de Aula,1. Continuar con el ritmo académico habitual. 2. Oportunidad de participación como mentor/ayudante.
STD_00427,Carrera General,Nivel General,8.1,85.0,7.12,BAJO,VERDE (ÓPTIMO),Seguimiento Regular de Aula,1. Continuar con el ritmo académico habitual. 2. Oportunidad de participación como mentor/ayudante.
STD_00428,Carrera General,Nivel General,11.0,85.0,29.4,BAJO,VERDE (ÓPTIMO),Seguimiento Regular de Aula,1. Continuar con el ritmo académico habitual. 2. Oportunidad de participación como mentor/ayudante.
STD_00428,Carrera General,Nivel General,8.6,85.0,12.01,BAJO,VERDE (ÓPTIMO),Seguimiento Regular de Aula,1. Continuar con el ritmo académico habitual. 2. Oportunidad de participación como mentor/ayudante.
STD_00428,Carrera General,Nivel General,8.5,85.0,25.46,BAJO,VERDE (ÓPTIMO),Seguimiento Regular de Aula,1. Continuar con el ritmo académico habitual. 2. Oportunidad de participación como mentor/ayudante.
STD_00428,Carrera General,Nivel General,6.5,85.0,71.02,ALTO,ROJO (CRÍTICO),Tutoría Académica Obligatoria y Derivación a Bienestar Estudiantil,1. Sesión tutorial individual semanal. 2. Plan de refuerzo en temas críticos. 3. Monitoreo continuo de asistencia.
STD_00428,Carrera General,Nivel General,9.6,85.0,37.13,MEDIO,AMARILLO (ADVERTENCIA),Acompañamiento Tutorial Preventivo y Talleres de Estudio,1. Entrevista de seguimiento bimensual. 2. Talleres grupales de resolución de ejercicios.
STD_00428,Carrera General,Nivel General,5.5,85.0,60.37,ALTO,ROJO (CRÍTICO),Tutoría Académica Obligatoria y Derivación a Bienestar Estudiantil,1. Sesión tutorial individual semanal. 2. Plan de refuerzo en temas críticos. 3. Monitoreo continuo de asistencia.
STD_00428,Carrera General,Nivel General,11.0,85.0,14.13,BAJO,VERDE (ÓPTIMO),Seguimiento Regular de Aula,1. Continuar con el ritmo académico habitual. 2. Oportunidad de participación como mentor/ayudante.
STD_00428,Carrera General,Nivel General,6.4,85.0,88.35,ALTO,ROJO (CRÍTICO),Tutoría Académica Obligatoria y Derivación a Bienestar Estudiantil,1. Sesión tutorial individual semanal. 2. Plan de refuerzo en temas críticos. 3. Monitoreo continuo de asistencia.
STD_00429,Carrera General,Nivel General,7.1,85.0,18.36,BAJO,VERDE (ÓPTIMO),Seguimiento Regular de Aula,1. Continuar con el ritmo académico habitual. 2. Oportunidad de participación como mentor/ayudante.
STD_00429,Carrera General,Nivel General,7.5,85.0,14.12,BAJO,VERDE (ÓPTIMO),Seguimiento Regular de Aula,1. Continuar con el ritmo académico habitual. 2. Oportunidad de participación como mentor/ayudante.
STD_00429,Carrera General,Nivel General,8.6,85.0,11.21,BAJO,VERDE (ÓPTIMO),Seguimiento Regular de Aula,1. Continuar con el ritmo académico habitual. 2. Oportunidad de participación como mentor/ayudante.
STD_00429,Carrera General,Nivel General,9.9,85.0,12.2,BAJO,VERDE (ÓPTIMO),Seguimiento Regular de Aula,1. Continuar con el ritmo académico habitual. 2. Oportunidad de participación como mentor/ayudante.
STD_00429,Carrera General,Nivel General,4.2,85.0,68.85,ALTO,ROJO (CRÍTICO),Tutoría Académica Obligatoria y Derivación a Bienestar Estudiantil,1. Sesión tutorial individual semanal. 2. Plan de refuerzo en temas críticos. 3. Monitoreo continuo de asistencia.
STD_00429,Carrera General,Nivel General,7.3,85.0,19.48,BAJO,VERDE (ÓPTIMO),Seguimiento Regular de Aula,1. Continuar con el ritmo académico habitual. 2. Oportunidad de participación como mentor/ayudante.
STD_00429,Carrera General,Nivel General,9.2,85.0,15.21,BAJO,VERDE (ÓPTIMO),Seguimiento Regular de Aula,1. Continuar con el ritmo académico habitual. 2. Oportunidad de participación como mentor/ayudante.
STD_00429,Carrera General,Nivel General,4.7,85.0,51.5,ALTO,ROJO (CRÍTICO),Tutoría Académica Obligatoria y Derivación a Bienestar Estudiantil,1. Sesión tutorial individual semanal. 2. Plan de refuerzo en temas críticos. 3. Monitoreo continuo de asistencia.
STD_00430,Carrera General,Nivel General,7.2,85.0,14.2,BAJO,VERDE (ÓPTIMO),Seguimiento Regular de Aula,1. Continuar con el ritmo académico habitual. 2. Oportunidad de participación como mentor/ayudante.
STD_00430,Carrera General,Nivel General,6.7,85.0,81.56,ALTO,ROJO (CRÍTICO),Tutoría Académica Obligatoria y Derivación a Bienestar Estudiantil,1. Sesión tutorial individual semanal. 2. Plan de refuerzo en temas críticos. 3. Monitoreo continuo de asistencia.
STD_00430,Carrera General,Nivel General,4.6,85.0,72.86,ALTO,ROJO (CRÍTICO),Tutoría Académica Obligatoria y Derivación a Bienestar Estudiantil,1. Sesión tutorial individual semanal. 2. Plan de refuerzo en temas críticos. 3. Monitoreo continuo de asistencia.
STD_00430,Carrera General,Nivel General,4.1,85.0,81.39,ALTO,ROJO (CRÍTICO),Tutoría Académica Obligatoria y Derivación a Bienestar Estudiantil,1. Sesión tutorial individual semanal. 2. Plan de refuerzo en temas críticos. 3. Monitoreo continuo de asistencia.
STD_00430,Carrera General,Nivel General,4.9,85.0,53.7,ALTO,ROJO (CRÍTICO),Tutoría Académica Obligatoria y Derivación a Bienestar Estudiantil,1. Sesión tutorial individual semanal. 2. Plan de refuerzo en temas críticos. 3. Monitoreo continuo de asistencia.
STD_00430,Carrera General,Nivel General,9.5,85.0,18.92,BAJO,VERDE (ÓPTIMO),Seguimiento Regular de Aula,1. Continuar con el ritmo académico habitual. 2. Oportunidad de participación como mentor/ayudante.
STD_00430,Carrera General,Nivel General,8.0,85.0,25.78,BAJO,VERDE (ÓPTIMO),Seguimiento Regular de Aula,1. Continuar con el ritmo académico habitual. 2. Oportunidad de participación como mentor/ayudante.
STD_00430,Carrera General,Nivel General,9.3,85.0,25.46,BAJO,VERDE (ÓPTIMO),Seguimiento Regular de Aula,1. Continuar con el ritmo académico habitual. 2. Oportunidad de participación como mentor/ayudante.
STD_00431,Carrera General,Nivel General,7.4,85.0,13.86,BAJO,VERDE (ÓPTIMO),Seguimiento Regular de Aula,1. Continuar con el ritmo académico habitual. 2. Oportunidad de participación como mentor/ayudante.
STD_00431,Carrera General,Nivel General,6.9,85.0,87.8,ALTO,ROJO (CRÍTICO),Tutoría Académica Obligatoria y Derivación a Bienestar Estudiantil,1. Sesión tutorial individual semanal. 2. Plan de refuerzo en temas críticos. 3. Monitoreo continuo de asistencia.
STD_00431,Carrera General,Nivel General,8.5,85.0,11.29,BAJO,VERDE (ÓPTIMO),Seguimiento Regular de Aula,1. Continuar con el ritmo académico habitual. 2. Oportunidad de participación como mentor/ayudante.
STD_00431,Carrera General,Nivel General,7.7,85.0,8.87,BAJO,VERDE (ÓPTIMO),Seguimiento Regular de Aula,1. Continuar con el ritmo académico habitual. 2. Oportunidad de participación como mentor/ayudante.
STD_00431,Carrera General,Nivel General,5.3,85.0,90.46,ALTO,ROJO (CRÍTICO),Tutoría Académica Obligatoria y Derivación a Bienestar Estudiantil,1. Sesión tutorial individual semanal. 2. Plan de refuerzo en temas críticos. 3. Monitoreo continuo de asistencia.
STD_00431,Carrera General,Nivel General,7.3,85.0,11.45,BAJO,VERDE (ÓPTIMO),Seguimiento Regular de Aula,1. Continuar con el ritmo académico habitual. 2. Oportunidad de participación como mentor/ayudante.
STD_00431,Carrera General,Nivel General,4.6,85.0,77.31,ALTO,ROJO (CRÍTICO),Tutoría Académica Obligatoria y Derivación a Bienestar Estudiantil,1. Sesión tutorial individual semanal. 2. Plan de refuerzo en temas críticos. 3. Monitoreo continuo de asistencia.
STD_00431,Carrera General,Nivel General,4.7,85.0,81.19,ALTO,ROJO (CRÍTICO),Tutoría Académica Obligatoria y Derivación a Bienestar Estudiantil,1. Sesión tutorial individual semanal. 2. Plan de refuerzo en temas críticos. 3. Monitoreo continuo de asistencia.
STD_00432,Carrera General,Nivel General,7.3,85.0,12.22,BAJO,VERDE (ÓPTIMO),Seguimiento Regular de Aula,1. Continuar con el ritmo académico habitual. 2. Oportunidad de participación como mentor/ayudante.
STD_00432,Carrera General,Nivel General,5.2,85.0,73.73,ALTO,ROJO (CRÍTICO),Tutoría Académica Obligatoria y Derivación a Bienestar Estudiantil,1. Sesión tutorial individual semanal. 2. Plan de refuerzo en temas críticos. 3. Monitoreo continuo de asistencia.
STD_00432,Carrera General,Nivel General,9.5,85.0,6.92,BAJO,VERDE (ÓPTIMO),Seguimiento Regular de Aula,1. Continuar con el ritmo académico habitual. 2. Oportunidad de participación como mentor/ayudante.
STD_00432,Carrera General,Nivel General,7.7,85.0,20.24,BAJO,VERDE (ÓPTIMO),Seguimiento Regular de Aula,1. Continuar con el ritmo académico habitual. 2. Oportunidad de participación como mentor/ayudante.
STD_00432,Carrera General,Nivel General,5.3,85.0,69.58,ALTO,ROJO (CRÍTICO),Tutoría Académica Obligatoria y Derivación a Bienestar Estudiantil,1. Sesión tutorial individual semanal. 2. Plan de refuerzo en temas críticos. 3. Monitoreo continuo de asistencia.
STD_00432,Carrera General,Nivel General,8.2,85.0,4.82,BAJO,VERDE (ÓPTIMO),Seguimiento Regular de Aula,1. Continuar con el ritmo académico habitual. 2. Oportunidad de participación como mentor/ayudante.
STD_00432,Carrera General,Nivel General,11.0,85.0,13.64,BAJO,VERDE (ÓPTIMO),Seguimiento Regular de Aula,1. Continuar con el ritmo académico habitual. 2. Oportunidad de participación como mentor/ayudante.
STD_00432,Carrera General,Nivel General,9.0,85.0,7.1,BAJO,VERDE (ÓPTIMO),Seguimiento Regular de Aula,1. Continuar con el ritmo académico habitual. 2. Oportunidad de participación como mentor/ayudante.
STD_00433,Carrera General,Nivel General,5.8,85.0,62.19,ALTO,ROJO (CRÍTICO),Tutoría Académica Obligatoria y Derivación a Bienestar Estudiantil,1. Sesión tutorial individual semanal. 2. Plan de refuerzo en temas críticos. 3. Monitoreo continuo de asistencia.
STD_00433,Carrera General,Nivel General,7.2,85.0,24.38,BAJO,VERDE (ÓPTIMO),Seguimiento Regular de Aula,1. Continuar con el ritmo académico habitual. 2. Oportunidad de participación como mentor/ayudante.
STD_00433,Carrera General,Nivel General,4.9,85.0,64.26,ALTO,ROJO (CRÍTICO),Tutoría Académica Obligatoria y Derivación a Bienestar Estudiantil,1. Sesión tutorial individual semanal. 2. Plan de refuerzo en temas críticos. 3. Monitoreo continuo de asistencia.
STD_00433,Carrera General,Nivel General,7.8,85.0,32.25,BAJO,VERDE (ÓPTIMO),Seguimiento Regular de Aula,1. Continuar con el ritmo académico habitual. 2. Oportunidad de participación como mentor/ayudante.
STD_00433,Carrera General,Nivel General,8.1,85.0,5.76,BAJO,VERDE (ÓPTIMO),Seguimiento Regular de Aula,1. Continuar con el ritmo académico habitual. 2. Oportunidad de participación como mentor/ayudante.
STD_00433,Carrera General,Nivel General,8.9,85.0,20.57,BAJO,VERDE (ÓPTIMO),Seguimiento Regular de Aula,1. Continuar con el ritmo académico habitual. 2. Oportunidad de participación como mentor/ayudante.
STD_00433,Carrera General,Nivel General,4.5,85.0,72.12,ALTO,ROJO (CRÍTICO),Tutoría Académica Obligatoria y Derivación a Bienestar Estudiantil,1. Sesión tutorial individual semanal. 2. Plan de refuerzo en temas críticos. 3. Monitoreo continuo de asistencia.
STD_00433,Carrera General,Nivel General,7.3,85.0,21.05,BAJO,VERDE (ÓPTIMO),Seguimiento Regular de Aula,1. Continuar con el ritmo académico habitual. 2. Oportunidad de participación como mentor/ayudante.
STD_00434,Carrera General,Nivel General,11.0,85.0,32.4,BAJO,VERDE (ÓPTIMO),Seguimiento Regular de Aula,1. Continuar con el ritmo académico habitual. 2. Oportunidad de participación como mentor/ayudante.
STD_00434,Carrera General,Nivel General,6.0,85.0,65.22,ALTO,ROJO (CRÍTICO),Tutoría Académica Obligatoria y Derivación a Bienestar Estudiantil,1. Sesión tutorial individual semanal. 2. Plan de refuerzo en temas críticos. 3. Monitoreo continuo de asistencia.
STD_00434,Carrera General,Nivel General,7.5,85.0,26.81,BAJO,VERDE (ÓPTIMO),Seguimiento Regular de Aula,1. Continuar con el ritmo académico habitual. 2. Oportunidad de participación como mentor/ayudante.
STD_00434,Carrera General,Nivel General,6.3,85.0,60.79,MEDIO,AMARILLO (ADVERTENCIA),Acompañamiento Tutorial Preventivo y Talleres de Estudio,1. Entrevista de seguimiento bimensual. 2. Talleres grupales de resolución de ejercicios.
STD_00434,Carrera General,Nivel General,7.5,85.0,21.04,BAJO,VERDE (ÓPTIMO),Seguimiento Regular de Aula,1. Continuar con el ritmo académico habitual. 2. Oportunidad de participación como mentor/ayudante.
STD_00434,Carrera General,Nivel General,5.7,85.0,70.46,ALTO,ROJO (CRÍTICO),Tutoría Académica Obligatoria y Derivación a Bienestar Estudiantil,1. Sesión tutorial individual semanal. 2. Plan de refuerzo en temas críticos. 3. Monitoreo continuo de asistencia.
STD_00434,Carrera General,Nivel General,9.4,85.0,18.42,BAJO,VERDE (ÓPTIMO),Seguimiento Regular de Aula,1. Continuar con el ritmo académico habitual. 2. Oportunidad de participación como mentor/ayudante.
STD_00434,Carrera General,Nivel General,8.9,85.0,23.38,BAJO,VERDE (ÓPTIMO),Seguimiento Regular de Aula,1. Continuar con el ritmo académico habitual. 2. Oportunidad de participación como mentor/ayudante.
STD_00435,Carrera General,Nivel General,9.8,85.0,30.93,BAJO,VERDE (ÓPTIMO),Seguimiento Regular de Aula,1. Continuar con el ritmo académico habitual. 2. Oportunidad de participación como mentor/ayudante.
STD_00435,Carrera General,Nivel General,9.1,85.0,31.64,BAJO,VERDE (ÓPTIMO),Seguimiento Regular de Aula,1. Continuar con el ritmo académico habitual. 2. Oportunidad de participación como mentor/ayudante.
STD_00435,Carrera General,Nivel General,4.6,85.0,76.79,ALTO,ROJO (CRÍTICO),Tutoría Académica Obligatoria y Derivación a Bienestar Estudiantil,1. Sesión tutorial individual semanal. 2. Plan de refuerzo en temas críticos. 3. Monitoreo continuo de asistencia.
STD_00435,Carrera General,Nivel General,4.8,85.0,80.93,ALTO,ROJO (CRÍTICO),Tutoría Académica Obligatoria y Derivación a Bienestar Estudiantil,1. Sesión tutorial individual semanal. 2. Plan de refuerzo en temas críticos. 3. Monitoreo continuo de asistencia.
STD_00435,Carrera General,Nivel General,5.0,85.0,75.92,ALTO,ROJO (CRÍTICO),Tutoría Académica Obligatoria y Derivación a Bienestar Estudiantil,1. Sesión tutorial individual semanal. 2. Plan de refuerzo en temas críticos. 3. Monitoreo continuo de asistencia.
STD_00435,Carrera General,Nivel General,6.1,85.0,85.01,ALTO,ROJO (CRÍTICO),Tutoría Académica Obligatoria y Derivación a Bienestar Estudiantil,1. Sesión tutorial individual semanal. 2. Plan de refuerzo en temas críticos. 3. Monitoreo continuo de asistencia.
STD_00435,Carrera General,Nivel General,10.0,85.0,18.23,BAJO,VERDE (ÓPTIMO),Seguimiento Regular de Aula,1. Continuar con el ritmo académico habitual. 2. Oportunidad de participación como mentor/ayudante.
STD_00435,Carrera General,Nivel General,8.6,85.0,28.93,BAJO,VERDE (ÓPTIMO),Seguimiento Regular de Aula,1. Continuar con el ritmo académico habitual. 2. Oportunidad de participación como mentor/ayudante.
STD_00436,Carrera General,Nivel General,4.2,85.0,85.99,ALTO,ROJO (CRÍTICO),Tutoría Académica Obligatoria y Derivación a Bienestar Estudiantil,1. Sesión tutorial individual semanal. 2. Plan de refuerzo en temas críticos. 3. Monitoreo continuo de asistencia.
STD_00436,Carrera General,Nivel General,9.2,85.0,24.76,BAJO,VERDE (ÓPTIMO),Seguimiento Regular de Aula,1. Continuar con el ritmo académico habitual. 2. Oportunidad de participación como mentor/ayudante.
STD_00436,Carrera General,Nivel General,9.0,85.0,22.21,BAJO,VERDE (ÓPTIMO),Seguimiento Regular de Aula,1. Continuar con el ritmo académico habitual. 2. Oportunidad de participación como mentor/ayudante.
STD_00436,Carrera General,Nivel General,4.6,85.0,63.29,ALTO,ROJO (CRÍTICO),Tutoría Académica Obligatoria y Derivación a Bienestar Estudiantil,1. Sesión tutorial individual semanal. 2. Plan de refuerzo en temas críticos. 3. Monitoreo continuo de asistencia.
STD_00436,Carrera General,Nivel General,4.7,85.0,79.59,ALTO,ROJO (CRÍTICO),Tutoría Académica Obligatoria y Derivación a Bienestar Estudiantil,1. Sesión tutorial individual semanal. 2. Plan de refuerzo en temas críticos. 3. Monitoreo continuo de asistencia.
STD_00436,Carrera General,Nivel General,4.1,85.0,75.09,ALTO,ROJO (CRÍTICO),Tutoría Académica Obligatoria y Derivación a Bienestar Estudiantil,1. Sesión tutorial individual semanal. 2. Plan de refuerzo en temas críticos. 3. Monitoreo continuo de asistencia.
STD_00436,Carrera General,Nivel General,4.1,85.0,78.66,ALTO,ROJO (CRÍTICO),Tutoría Académica Obligatoria y Derivación a Bienestar Estudiantil,1. Sesión tutorial individual semanal. 2. Plan de refuerzo en temas críticos. 3. Monitoreo continuo de asistencia.
STD_00436,Carrera General,Nivel General,7.9,85.0,25.27,BAJO,VERDE (ÓPTIMO),Seguimiento Regular de Aula,1. Continuar con el ritmo académico habitual. 2. Oportunidad de participación como mentor/ayudante.
STD_00437,Carrera General,Nivel General,7.4,85.0,12.02,BAJO,VERDE (ÓPTIMO),Seguimiento Regular de Aula,1. Continuar con el ritmo académico habitual. 2. Oportunidad de participación como mentor/ayudante.
STD_00437,Carrera General,Nivel General,8.3,85.0,15.37,BAJO,VERDE (ÓPTIMO),Seguimiento Regular de Aula,1. Continuar con el ritmo académico habitual. 2. Oportunidad de participación como mentor/ayudante.
STD_00437,Carrera General,Nivel General,9.0,85.0,14.35,BAJO,VERDE (ÓPTIMO),Seguimiento Regular de Aula,1. Continuar con el ritmo académico habitual. 2. Oportunidad de participación como mentor/ayudante.
STD_00437,Carrera General,Nivel General,4.2,85.0,46.7,ALTO,ROJO (CRÍTICO),Tutoría Académica Obligatoria y Derivación a Bienestar Estudiantil,1. Sesión tutorial individual semanal. 2. Plan de refuerzo en temas críticos. 3. Monitoreo continuo de asistencia.
STD_00437,Carrera General,Nivel General,6.7,85.0,63.37,MEDIO,AMARILLO (ADVERTENCIA),Acompañamiento Tutorial Preventivo y Talleres de Estudio,1. Entrevista de seguimiento bimensual. 2. Talleres grupales de resolución de ejercicios.
STD_00437,Carrera General,Nivel General,5.6,85.0,64.24,ALTO,ROJO (CRÍTICO),Tutoría Académica Obligatoria y Derivación a Bienestar Estudiantil,1. Sesión tutorial individual semanal. 2. Plan de refuerzo en temas críticos. 3. Monitoreo continuo de asistencia.
STD_00437,Carrera General,Nivel General,7.3,85.0,13.16,BAJO,VERDE (ÓPTIMO),Seguimiento Regular de Aula,1. Continuar con el ritmo académico habitual. 2. Oportunidad de participación como mentor/ayudante.
STD_00437,Carrera General,Nivel General,8.7,85.0,16.43,BAJO,VERDE (ÓPTIMO),Seguimiento Regular de Aula,1. Continuar con el ritmo académico habitual. 2. Oportunidad de participación como mentor/ayudante.
STD_00438,Carrera General,Nivel General,5.1,85.0,84.34,ALTO,ROJO (CRÍTICO),Tutoría Académica Obligatoria y Derivación a Bienestar Estudiantil,1. Sesión tutorial individual semanal. 2. Plan de refuerzo en temas críticos. 3. Monitoreo continuo de asistencia.
STD_00438,Carrera General,Nivel General,5.9,85.0,87.14,ALTO,ROJO (CRÍTICO),Tutoría Académica Obligatoria y Derivación a Bienestar Estudiantil,1. Sesión tutorial individual semanal. 2. Plan de refuerzo en temas críticos. 3. Monitoreo continuo de asistencia.
STD_00438,Carrera General,Nivel General,7.9,85.0,14.16,BAJO,VERDE (ÓPTIMO),Seguimiento Regular de Aula,1. Continuar con el ritmo académico habitual. 2. Oportunidad de participación como mentor/ayudante.
STD_00438,Carrera General,Nivel General,10.0,85.0,11.57,BAJO,VERDE (ÓPTIMO),Seguimiento Regular de Aula,1. Continuar con el ritmo académico habitual. 2. Oportunidad de participación como mentor/ayudante.
STD_00438,Carrera General,Nivel General,4.5,85.0,90.43,ALTO,ROJO (CRÍTICO),Tutoría Académica Obligatoria y Derivación a Bienestar Estudiantil,1. Sesión tutorial individual semanal. 2. Plan de refuerzo en temas críticos. 3. Monitoreo continuo de asistencia.
STD_00438,Carrera General,Nivel General,8.1,85.0,18.42,BAJO,VERDE (ÓPTIMO),Seguimiento Regular de Aula,1. Continuar con el ritmo académico habitual. 2. Oportunidad de participación como mentor/ayudante.
STD_00438,Carrera General,Nivel General,5.5,85.0,87.85,ALTO,ROJO (CRÍTICO),Tutoría Académica Obligatoria y Derivación a Bienestar Estudiantil,1. Sesión tutorial individual semanal. 2. Plan de refuerzo en temas críticos. 3. Monitoreo continuo de asistencia.
STD_00438,Carrera General,Nivel General,9.8,85.0,15.78,BAJO,VERDE (ÓPTIMO),Seguimiento Regular de Aula,1. Continuar con el ritmo académico habitual. 2. Oportunidad de participación como mentor/ayudante.
STD_00439,Carrera General,Nivel General,4.4,85.0,59.3,ALTO,ROJO (CRÍTICO),Tutoría Académica Obligatoria y Derivación a Bienestar Estudiantil,1. Sesión tutorial individual semanal. 2. Plan de refuerzo en temas críticos. 3. Monitoreo continuo de asistencia.
STD_00439,Carrera General,Nivel General,5.1,85.0,67.2,ALTO,ROJO (CRÍTICO),Tutoría Académica Obligatoria y Derivación a Bienestar Estudiantil,1. Sesión tutorial individual semanal. 2. Plan de refuerzo en temas críticos. 3. Monitoreo continuo de asistencia.
STD_00439,Carrera General,Nivel General,8.3,85.0,14.05,BAJO,VERDE (ÓPTIMO),Seguimiento Regular de Aula,1. Continuar con el ritmo académico habitual. 2. Oportunidad de participación como mentor/ayudante.
STD_00439,Carrera General,Nivel General,9.8,85.0,12.1,BAJO,VERDE (ÓPTIMO),Seguimiento Regular de Aula,1. Continuar con el ritmo académico habitual. 2. Oportunidad de participación como mentor/ayudante.
STD_00439,Carrera General,Nivel General,9.4,85.0,16.2,BAJO,VERDE (ÓPTIMO),Seguimiento Regular de Aula,1. Continuar con el ritmo académico habitual. 2. Oportunidad de participación como mentor/ayudante.
STD_00439,Carrera General,Nivel General,7.9,85.0,11.86,BAJO,VERDE (ÓPTIMO),Seguimiento Regular de Aula,1. Continuar con el ritmo académico habitual. 2. Oportunidad de participación como mentor/ayudante.
STD_00439,Carrera General,Nivel General,10.0,85.0,19.54,BAJO,VERDE (ÓPTIMO),Seguimiento Regular de Aula,1. Continuar con el ritmo académico habitual. 2. Oportunidad de participación como mentor/ayudante.
STD_00439,Carrera General,Nivel General,7.6,85.0,14.81,BAJO,VERDE (ÓPTIMO),Seguimiento Regular de Aula,1. Continuar con el ritmo académico habitual. 2. Oportunidad de participación como mentor/ayudante.
STD_00440,Carrera General,Nivel General,5.4,85.0,90.06,ALTO,ROJO (CRÍTICO),Tutoría Académica Obligatoria y Derivación a Bienestar Estudiantil,1. Sesión tutorial individual semanal. 2. Plan de refuerzo en temas críticos. 3. Monitoreo continuo de asistencia.
STD_00440,Carrera General,Nivel General,8.0,85.0,17.69,BAJO,VERDE (ÓPTIMO),Seguimiento Regular de Aula,1. Continuar con el ritmo académico habitual. 2. Oportunidad de participación como mentor/ayudante.
STD_00440,Carrera General,Nivel General,4.6,85.0,81.62,ALTO,ROJO (CRÍTICO),Tutoría Académica Obligatoria y Derivación a Bienestar Estudiantil,1. Sesión tutorial individual semanal. 2. Plan de refuerzo en temas críticos. 3. Monitoreo continuo de asistencia.
STD_00440,Carrera General,Nivel General,6.7,85.0,82.79,ALTO,ROJO (CRÍTICO),Tutoría Académica Obligatoria y Derivación a Bienestar Estudiantil,1. Sesión tutorial individual semanal. 2. Plan de refuerzo en temas críticos. 3. Monitoreo continuo de asistencia.
STD_00440,Carrera General,Nivel General,5.0,85.0,75.64,ALTO,ROJO (CRÍTICO),Tutoría Académica Obligatoria y Derivación a Bienestar Estudiantil,1. Sesión tutorial individual semanal. 2. Plan de refuerzo en temas críticos. 3. Monitoreo continuo de asistencia.
STD_00440,Carrera General,Nivel General,9.1,85.0,37.46,MEDIO,AMARILLO (ADVERTENCIA),Acompañamiento Tutorial Preventivo y Talleres de Estudio,1. Entrevista de seguimiento bimensual. 2. Talleres grupales de resolución de ejercicios.
STD_00440,Carrera General,Nivel General,9.1,85.0,12.87,BAJO,VERDE (ÓPTIMO),Seguimiento Regular de Aula,1. Continuar con el ritmo académico habitual. 2. Oportunidad de participación como mentor/ayudante.
STD_00440,Carrera General,Nivel General,9.0,85.0,9.58,BAJO,VERDE (ÓPTIMO),Seguimiento Regular de Aula,1. Continuar con el ritmo académico habitual. 2. Oportunidad de participación como mentor/ayudante.
STD_00441,Carrera General,Nivel General,11.0,85.0,24.0,BAJO,VERDE (ÓPTIMO),Seguimiento Regular de Aula,1. Continuar con el ritmo académico habitual. 2. Oportunidad de participación como mentor/ayudante.
STD_00441,Carrera General,Nivel General,9.1,85.0,11.47,BAJO,VERDE (ÓPTIMO),Seguimiento Regular de Aula,1. Continuar con el ritmo académico habitual. 2. Oportunidad de participación como mentor/ayudante.
STD_00441,Carrera General,Nivel General,4.1,85.0,93.74,ALTO,ROJO (CRÍTICO),Tutoría Académica Obligatoria y Derivación a Bienestar Estudiantil,1. Sesión tutorial individual semanal. 2. Plan de refuerzo en temas críticos. 3. Monitoreo continuo de asistencia.
STD_00441,Carrera General,Nivel General,5.9,85.0,88.96,ALTO,ROJO (CRÍTICO),Tutoría Académica Obligatoria y Derivación a Bienestar Estudiantil,1. Sesión tutorial individual semanal. 2. Plan de refuerzo en temas críticos. 3. Monitoreo continuo de asistencia.
STD_00441,Carrera General,Nivel General,6.5,85.0,88.21,ALTO,ROJO (CRÍTICO),Tutoría Académica Obligatoria y Derivación a Bienestar Estudiantil,1. Sesión tutorial individual semanal. 2. Plan de refuerzo en temas críticos. 3. Monitoreo continuo de asistencia.
STD_00441,Carrera General,Nivel General,4.7,85.0,94.42,ALTO,ROJO (CRÍTICO),Tutoría Académica Obligatoria y Derivación a Bienestar Estudiantil,1. Sesión tutorial individual semanal. 2. Plan de refuerzo en temas críticos. 3. Monitoreo continuo de asistencia.
STD_00441,Carrera General,Nivel General,5.8,85.0,90.26,ALTO,ROJO (CRÍTICO),Tutoría Académica Obligatoria y Derivación a Bienestar Estudiantil,1. Sesión tutorial individual semanal. 2. Plan de refuerzo en temas críticos. 3. Monitoreo continuo de asistencia.
STD_00441,Carrera General,Nivel General,5.4,85.0,92.37,ALTO,ROJO (CRÍTICO),Tutoría Académica Obligatoria y Derivación a Bienestar Estudiantil,1. Sesión tutorial individual semanal. 2. Plan de refuerzo en temas críticos. 3. Monitoreo continuo de asistencia.
STD_00442,Carrera General,Nivel General,5.8,85.0,74.25,ALTO,ROJO (CRÍTICO),Tutoría Académica Obligatoria y Derivación a Bienestar Estudiantil,1. Sesión tutorial individual semanal. 2. Plan de refuerzo en temas críticos. 3. Monitoreo continuo de asistencia.
STD_00442,Carrera General,Nivel General,8.7,85.0,21.2,BAJO,VERDE (ÓPTIMO),Seguimiento Regular de Aula,1. Continuar con el ritmo académico habitual. 2. Oportunidad de participación como mentor/ayudante.
STD_00442,Carrera General,Nivel General,8.5,85.0,32.5,BAJO,VERDE (ÓPTIMO),Seguimiento Regular de Aula,1. Continuar con el ritmo académico habitual. 2. Oportunidad de participación como mentor/ayudante.
STD_00442,Carrera General,Nivel General,4.2,85.0,88.54,ALTO,ROJO (CRÍTICO),Tutoría Académica Obligatoria y Derivación a Bienestar Estudiantil,1. Sesión tutorial individual semanal. 2. Plan de refuerzo en temas críticos. 3. Monitoreo continuo de asistencia.
STD_00442,Carrera General,Nivel General,6.2,85.0,90.3,ALTO,ROJO (CRÍTICO),Tutoría Académica Obligatoria y Derivación a Bienestar Estudiantil,1. Sesión tutorial individual semanal. 2. Plan de refuerzo en temas críticos. 3. Monitoreo continuo de asistencia.
STD_00442,Carrera General,Nivel General,7.3,85.0,26.45,BAJO,VERDE (ÓPTIMO),Seguimiento Regular de Aula,1. Continuar con el ritmo académico habitual. 2. Oportunidad de participación como mentor/ayudante.
STD_00442,Carrera General,Nivel General,5.9,85.0,87.63,ALTO,ROJO (CRÍTICO),Tutoría Académica Obligatoria y Derivación a Bienestar Estudiantil,1. Sesión tutorial individual semanal. 2. Plan de refuerzo en temas críticos. 3. Monitoreo continuo de asistencia.
STD_00442,Carrera General,Nivel General,5.3,85.0,76.17,ALTO,ROJO (CRÍTICO),Tutoría Académica Obligatoria y Derivación a Bienestar Estudiantil,1. Sesión tutorial individual semanal. 2. Plan de refuerzo en temas críticos. 3. Monitoreo continuo de asistencia.
STD_00443,Carrera General,Nivel General,4.4,85.0,86.18,ALTO,ROJO (CRÍTICO),Tutoría Académica Obligatoria y Derivación a Bienestar Estudiantil,1. Sesión tutorial individual semanal. 2. Plan de refuerzo en temas críticos. 3. Monitoreo continuo de asistencia.
STD_00443,Carrera General,Nivel General,8.3,85.0,16.21,BAJO,VERDE (ÓPTIMO),Seguimiento Regular de Aula,1. Continuar con el ritmo académico habitual. 2. Oportunidad de participación como mentor/ayudante.
STD_00443,Carrera General,Nivel General,9.2,85.0,27.69,BAJO,VERDE (ÓPTIMO),Seguimiento Regular de Aula,1. Continuar con el ritmo académico habitual. 2. Oportunidad de participación como mentor/ayudante.
STD_00443,Carrera General,Nivel General,6.8,85.0,73.83,ALTO,ROJO (CRÍTICO),Tutoría Académica Obligatoria y Derivación a Bienestar Estudiantil,1. Sesión tutorial individual semanal. 2. Plan de refuerzo en temas críticos. 3. Monitoreo continuo de asistencia.
STD_00443,Carrera General,Nivel General,5.7,85.0,86.43,ALTO,ROJO (CRÍTICO),Tutoría Académica Obligatoria y Derivación a Bienestar Estudiantil,1. Sesión tutorial individual semanal. 2. Plan de refuerzo en temas críticos. 3. Monitoreo continuo de asistencia.
STD_00443,Carrera General,Nivel General,7.8,85.0,17.86,BAJO,VERDE (ÓPTIMO),Seguimiento Regular de Aula,1. Continuar con el ritmo académico habitual. 2. Oportunidad de participación como mentor/ayudante.
STD_00443,Carrera General,Nivel General,6.9,85.0,74.34,ALTO,ROJO (CRÍTICO),Tutoría Académica Obligatoria y Derivación a Bienestar Estudiantil,1. Sesión tutorial individual semanal. 2. Plan de refuerzo en temas críticos. 3. Monitoreo continuo de asistencia.
STD_00443,Carrera General,Nivel General,7.7,85.0,16.75,BAJO,VERDE (ÓPTIMO),Seguimiento Regular de Aula,1. Continuar con el ritmo académico habitual. 2. Oportunidad de participación como mentor/ayudante.
STD_00444,Carrera General,Nivel General,9.1,85.0,8.8,BAJO,VERDE (ÓPTIMO),Seguimiento Regular de Aula,1. Continuar con el ritmo académico habitual. 2. Oportunidad de participación como mentor/ayudante.
STD_00444,Carrera General,Nivel General,9.6,85.0,13.43,BAJO,VERDE (ÓPTIMO),Seguimiento Regular de Aula,1. Continuar con el ritmo académico habitual. 2. Oportunidad de participación como mentor/ayudante.
STD_00444,Carrera General,Nivel General,11.0,85.0,16.63,BAJO,VERDE (ÓPTIMO),Seguimiento Regular de Aula,1. Continuar con el ritmo académico habitual. 2. Oportunidad de participación como mentor/ayudante.
STD_00444,Carrera General,Nivel General,9.9,85.0,8.18,BAJO,VERDE (ÓPTIMO),Seguimiento Regular de Aula,1. Continuar con el ritmo académico habitual. 2. Oportunidad de participación como mentor/ayudante.
STD_00444,Carrera General,Nivel General,8.1,85.0,7.88,BAJO,VERDE (ÓPTIMO),Seguimiento Regular de Aula,1. Continuar con el ritmo académico habitual. 2. Oportunidad de participación como mentor/ayudante.
STD_00444,Carrera General,Nivel General,7.7,85.0,8.77,BAJO,VERDE (ÓPTIMO),Seguimiento Regular de Aula,1. Continuar con el ritmo académico habitual. 2. Oportunidad de participación como mentor/ayudante.
STD_00444,Carrera General,Nivel General,5.7,85.0,74.63,ALTO,ROJO (CRÍTICO),Tutoría Académica Obligatoria y Derivación a Bienestar Estudiantil,1. Sesión tutorial individual semanal. 2. Plan de refuerzo en temas críticos. 3. Monitoreo continuo de asistencia.
STD_00444,Carrera General,Nivel General,8.2,85.0,2.67,BAJO,VERDE (ÓPTIMO),Seguimiento Regular de Aula,1. Continuar con el ritmo académico habitual. 2. Oportunidad de participación como mentor/ayudante.
STD_00445,Carrera General,Nivel General,6.2,85.0,72.98,ALTO,ROJO (CRÍTICO),Tutoría Académica Obligatoria y Derivación a Bienestar Estudiantil,1. Sesión tutorial individual semanal. 2. Plan de refuerzo en temas críticos. 3. Monitoreo continuo de asistencia.
STD_00445,Carrera General,Nivel General,6.5,85.0,84.24,ALTO,ROJO (CRÍTICO),Tutoría Académica Obligatoria y Derivación a Bienestar Estudiantil,1. Sesión tutorial individual semanal. 2. Plan de refuerzo en temas críticos. 3. Monitoreo continuo de asistencia.
STD_00445,Carrera General,Nivel General,7.9,85.0,29.51,BAJO,VERDE (ÓPTIMO),Seguimiento Regular de Aula,1. Continuar con el ritmo académico habitual. 2. Oportunidad de participación como mentor/ayudante.
STD_00445,Carrera General,Nivel General,8.2,85.0,9.87,BAJO,VERDE (ÓPTIMO),Seguimiento Regular de Aula,1. Continuar con el ritmo académico habitual. 2. Oportunidad de participación como mentor/ayudante.
STD_00445,Carrera General,Nivel General,8.5,85.0,33.13,BAJO,VERDE (ÓPTIMO),Seguimiento Regular de Aula,1. Continuar con el ritmo académico habitual. 2. Oportunidad de participación como mentor/ayudante.
STD_00445,Carrera General,Nivel General,6.2,85.0,80.51,ALTO,ROJO (CRÍTICO),Tutoría Académica Obligatoria y Derivación a Bienestar Estudiantil,1. Sesión tutorial individual semanal. 2. Plan de refuerzo en temas críticos. 3. Monitoreo continuo de asistencia.
STD_00445,Carrera General,Nivel General,5.9,85.0,81.52,ALTO,ROJO (CRÍTICO),Tutoría Académica Obligatoria y Derivación a Bienestar Estudiantil,1. Sesión tutorial individual semanal. 2. Plan de refuerzo en temas críticos. 3. Monitoreo continuo de asistencia.
STD_00445,Carrera General,Nivel General,11.0,85.0,18.86,BAJO,VERDE (ÓPTIMO),Seguimiento Regular de Aula,1. Continuar con el ritmo académico habitual. 2. Oportunidad de participación como mentor/ayudante.
STD_00446,Carrera General,Nivel General,4.0,85.0,88.29,ALTO,ROJO (CRÍTICO),Tutoría Académica Obligatoria y Derivación a Bienestar Estudiantil,1. Sesión tutorial individual semanal. 2. Plan de refuerzo en temas críticos. 3. Monitoreo continuo de asistencia.
STD_00446,Carrera General,Nivel General,8.6,85.0,10.67,BAJO,VERDE (ÓPTIMO),Seguimiento Regular de Aula,1. Continuar con el ritmo académico habitual. 2. Oportunidad de participación como mentor/ayudante.
STD_00446,Carrera General,Nivel General,4.6,85.0,84.13,ALTO,ROJO (CRÍTICO),Tutoría Académica Obligatoria y Derivación a Bienestar Estudiantil,1. Sesión tutorial individual semanal. 2. Plan de refuerzo en temas críticos. 3. Monitoreo continuo de asistencia.
STD_00446,Carrera General,Nivel General,9.8,85.0,7.13,BAJO,VERDE (ÓPTIMO),Seguimiento Regular de Aula,1. Continuar con el ritmo académico habitual. 2. Oportunidad de participación como mentor/ayudante.
STD_00446,Carrera General,Nivel General,7.1,85.0,15.82,BAJO,VERDE (ÓPTIMO),Seguimiento Regular de Aula,1. Continuar con el ritmo académico habitual. 2. Oportunidad de participación como mentor/ayudante.
STD_00446,Carrera General,Nivel General,7.3,85.0,7.48,BAJO,VERDE (ÓPTIMO),Seguimiento Regular de Aula,1. Continuar con el ritmo académico habitual. 2. Oportunidad de participación como mentor/ayudante.
STD_00446,Carrera General,Nivel General,9.6,85.0,13.63,BAJO,VERDE (ÓPTIMO),Seguimiento Regular de Aula,1. Continuar con el ritmo académico habitual. 2. Oportunidad de participación como mentor/ayudante.
STD_00446,Carrera General,Nivel General,4.1,85.0,72.54,ALTO,ROJO (CRÍTICO),Tutoría Académica Obligatoria y Derivación a Bienestar Estudiantil,1. Sesión tutorial individual semanal. 2. Plan de refuerzo en temas críticos. 3. Monitoreo continuo de asistencia.
STD_00447,Carrera General,Nivel General,5.0,85.0,65.01,ALTO,ROJO (CRÍTICO),Tutoría Académica Obligatoria y Derivación a Bienestar Estudiantil,1. Sesión tutorial individual semanal. 2. Plan de refuerzo en temas críticos. 3. Monitoreo continuo de asistencia.
STD_00447,Carrera General,Nivel General,9.2,85.0,18.97,BAJO,VERDE (ÓPTIMO),Seguimiento Regular de Aula,1. Continuar con el ritmo académico habitual. 2. Oportunidad de participación como mentor/ayudante.
STD_00447,Carrera General,Nivel General,7.2,85.0,15.53,BAJO,VERDE (ÓPTIMO),Seguimiento Regular de Aula,1. Continuar con el ritmo académico habitual. 2. Oportunidad de participación como mentor/ayudante.
STD_00447,Carrera General,Nivel General,6.8,85.0,63.03,MEDIO,AMARILLO (ADVERTENCIA),Acompañamiento Tutorial Preventivo y Talleres de Estudio,1. Entrevista de seguimiento bimensual. 2. Talleres grupales de resolución de ejercicios.
STD_00447,Carrera General,Nivel General,8.6,85.0,13.99,BAJO,VERDE (ÓPTIMO),Seguimiento Regular de Aula,1. Continuar con el ritmo académico habitual. 2. Oportunidad de participación como mentor/ayudante.
STD_00447,Carrera General,Nivel General,9.2,85.0,12.04,BAJO,VERDE (ÓPTIMO),Seguimiento Regular de Aula,1. Continuar con el ritmo académico habitual. 2. Oportunidad de participación como mentor/ayudante.
STD_00447,Carrera General,Nivel General,8.7,85.0,9.48,BAJO,VERDE (ÓPTIMO),Seguimiento Regular de Aula,1. Continuar con el ritmo académico habitual. 2. Oportunidad de participación como mentor/ayudante.
STD_00447,Carrera General,Nivel General,8.9,85.0,7.41,BAJO,VERDE (ÓPTIMO),Seguimiento Regular de Aula,1. Continuar con el ritmo académico habitual. 2. Oportunidad de participación como mentor/ayudante.
STD_00448,Carrera General,Nivel General,5.8,85.0,87.48,ALTO,ROJO (CRÍTICO),Tutoría Académica Obligatoria y Derivación a Bienestar Estudiantil,1. Sesión tutorial individual semanal. 2. Plan de refuerzo en temas críticos. 3. Monitoreo continuo de asistencia.
STD_00448,Carrera General,Nivel General,7.7,85.0,20.73,BAJO,VERDE (ÓPTIMO),Seguimiento Regular de Aula,1. Continuar con el ritmo académico habitual. 2. Oportunidad de participación como mentor/ayudante.
STD_00448,Carrera General,Nivel General,5.3,85.0,73.47,ALTO,ROJO (CRÍTICO),Tutoría Académica Obligatoria y Derivación a Bienestar Estudiantil,1. Sesión tutorial individual semanal. 2. Plan de refuerzo en temas críticos. 3. Monitoreo continuo de asistencia.
STD_00448,Carrera General,Nivel General,4.6,85.0,83.94,ALTO,ROJO (CRÍTICO),Tutoría Académica Obligatoria y Derivación a Bienestar Estudiantil,1. Sesión tutorial individual semanal. 2. Plan de refuerzo en temas críticos. 3. Monitoreo continuo de asistencia.
STD_00448,Carrera General,Nivel General,4.4,85.0,89.38,ALTO,ROJO (CRÍTICO),Tutoría Académica Obligatoria y Derivación a Bienestar Estudiantil,1. Sesión tutorial individual semanal. 2. Plan de refuerzo en temas críticos. 3. Monitoreo continuo de asistencia.
STD_00448,Carrera General,Nivel General,7.8,85.0,35.09,MEDIO,AMARILLO (ADVERTENCIA),Acompañamiento Tutorial Preventivo y Talleres de Estudio,1. Entrevista de seguimiento bimensual. 2. Talleres grupales de resolución de ejercicios.
STD_00448,Carrera General,Nivel General,5.6,85.0,78.13,ALTO,ROJO (CRÍTICO),Tutoría Académica Obligatoria y Derivación a Bienestar Estudiantil,1. Sesión tutorial individual semanal. 2. Plan de refuerzo en temas críticos. 3. Monitoreo continuo de asistencia.
STD_00448,Carrera General,Nivel General,6.1,85.0,84.28,ALTO,ROJO (CRÍTICO),Tutoría Académica Obligatoria y Derivación a Bienestar Estudiantil,1. Sesión tutorial individual semanal. 2. Plan de refuerzo en temas críticos. 3. Monitoreo continuo de asistencia.
STD_00449,Carrera General,Nivel General,8.7,85.0,13.3,BAJO,VERDE (ÓPTIMO),Seguimiento Regular de Aula,1. Continuar con el ritmo académico habitual. 2. Oportunidad de participación como mentor/ayudante.
STD_00449,Carrera General,Nivel General,8.3,85.0,20.1,BAJO,VERDE (ÓPTIMO),Seguimiento Regular de Aula,1. Continuar con el ritmo académico habitual. 2. Oportunidad de participación como mentor/ayudante.
STD_00449,Carrera General,Nivel General,7.4,85.0,26.18,BAJO,VERDE (ÓPTIMO),Seguimiento Regular de Aula,1. Continuar con el ritmo académico habitual. 2. Oportunidad de participación como mentor/ayudante.
STD_00449,Carrera General,Nivel General,8.2,85.0,10.48,BAJO,VERDE (ÓPTIMO),Seguimiento Regular de Aula,1. Continuar con el ritmo académico habitual. 2. Oportunidad de participación como mentor/ayudante.
STD_00449,Carrera General,Nivel General,4.1,85.0,90.45,ALTO,ROJO (CRÍTICO),Tutoría Académica Obligatoria y Derivación a Bienestar Estudiantil,1. Sesión tutorial individual semanal. 2. Plan de refuerzo en temas críticos. 3. Monitoreo continuo de asistencia.
STD_00449,Carrera General,Nivel General,6.7,85.0,80.14,ALTO,ROJO (CRÍTICO),Tutoría Académica Obligatoria y Derivación a Bienestar Estudiantil,1. Sesión tutorial individual semanal. 2. Plan de refuerzo en temas críticos. 3. Monitoreo continuo de asistencia.
STD_00449,Carrera General,Nivel General,8.6,85.0,16.62,BAJO,VERDE (ÓPTIMO),Seguimiento Regular de Aula,1. Continuar con el ritmo académico habitual. 2. Oportunidad de participación como mentor/ayudante.
STD_00449,Carrera General,Nivel General,6.8,85.0,81.92,ALTO,ROJO (CRÍTICO),Tutoría Académica Obligatoria y Derivación a Bienestar Estudiantil,1. Sesión tutorial individual semanal. 2. Plan de refuerzo en temas críticos. 3. Monitoreo continuo de asistencia.
STD_00450,Carrera General,Nivel General,8.8,85.0,29.48,BAJO,VERDE (ÓPTIMO),Seguimiento Regular de Aula,1. Continuar con el ritmo académico habitual. 2. Oportunidad de participación como mentor/ayudante.
STD_00450,Carrera General,Nivel General,4.1,85.0,72.21,ALTO,ROJO (CRÍTICO),Tutoría Académica Obligatoria y Derivación a Bienestar Estudiantil,1. Sesión tutorial individual semanal. 2. Plan de refuerzo en temas críticos. 3. Monitoreo continuo de asistencia.
STD_00450,Carrera General,Nivel General,8.7,85.0,8.6,BAJO,VERDE (ÓPTIMO),Seguimiento Regular de Aula,1. Continuar con el ritmo académico habitual. 2. Oportunidad de participación como mentor/ayudante.
STD_00450,Carrera General,Nivel General,9.9,85.0,22.92,BAJO,VERDE (ÓPTIMO),Seguimiento Regular de Aula,1. Continuar con el ritmo académico habitual. 2. Oportunidad de participación como mentor/ayudante.
STD_00450,Carrera General,Nivel General,7.0,85.0,15.19,BAJO,VERDE (ÓPTIMO),Seguimiento Regular de Aula,1. Continuar con el ritmo académico habitual. 2. Oportunidad de participación como mentor/ayudante.
STD_00450,Carrera General,Nivel General,6.2,85.0,78.53,ALTO,ROJO (CRÍTICO),Tutoría Académica Obligatoria y Derivación a Bienestar Estudiantil,1. Sesión tutorial individual semanal. 2. Plan de refuerzo en temas críticos. 3. Monitoreo continuo de asistencia.
STD_00450,Carrera General,Nivel General,4.8,85.0,76.5,ALTO,ROJO (CRÍTICO),Tutoría Académica Obligatoria y Derivación a Bienestar Estudiantil,1. Sesión tutorial individual semanal. 2. Plan de refuerzo en temas críticos. 3. Monitoreo continuo de asistencia.
STD_00450,Carrera General,Nivel General,4.8,85.0,90.55,ALTO,ROJO (CRÍTICO),Tutoría Académica Obligatoria y Derivación a Bienestar Estudiantil,1. Sesión tutorial individual semanal. 2. Plan de refuerzo en temas críticos. 3. Monitoreo continuo de asistencia.
STD_00451,Carrera General,Nivel General,8.9,85.0,10.47,BAJO,VERDE (ÓPTIMO),Seguimiento Regular de Aula,1. Continuar con el ritmo académico habitual. 2. Oportunidad de participación como mentor/ayudante.
STD_00451,Carrera General,Nivel General,4.1,85.0,79.1,ALTO,ROJO (CRÍTICO),Tutoría Académica Obligatoria y Derivación a Bienestar Estudiantil,1. Sesión tutorial individual semanal. 2. Plan de refuerzo en temas críticos. 3. Monitoreo continuo de asistencia.
STD_00451,Carrera General,Nivel General,9.5,85.0,23.9,BAJO,VERDE (ÓPTIMO),Seguimiento Regular de Aula,1. Continuar con el ritmo académico habitual. 2. Oportunidad de participación como mentor/ayudante.
STD_00451,Carrera General,Nivel General,8.0,85.0,21.7,BAJO,VERDE (ÓPTIMO),Seguimiento Regular de Aula,1. Continuar con el ritmo académico habitual. 2. Oportunidad de participación como mentor/ayudante.
STD_00451,Carrera General,Nivel General,6.6,85.0,63.81,MEDIO,AMARILLO (ADVERTENCIA),Acompañamiento Tutorial Preventivo y Talleres de Estudio,1. Entrevista de seguimiento bimensual. 2. Talleres grupales de resolución de ejercicios.
STD_00451,Carrera General,Nivel General,7.0,85.0,9.54,BAJO,VERDE (ÓPTIMO),Seguimiento Regular de Aula,1. Continuar con el ritmo académico habitual. 2. Oportunidad de participación como mentor/ayudante.
STD_00451,Carrera General,Nivel General,8.4,85.0,12.12,BAJO,VERDE (ÓPTIMO),Seguimiento Regular de Aula,1. Continuar con el ritmo académico habitual. 2. Oportunidad de participación como mentor/ayudante.
STD_00451,Carrera General,Nivel General,7.0,85.0,14.93,BAJO,VERDE (ÓPTIMO),Seguimiento Regular de Aula,1. Continuar con el ritmo académico habitual. 2. Oportunidad de participación como mentor/ayudante.
STD_00452,Carrera General,Nivel General,9.7,85.0,23.13,BAJO,VERDE (ÓPTIMO),Seguimiento Regular de Aula,1. Continuar con el ritmo académico habitual. 2. Oportunidad de participación como mentor/ayudante.
STD_00452,Carrera General,Nivel General,7.0,85.0,17.37,BAJO,VERDE (ÓPTIMO),Seguimiento Regular de Aula,1. Continuar con el ritmo académico habitual. 2. Oportunidad de participación como mentor/ayudante.
STD_00452,Carrera General,Nivel General,7.3,85.0,14.55,BAJO,VERDE (ÓPTIMO),Seguimiento Regular de Aula,1. Continuar con el ritmo académico habitual. 2. Oportunidad de participación como mentor/ayudante.
STD_00452,Carrera General,Nivel General,9.5,85.0,22.92,BAJO,VERDE (ÓPTIMO),Seguimiento Regular de Aula,1. Continuar con el ritmo académico habitual. 2. Oportunidad de participación como mentor/ayudante.
STD_00452,Carrera General,Nivel General,9.2,85.0,21.88,BAJO,VERDE (ÓPTIMO),Seguimiento Regular de Aula,1. Continuar con el ritmo académico habitual. 2. Oportunidad de participación como mentor/ayudante.
STD_00452,Carrera General,Nivel General,6.5,85.0,75.0,ALTO,ROJO (CRÍTICO),Tutoría Académica Obligatoria y Derivación a Bienestar Estudiantil,1. Sesión tutorial individual semanal. 2. Plan de refuerzo en temas críticos. 3. Monitoreo continuo de asistencia.
STD_00452,Carrera General,Nivel General,6.4,85.0,76.5,ALTO,ROJO (CRÍTICO),Tutoría Académica Obligatoria y Derivación a Bienestar Estudiantil,1. Sesión tutorial individual semanal. 2. Plan de refuerzo en temas críticos. 3. Monitoreo continuo de asistencia.
STD_00452,Carrera General,Nivel General,6.7,85.0,72.16,ALTO,ROJO (CRÍTICO),Tutoría Académica Obligatoria y Derivación a Bienestar Estudiantil,1. Sesión tutorial individual semanal. 2. Plan de refuerzo en temas críticos. 3. Monitoreo continuo de asistencia.
STD_00453,Carrera General,Nivel General,6.9,85.0,86.56,ALTO,ROJO (CRÍTICO),Tutoría Académica Obligatoria y Derivación a Bienestar Estudiantil,1. Sesión tutorial individual semanal. 2. Plan de refuerzo en temas críticos. 3. Monitoreo continuo de asistencia.
STD_00453,Carrera General,Nivel General,5.2,85.0,95.14,ALTO,ROJO (CRÍTICO),Tutoría Académica Obligatoria y Derivación a Bienestar Estudiantil,1. Sesión tutorial individual semanal. 2. Plan de refuerzo en temas críticos. 3. Monitoreo continuo de asistencia.
STD_00453,Carrera General,Nivel General,4.5,85.0,85.17,ALTO,ROJO (CRÍTICO),Tutoría Académica Obligatoria y Derivación a Bienestar Estudiantil,1. Sesión tutorial individual semanal. 2. Plan de refuerzo en temas críticos. 3. Monitoreo continuo de asistencia.
STD_00453,Carrera General,Nivel General,8.1,85.0,19.22,BAJO,VERDE (ÓPTIMO),Seguimiento Regular de Aula,1. Continuar con el ritmo académico habitual. 2. Oportunidad de participación como mentor/ayudante.
STD_00453,Carrera General,Nivel General,9.3,85.0,16.87,BAJO,VERDE (ÓPTIMO),Seguimiento Regular de Aula,1. Continuar con el ritmo académico habitual. 2. Oportunidad de participación como mentor/ayudante.
STD_00453,Carrera General,Nivel General,4.9,85.0,89.52,ALTO,ROJO (CRÍTICO),Tutoría Académica Obligatoria y Derivación a Bienestar Estudiantil,1. Sesión tutorial individual semanal. 2. Plan de refuerzo en temas críticos. 3. Monitoreo continuo de asistencia.
STD_00453,Carrera General,Nivel General,5.3,85.0,83.54,ALTO,ROJO (CRÍTICO),Tutoría Académica Obligatoria y Derivación a Bienestar Estudiantil,1. Sesión tutorial individual semanal. 2. Plan de refuerzo en temas críticos. 3. Monitoreo continuo de asistencia.
STD_00453,Carrera General,Nivel General,6.2,85.0,93.58,ALTO,ROJO (CRÍTICO),Tutoría Académica Obligatoria y Derivación a Bienestar Estudiantil,1. Sesión tutorial individual semanal. 2. Plan de refuerzo en temas críticos. 3. Monitoreo continuo de asistencia.
STD_00454,Carrera General,Nivel General,5.2,85.0,69.34,ALTO,ROJO (CRÍTICO),Tutoría Académica Obligatoria y Derivación a Bienestar Estudiantil,1. Sesión tutorial individual semanal. 2. Plan de refuerzo en temas críticos. 3. Monitoreo continuo de asistencia.
STD_00454,Carrera General,Nivel General,6.1,85.0,70.08,ALTO,ROJO (CRÍTICO),Tutoría Académica Obligatoria y Derivación a Bienestar Estudiantil,1. Sesión tutorial individual semanal. 2. Plan de refuerzo en temas críticos. 3. Monitoreo continuo de asistencia.
STD_00454,Carrera General,Nivel General,8.0,85.0,9.65,BAJO,VERDE (ÓPTIMO),Seguimiento Regular de Aula,1. Continuar con el ritmo académico habitual. 2. Oportunidad de participación como mentor/ayudante.
STD_00454,Carrera General,Nivel General,9.2,85.0,21.91,BAJO,VERDE (ÓPTIMO),Seguimiento Regular de Aula,1. Continuar con el ritmo académico habitual. 2. Oportunidad de participación como mentor/ayudante.
STD_00454,Carrera General,Nivel General,7.1,85.0,10.35,BAJO,VERDE (ÓPTIMO),Seguimiento Regular de Aula,1. Continuar con el ritmo académico habitual. 2. Oportunidad de participación como mentor/ayudante.
STD_00454,Carrera General,Nivel General,9.7,85.0,16.57,BAJO,VERDE (ÓPTIMO),Seguimiento Regular de Aula,1. Continuar con el ritmo académico habitual. 2. Oportunidad de participación como mentor/ayudante.
STD_00454,Carrera General,Nivel General,7.7,85.0,4.29,BAJO,VERDE (ÓPTIMO),Seguimiento Regular de Aula,1. Continuar con el ritmo académico habitual. 2. Oportunidad de participación como mentor/ayudante.
STD_00454,Carrera General,Nivel General,6.1,85.0,62.62,MEDIO,AMARILLO (ADVERTENCIA),Acompañamiento Tutorial Preventivo y Talleres de Estudio,1. Entrevista de seguimiento bimensual. 2. Talleres grupales de resolución de ejercicios.
STD_00455,Carrera General,Nivel General,7.2,85.0,10.78,BAJO,VERDE (ÓPTIMO),Seguimiento Regular de Aula,1. Continuar con el ritmo académico habitual. 2. Oportunidad de participación como mentor/ayudante.
STD_00455,Carrera General,Nivel General,8.6,85.0,11.2,BAJO,VERDE (ÓPTIMO),Seguimiento Regular de Aula,1. Continuar con el ritmo académico habitual. 2. Oportunidad de participación como mentor/ayudante.
STD_00455,Carrera General,Nivel General,8.5,85.0,15.5,BAJO,VERDE (ÓPTIMO),Seguimiento Regular de Aula,1. Continuar con el ritmo académico habitual. 2. Oportunidad de participación como mentor/ayudante.
STD_00455,Carrera General,Nivel General,7.3,85.0,12.22,BAJO,VERDE (ÓPTIMO),Seguimiento Regular de Aula,1. Continuar con el ritmo académico habitual. 2. Oportunidad de participación como mentor/ayudante.
STD_00455,Carrera General,Nivel General,8.9,85.0,6.93,BAJO,VERDE (ÓPTIMO),Seguimiento Regular de Aula,1. Continuar con el ritmo académico habitual. 2. Oportunidad de participación como mentor/ayudante.
STD_00455,Carrera General,Nivel General,7.1,85.0,5.05,BAJO,VERDE (ÓPTIMO),Seguimiento Regular de Aula,1. Continuar con el ritmo académico habitual. 2. Oportunidad de participación como mentor/ayudante.
STD_00455,Carrera General,Nivel General,6.5,85.0,80.52,ALTO,ROJO (CRÍTICO),Tutoría Académica Obligatoria y Derivación a Bienestar Estudiantil,1. Sesión tutorial individual semanal. 2. Plan de refuerzo en temas críticos. 3. Monitoreo continuo de asistencia.
STD_00455,Carrera General,Nivel General,8.2,85.0,8.84,BAJO,VERDE (ÓPTIMO),Seguimiento Regular de Aula,1. Continuar con el ritmo académico habitual. 2. Oportunidad de participación como mentor/ayudante.
STD_00456,Carrera General,Nivel General,6.9,85.0,95.25,ALTO,ROJO (CRÍTICO),Tutoría Académica Obligatoria y Derivación a Bienestar Estudiantil,1. Sesión tutorial individual semanal. 2. Plan de refuerzo en temas críticos. 3. Monitoreo continuo de asistencia.
STD_00456,Carrera General,Nivel General,5.1,85.0,87.11,ALTO,ROJO (CRÍTICO),Tutoría Académica Obligatoria y Derivación a Bienestar Estudiantil,1. Sesión tutorial individual semanal. 2. Plan de refuerzo en temas críticos. 3. Monitoreo continuo de asistencia.
STD_00456,Carrera General,Nivel General,6.2,85.0,81.2,ALTO,ROJO (CRÍTICO),Tutoría Académica Obligatoria y Derivación a Bienestar Estudiantil,1. Sesión tutorial individual semanal. 2. Plan de refuerzo en temas críticos. 3. Monitoreo continuo de asistencia.
STD_00456,Carrera General,Nivel General,7.8,85.0,24.36,BAJO,VERDE (ÓPTIMO),Seguimiento Regular de Aula,1. Continuar con el ritmo académico habitual. 2. Oportunidad de participación como mentor/ayudante.
STD_00456,Carrera General,Nivel General,5.0,85.0,86.73,ALTO,ROJO (CRÍTICO),Tutoría Académica Obligatoria y Derivación a Bienestar Estudiantil,1. Sesión tutorial individual semanal. 2. Plan de refuerzo en temas críticos. 3. Monitoreo continuo de asistencia.
STD_00456,Carrera General,Nivel General,4.0,85.0,89.75,ALTO,ROJO (CRÍTICO),Tutoría Académica Obligatoria y Derivación a Bienestar Estudiantil,1. Sesión tutorial individual semanal. 2. Plan de refuerzo en temas críticos. 3. Monitoreo continuo de asistencia.
STD_00456,Carrera General,Nivel General,4.4,85.0,88.45,ALTO,ROJO (CRÍTICO),Tutoría Académica Obligatoria y Derivación a Bienestar Estudiantil,1. Sesión tutorial individual semanal. 2. Plan de refuerzo en temas críticos. 3. Monitoreo continuo de asistencia.
STD_00456,Carrera General,Nivel General,8.7,85.0,9.21,BAJO,VERDE (ÓPTIMO),Seguimiento Regular de Aula,1. Continuar con el ritmo académico habitual. 2. Oportunidad de participación como mentor/ayudante.
STD_00457,Carrera General,Nivel General,4.2,85.0,69.9,ALTO,ROJO (CRÍTICO),Tutoría Académica Obligatoria y Derivación a Bienestar Estudiantil,1. Sesión tutorial individual semanal. 2. Plan de refuerzo en temas críticos. 3. Monitoreo continuo de asistencia.
STD_00457,Carrera General,Nivel General,8.3,85.0,8.54,BAJO,VERDE (ÓPTIMO),Seguimiento Regular de Aula,1. Continuar con el ritmo académico habitual. 2. Oportunidad de participación como mentor/ayudante.
STD_00457,Carrera General,Nivel General,9.1,85.0,17.65,BAJO,VERDE (ÓPTIMO),Seguimiento Regular de Aula,1. Continuar con el ritmo académico habitual. 2. Oportunidad de participación como mentor/ayudante.
STD_00457,Carrera General,Nivel General,4.6,85.0,86.53,ALTO,ROJO (CRÍTICO),Tutoría Académica Obligatoria y Derivación a Bienestar Estudiantil,1. Sesión tutorial individual semanal. 2. Plan de refuerzo en temas críticos. 3. Monitoreo continuo de asistencia.
STD_00457,Carrera General,Nivel General,7.2,85.0,22.79,BAJO,VERDE (ÓPTIMO),Seguimiento Regular de Aula,1. Continuar con el ritmo académico habitual. 2. Oportunidad de participación como mentor/ayudante.
STD_00457,Carrera General,Nivel General,7.7,85.0,19.52,BAJO,VERDE (ÓPTIMO),Seguimiento Regular de Aula,1. Continuar con el ritmo académico habitual. 2. Oportunidad de participación como mentor/ayudante.
STD_00457,Carrera General,Nivel General,9.4,85.0,15.9,BAJO,VERDE (ÓPTIMO),Seguimiento Regular de Aula,1. Continuar con el ritmo académico habitual. 2. Oportunidad de participación como mentor/ayudante.
STD_00457,Carrera General,Nivel General,7.3,85.0,9.96,BAJO,VERDE (ÓPTIMO),Seguimiento Regular de Aula,1. Continuar con el ritmo académico habitual. 2. Oportunidad de participación como mentor/ayudante.
STD_00458,Carrera General,Nivel General,9.5,85.0,11.55,BAJO,VERDE (ÓPTIMO),Seguimiento Regular de Aula,1. Continuar con el ritmo académico habitual. 2. Oportunidad de participación como mentor/ayudante.
STD_00458,Carrera General,Nivel General,8.3,85.0,14.48,BAJO,VERDE (ÓPTIMO),Seguimiento Regular de Aula,1. Continuar con el ritmo académico habitual. 2. Oportunidad de participación como mentor/ayudante.
STD_00458,Carrera General,Nivel General,8.4,85.0,21.39,BAJO,VERDE (ÓPTIMO),Seguimiento Regular de Aula,1. Continuar con el ritmo académico habitual. 2. Oportunidad de participación como mentor/ayudante.
STD_00458,Carrera General,Nivel General,9.0,85.0,21.37,BAJO,VERDE (ÓPTIMO),Seguimiento Regular de Aula,1. Continuar con el ritmo académico habitual. 2. Oportunidad de participación como mentor/ayudante.
STD_00458,Carrera General,Nivel General,4.1,85.0,71.07,ALTO,ROJO (CRÍTICO),Tutoría Académica Obligatoria y Derivación a Bienestar Estudiantil,1. Sesión tutorial individual semanal. 2. Plan de refuerzo en temas críticos. 3. Monitoreo continuo de asistencia.
STD_00458,Carrera General,Nivel General,7.9,85.0,12.56,BAJO,VERDE (ÓPTIMO),Seguimiento Regular de Aula,1. Continuar con el ritmo académico habitual. 2. Oportunidad de participación como mentor/ayudante.
STD_00458,Carrera General,Nivel General,8.3,85.0,12.56,BAJO,VERDE (ÓPTIMO),Seguimiento Regular de Aula,1. Continuar con el ritmo académico habitual. 2. Oportunidad de participación como mentor/ayudante.
STD_00458,Carrera General,Nivel General,6.0,85.0,76.62,ALTO,ROJO (CRÍTICO),Tutoría Académica Obligatoria y Derivación a Bienestar Estudiantil,1. Sesión tutorial individual semanal. 2. Plan de refuerzo en temas críticos. 3. Monitoreo continuo de asistencia.
STD_00459,Carrera General,Nivel General,11.0,85.0,21.68,BAJO,VERDE (ÓPTIMO),Seguimiento Regular de Aula,1. Continuar con el ritmo académico habitual. 2. Oportunidad de participación como mentor/ayudante.
STD_00459,Carrera General,Nivel General,8.3,85.0,17.3,BAJO,VERDE (ÓPTIMO),Seguimiento Regular de Aula,1. Continuar con el ritmo académico habitual. 2. Oportunidad de participación como mentor/ayudante.
STD_00459,Carrera General,Nivel General,5.5,85.0,82.99,ALTO,ROJO (CRÍTICO),Tutoría Académica Obligatoria y Derivación a Bienestar Estudiantil,1. Sesión tutorial individual semanal. 2. Plan de refuerzo en temas críticos. 3. Monitoreo continuo de asistencia.
STD_00459,Carrera General,Nivel General,7.8,85.0,14.37,BAJO,VERDE (ÓPTIMO),Seguimiento Regular de Aula,1. Continuar con el ritmo académico habitual. 2. Oportunidad de participación como mentor/ayudante.
STD_00459,Carrera General,Nivel General,9.7,85.0,10.33,BAJO,VERDE (ÓPTIMO),Seguimiento Regular de Aula,1. Continuar con el ritmo académico habitual. 2. Oportunidad de participación como mentor/ayudante.
STD_00459,Carrera General,Nivel General,6.0,85.0,79.04,ALTO,ROJO (CRÍTICO),Tutoría Académica Obligatoria y Derivación a Bienestar Estudiantil,1. Sesión tutorial individual semanal. 2. Plan de refuerzo en temas críticos. 3. Monitoreo continuo de asistencia.
STD_00459,Carrera General,Nivel General,4.1,85.0,72.49,ALTO,ROJO (CRÍTICO),Tutoría Académica Obligatoria y Derivación a Bienestar Estudiantil,1. Sesión tutorial individual semanal. 2. Plan de refuerzo en temas críticos. 3. Monitoreo continuo de asistencia.
STD_00459,Carrera General,Nivel General,6.3,85.0,80.59,ALTO,ROJO (CRÍTICO),Tutoría Académica Obligatoria y Derivación a Bienestar Estudiantil,1. Sesión tutorial individual semanal. 2. Plan de refuerzo en temas críticos. 3. Monitoreo continuo de asistencia.
STD_00460,Carrera General,Nivel General,5.5,85.0,76.22,ALTO,ROJO (CRÍTICO),Tutoría Académica Obligatoria y Derivación a Bienestar Estudiantil,1. Sesión tutorial individual semanal. 2. Plan de refuerzo en temas críticos. 3. Monitoreo continuo de asistencia.
STD_00460,Carrera General,Nivel General,9.1,85.0,10.09,BAJO,VERDE (ÓPTIMO),Seguimiento Regular de Aula,1. Continuar con el ritmo académico habitual. 2. Oportunidad de participación como mentor/ayudante.
STD_00460,Carrera General,Nivel General,7.9,85.0,18.53,BAJO,VERDE (ÓPTIMO),Seguimiento Regular de Aula,1. Continuar con el ritmo académico habitual. 2. Oportunidad de participación como mentor/ayudante.
STD_00460,Carrera General,Nivel General,7.8,85.0,19.35,BAJO,VERDE (ÓPTIMO),Seguimiento Regular de Aula,1. Continuar con el ritmo académico habitual. 2. Oportunidad de participación como mentor/ayudante.
STD_00460,Carrera General,Nivel General,8.8,85.0,11.73,BAJO,VERDE (ÓPTIMO),Seguimiento Regular de Aula,1. Continuar con el ritmo académico habitual. 2. Oportunidad de participación como mentor/ayudante.
STD_00460,Carrera General,Nivel General,7.2,85.0,7.71,BAJO,VERDE (ÓPTIMO),Seguimiento Regular de Aula,1. Continuar con el ritmo académico habitual. 2. Oportunidad de participación como mentor/ayudante.
STD_00460,Carrera General,Nivel General,10.0,85.0,15.03,BAJO,VERDE (ÓPTIMO),Seguimiento Regular de Aula,1. Continuar con el ritmo académico habitual. 2. Oportunidad de participación como mentor/ayudante.
STD_00460,Carrera General,Nivel General,5.5,85.0,76.91,ALTO,ROJO (CRÍTICO),Tutoría Académica Obligatoria y Derivación a Bienestar Estudiantil,1. Sesión tutorial individual semanal. 2. Plan de refuerzo en temas críticos. 3. Monitoreo continuo de asistencia.
STD_00461,Carrera General,Nivel General,7.1,85.0,9.57,BAJO,VERDE (ÓPTIMO),Seguimiento Regular de Aula,1. Continuar con el ritmo académico habitual. 2. Oportunidad de participación como mentor/ayudante.
STD_00461,Carrera General,Nivel General,6.2,85.0,76.27,ALTO,ROJO (CRÍTICO),Tutoría Académica Obligatoria y Derivación a Bienestar Estudiantil,1. Sesión tutorial individual semanal. 2. Plan de refuerzo en temas críticos. 3. Monitoreo continuo de asistencia.
STD_00461,Carrera General,Nivel General,8.8,85.0,20.88,BAJO,VERDE (ÓPTIMO),Seguimiento Regular de Aula,1. Continuar con el ritmo académico habitual. 2. Oportunidad de participación como mentor/ayudante.
STD_00461,Carrera General,Nivel General,9.8,85.0,18.26,BAJO,VERDE (ÓPTIMO),Seguimiento Regular de Aula,1. Continuar con el ritmo académico habitual. 2. Oportunidad de participación como mentor/ayudante.
STD_00461,Carrera General,Nivel General,4.5,85.0,91.93,ALTO,ROJO (CRÍTICO),Tutoría Académica Obligatoria y Derivación a Bienestar Estudiantil,1. Sesión tutorial individual semanal. 2. Plan de refuerzo en temas críticos. 3. Monitoreo continuo de asistencia.
STD_00461,Carrera General,Nivel General,9.4,85.0,14.79,BAJO,VERDE (ÓPTIMO),Seguimiento Regular de Aula,1. Continuar con el ritmo académico habitual. 2. Oportunidad de participación como mentor/ayudante.
STD_00461,Carrera General,Nivel General,7.7,85.0,14.11,BAJO,VERDE (ÓPTIMO),Seguimiento Regular de Aula,1. Continuar con el ritmo académico habitual. 2. Oportunidad de participación como mentor/ayudante.
STD_00461,Carrera General,Nivel General,4.3,85.0,81.88,ALTO,ROJO (CRÍTICO),Tutoría Académica Obligatoria y Derivación a Bienestar Estudiantil,1. Sesión tutorial individual semanal. 2. Plan de refuerzo en temas críticos. 3. Monitoreo continuo de asistencia.
STD_00462,Carrera General,Nivel General,7.7,85.0,7.44,BAJO,VERDE (ÓPTIMO),Seguimiento Regular de Aula,1. Continuar con el ritmo académico habitual. 2. Oportunidad de participación como mentor/ayudante.
STD_00462,Carrera General,Nivel General,9.1,85.0,9.02,BAJO,VERDE (ÓPTIMO),Seguimiento Regular de Aula,1. Continuar con el ritmo académico habitual. 2. Oportunidad de participación como mentor/ayudante.
STD_00462,Carrera General,Nivel General,9.8,85.0,12.41,BAJO,VERDE (ÓPTIMO),Seguimiento Regular de Aula,1. Continuar con el ritmo académico habitual. 2. Oportunidad de participación como mentor/ayudante.
STD_00462,Carrera General,Nivel General,7.8,85.0,10.94,BAJO,VERDE (ÓPTIMO),Seguimiento Regular de Aula,1. Continuar con el ritmo académico habitual. 2. Oportunidad de participación como mentor/ayudante.
STD_00462,Carrera General,Nivel General,9.4,85.0,6.26,BAJO,VERDE (ÓPTIMO),Seguimiento Regular de Aula,1. Continuar con el ritmo académico habitual. 2. Oportunidad de participación como mentor/ayudante.
STD_00462,Carrera General,Nivel General,7.7,85.0,8.38,BAJO,VERDE (ÓPTIMO),Seguimiento Regular de Aula,1. Continuar con el ritmo académico habitual. 2. Oportunidad de participación como mentor/ayudante.
STD_00462,Carrera General,Nivel General,5.7,85.0,73.93,ALTO,ROJO (CRÍTICO),Tutoría Académica Obligatoria y Derivación a Bienestar Estudiantil,1. Sesión tutorial individual semanal. 2. Plan de refuerzo en temas críticos. 3. Monitoreo continuo de asistencia.
STD_00462,Carrera General,Nivel General,11.0,85.0,12.59,BAJO,VERDE (ÓPTIMO),Seguimiento Regular de Aula,1. Continuar con el ritmo académico habitual. 2. Oportunidad de participación como mentor/ayudante.
STD_00463,Carrera General,Nivel General,9.5,85.0,22.98,BAJO,VERDE (ÓPTIMO),Seguimiento Regular de Aula,1. Continuar con el ritmo académico habitual. 2. Oportunidad de participación como mentor/ayudante.
STD_00463,Carrera General,Nivel General,9.4,85.0,21.74,BAJO,VERDE (ÓPTIMO),Seguimiento Regular de Aula,1. Continuar con el ritmo académico habitual. 2. Oportunidad de participación como mentor/ayudante.
STD_00463,Carrera General,Nivel General,9.6,85.0,19.01,BAJO,VERDE (ÓPTIMO),Seguimiento Regular de Aula,1. Continuar con el ritmo académico habitual. 2. Oportunidad de participación como mentor/ayudante.
STD_00463,Carrera General,Nivel General,4.0,85.0,73.14,ALTO,ROJO (CRÍTICO),Tutoría Académica Obligatoria y Derivación a Bienestar Estudiantil,1. Sesión tutorial individual semanal. 2. Plan de refuerzo en temas críticos. 3. Monitoreo continuo de asistencia.
STD_00463,Carrera General,Nivel General,6.0,85.0,81.33,ALTO,ROJO (CRÍTICO),Tutoría Académica Obligatoria y Derivación a Bienestar Estudiantil,1. Sesión tutorial individual semanal. 2. Plan de refuerzo en temas críticos. 3. Monitoreo continuo de asistencia.
STD_00463,Carrera General,Nivel General,7.7,85.0,33.9,BAJO,VERDE (ÓPTIMO),Seguimiento Regular de Aula,1. Continuar con el ritmo académico habitual. 2. Oportunidad de participación como mentor/ayudante.
STD_00463,Carrera General,Nivel General,8.2,85.0,27.93,BAJO,VERDE (ÓPTIMO),Seguimiento Regular de Aula,1. Continuar con el ritmo académico habitual. 2. Oportunidad de participación como mentor/ayudante.
STD_00463,Carrera General,Nivel General,4.1,85.0,63.95,ALTO,ROJO (CRÍTICO),Tutoría Académica Obligatoria y Derivación a Bienestar Estudiantil,1. Sesión tutorial individual semanal. 2. Plan de refuerzo en temas críticos. 3. Monitoreo continuo de asistencia.
STD_00464,Carrera General,Nivel General,5.3,85.0,91.39,ALTO,ROJO (CRÍTICO),Tutoría Académica Obligatoria y Derivación a Bienestar Estudiantil,1. Sesión tutorial individual semanal. 2. Plan de refuerzo en temas críticos. 3. Monitoreo continuo de asistencia.
STD_00464,Carrera General,Nivel General,9.6,85.0,23.52,BAJO,VERDE (ÓPTIMO),Seguimiento Regular de Aula,1. Continuar con el ritmo académico habitual. 2. Oportunidad de participación como mentor/ayudante.
STD_00464,Carrera General,Nivel General,5.8,85.0,91.28,ALTO,ROJO (CRÍTICO),Tutoría Académica Obligatoria y Derivación a Bienestar Estudiantil,1. Sesión tutorial individual semanal. 2. Plan de refuerzo en temas críticos. 3. Monitoreo continuo de asistencia.
STD_00464,Carrera General,Nivel General,6.4,85.0,94.42,ALTO,ROJO (CRÍTICO),Tutoría Académica Obligatoria y Derivación a Bienestar Estudiantil,1. Sesión tutorial individual semanal. 2. Plan de refuerzo en temas críticos. 3. Monitoreo continuo de asistencia.
STD_00464,Carrera General,Nivel General,5.9,85.0,92.06,ALTO,ROJO (CRÍTICO),Tutoría Académica Obligatoria y Derivación a Bienestar Estudiantil,1. Sesión tutorial individual semanal. 2. Plan de refuerzo en temas críticos. 3. Monitoreo continuo de asistencia.
STD_00464,Carrera General,Nivel General,4.2,85.0,90.98,ALTO,ROJO (CRÍTICO),Tutoría Académica Obligatoria y Derivación a Bienestar Estudiantil,1. Sesión tutorial individual semanal. 2. Plan de refuerzo en temas críticos. 3. Monitoreo continuo de asistencia.
STD_00464,Carrera General,Nivel General,5.8,85.0,95.28,ALTO,ROJO (CRÍTICO),Tutoría Académica Obligatoria y Derivación a Bienestar Estudiantil,1. Sesión tutorial individual semanal. 2. Plan de refuerzo en temas críticos. 3. Monitoreo continuo de asistencia.
STD_00464,Carrera General,Nivel General,6.2,85.0,89.71,ALTO,ROJO (CRÍTICO),Tutoría Académica Obligatoria y Derivación a Bienestar Estudiantil,1. Sesión tutorial individual semanal. 2. Plan de refuerzo en temas críticos. 3. Monitoreo continuo de asistencia.
STD_00465,Carrera General,Nivel General,4.8,85.0,66.51,ALTO,ROJO (CRÍTICO),Tutoría Académica Obligatoria y Derivación a Bienestar Estudiantil,1. Sesión tutorial individual semanal. 2. Plan de refuerzo en temas críticos. 3. Monitoreo continuo de asistencia.
STD_00465,Carrera General,Nivel General,7.1,85.0,13.19,BAJO,VERDE (ÓPTIMO),Seguimiento Regular de Aula,1. Continuar con el ritmo académico habitual. 2. Oportunidad de participación como mentor/ayudante.
STD_00465,Carrera General,Nivel General,7.2,85.0,11.52,BAJO,VERDE (ÓPTIMO),Seguimiento Regular de Aula,1. Continuar con el ritmo académico habitual. 2. Oportunidad de participación como mentor/ayudante.
STD_00465,Carrera General,Nivel General,8.8,85.0,12.3,BAJO,VERDE (ÓPTIMO),Seguimiento Regular de Aula,1. Continuar con el ritmo académico habitual. 2. Oportunidad de participación como mentor/ayudante.
STD_00465,Carrera General,Nivel General,7.9,85.0,3.62,BAJO,VERDE (ÓPTIMO),Seguimiento Regular de Aula,1. Continuar con el ritmo académico habitual. 2. Oportunidad de participación como mentor/ayudante.
STD_00465,Carrera General,Nivel General,7.2,85.0,8.47,BAJO,VERDE (ÓPTIMO),Seguimiento Regular de Aula,1. Continuar con el ritmo académico habitual. 2. Oportunidad de participación como mentor/ayudante.
STD_00465,Carrera General,Nivel General,9.8,85.0,17.07,BAJO,VERDE (ÓPTIMO),Seguimiento Regular de Aula,1. Continuar con el ritmo académico habitual. 2. Oportunidad de participación como mentor/ayudante.
STD_00465,Carrera General,Nivel General,7.1,85.0,21.96,BAJO,VERDE (ÓPTIMO),Seguimiento Regular de Aula,1. Continuar con el ritmo académico habitual. 2. Oportunidad de participación como mentor/ayudante.
STD_00466,Carrera General,Nivel General,9.7,85.0,27.53,BAJO,VERDE (ÓPTIMO),Seguimiento Regular de Aula,1. Continuar con el ritmo académico habitual. 2. Oportunidad de participación como mentor/ayudante.
STD_00466,Carrera General,Nivel General,8.2,85.0,24.62,BAJO,VERDE (ÓPTIMO),Seguimiento Regular de Aula,1. Continuar con el ritmo académico habitual. 2. Oportunidad de participación como mentor/ayudante.
STD_00466,Carrera General,Nivel General,4.3,85.0,59.61,ALTO,ROJO (CRÍTICO),Tutoría Académica Obligatoria y Derivación a Bienestar Estudiantil,1. Sesión tutorial individual semanal. 2. Plan de refuerzo en temas críticos. 3. Monitoreo continuo de asistencia.
STD_00466,Carrera General,Nivel General,4.5,85.0,63.77,ALTO,ROJO (CRÍTICO),Tutoría Académica Obligatoria y Derivación a Bienestar Estudiantil,1. Sesión tutorial individual semanal. 2. Plan de refuerzo en temas críticos. 3. Monitoreo continuo de asistencia.
STD_00466,Carrera General,Nivel General,8.4,85.0,45.89,MEDIO,AMARILLO (ADVERTENCIA),Acompañamiento Tutorial Preventivo y Talleres de Estudio,1. Entrevista de seguimiento bimensual. 2. Talleres grupales de resolución de ejercicios.
STD_00466,Carrera General,Nivel General,6.9,85.0,90.08,ALTO,ROJO (CRÍTICO),Tutoría Académica Obligatoria y Derivación a Bienestar Estudiantil,1. Sesión tutorial individual semanal. 2. Plan de refuerzo en temas críticos. 3. Monitoreo continuo de asistencia.
STD_00466,Carrera General,Nivel General,6.3,85.0,82.44,ALTO,ROJO (CRÍTICO),Tutoría Académica Obligatoria y Derivación a Bienestar Estudiantil,1. Sesión tutorial individual semanal. 2. Plan de refuerzo en temas críticos. 3. Monitoreo continuo de asistencia.
STD_00466,Carrera General,Nivel General,7.4,85.0,19.24,BAJO,VERDE (ÓPTIMO),Seguimiento Regular de Aula,1. Continuar con el ritmo académico habitual. 2. Oportunidad de participación como mentor/ayudante.
STD_00467,Carrera General,Nivel General,5.0,85.0,64.09,ALTO,ROJO (CRÍTICO),Tutoría Académica Obligatoria y Derivación a Bienestar Estudiantil,1. Sesión tutorial individual semanal. 2. Plan de refuerzo en temas críticos. 3. Monitoreo continuo de asistencia.
STD_00467,Carrera General,Nivel General,7.2,85.0,29.83,BAJO,VERDE (ÓPTIMO),Seguimiento Regular de Aula,1. Continuar con el ritmo académico habitual. 2. Oportunidad de participación como mentor/ayudante.
STD_00467,Carrera General,Nivel General,4.2,85.0,61.21,ALTO,ROJO (CRÍTICO),Tutoría Académica Obligatoria y Derivación a Bienestar Estudiantil,1. Sesión tutorial individual semanal. 2. Plan de refuerzo en temas críticos. 3. Monitoreo continuo de asistencia.
STD_00467,Carrera General,Nivel General,6.8,85.0,61.42,MEDIO,AMARILLO (ADVERTENCIA),Acompañamiento Tutorial Preventivo y Talleres de Estudio,1. Entrevista de seguimiento bimensual. 2. Talleres grupales de resolución de ejercicios.
STD_00467,Carrera General,Nivel General,11.0,85.0,19.48,BAJO,VERDE (ÓPTIMO),Seguimiento Regular de Aula,1. Continuar con el ritmo académico habitual. 2. Oportunidad de participación como mentor/ayudante.
STD_00467,Carrera General,Nivel General,8.0,85.0,10.66,BAJO,VERDE (ÓPTIMO),Seguimiento Regular de Aula,1. Continuar con el ritmo académico habitual. 2. Oportunidad de participación como mentor/ayudante.
STD_00467,Carrera General,Nivel General,7.6,85.0,29.07,BAJO,VERDE (ÓPTIMO),Seguimiento Regular de Aula,1. Continuar con el ritmo académico habitual. 2. Oportunidad de participación como mentor/ayudante.
STD_00467,Carrera General,Nivel General,7.0,85.0,21.03,BAJO,VERDE (ÓPTIMO),Seguimiento Regular de Aula,1. Continuar con el ritmo académico habitual. 2. Oportunidad de participación como mentor/ayudante.
STD_00468,Carrera General,Nivel General,5.5,85.0,74.21,ALTO,ROJO (CRÍTICO),Tutoría Académica Obligatoria y Derivación a Bienestar Estudiantil,1. Sesión tutorial individual semanal. 2. Plan de refuerzo en temas críticos. 3. Monitoreo continuo de asistencia.
STD_00468,Carrera General,Nivel General,5.1,85.0,80.53,ALTO,ROJO (CRÍTICO),Tutoría Académica Obligatoria y Derivación a Bienestar Estudiantil,1. Sesión tutorial individual semanal. 2. Plan de refuerzo en temas críticos. 3. Monitoreo continuo de asistencia.
STD_00468,Carrera General,Nivel General,5.1,85.0,81.89,ALTO,ROJO (CRÍTICO),Tutoría Académica Obligatoria y Derivación a Bienestar Estudiantil,1. Sesión tutorial individual semanal. 2. Plan de refuerzo en temas críticos. 3. Monitoreo continuo de asistencia.
STD_00468,Carrera General,Nivel General,7.5,85.0,20.34,BAJO,VERDE (ÓPTIMO),Seguimiento Regular de Aula,1. Continuar con el ritmo académico habitual. 2. Oportunidad de participación como mentor/ayudante.
STD_00468,Carrera General,Nivel General,4.4,85.0,80.6,ALTO,ROJO (CRÍTICO),Tutoría Académica Obligatoria y Derivación a Bienestar Estudiantil,1. Sesión tutorial individual semanal. 2. Plan de refuerzo en temas críticos. 3. Monitoreo continuo de asistencia.
STD_00468,Carrera General,Nivel General,9.4,85.0,23.55,BAJO,VERDE (ÓPTIMO),Seguimiento Regular de Aula,1. Continuar con el ritmo académico habitual. 2. Oportunidad de participación como mentor/ayudante.
STD_00468,Carrera General,Nivel General,5.6,85.0,82.06,ALTO,ROJO (CRÍTICO),Tutoría Académica Obligatoria y Derivación a Bienestar Estudiantil,1. Sesión tutorial individual semanal. 2. Plan de refuerzo en temas críticos. 3. Monitoreo continuo de asistencia.
STD_00468,Carrera General,Nivel General,8.1,85.0,25.89,BAJO,VERDE (ÓPTIMO),Seguimiento Regular de Aula,1. Continuar con el ritmo académico habitual. 2. Oportunidad de participación como mentor/ayudante.
STD_00469,Carrera General,Nivel General,5.4,85.0,69.28,ALTO,ROJO (CRÍTICO),Tutoría Académica Obligatoria y Derivación a Bienestar Estudiantil,1. Sesión tutorial individual semanal. 2. Plan de refuerzo en temas críticos. 3. Monitoreo continuo de asistencia.
STD_00469,Carrera General,Nivel General,7.4,85.0,29.2,BAJO,VERDE (ÓPTIMO),Seguimiento Regular de Aula,1. Continuar con el ritmo académico habitual. 2. Oportunidad de participación como mentor/ayudante.
STD_00469,Carrera General,Nivel General,6.9,85.0,63.84,MEDIO,AMARILLO (ADVERTENCIA),Acompañamiento Tutorial Preventivo y Talleres de Estudio,1. Entrevista de seguimiento bimensual. 2. Talleres grupales de resolución de ejercicios.
STD_00469,Carrera General,Nivel General,7.9,85.0,14.0,BAJO,VERDE (ÓPTIMO),Seguimiento Regular de Aula,1. Continuar con el ritmo académico habitual. 2. Oportunidad de participación como mentor/ayudante.
STD_00469,Carrera General,Nivel General,7.7,85.0,20.22,BAJO,VERDE (ÓPTIMO),Seguimiento Regular de Aula,1. Continuar con el ritmo académico habitual. 2. Oportunidad de participación como mentor/ayudante.
STD_00469,Carrera General,Nivel General,7.0,85.0,16.52,BAJO,VERDE (ÓPTIMO),Seguimiento Regular de Aula,1. Continuar con el ritmo académico habitual. 2. Oportunidad de participación como mentor/ayudante.
STD_00469,Carrera General,Nivel General,5.2,85.0,72.9,ALTO,ROJO (CRÍTICO),Tutoría Académica Obligatoria y Derivación a Bienestar Estudiantil,1. Sesión tutorial individual semanal. 2. Plan de refuerzo en temas críticos. 3. Monitoreo continuo de asistencia.
STD_00469,Carrera General,Nivel General,8.2,85.0,23.09,BAJO,VERDE (ÓPTIMO),Seguimiento Regular de Aula,1. Continuar con el ritmo académico habitual. 2. Oportunidad de participación como mentor/ayudante.
STD_00470,Carrera General,Nivel General,6.6,85.0,75.94,ALTO,ROJO (CRÍTICO),Tutoría Académica Obligatoria y Derivación a Bienestar Estudiantil,1. Sesión tutorial individual semanal. 2. Plan de refuerzo en temas críticos. 3. Monitoreo continuo de asistencia.
STD_00470,Carrera General,Nivel General,5.5,85.0,80.39,ALTO,ROJO (CRÍTICO),Tutoría Académica Obligatoria y Derivación a Bienestar Estudiantil,1. Sesión tutorial individual semanal. 2. Plan de refuerzo en temas críticos. 3. Monitoreo continuo de asistencia.
STD_00470,Carrera General,Nivel General,6.0,85.0,89.72,ALTO,ROJO (CRÍTICO),Tutoría Académica Obligatoria y Derivación a Bienestar Estudiantil,1. Sesión tutorial individual semanal. 2. Plan de refuerzo en temas críticos. 3. Monitoreo continuo de asistencia.
STD_00470,Carrera General,Nivel General,8.5,85.0,31.53,BAJO,VERDE (ÓPTIMO),Seguimiento Regular de Aula,1. Continuar con el ritmo académico habitual. 2. Oportunidad de participación como mentor/ayudante.
STD_00470,Carrera General,Nivel General,6.0,85.0,76.18,ALTO,ROJO (CRÍTICO),Tutoría Académica Obligatoria y Derivación a Bienestar Estudiantil,1. Sesión tutorial individual semanal. 2. Plan de refuerzo en temas críticos. 3. Monitoreo continuo de asistencia.
STD_00470,Carrera General,Nivel General,8.5,85.0,49.04,MEDIO,AMARILLO (ADVERTENCIA),Acompañamiento Tutorial Preventivo y Talleres de Estudio,1. Entrevista de seguimiento bimensual. 2. Talleres grupales de resolución de ejercicios.
STD_00470,Carrera General,Nivel General,4.9,85.0,62.62,ALTO,ROJO (CRÍTICO),Tutoría Académica Obligatoria y Derivación a Bienestar Estudiantil,1. Sesión tutorial individual semanal. 2. Plan de refuerzo en temas críticos. 3. Monitoreo continuo de asistencia.
STD_00470,Carrera General,Nivel General,5.2,85.0,80.65,ALTO,ROJO (CRÍTICO),Tutoría Académica Obligatoria y Derivación a Bienestar Estudiantil,1. Sesión tutorial individual semanal. 2. Plan de refuerzo en temas críticos. 3. Monitoreo continuo de asistencia.
STD_00471,Carrera General,Nivel General,9.2,85.0,15.81,BAJO,VERDE (ÓPTIMO),Seguimiento Regular de Aula,1. Continuar con el ritmo académico habitual. 2. Oportunidad de participación como mentor/ayudante.
STD_00471,Carrera General,Nivel General,4.1,85.0,81.54,ALTO,ROJO (CRÍTICO),Tutoría Académica Obligatoria y Derivación a Bienestar Estudiantil,1. Sesión tutorial individual semanal. 2. Plan de refuerzo en temas críticos. 3. Monitoreo continuo de asistencia.
STD_00471,Carrera General,Nivel General,7.1,85.0,27.92,BAJO,VERDE (ÓPTIMO),Seguimiento Regular de Aula,1. Continuar con el ritmo académico habitual. 2. Oportunidad de participación como mentor/ayudante.
STD_00471,Carrera General,Nivel General,4.4,85.0,84.0,ALTO,ROJO (CRÍTICO),Tutoría Académica Obligatoria y Derivación a Bienestar Estudiantil,1. Sesión tutorial individual semanal. 2. Plan de refuerzo en temas críticos. 3. Monitoreo continuo de asistencia.
STD_00471,Carrera General,Nivel General,5.3,85.0,67.55,ALTO,ROJO (CRÍTICO),Tutoría Académica Obligatoria y Derivación a Bienestar Estudiantil,1. Sesión tutorial individual semanal. 2. Plan de refuerzo en temas críticos. 3. Monitoreo continuo de asistencia.
STD_00471,Carrera General,Nivel General,9.1,85.0,31.13,BAJO,VERDE (ÓPTIMO),Seguimiento Regular de Aula,1. Continuar con el ritmo académico habitual. 2. Oportunidad de participación como mentor/ayudante.
STD_00471,Carrera General,Nivel General,7.7,85.0,13.31,BAJO,VERDE (ÓPTIMO),Seguimiento Regular de Aula,1. Continuar con el ritmo académico habitual. 2. Oportunidad de participación como mentor/ayudante.
STD_00471,Carrera General,Nivel General,9.4,85.0,11.05,BAJO,VERDE (ÓPTIMO),Seguimiento Regular de Aula,1. Continuar con el ritmo académico habitual. 2. Oportunidad de participación como mentor/ayudante.
STD_00472,Carrera General,Nivel General,6.5,85.0,84.45,ALTO,ROJO (CRÍTICO),Tutoría Académica Obligatoria y Derivación a Bienestar Estudiantil,1. Sesión tutorial individual semanal. 2. Plan de refuerzo en temas críticos. 3. Monitoreo continuo de asistencia.
STD_00472,Carrera General,Nivel General,8.1,85.0,10.13,BAJO,VERDE (ÓPTIMO),Seguimiento Regular de Aula,1. Continuar con el ritmo académico habitual. 2. Oportunidad de participación como mentor/ayudante.
STD_00472,Carrera General,Nivel General,8.3,85.0,11.26,BAJO,VERDE (ÓPTIMO),Seguimiento Regular de Aula,1. Continuar con el ritmo académico habitual. 2. Oportunidad de participación como mentor/ayudante.
STD_00472,Carrera General,Nivel General,8.0,85.0,12.86,BAJO,VERDE (ÓPTIMO),Seguimiento Regular de Aula,1. Continuar con el ritmo académico habitual. 2. Oportunidad de participación como mentor/ayudante.
STD_00472,Carrera General,Nivel General,4.9,85.0,79.75,ALTO,ROJO (CRÍTICO),Tutoría Académica Obligatoria y Derivación a Bienestar Estudiantil,1. Sesión tutorial individual semanal. 2. Plan de refuerzo en temas críticos. 3. Monitoreo continuo de asistencia.
STD_00472,Carrera General,Nivel General,4.5,85.0,79.25,ALTO,ROJO (CRÍTICO),Tutoría Académica Obligatoria y Derivación a Bienestar Estudiantil,1. Sesión tutorial individual semanal. 2. Plan de refuerzo en temas críticos. 3. Monitoreo continuo de asistencia.
STD_00472,Carrera General,Nivel General,7.6,85.0,11.89,BAJO,VERDE (ÓPTIMO),Seguimiento Regular de Aula,1. Continuar con el ritmo académico habitual. 2. Oportunidad de participación como mentor/ayudante.
STD_00472,Carrera General,Nivel General,5.4,85.0,83.02,ALTO,ROJO (CRÍTICO),Tutoría Académica Obligatoria y Derivación a Bienestar Estudiantil,1. Sesión tutorial individual semanal. 2. Plan de refuerzo en temas críticos. 3. Monitoreo continuo de asistencia.
STD_00473,Carrera General,Nivel General,5.5,85.0,83.64,ALTO,ROJO (CRÍTICO),Tutoría Académica Obligatoria y Derivación a Bienestar Estudiantil,1. Sesión tutorial individual semanal. 2. Plan de refuerzo en temas críticos. 3. Monitoreo continuo de asistencia.
STD_00473,Carrera General,Nivel General,9.9,85.0,24.27,BAJO,VERDE (ÓPTIMO),Seguimiento Regular de Aula,1. Continuar con el ritmo académico habitual. 2. Oportunidad de participación como mentor/ayudante.
STD_00473,Carrera General,Nivel General,6.6,85.0,72.81,ALTO,ROJO (CRÍTICO),Tutoría Académica Obligatoria y Derivación a Bienestar Estudiantil,1. Sesión tutorial individual semanal. 2. Plan de refuerzo en temas críticos. 3. Monitoreo continuo de asistencia.
STD_00473,Carrera General,Nivel General,7.2,85.0,37.68,MEDIO,AMARILLO (ADVERTENCIA),Acompañamiento Tutorial Preventivo y Talleres de Estudio,1. Entrevista de seguimiento bimensual. 2. Talleres grupales de resolución de ejercicios.
STD_00473,Carrera General,Nivel General,5.7,85.0,73.49,ALTO,ROJO (CRÍTICO),Tutoría Académica Obligatoria y Derivación a Bienestar Estudiantil,1. Sesión tutorial individual semanal. 2. Plan de refuerzo en temas críticos. 3. Monitoreo continuo de asistencia.
STD_00473,Carrera General,Nivel General,7.0,85.0,24.27,BAJO,VERDE (ÓPTIMO),Seguimiento Regular de Aula,1. Continuar con el ritmo académico habitual. 2. Oportunidad de participación como mentor/ayudante.
STD_00473,Carrera General,Nivel General,4.5,85.0,83.46,ALTO,ROJO (CRÍTICO),Tutoría Académica Obligatoria y Derivación a Bienestar Estudiantil,1. Sesión tutorial individual semanal. 2. Plan de refuerzo en temas críticos. 3. Monitoreo continuo de asistencia.
STD_00473,Carrera General,Nivel General,6.9,85.0,79.74,ALTO,ROJO (CRÍTICO),Tutoría Académica Obligatoria y Derivación a Bienestar Estudiantil,1. Sesión tutorial individual semanal. 2. Plan de refuerzo en temas críticos. 3. Monitoreo continuo de asistencia.
STD_00474,Carrera General,Nivel General,7.6,85.0,17.87,BAJO,VERDE (ÓPTIMO),Seguimiento Regular de Aula,1. Continuar con el ritmo académico habitual. 2. Oportunidad de participación como mentor/ayudante.
STD_00474,Carrera General,Nivel General,6.0,85.0,72.48,ALTO,ROJO (CRÍTICO),Tutoría Académica Obligatoria y Derivación a Bienestar Estudiantil,1. Sesión tutorial individual semanal. 2. Plan de refuerzo en temas críticos. 3. Monitoreo continuo de asistencia.
STD_00474,Carrera General,Nivel General,9.4,85.0,18.73,BAJO,VERDE (ÓPTIMO),Seguimiento Regular de Aula,1. Continuar con el ritmo académico habitual. 2. Oportunidad de participación como mentor/ayudante.
STD_00474,Carrera General,Nivel General,8.3,85.0,15.21,BAJO,VERDE (ÓPTIMO),Seguimiento Regular de Aula,1. Continuar con el ritmo académico habitual. 2. Oportunidad de participación como mentor/ayudante.
STD_00474,Carrera General,Nivel General,4.9,85.0,81.07,ALTO,ROJO (CRÍTICO),Tutoría Académica Obligatoria y Derivación a Bienestar Estudiantil,1. Sesión tutorial individual semanal. 2. Plan de refuerzo en temas críticos. 3. Monitoreo continuo de asistencia.
STD_00474,Carrera General,Nivel General,9.0,85.0,19.03,BAJO,VERDE (ÓPTIMO),Seguimiento Regular de Aula,1. Continuar con el ritmo académico habitual. 2. Oportunidad de participación como mentor/ayudante.
STD_00474,Carrera General,Nivel General,8.4,85.0,5.82,BAJO,VERDE (ÓPTIMO),Seguimiento Regular de Aula,1. Continuar con el ritmo académico habitual. 2. Oportunidad de participación como mentor/ayudante.
STD_00474,Carrera General,Nivel General,9.5,85.0,16.27,BAJO,VERDE (ÓPTIMO),Seguimiento Regular de Aula,1. Continuar con el ritmo académico habitual. 2. Oportunidad de participación como mentor/ayudante.
STD_00475,Carrera General,Nivel General,9.0,85.0,13.19,BAJO,VERDE (ÓPTIMO),Seguimiento Regular de Aula,1. Continuar con el ritmo académico habitual. 2. Oportunidad de participación como mentor/ayudante.
STD_00475,Carrera General,Nivel General,8.5,85.0,19.1,BAJO,VERDE (ÓPTIMO),Seguimiento Regular de Aula,1. Continuar con el ritmo académico habitual. 2. Oportunidad de participación como mentor/ayudante.
STD_00475,Carrera General,Nivel General,9.6,85.0,9.58,BAJO,VERDE (ÓPTIMO),Seguimiento Regular de Aula,1. Continuar con el ritmo académico habitual. 2. Oportunidad de participación como mentor/ayudante.
STD_00475,Carrera General,Nivel General,7.2,85.0,8.58,BAJO,VERDE (ÓPTIMO),Seguimiento Regular de Aula,1. Continuar con el ritmo académico habitual. 2. Oportunidad de participación como mentor/ayudante.
STD_00475,Carrera General,Nivel General,5.4,85.0,95.12,ALTO,ROJO (CRÍTICO),Tutoría Académica Obligatoria y Derivación a Bienestar Estudiantil,1. Sesión tutorial individual semanal. 2. Plan de refuerzo en temas críticos. 3. Monitoreo continuo de asistencia.
STD_00475,Carrera General,Nivel General,6.9,85.0,77.53,ALTO,ROJO (CRÍTICO),Tutoría Académica Obligatoria y Derivación a Bienestar Estudiantil,1. Sesión tutorial individual semanal. 2. Plan de refuerzo en temas críticos. 3. Monitoreo continuo de asistencia.
STD_00475,Carrera General,Nivel General,4.7,85.0,81.74,ALTO,ROJO (CRÍTICO),Tutoría Académica Obligatoria y Derivación a Bienestar Estudiantil,1. Sesión tutorial individual semanal. 2. Plan de refuerzo en temas críticos. 3. Monitoreo continuo de asistencia.
STD_00475,Carrera General,Nivel General,7.9,85.0,15.76,BAJO,VERDE (ÓPTIMO),Seguimiento Regular de Aula,1. Continuar con el ritmo académico habitual. 2. Oportunidad de participación como mentor/ayudante.
STD_00476,Carrera General,Nivel General,8.8,85.0,20.94,BAJO,VERDE (ÓPTIMO),Seguimiento Regular de Aula,1. Continuar con el ritmo académico habitual. 2. Oportunidad de participación como mentor/ayudante.
STD_00476,Carrera General,Nivel General,6.5,85.0,92.75,ALTO,ROJO (CRÍTICO),Tutoría Académica Obligatoria y Derivación a Bienestar Estudiantil,1. Sesión tutorial individual semanal. 2. Plan de refuerzo en temas críticos. 3. Monitoreo continuo de asistencia.
STD_00476,Carrera General,Nivel General,5.2,85.0,74.2,ALTO,ROJO (CRÍTICO),Tutoría Académica Obligatoria y Derivación a Bienestar Estudiantil,1. Sesión tutorial individual semanal. 2. Plan de refuerzo en temas críticos. 3. Monitoreo continuo de asistencia.
STD_00476,Carrera General,Nivel General,6.6,85.0,87.3,ALTO,ROJO (CRÍTICO),Tutoría Académica Obligatoria y Derivación a Bienestar Estudiantil,1. Sesión tutorial individual semanal. 2. Plan de refuerzo en temas críticos. 3. Monitoreo continuo de asistencia.
STD_00476,Carrera General,Nivel General,4.2,85.0,91.87,ALTO,ROJO (CRÍTICO),Tutoría Académica Obligatoria y Derivación a Bienestar Estudiantil,1. Sesión tutorial individual semanal. 2. Plan de refuerzo en temas críticos. 3. Monitoreo continuo de asistencia.
STD_00476,Carrera General,Nivel General,6.6,85.0,79.65,ALTO,ROJO (CRÍTICO),Tutoría Académica Obligatoria y Derivación a Bienestar Estudiantil,1. Sesión tutorial individual semanal. 2. Plan de refuerzo en temas críticos. 3. Monitoreo continuo de asistencia.
STD_00476,Carrera General,Nivel General,6.6,85.0,81.72,ALTO,ROJO (CRÍTICO),Tutoría Académica Obligatoria y Derivación a Bienestar Estudiantil,1. Sesión tutorial individual semanal. 2. Plan de refuerzo en temas críticos. 3. Monitoreo continuo de asistencia.
STD_00476,Carrera General,Nivel General,9.5,85.0,36.72,MEDIO,AMARILLO (ADVERTENCIA),Acompañamiento Tutorial Preventivo y Talleres de Estudio,1. Entrevista de seguimiento bimensual. 2. Talleres grupales de resolución de ejercicios.
STD_00477,Carrera General,Nivel General,5.4,85.0,58.35,ALTO,ROJO (CRÍTICO),Tutoría Académica Obligatoria y Derivación a Bienestar Estudiantil,1. Sesión tutorial individual semanal. 2. Plan de refuerzo en temas críticos. 3. Monitoreo continuo de asistencia.
STD_00477,Carrera General,Nivel General,8.2,85.0,33.95,BAJO,VERDE (ÓPTIMO),Seguimiento Regular de Aula,1. Continuar con el ritmo académico habitual. 2. Oportunidad de participación como mentor/ayudante.
STD_00477,Carrera General,Nivel General,4.6,85.0,87.18,ALTO,ROJO (CRÍTICO),Tutoría Académica Obligatoria y Derivación a Bienestar Estudiantil,1. Sesión tutorial individual semanal. 2. Plan de refuerzo en temas críticos. 3. Monitoreo continuo de asistencia.
STD_00477,Carrera General,Nivel General,8.2,85.0,39.26,MEDIO,AMARILLO (ADVERTENCIA),Acompañamiento Tutorial Preventivo y Talleres de Estudio,1. Entrevista de seguimiento bimensual. 2. Talleres grupales de resolución de ejercicios.
STD_00477,Carrera General,Nivel General,9.0,85.0,21.21,BAJO,VERDE (ÓPTIMO),Seguimiento Regular de Aula,1. Continuar con el ritmo académico habitual. 2. Oportunidad de participación como mentor/ayudante.
STD_00477,Carrera General,Nivel General,7.8,85.0,25.1,BAJO,VERDE (ÓPTIMO),Seguimiento Regular de Aula,1. Continuar con el ritmo académico habitual. 2. Oportunidad de participación como mentor/ayudante.
STD_00477,Carrera General,Nivel General,9.3,85.0,24.77,BAJO,VERDE (ÓPTIMO),Seguimiento Regular de Aula,1. Continuar con el ritmo académico habitual. 2. Oportunidad de participación como mentor/ayudante.
STD_00477,Carrera General,Nivel General,6.1,85.0,84.55,ALTO,ROJO (CRÍTICO),Tutoría Académica Obligatoria y Derivación a Bienestar Estudiantil,1. Sesión tutorial individual semanal. 2. Plan de refuerzo en temas críticos. 3. Monitoreo continuo de asistencia.
STD_00478,Carrera General,Nivel General,4.4,85.0,84.32,ALTO,ROJO (CRÍTICO),Tutoría Académica Obligatoria y Derivación a Bienestar Estudiantil,1. Sesión tutorial individual semanal. 2. Plan de refuerzo en temas críticos. 3. Monitoreo continuo de asistencia.
STD_00478,Carrera General,Nivel General,9.0,85.0,13.53,BAJO,VERDE (ÓPTIMO),Seguimiento Regular de Aula,1. Continuar con el ritmo académico habitual. 2. Oportunidad de participación como mentor/ayudante.
STD_00478,Carrera General,Nivel General,6.1,85.0,66.37,ALTO,ROJO (CRÍTICO),Tutoría Académica Obligatoria y Derivación a Bienestar Estudiantil,1. Sesión tutorial individual semanal. 2. Plan de refuerzo en temas críticos. 3. Monitoreo continuo de asistencia.
STD_00478,Carrera General,Nivel General,4.8,85.0,90.48,ALTO,ROJO (CRÍTICO),Tutoría Académica Obligatoria y Derivación a Bienestar Estudiantil,1. Sesión tutorial individual semanal. 2. Plan de refuerzo en temas críticos. 3. Monitoreo continuo de asistencia.
STD_00478,Carrera General,Nivel General,6.4,85.0,81.49,ALTO,ROJO (CRÍTICO),Tutoría Académica Obligatoria y Derivación a Bienestar Estudiantil,1. Sesión tutorial individual semanal. 2. Plan de refuerzo en temas críticos. 3. Monitoreo continuo de asistencia.
STD_00478,Carrera General,Nivel General,5.9,85.0,89.55,ALTO,ROJO (CRÍTICO),Tutoría Académica Obligatoria y Derivación a Bienestar Estudiantil,1. Sesión tutorial individual semanal. 2. Plan de refuerzo en temas críticos. 3. Monitoreo continuo de asistencia.
STD_00478,Carrera General,Nivel General,9.0,85.0,29.2,BAJO,VERDE (ÓPTIMO),Seguimiento Regular de Aula,1. Continuar con el ritmo académico habitual. 2. Oportunidad de participación como mentor/ayudante.
STD_00478,Carrera General,Nivel General,10.0,85.0,20.32,BAJO,VERDE (ÓPTIMO),Seguimiento Regular de Aula,1. Continuar con el ritmo académico habitual. 2. Oportunidad de participación como mentor/ayudante.
STD_00479,Carrera General,Nivel General,9.0,85.0,16.98,BAJO,VERDE (ÓPTIMO),Seguimiento Regular de Aula,1. Continuar con el ritmo académico habitual. 2. Oportunidad de participación como mentor/ayudante.
STD_00479,Carrera General,Nivel General,11.0,85.0,12.33,BAJO,VERDE (ÓPTIMO),Seguimiento Regular de Aula,1. Continuar con el ritmo académico habitual. 2. Oportunidad de participación como mentor/ayudante.
STD_00479,Carrera General,Nivel General,7.9,85.0,20.61,BAJO,VERDE (ÓPTIMO),Seguimiento Regular de Aula,1. Continuar con el ritmo académico habitual. 2. Oportunidad de participación como mentor/ayudante.
STD_00479,Carrera General,Nivel General,9.3,85.0,28.76,BAJO,VERDE (ÓPTIMO),Seguimiento Regular de Aula,1. Continuar con el ritmo académico habitual. 2. Oportunidad de participación como mentor/ayudante.
STD_00479,Carrera General,Nivel General,6.7,85.0,82.25,ALTO,ROJO (CRÍTICO),Tutoría Académica Obligatoria y Derivación a Bienestar Estudiantil,1. Sesión tutorial individual semanal. 2. Plan de refuerzo en temas críticos. 3. Monitoreo continuo de asistencia.
STD_00479,Carrera General,Nivel General,5.2,85.0,63.06,ALTO,ROJO (CRÍTICO),Tutoría Académica Obligatoria y Derivación a Bienestar Estudiantil,1. Sesión tutorial individual semanal. 2. Plan de refuerzo en temas críticos. 3. Monitoreo continuo de asistencia.
STD_00479,Carrera General,Nivel General,7.1,85.0,14.49,BAJO,VERDE (ÓPTIMO),Seguimiento Regular de Aula,1. Continuar con el ritmo académico habitual. 2. Oportunidad de participación como mentor/ayudante.
STD_00479,Carrera General,Nivel General,6.7,85.0,74.04,ALTO,ROJO (CRÍTICO),Tutoría Académica Obligatoria y Derivación a Bienestar Estudiantil,1. Sesión tutorial individual semanal. 2. Plan de refuerzo en temas críticos. 3. Monitoreo continuo de asistencia.
STD_00480,Carrera General,Nivel General,4.6,85.0,89.24,ALTO,ROJO (CRÍTICO),Tutoría Académica Obligatoria y Derivación a Bienestar Estudiantil,1. Sesión tutorial individual semanal. 2. Plan de refuerzo en temas críticos. 3. Monitoreo continuo de asistencia.
STD_00480,Carrera General,Nivel General,9.8,85.0,29.51,BAJO,VERDE (ÓPTIMO),Seguimiento Regular de Aula,1. Continuar con el ritmo académico habitual. 2. Oportunidad de participación como mentor/ayudante.
STD_00480,Carrera General,Nivel General,6.6,85.0,88.36,ALTO,ROJO (CRÍTICO),Tutoría Académica Obligatoria y Derivación a Bienestar Estudiantil,1. Sesión tutorial individual semanal. 2. Plan de refuerzo en temas críticos. 3. Monitoreo continuo de asistencia.
STD_00480,Carrera General,Nivel General,5.9,85.0,72.4,ALTO,ROJO (CRÍTICO),Tutoría Académica Obligatoria y Derivación a Bienestar Estudiantil,1. Sesión tutorial individual semanal. 2. Plan de refuerzo en temas críticos. 3. Monitoreo continuo de asistencia.
STD_00480,Carrera General,Nivel General,6.0,85.0,82.57,ALTO,ROJO (CRÍTICO),Tutoría Académica Obligatoria y Derivación a Bienestar Estudiantil,1. Sesión tutorial individual semanal. 2. Plan de refuerzo en temas críticos. 3. Monitoreo continuo de asistencia.
STD_00480,Carrera General,Nivel General,4.0,85.0,79.76,ALTO,ROJO (CRÍTICO),Tutoría Académica Obligatoria y Derivación a Bienestar Estudiantil,1. Sesión tutorial individual semanal. 2. Plan de refuerzo en temas críticos. 3. Monitoreo continuo de asistencia.
STD_00480,Carrera General,Nivel General,11.0,85.0,22.1,BAJO,VERDE (ÓPTIMO),Seguimiento Regular de Aula,1. Continuar con el ritmo académico habitual. 2. Oportunidad de participación como mentor/ayudante.
STD_00480,Carrera General,Nivel General,4.7,85.0,93.91,ALTO,ROJO (CRÍTICO),Tutoría Académica Obligatoria y Derivación a Bienestar Estudiantil,1. Sesión tutorial individual semanal. 2. Plan de refuerzo en temas críticos. 3. Monitoreo continuo de asistencia.
STD_00481,Carrera General,Nivel General,4.2,85.0,80.45,ALTO,ROJO (CRÍTICO),Tutoría Académica Obligatoria y Derivación a Bienestar Estudiantil,1. Sesión tutorial individual semanal. 2. Plan de refuerzo en temas críticos. 3. Monitoreo continuo de asistencia.
STD_00481,Carrera General,Nivel General,9.7,85.0,35.25,MEDIO,AMARILLO (ADVERTENCIA),Acompañamiento Tutorial Preventivo y Talleres de Estudio,1. Entrevista de seguimiento bimensual. 2. Talleres grupales de resolución de ejercicios.
STD_00481,Carrera General,Nivel General,4.4,85.0,84.46,ALTO,ROJO (CRÍTICO),Tutoría Académica Obligatoria y Derivación a Bienestar Estudiantil,1. Sesión tutorial individual semanal. 2. Plan de refuerzo en temas críticos. 3. Monitoreo continuo de asistencia.
STD_00481,Carrera General,Nivel General,5.1,85.0,87.9,ALTO,ROJO (CRÍTICO),Tutoría Académica Obligatoria y Derivación a Bienestar Estudiantil,1. Sesión tutorial individual semanal. 2. Plan de refuerzo en temas críticos. 3. Monitoreo continuo de asistencia.
STD_00481,Carrera General,Nivel General,5.8,85.0,77.64,ALTO,ROJO (CRÍTICO),Tutoría Académica Obligatoria y Derivación a Bienestar Estudiantil,1. Sesión tutorial individual semanal. 2. Plan de refuerzo en temas críticos. 3. Monitoreo continuo de asistencia.
STD_00481,Carrera General,Nivel General,6.6,85.0,80.16,ALTO,ROJO (CRÍTICO),Tutoría Académica Obligatoria y Derivación a Bienestar Estudiantil,1. Sesión tutorial individual semanal. 2. Plan de refuerzo en temas críticos. 3. Monitoreo continuo de asistencia.
STD_00481,Carrera General,Nivel General,9.5,85.0,29.48,BAJO,VERDE (ÓPTIMO),Seguimiento Regular de Aula,1. Continuar con el ritmo académico habitual. 2. Oportunidad de participación como mentor/ayudante.
STD_00481,Carrera General,Nivel General,5.0,85.0,87.41,ALTO,ROJO (CRÍTICO),Tutoría Académica Obligatoria y Derivación a Bienestar Estudiantil,1. Sesión tutorial individual semanal. 2. Plan de refuerzo en temas críticos. 3. Monitoreo continuo de asistencia.
STD_00482,Carrera General,Nivel General,8.1,85.0,18.4,BAJO,VERDE (ÓPTIMO),Seguimiento Regular de Aula,1. Continuar con el ritmo académico habitual. 2. Oportunidad de participación como mentor/ayudante.
STD_00482,Carrera General,Nivel General,4.8,85.0,82.68,ALTO,ROJO (CRÍTICO),Tutoría Académica Obligatoria y Derivación a Bienestar Estudiantil,1. Sesión tutorial individual semanal. 2. Plan de refuerzo en temas críticos. 3. Monitoreo continuo de asistencia.
STD_00482,Carrera General,Nivel General,4.9,85.0,89.75,ALTO,ROJO (CRÍTICO),Tutoría Académica Obligatoria y Derivación a Bienestar Estudiantil,1. Sesión tutorial individual semanal. 2. Plan de refuerzo en temas críticos. 3. Monitoreo continuo de asistencia.
STD_00482,Carrera General,Nivel General,4.2,85.0,85.02,ALTO,ROJO (CRÍTICO),Tutoría Académica Obligatoria y Derivación a Bienestar Estudiantil,1. Sesión tutorial individual semanal. 2. Plan de refuerzo en temas críticos. 3. Monitoreo continuo de asistencia.
STD_00482,Carrera General,Nivel General,6.0,85.0,77.72,ALTO,ROJO (CRÍTICO),Tutoría Académica Obligatoria y Derivación a Bienestar Estudiantil,1. Sesión tutorial individual semanal. 2. Plan de refuerzo en temas críticos. 3. Monitoreo continuo de asistencia.
STD_00482,Carrera General,Nivel General,11.0,85.0,22.94,BAJO,VERDE (ÓPTIMO),Seguimiento Regular de Aula,1. Continuar con el ritmo académico habitual. 2. Oportunidad de participación como mentor/ayudante.
STD_00482,Carrera General,Nivel General,6.2,85.0,85.64,ALTO,ROJO (CRÍTICO),Tutoría Académica Obligatoria y Derivación a Bienestar Estudiantil,1. Sesión tutorial individual semanal. 2. Plan de refuerzo en temas críticos. 3. Monitoreo continuo de asistencia.
STD_00482,Carrera General,Nivel General,9.8,85.0,16.22,BAJO,VERDE (ÓPTIMO),Seguimiento Regular de Aula,1. Continuar con el ritmo académico habitual. 2. Oportunidad de participación como mentor/ayudante.
STD_00483,Carrera General,Nivel General,5.2,85.0,88.79,ALTO,ROJO (CRÍTICO),Tutoría Académica Obligatoria y Derivación a Bienestar Estudiantil,1. Sesión tutorial individual semanal. 2. Plan de refuerzo en temas críticos. 3. Monitoreo continuo de asistencia.
STD_00483,Carrera General,Nivel General,4.3,85.0,87.19,ALTO,ROJO (CRÍTICO),Tutoría Académica Obligatoria y Derivación a Bienestar Estudiantil,1. Sesión tutorial individual semanal. 2. Plan de refuerzo en temas críticos. 3. Monitoreo continuo de asistencia.
STD_00483,Carrera General,Nivel General,9.7,85.0,15.33,BAJO,VERDE (ÓPTIMO),Seguimiento Regular de Aula,1. Continuar con el ritmo académico habitual. 2. Oportunidad de participación como mentor/ayudante.
STD_00483,Carrera General,Nivel General,5.5,85.0,77.46,ALTO,ROJO (CRÍTICO),Tutoría Académica Obligatoria y Derivación a Bienestar Estudiantil,1. Sesión tutorial individual semanal. 2. Plan de refuerzo en temas críticos. 3. Monitoreo continuo de asistencia.
STD_00483,Carrera General,Nivel General,4.6,85.0,78.28,ALTO,ROJO (CRÍTICO),Tutoría Académica Obligatoria y Derivación a Bienestar Estudiantil,1. Sesión tutorial individual semanal. 2. Plan de refuerzo en temas críticos. 3. Monitoreo continuo de asistencia.
STD_00483,Carrera General,Nivel General,6.3,85.0,79.17,ALTO,ROJO (CRÍTICO),Tutoría Académica Obligatoria y Derivación a Bienestar Estudiantil,1. Sesión tutorial individual semanal. 2. Plan de refuerzo en temas críticos. 3. Monitoreo continuo de asistencia.
STD_00483,Carrera General,Nivel General,4.1,85.0,81.0,ALTO,ROJO (CRÍTICO),Tutoría Académica Obligatoria y Derivación a Bienestar Estudiantil,1. Sesión tutorial individual semanal. 2. Plan de refuerzo en temas críticos. 3. Monitoreo continuo de asistencia.
STD_00483,Carrera General,Nivel General,8.3,85.0,15.62,BAJO,VERDE (ÓPTIMO),Seguimiento Regular de Aula,1. Continuar con el ritmo académico habitual. 2. Oportunidad de participación como mentor/ayudante.
STD_00484,Carrera General,Nivel General,5.6,85.0,69.51,ALTO,ROJO (CRÍTICO),Tutoría Académica Obligatoria y Derivación a Bienestar Estudiantil,1. Sesión tutorial individual semanal. 2. Plan de refuerzo en temas críticos. 3. Monitoreo continuo de asistencia.
STD_00484,Carrera General,Nivel General,8.4,85.0,21.24,BAJO,VERDE (ÓPTIMO),Seguimiento Regular de Aula,1. Continuar con el ritmo académico habitual. 2. Oportunidad de participación como mentor/ayudante.
STD_00484,Carrera General,Nivel General,4.1,85.0,59.24,ALTO,ROJO (CRÍTICO),Tutoría Académica Obligatoria y Derivación a Bienestar Estudiantil,1. Sesión tutorial individual semanal. 2. Plan de refuerzo en temas críticos. 3. Monitoreo continuo de asistencia.
STD_00484,Carrera General,Nivel General,5.7,85.0,80.21,ALTO,ROJO (CRÍTICO),Tutoría Académica Obligatoria y Derivación a Bienestar Estudiantil,1. Sesión tutorial individual semanal. 2. Plan de refuerzo en temas críticos. 3. Monitoreo continuo de asistencia.
STD_00484,Carrera General,Nivel General,5.3,85.0,88.51,ALTO,ROJO (CRÍTICO),Tutoría Académica Obligatoria y Derivación a Bienestar Estudiantil,1. Sesión tutorial individual semanal. 2. Plan de refuerzo en temas críticos. 3. Monitoreo continuo de asistencia.
STD_00484,Carrera General,Nivel General,7.0,85.0,12.68,BAJO,VERDE (ÓPTIMO),Seguimiento Regular de Aula,1. Continuar con el ritmo académico habitual. 2. Oportunidad de participación como mentor/ayudante.
STD_00484,Carrera General,Nivel General,8.9,85.0,33.41,BAJO,VERDE (ÓPTIMO),Seguimiento Regular de Aula,1. Continuar con el ritmo académico habitual. 2. Oportunidad de participación como mentor/ayudante.
STD_00484,Carrera General,Nivel General,6.4,85.0,86.04,ALTO,ROJO (CRÍTICO),Tutoría Académica Obligatoria y Derivación a Bienestar Estudiantil,1. Sesión tutorial individual semanal. 2. Plan de refuerzo en temas críticos. 3. Monitoreo continuo de asistencia.
STD_00485,Carrera General,Nivel General,5.5,85.0,82.16,ALTO,ROJO (CRÍTICO),Tutoría Académica Obligatoria y Derivación a Bienestar Estudiantil,1. Sesión tutorial individual semanal. 2. Plan de refuerzo en temas críticos. 3. Monitoreo continuo de asistencia.
STD_00485,Carrera General,Nivel General,5.9,85.0,72.23,ALTO,ROJO (CRÍTICO),Tutoría Académica Obligatoria y Derivación a Bienestar Estudiantil,1. Sesión tutorial individual semanal. 2. Plan de refuerzo en temas críticos. 3. Monitoreo continuo de asistencia.
STD_00485,Carrera General,Nivel General,8.6,85.0,9.27,BAJO,VERDE (ÓPTIMO),Seguimiento Regular de Aula,1. Continuar con el ritmo académico habitual. 2. Oportunidad de participación como mentor/ayudante.
STD_00485,Carrera General,Nivel General,8.7,85.0,22.75,BAJO,VERDE (ÓPTIMO),Seguimiento Regular de Aula,1. Continuar con el ritmo académico habitual. 2. Oportunidad de participación como mentor/ayudante.
STD_00485,Carrera General,Nivel General,9.7,85.0,21.2,BAJO,VERDE (ÓPTIMO),Seguimiento Regular de Aula,1. Continuar con el ritmo académico habitual. 2. Oportunidad de participación como mentor/ayudante.
STD_00485,Carrera General,Nivel General,5.2,85.0,87.63,ALTO,ROJO (CRÍTICO),Tutoría Académica Obligatoria y Derivación a Bienestar Estudiantil,1. Sesión tutorial individual semanal. 2. Plan de refuerzo en temas críticos. 3. Monitoreo continuo de asistencia.
STD_00485,Carrera General,Nivel General,8.9,85.0,23.31,BAJO,VERDE (ÓPTIMO),Seguimiento Regular de Aula,1. Continuar con el ritmo académico habitual. 2. Oportunidad de participación como mentor/ayudante.
STD_00485,Carrera General,Nivel General,7.7,85.0,10.21,BAJO,VERDE (ÓPTIMO),Seguimiento Regular de Aula,1. Continuar con el ritmo académico habitual. 2. Oportunidad de participación como mentor/ayudante.
STD_00486,Carrera General,Nivel General,7.2,85.0,36.26,MEDIO,AMARILLO (ADVERTENCIA),Acompañamiento Tutorial Preventivo y Talleres de Estudio,1. Entrevista de seguimiento bimensual. 2. Talleres grupales de resolución de ejercicios.
STD_00486,Carrera General,Nivel General,11.0,85.0,27.64,BAJO,VERDE (ÓPTIMO),Seguimiento Regular de Aula,1. Continuar con el ritmo académico habitual. 2. Oportunidad de participación como mentor/ayudante.
STD_00486,Carrera General,Nivel General,7.0,85.0,21.53,BAJO,VERDE (ÓPTIMO),Seguimiento Regular de Aula,1. Continuar con el ritmo académico habitual. 2. Oportunidad de participación como mentor/ayudante.
STD_00486,Carrera General,Nivel General,5.5,85.0,66.72,ALTO,ROJO (CRÍTICO),Tutoría Académica Obligatoria y Derivación a Bienestar Estudiantil,1. Sesión tutorial individual semanal. 2. Plan de refuerzo en temas críticos. 3. Monitoreo continuo de asistencia.
STD_00486,Carrera General,Nivel General,6.0,85.0,52.16,MEDIO,AMARILLO (ADVERTENCIA),Acompañamiento Tutorial Preventivo y Talleres de Estudio,1. Entrevista de seguimiento bimensual. 2. Talleres grupales de resolución de ejercicios.
STD_00486,Carrera General,Nivel General,6.9,85.0,61.22,MEDIO,AMARILLO (ADVERTENCIA),Acompañamiento Tutorial Preventivo y Talleres de Estudio,1. Entrevista de seguimiento bimensual. 2. Talleres grupales de resolución de ejercicios.
STD_00486,Carrera General,Nivel General,9.2,85.0,28.71,BAJO,VERDE (ÓPTIMO),Seguimiento Regular de Aula,1. Continuar con el ritmo académico habitual. 2. Oportunidad de participación como mentor/ayudante.
STD_00486,Carrera General,Nivel General,7.6,85.0,19.76,BAJO,VERDE (ÓPTIMO),Seguimiento Regular de Aula,1. Continuar con el ritmo académico habitual. 2. Oportunidad de participación como mentor/ayudante.
STD_00487,Carrera General,Nivel General,6.0,85.0,66.14,ALTO,ROJO (CRÍTICO),Tutoría Académica Obligatoria y Derivación a Bienestar Estudiantil,1. Sesión tutorial individual semanal. 2. Plan de refuerzo en temas críticos. 3. Monitoreo continuo de asistencia.
STD_00487,Carrera General,Nivel General,8.1,85.0,18.63,BAJO,VERDE (ÓPTIMO),Seguimiento Regular de Aula,1. Continuar con el ritmo académico habitual. 2. Oportunidad de participación como mentor/ayudante.
STD_00487,Carrera General,Nivel General,7.7,85.0,17.7,BAJO,VERDE (ÓPTIMO),Seguimiento Regular de Aula,1. Continuar con el ritmo académico habitual. 2. Oportunidad de participación como mentor/ayudante.
STD_00487,Carrera General,Nivel General,6.2,85.0,77.44,ALTO,ROJO (CRÍTICO),Tutoría Académica Obligatoria y Derivación a Bienestar Estudiantil,1. Sesión tutorial individual semanal. 2. Plan de refuerzo en temas críticos. 3. Monitoreo continuo de asistencia.
STD_00487,Carrera General,Nivel General,6.6,85.0,64.07,MEDIO,AMARILLO (ADVERTENCIA),Acompañamiento Tutorial Preventivo y Talleres de Estudio,1. Entrevista de seguimiento bimensual. 2. Talleres grupales de resolución de ejercicios.
STD_00487,Carrera General,Nivel General,7.6,85.0,16.01,BAJO,VERDE (ÓPTIMO),Seguimiento Regular de Aula,1. Continuar con el ritmo académico habitual. 2. Oportunidad de participación como mentor/ayudante.
STD_00487,Carrera General,Nivel General,6.2,85.0,58.71,MEDIO,AMARILLO (ADVERTENCIA),Acompañamiento Tutorial Preventivo y Talleres de Estudio,1. Entrevista de seguimiento bimensual. 2. Talleres grupales de resolución de ejercicios.
STD_00487,Carrera General,Nivel General,8.9,85.0,12.84,BAJO,VERDE (ÓPTIMO),Seguimiento Regular de Aula,1. Continuar con el ritmo académico habitual. 2. Oportunidad de participación como mentor/ayudante.
STD_00488,Carrera General,Nivel General,5.8,85.0,83.64,ALTO,ROJO (CRÍTICO),Tutoría Académica Obligatoria y Derivación a Bienestar Estudiantil,1. Sesión tutorial individual semanal. 2. Plan de refuerzo en temas críticos. 3. Monitoreo continuo de asistencia.
STD_00488,Carrera General,Nivel General,7.4,85.0,11.73,BAJO,VERDE (ÓPTIMO),Seguimiento Regular de Aula,1. Continuar con el ritmo académico habitual. 2. Oportunidad de participación como mentor/ayudante.
STD_00488,Carrera General,Nivel General,9.3,85.0,22.72,BAJO,VERDE (ÓPTIMO),Seguimiento Regular de Aula,1. Continuar con el ritmo académico habitual. 2. Oportunidad de participación como mentor/ayudante.
STD_00488,Carrera General,Nivel General,7.0,85.0,31.96,BAJO,VERDE (ÓPTIMO),Seguimiento Regular de Aula,1. Continuar con el ritmo académico habitual. 2. Oportunidad de participación como mentor/ayudante.
STD_00488,Carrera General,Nivel General,6.0,85.0,76.16,ALTO,ROJO (CRÍTICO),Tutoría Académica Obligatoria y Derivación a Bienestar Estudiantil,1. Sesión tutorial individual semanal. 2. Plan de refuerzo en temas críticos. 3. Monitoreo continuo de asistencia.
STD_00488,Carrera General,Nivel General,6.7,85.0,73.68,ALTO,ROJO (CRÍTICO),Tutoría Académica Obligatoria y Derivación a Bienestar Estudiantil,1. Sesión tutorial individual semanal. 2. Plan de refuerzo en temas críticos. 3. Monitoreo continuo de asistencia.
STD_00488,Carrera General,Nivel General,8.0,85.0,33.43,BAJO,VERDE (ÓPTIMO),Seguimiento Regular de Aula,1. Continuar con el ritmo académico habitual. 2. Oportunidad de participación como mentor/ayudante.
STD_00488,Carrera General,Nivel General,9.6,85.0,20.54,BAJO,VERDE (ÓPTIMO),Seguimiento Regular de Aula,1. Continuar con el ritmo académico habitual. 2. Oportunidad de participación como mentor/ayudante.
STD_00489,Carrera General,Nivel General,8.1,85.0,19.78,BAJO,VERDE (ÓPTIMO),Seguimiento Regular de Aula,1. Continuar con el ritmo académico habitual. 2. Oportunidad de participación como mentor/ayudante.
STD_00489,Carrera General,Nivel General,8.7,85.0,19.31,BAJO,VERDE (ÓPTIMO),Seguimiento Regular de Aula,1. Continuar con el ritmo académico habitual. 2. Oportunidad de participación como mentor/ayudante.
STD_00489,Carrera General,Nivel General,9.4,85.0,11.57,BAJO,VERDE (ÓPTIMO),Seguimiento Regular de Aula,1. Continuar con el ritmo académico habitual. 2. Oportunidad de participación como mentor/ayudante.
STD_00489,Carrera General,Nivel General,8.5,85.0,23.49,BAJO,VERDE (ÓPTIMO),Seguimiento Regular de Aula,1. Continuar con el ritmo académico habitual. 2. Oportunidad de participación como mentor/ayudante.
STD_00489,Carrera General,Nivel General,7.1,85.0,17.15,BAJO,VERDE (ÓPTIMO),Seguimiento Regular de Aula,1. Continuar con el ritmo académico habitual. 2. Oportunidad de participación como mentor/ayudante.
STD_00489,Carrera General,Nivel General,7.7,85.0,29.5,BAJO,VERDE (ÓPTIMO),Seguimiento Regular de Aula,1. Continuar con el ritmo académico habitual. 2. Oportunidad de participación como mentor/ayudante.
STD_00489,Carrera General,Nivel General,7.7,85.0,12.43,BAJO,VERDE (ÓPTIMO),Seguimiento Regular de Aula,1. Continuar con el ritmo académico habitual. 2. Oportunidad de participación como mentor/ayudante.
STD_00489,Carrera General,Nivel General,6.2,85.0,64.16,MEDIO,AMARILLO (ADVERTENCIA),Acompañamiento Tutorial Preventivo y Talleres de Estudio,1. Entrevista de seguimiento bimensual. 2. Talleres grupales de resolución de ejercicios.
STD_00490,Carrera General,Nivel General,5.1,85.0,59.96,ALTO,ROJO (CRÍTICO),Tutoría Académica Obligatoria y Derivación a Bienestar Estudiantil,1. Sesión tutorial individual semanal. 2. Plan de refuerzo en temas críticos. 3. Monitoreo continuo de asistencia.
STD_00490,Carrera General,Nivel General,4.5,85.0,85.43,ALTO,ROJO (CRÍTICO),Tutoría Académica Obligatoria y Derivación a Bienestar Estudiantil,1. Sesión tutorial individual semanal. 2. Plan de refuerzo en temas críticos. 3. Monitoreo continuo de asistencia.
STD_00490,Carrera General,Nivel General,9.5,85.0,11.56,BAJO,VERDE (ÓPTIMO),Seguimiento Regular de Aula,1. Continuar con el ritmo académico habitual. 2. Oportunidad de participación como mentor/ayudante.
STD_00490,Carrera General,Nivel General,9.9,85.0,6.73,BAJO,VERDE (ÓPTIMO),Seguimiento Regular de Aula,1. Continuar con el ritmo académico habitual. 2. Oportunidad de participación como mentor/ayudante.
STD_00490,Carrera General,Nivel General,7.9,85.0,18.8,BAJO,VERDE (ÓPTIMO),Seguimiento Regular de Aula,1. Continuar con el ritmo académico habitual. 2. Oportunidad de participación como mentor/ayudante.
STD_00490,Carrera General,Nivel General,4.5,85.0,79.56,ALTO,ROJO (CRÍTICO),Tutoría Académica Obligatoria y Derivación a Bienestar Estudiantil,1. Sesión tutorial individual semanal. 2. Plan de refuerzo en temas críticos. 3. Monitoreo continuo de asistencia.
STD_00490,Carrera General,Nivel General,11.0,85.0,28.72,BAJO,VERDE (ÓPTIMO),Seguimiento Regular de Aula,1. Continuar con el ritmo académico habitual. 2. Oportunidad de participación como mentor/ayudante.
STD_00490,Carrera General,Nivel General,7.7,85.0,14.18,BAJO,VERDE (ÓPTIMO),Seguimiento Regular de Aula,1. Continuar con el ritmo académico habitual. 2. Oportunidad de participación como mentor/ayudante.
STD_00491,Carrera General,Nivel General,6.7,85.0,80.25,ALTO,ROJO (CRÍTICO),Tutoría Académica Obligatoria y Derivación a Bienestar Estudiantil,1. Sesión tutorial individual semanal. 2. Plan de refuerzo en temas críticos. 3. Monitoreo continuo de asistencia.
STD_00491,Carrera General,Nivel General,9.4,85.0,23.03,BAJO,VERDE (ÓPTIMO),Seguimiento Regular de Aula,1. Continuar con el ritmo académico habitual. 2. Oportunidad de participación como mentor/ayudante.
STD_00491,Carrera General,Nivel General,5.3,85.0,79.1,ALTO,ROJO (CRÍTICO),Tutoría Académica Obligatoria y Derivación a Bienestar Estudiantil,1. Sesión tutorial individual semanal. 2. Plan de refuerzo en temas críticos. 3. Monitoreo continuo de asistencia.
STD_00491,Carrera General,Nivel General,4.1,85.0,88.64,ALTO,ROJO (CRÍTICO),Tutoría Académica Obligatoria y Derivación a Bienestar Estudiantil,1. Sesión tutorial individual semanal. 2. Plan de refuerzo en temas críticos. 3. Monitoreo continuo de asistencia.
STD_00491,Carrera General,Nivel General,7.9,85.0,25.46,BAJO,VERDE (ÓPTIMO),Seguimiento Regular de Aula,1. Continuar con el ritmo académico habitual. 2. Oportunidad de participación como mentor/ayudante.
STD_00491,Carrera General,Nivel General,5.0,85.0,76.28,ALTO,ROJO (CRÍTICO),Tutoría Académica Obligatoria y Derivación a Bienestar Estudiantil,1. Sesión tutorial individual semanal. 2. Plan de refuerzo en temas críticos. 3. Monitoreo continuo de asistencia.
STD_00491,Carrera General,Nivel General,5.3,85.0,78.12,ALTO,ROJO (CRÍTICO),Tutoría Académica Obligatoria y Derivación a Bienestar Estudiantil,1. Sesión tutorial individual semanal. 2. Plan de refuerzo en temas críticos. 3. Monitoreo continuo de asistencia.
STD_00491,Carrera General,Nivel General,4.1,85.0,91.04,ALTO,ROJO (CRÍTICO),Tutoría Académica Obligatoria y Derivación a Bienestar Estudiantil,1. Sesión tutorial individual semanal. 2. Plan de refuerzo en temas críticos. 3. Monitoreo continuo de asistencia.
STD_00492,Carrera General,Nivel General,7.1,85.0,21.34,BAJO,VERDE (ÓPTIMO),Seguimiento Regular de Aula,1. Continuar con el ritmo académico habitual. 2. Oportunidad de participación como mentor/ayudante.
STD_00492,Carrera General,Nivel General,7.3,85.0,5.44,BAJO,VERDE (ÓPTIMO),Seguimiento Regular de Aula,1. Continuar con el ritmo académico habitual. 2. Oportunidad de participación como mentor/ayudante.
STD_00492,Carrera General,Nivel General,9.9,85.0,24.53,BAJO,VERDE (ÓPTIMO),Seguimiento Regular de Aula,1. Continuar con el ritmo académico habitual. 2. Oportunidad de participación como mentor/ayudante.
STD_00492,Carrera General,Nivel General,9.5,85.0,18.13,BAJO,VERDE (ÓPTIMO),Seguimiento Regular de Aula,1. Continuar con el ritmo académico habitual. 2. Oportunidad de participación como mentor/ayudante.
STD_00492,Carrera General,Nivel General,6.1,85.0,72.2,ALTO,ROJO (CRÍTICO),Tutoría Académica Obligatoria y Derivación a Bienestar Estudiantil,1. Sesión tutorial individual semanal. 2. Plan de refuerzo en temas críticos. 3. Monitoreo continuo de asistencia.
STD_00492,Carrera General,Nivel General,5.2,85.0,73.12,ALTO,ROJO (CRÍTICO),Tutoría Académica Obligatoria y Derivación a Bienestar Estudiantil,1. Sesión tutorial individual semanal. 2. Plan de refuerzo en temas críticos. 3. Monitoreo continuo de asistencia.
STD_00492,Carrera General,Nivel General,7.1,85.0,21.28,BAJO,VERDE (ÓPTIMO),Seguimiento Regular de Aula,1. Continuar con el ritmo académico habitual. 2. Oportunidad de participación como mentor/ayudante.
STD_00492,Carrera General,Nivel General,8.1,85.0,13.44,BAJO,VERDE (ÓPTIMO),Seguimiento Regular de Aula,1. Continuar con el ritmo académico habitual. 2. Oportunidad de participación como mentor/ayudante.
STD_00493,Carrera General,Nivel General,4.9,85.0,93.86,ALTO,ROJO (CRÍTICO),Tutoría Académica Obligatoria y Derivación a Bienestar Estudiantil,1. Sesión tutorial individual semanal. 2. Plan de refuerzo en temas críticos. 3. Monitoreo continuo de asistencia.
STD_00493,Carrera General,Nivel General,8.8,85.0,34.12,BAJO,VERDE (ÓPTIMO),Seguimiento Regular de Aula,1. Continuar con el ritmo académico habitual. 2. Oportunidad de participación como mentor/ayudante.
STD_00493,Carrera General,Nivel General,4.3,85.0,91.73,ALTO,ROJO (CRÍTICO),Tutoría Académica Obligatoria y Derivación a Bienestar Estudiantil,1. Sesión tutorial individual semanal. 2. Plan de refuerzo en temas críticos. 3. Monitoreo continuo de asistencia.
STD_00493,Carrera General,Nivel General,4.5,85.0,85.09,ALTO,ROJO (CRÍTICO),Tutoría Académica Obligatoria y Derivación a Bienestar Estudiantil,1. Sesión tutorial individual semanal. 2. Plan de refuerzo en temas críticos. 3. Monitoreo continuo de asistencia.
STD_00493,Carrera General,Nivel General,5.3,85.0,86.28,ALTO,ROJO (CRÍTICO),Tutoría Académica Obligatoria y Derivación a Bienestar Estudiantil,1. Sesión tutorial individual semanal. 2. Plan de refuerzo en temas críticos. 3. Monitoreo continuo de asistencia.
STD_00493,Carrera General,Nivel General,8.3,85.0,29.05,BAJO,VERDE (ÓPTIMO),Seguimiento Regular de Aula,1. Continuar con el ritmo académico habitual. 2. Oportunidad de participación como mentor/ayudante.
STD_00493,Carrera General,Nivel General,4.4,85.0,95.53,ALTO,ROJO (CRÍTICO),Tutoría Académica Obligatoria y Derivación a Bienestar Estudiantil,1. Sesión tutorial individual semanal. 2. Plan de refuerzo en temas críticos. 3. Monitoreo continuo de asistencia.
STD_00493,Carrera General,Nivel General,5.7,85.0,79.75,ALTO,ROJO (CRÍTICO),Tutoría Académica Obligatoria y Derivación a Bienestar Estudiantil,1. Sesión tutorial individual semanal. 2. Plan de refuerzo en temas críticos. 3. Monitoreo continuo de asistencia.
STD_00494,Carrera General,Nivel General,10.0,85.0,5.82,BAJO,VERDE (ÓPTIMO),Seguimiento Regular de Aula,1. Continuar con el ritmo académico habitual. 2. Oportunidad de participación como mentor/ayudante.
STD_00494,Carrera General,Nivel General,8.6,85.0,12.75,BAJO,VERDE (ÓPTIMO),Seguimiento Regular de Aula,1. Continuar con el ritmo académico habitual. 2. Oportunidad de participación como mentor/ayudante.
STD_00494,Carrera General,Nivel General,4.9,85.0,73.66,ALTO,ROJO (CRÍTICO),Tutoría Académica Obligatoria y Derivación a Bienestar Estudiantil,1. Sesión tutorial individual semanal. 2. Plan de refuerzo en temas críticos. 3. Monitoreo continuo de asistencia.
STD_00494,Carrera General,Nivel General,9.8,85.0,22.31,BAJO,VERDE (ÓPTIMO),Seguimiento Regular de Aula,1. Continuar con el ritmo académico habitual. 2. Oportunidad de participación como mentor/ayudante.
STD_00494,Carrera General,Nivel General,9.7,85.0,25.82,BAJO,VERDE (ÓPTIMO),Seguimiento Regular de Aula,1. Continuar con el ritmo académico habitual. 2. Oportunidad de participación como mentor/ayudante.
STD_00494,Carrera General,Nivel General,6.5,85.0,70.68,ALTO,ROJO (CRÍTICO),Tutoría Académica Obligatoria y Derivación a Bienestar Estudiantil,1. Sesión tutorial individual semanal. 2. Plan de refuerzo en temas críticos. 3. Monitoreo continuo de asistencia.
STD_00494,Carrera General,Nivel General,7.1,85.0,6.79,BAJO,VERDE (ÓPTIMO),Seguimiento Regular de Aula,1. Continuar con el ritmo académico habitual. 2. Oportunidad de participación como mentor/ayudante.
STD_00494,Carrera General,Nivel General,9.6,85.0,11.46,BAJO,VERDE (ÓPTIMO),Seguimiento Regular de Aula,1. Continuar con el ritmo académico habitual. 2. Oportunidad de participación como mentor/ayudante.
STD_00495,Carrera General,Nivel General,5.5,85.0,94.6,ALTO,ROJO (CRÍTICO),Tutoría Académica Obligatoria y Derivación a Bienestar Estudiantil,1. Sesión tutorial individual semanal. 2. Plan de refuerzo en temas críticos. 3. Monitoreo continuo de asistencia.
STD_00495,Carrera General,Nivel General,5.6,85.0,86.43,ALTO,ROJO (CRÍTICO),Tutoría Académica Obligatoria y Derivación a Bienestar Estudiantil,1. Sesión tutorial individual semanal. 2. Plan de refuerzo en temas críticos. 3. Monitoreo continuo de asistencia.
STD_00495,Carrera General,Nivel General,4.2,85.0,87.24,ALTO,ROJO (CRÍTICO),Tutoría Académica Obligatoria y Derivación a Bienestar Estudiantil,1. Sesión tutorial individual semanal. 2. Plan de refuerzo en temas críticos. 3. Monitoreo continuo de asistencia.
STD_00495,Carrera General,Nivel General,7.4,85.0,23.15,BAJO,VERDE (ÓPTIMO),Seguimiento Regular de Aula,1. Continuar con el ritmo académico habitual. 2. Oportunidad de participación como mentor/ayudante.
STD_00495,Carrera General,Nivel General,8.8,85.0,24.5,BAJO,VERDE (ÓPTIMO),Seguimiento Regular de Aula,1. Continuar con el ritmo académico habitual. 2. Oportunidad de participación como mentor/ayudante.
STD_00495,Carrera General,Nivel General,5.6,85.0,80.04,ALTO,ROJO (CRÍTICO),Tutoría Académica Obligatoria y Derivación a Bienestar Estudiantil,1. Sesión tutorial individual semanal. 2. Plan de refuerzo en temas críticos. 3. Monitoreo continuo de asistencia.
STD_00495,Carrera General,Nivel General,5.9,85.0,89.53,ALTO,ROJO (CRÍTICO),Tutoría Académica Obligatoria y Derivación a Bienestar Estudiantil,1. Sesión tutorial individual semanal. 2. Plan de refuerzo en temas críticos. 3. Monitoreo continuo de asistencia.
STD_00495,Carrera General,Nivel General,9.7,85.0,16.79,BAJO,VERDE (ÓPTIMO),Seguimiento Regular de Aula,1. Continuar con el ritmo académico habitual. 2. Oportunidad de participación como mentor/ayudante.
STD_00496,Carrera General,Nivel General,11.0,85.0,7.11,BAJO,VERDE (ÓPTIMO),Seguimiento Regular de Aula,1. Continuar con el ritmo académico habitual. 2. Oportunidad de participación como mentor/ayudante.
STD_00496,Carrera General,Nivel General,11.0,85.0,15.9,BAJO,VERDE (ÓPTIMO),Seguimiento Regular de Aula,1. Continuar con el ritmo académico habitual. 2. Oportunidad de participación como mentor/ayudante.
STD_00496,Carrera General,Nivel General,11.0,85.0,7.29,BAJO,VERDE (ÓPTIMO),Seguimiento Regular de Aula,1. Continuar con el ritmo académico habitual. 2. Oportunidad de participación como mentor/ayudante.
STD_00496,Carrera General,Nivel General,7.0,85.0,16.02,BAJO,VERDE (ÓPTIMO),Seguimiento Regular de Aula,1. Continuar con el ritmo académico habitual. 2. Oportunidad de participación como mentor/ayudante.
STD_00496,Carrera General,Nivel General,9.6,85.0,15.13,BAJO,VERDE (ÓPTIMO),Seguimiento Regular de Aula,1. Continuar con el ritmo académico habitual. 2. Oportunidad de participación como mentor/ayudante.
STD_00496,Carrera General,Nivel General,5.2,85.0,80.92,ALTO,ROJO (CRÍTICO),Tutoría Académica Obligatoria y Derivación a Bienestar Estudiantil,1. Sesión tutorial individual semanal. 2. Plan de refuerzo en temas críticos. 3. Monitoreo continuo de asistencia.
STD_00496,Carrera General,Nivel General,4.9,85.0,77.87,ALTO,ROJO (CRÍTICO),Tutoría Académica Obligatoria y Derivación a Bienestar Estudiantil,1. Sesión tutorial individual semanal. 2. Plan de refuerzo en temas críticos. 3. Monitoreo continuo de asistencia.
STD_00496,Carrera General,Nivel General,7.9,85.0,12.84,BAJO,VERDE (ÓPTIMO),Seguimiento Regular de Aula,1. Continuar con el ritmo académico habitual. 2. Oportunidad de participación como mentor/ayudante.
STD_00497,Carrera General,Nivel General,8.8,85.0,8.07,BAJO,VERDE (ÓPTIMO),Seguimiento Regular de Aula,1. Continuar con el ritmo académico habitual. 2. Oportunidad de participación como mentor/ayudante.
STD_00497,Carrera General,Nivel General,9.3,85.0,6.33,BAJO,VERDE (ÓPTIMO),Seguimiento Regular de Aula,1. Continuar con el ritmo académico habitual. 2. Oportunidad de participación como mentor/ayudante.
STD_00497,Carrera General,Nivel General,8.2,85.0,5.75,BAJO,VERDE (ÓPTIMO),Seguimiento Regular de Aula,1. Continuar con el ritmo académico habitual. 2. Oportunidad de participación como mentor/ayudante.
STD_00497,Carrera General,Nivel General,11.0,85.0,15.78,BAJO,VERDE (ÓPTIMO),Seguimiento Regular de Aula,1. Continuar con el ritmo académico habitual. 2. Oportunidad de participación como mentor/ayudante.
STD_00497,Carrera General,Nivel General,8.1,85.0,23.69,BAJO,VERDE (ÓPTIMO),Seguimiento Regular de Aula,1. Continuar con el ritmo académico habitual. 2. Oportunidad de participación como mentor/ayudante.
STD_00497,Carrera General,Nivel General,8.0,85.0,7.72,BAJO,VERDE (ÓPTIMO),Seguimiento Regular de Aula,1. Continuar con el ritmo académico habitual. 2. Oportunidad de participación como mentor/ayudante.
STD_00497,Carrera General,Nivel General,5.7,85.0,72.3,ALTO,ROJO (CRÍTICO),Tutoría Académica Obligatoria y Derivación a Bienestar Estudiantil,1. Sesión tutorial individual semanal. 2. Plan de refuerzo en temas críticos. 3. Monitoreo continuo de asistencia.
STD_00497,Carrera General,Nivel General,4.1,85.0,71.14,ALTO,ROJO (CRÍTICO),Tutoría Académica Obligatoria y Derivación a Bienestar Estudiantil,1. Sesión tutorial individual semanal. 2. Plan de refuerzo en temas críticos. 3. Monitoreo continuo de asistencia.
STD_00498,Carrera General,Nivel General,9.1,85.0,9.31,BAJO,VERDE (ÓPTIMO),Seguimiento Regular de Aula,1. Continuar con el ritmo académico habitual. 2. Oportunidad de participación como mentor/ayudante.
STD_00498,Carrera General,Nivel General,8.5,85.0,7.05,BAJO,VERDE (ÓPTIMO),Seguimiento Regular de Aula,1. Continuar con el ritmo académico habitual. 2. Oportunidad de participación como mentor/ayudante.
STD_00498,Carrera General,Nivel General,6.8,85.0,63.69,MEDIO,AMARILLO (ADVERTENCIA),Acompañamiento Tutorial Preventivo y Talleres de Estudio,1. Entrevista de seguimiento bimensual. 2. Talleres grupales de resolución de ejercicios.
STD_00498,Carrera General,Nivel General,9.8,85.0,9.95,BAJO,VERDE (ÓPTIMO),Seguimiento Regular de Aula,1. Continuar con el ritmo académico habitual. 2. Oportunidad de participación como mentor/ayudante.
STD_00498,Carrera General,Nivel General,8.9,85.0,10.87,BAJO,VERDE (ÓPTIMO),Seguimiento Regular de Aula,1. Continuar con el ritmo académico habitual. 2. Oportunidad de participación como mentor/ayudante.
STD_00498,Carrera General,Nivel General,8.8,85.0,15.11,BAJO,VERDE (ÓPTIMO),Seguimiento Regular de Aula,1. Continuar con el ritmo académico habitual. 2. Oportunidad de participación como mentor/ayudante.
STD_00498,Carrera General,Nivel General,9.6,85.0,19.45,BAJO,VERDE (ÓPTIMO),Seguimiento Regular de Aula,1. Continuar con el ritmo académico habitual. 2. Oportunidad de participación como mentor/ayudante.
STD_00498,Carrera General,Nivel General,7.1,85.0,14.25,BAJO,VERDE (ÓPTIMO),Seguimiento Regular de Aula,1. Continuar con el ritmo académico habitual. 2. Oportunidad de participación como mentor/ayudante.
STD_00499,Carrera General,Nivel General,11.0,85.0,5.34,BAJO,VERDE (ÓPTIMO),Seguimiento Regular de Aula,1. Continuar con el ritmo académico habitual. 2. Oportunidad de participación como mentor/ayudante.
STD_00499,Carrera General,Nivel General,8.3,85.0,4.47,BAJO,VERDE (ÓPTIMO),Seguimiento Regular de Aula,1. Continuar con el ritmo académico habitual. 2. Oportunidad de participación como mentor/ayudante.
STD_00499,Carrera General,Nivel General,5.3,85.0,83.93,ALTO,ROJO (CRÍTICO),Tutoría Académica Obligatoria y Derivación a Bienestar Estudiantil,1. Sesión tutorial individual semanal. 2. Plan de refuerzo en temas críticos. 3. Monitoreo continuo de asistencia.
STD_00499,Carrera General,Nivel General,8.2,85.0,13.92,BAJO,VERDE (ÓPTIMO),Seguimiento Regular de Aula,1. Continuar con el ritmo académico habitual. 2. Oportunidad de participación como mentor/ayudante.
STD_00499,Carrera General,Nivel General,7.8,85.0,11.73,BAJO,VERDE (ÓPTIMO),Seguimiento Regular de Aula,1. Continuar con el ritmo académico habitual. 2. Oportunidad de participación como mentor/ayudante.
STD_00499,Carrera General,Nivel General,8.6,85.0,8.63,BAJO,VERDE (ÓPTIMO),Seguimiento Regular de Aula,1. Continuar con el ritmo académico habitual. 2. Oportunidad de participación como mentor/ayudante.
STD_00499,Carrera General,Nivel General,5.3,85.0,95.23,ALTO,ROJO (CRÍTICO),Tutoría Académica Obligatoria y Derivación a Bienestar Estudiantil,1. Sesión tutorial individual semanal. 2. Plan de refuerzo en temas críticos. 3. Monitoreo continuo de asistencia.
STD_00499,Carrera General,Nivel General,7.1,85.0,1.72,BAJO,VERDE (ÓPTIMO),Seguimiento Regular de Aula,1. Continuar con el ritmo académico habitual. 2. Oportunidad de participación como mentor/ayudante.
STD_00500,Carrera General,Nivel General,5.4,85.0,86.56,ALTO,ROJO (CRÍTICO),Tutoría Académica Obligatoria y Derivación a Bienestar Estudiantil,1. Sesión tutorial individual semanal. 2. Plan de refuerzo en temas críticos. 3. Monitoreo continuo de asistencia.
STD_00500,Carrera General,Nivel General,11.0,85.0,2.76,BAJO,VERDE (ÓPTIMO),Seguimiento Regular de Aula,1. Continuar con el ritmo académico habitual. 2. Oportunidad de participación como mentor/ayudante.
STD_00500,Carrera General,Nivel General,9.7,85.0,6.52,BAJO,VERDE (ÓPTIMO),Seguimiento Regular de Aula,1. Continuar con el ritmo académico habitual. 2. Oportunidad de participación como mentor/ayudante.
STD_00500,Carrera General,Nivel General,10.0,85.0,8.28,BAJO,VERDE (ÓPTIMO),Seguimiento Regular de Aula,1. Continuar con el ritmo académico habitual. 2. Oportunidad de participación como mentor/ayudante.
STD_00500,Carrera General,Nivel General,8.2,85.0,7.64,BAJO,VERDE (ÓPTIMO),Seguimiento Regular de Aula,1. Continuar con el ritmo académico habitual. 2. Oportunidad de participación como mentor/ayudante.
STD_00500,Carrera General,Nivel General,9.7,85.0,6.6,BAJO,VERDE (ÓPTIMO),Seguimiento Regular de Aula,1. Continuar con el ritmo académico habitual. 2. Oportunidad de participación como mentor/ayudante.
STD_00500,Carrera General,Nivel General,9.0,85.0,7.85,BAJO,VERDE (ÓPTIMO),Seguimiento Regular de Aula,1. Continuar con el ritmo académico habitual. 2. Oportunidad de participación como mentor/ayudante.
STD_00500,Carrera General,Nivel General,7.7,85.0,2.92,BAJO,VERDE (ÓPTIMO),Seguimiento Regular de Aula,1. Continuar con el ritmo académico habitual. 2. Oportunidad de participación como mentor/ayudante.
