ID_Estudiante,Carrera,Periodo,Nivel,SituacionMatricula,Asignatura,MatriculaAsignaturaNumero,TotalPorcentajeAsistencia,PrimerParcial,SegundoParcial,EvaluacionSupletorio,PromedioFinalNumero,SituacionFinal,TotalAsignaturas,TotalTutoria
82895152,CIENCIA DE DATOS E INTELIGENCIA ARTIFICIAL,Periodo 2025 - 1S,PRIMER SEMESTRE,LEGALIZADA,ÁLGEBRA LINEAL,1,81.0,6.59,9.41,0.0,8.0,APROBADO,41,
82895152,CIENCIA DE DATOS E INTELIGENCIA ARTIFICIAL,Periodo 2025 - 1S,PRIMER SEMESTRE,LEGALIZADA,CÁLCULO EN UNA VARIABLE,1,100.0,8.45,7.52,0.0,7.98,APROBADO,41,
82895152,CIENCIA DE DATOS E INTELIGENCIA ARTIFICIAL,Periodo 2025 - 1S,PRIMER SEMESTRE,LEGALIZADA,COMUNICACIÓN EFECTIVA,1,88.0,8.58,9.32,0.0,8.95,APROBADO,41,
82895152,CIENCIA DE DATOS E INTELIGENCIA ARTIFICIAL,Periodo 2025 - 1S,PRIMER SEMESTRE,LEGALIZADA,FUNDAMENTOS DE METODOLOGÍA DE LA INVESTIGACIÓN,1,100.0,8.93,9.54,0.0,9.23,APROBADO,41,
82895152,CIENCIA DE DATOS E INTELIGENCIA ARTIFICIAL,Periodo 2025 - 1S,PRIMER SEMESTRE,LEGALIZADA,PROGRAMACIÓN 1,1,100.0,7.47,7.34,0.0,7.4,APROBADO,41,
82895152,CIENCIA DE DATOS E INTELIGENCIA ARTIFICIAL,Periodo 2025 - 2S,SEGUNDO SEMESTRE,LEGALIZADA,ESTRUCTURA DE DATOS,1,100.0,9.8,8.4,0.0,9.1,APROBADO,41,
82895152,CIENCIA DE DATOS E INTELIGENCIA ARTIFICIAL,Periodo 2025 - 2S,SEGUNDO SEMESTRE,LEGALIZADA,FUNDAMENTOS DE CIENCIA DE DATOS E INTELIGENCIA ARTIFICIAL,1,92.0,9.35,9.74,0.0,9.54,APROBADO,41,
82895152,CIENCIA DE DATOS E INTELIGENCIA ARTIFICIAL,Periodo 2025 - 2S,SEGUNDO SEMESTRE,LEGALIZADA,HABILIDADES PARA LA VIDA,1,100.0,9.17,9.81,0.0,9.49,APROBADO,41,
82895152,CIENCIA DE DATOS E INTELIGENCIA ARTIFICIAL,Periodo 2025 - 2S,SEGUNDO SEMESTRE,LEGALIZADA,PROBABILIDAD Y ESTADÍSTICA,1,94.0,8.43,8.89,0.0,8.66,APROBADO,41,
82895152,CIENCIA DE DATOS E INTELIGENCIA ARTIFICIAL,Periodo 2025 - 2S,SEGUNDO SEMESTRE,LEGALIZADA,PROGRAMACIÓN 2,1,100.0,8.08,9.5,0.0,8.79,APROBADO,41,
82895152,CIENCIA DE DATOS E INTELIGENCIA ARTIFICIAL,Periodo 2026 - 1S,TERCER SEMESTRE,LEGALIZADA,CÁLCULO EN VARIAS VARIABLES,1,0.0,0.0,0.0,0.0,0.0,,41,
82895152,CIENCIA DE DATOS E INTELIGENCIA ARTIFICIAL,Periodo 2026 - 1S,TERCER SEMESTRE,LEGALIZADA,CULTURA DIGITAL Y SOCIEDAD,1,0.0,0.0,0.0,0.0,0.0,,41,
82895152,CIENCIA DE DATOS E INTELIGENCIA ARTIFICIAL,Periodo 2026 - 1S,TERCER SEMESTRE,LEGALIZADA,DISEÑO EXPERIMENTAL,1,0.0,9.47,0.0,0.0,0.0,,41,
82895152,CIENCIA DE DATOS E INTELIGENCIA ARTIFICIAL,Periodo 2026 - 1S,TERCER SEMESTRE,LEGALIZADA,FUNDAMENTOS DE BASE DE DATOS,1,0.0,0.0,0.0,0.0,0.0,,41,
82895152,CIENCIA DE DATOS E INTELIGENCIA ARTIFICIAL,Periodo 2026 - 1S,TERCER SEMESTRE,LEGALIZADA,MODELAMIENTO,1,0.0,0.0,0.0,0.0,0.0,,41,
80954374,CIENCIA DE DATOS E INTELIGENCIA ARTIFICIAL,Periodo 2025 - 1S,PRIMER SEMESTRE,LEGALIZADA,ÁLGEBRA LINEAL,1,71.0,3.35,5.46,7.25,5.82,REPROBADO,41,
80954374,CIENCIA DE DATOS E INTELIGENCIA ARTIFICIAL,Periodo 2025 - 1S,PRIMER SEMESTRE,LEGALIZADA,CÁLCULO EN UNA VARIABLE,1,36.0,1.62,0.0,0.0,0.81,REPROBADO,41,
80954374,CIENCIA DE DATOS E INTELIGENCIA ARTIFICIAL,Periodo 2025 - 1S,PRIMER SEMESTRE,LEGALIZADA,COMUNICACIÓN EFECTIVA,1,71.0,4.72,4.5,8.0,6.3,REPROBADO,41,
80954374,CIENCIA DE DATOS E INTELIGENCIA ARTIFICIAL,Periodo 2025 - 1S,PRIMER SEMESTRE,LEGALIZADA,FUNDAMENTOS DE METODOLOGÍA DE LA INVESTIGACIÓN,1,54.0,4.48,7.03,8.25,7.0,APROBADO,41,
80954374,CIENCIA DE DATOS E INTELIGENCIA ARTIFICIAL,Periodo 2025 - 1S,PRIMER SEMESTRE,LEGALIZADA,PROGRAMACIÓN 1,1,25.0,2.25,0.5,0.0,1.37,REPROBADO,41,
80954374,CIENCIA DE DATOS E INTELIGENCIA ARTIFICIAL,Periodo 2025 - 2S,PRIMER SEMESTRE,LEGALIZADA,ÁLGEBRA LINEAL,2,60.0,6.56,6.23,0.01,3.2,REPROBADO,41,
80954374,CIENCIA DE DATOS E INTELIGENCIA ARTIFICIAL,Periodo 2025 - 2S,PRIMER SEMESTRE,LEGALIZADA,CÁLCULO EN UNA VARIABLE,2,87.0,3.96,4.3,0.0,4.13,REPROBADO,41,
80954374,CIENCIA DE DATOS E INTELIGENCIA ARTIFICIAL,Periodo 2025 - 2S,PRIMER SEMESTRE,LEGALIZADA,COMUNICACIÓN EFECTIVA,2,57.0,4.79,6.39,8.0,6.79,REPROBADO,41,
80954374,CIENCIA DE DATOS E INTELIGENCIA ARTIFICIAL,Periodo 2025 - 2S,PRIMER SEMESTRE,LEGALIZADA,PROGRAMACIÓN 1,2,73.0,4.0,4.83,0.0,4.41,REPROBADO,41,
35485710,CIENCIA DE DATOS E INTELIGENCIA ARTIFICIAL,Periodo 2024 - 2S,PRIMER SEMESTRE,LEGALIZADA,ÁLGEBRA LINEAL,1,54.0,7.83,8.61,0.0,8.22,APROBADO,41,
35485710,CIENCIA DE DATOS E INTELIGENCIA ARTIFICIAL,Periodo 2024 - 2S,PRIMER SEMESTRE,LEGALIZADA,CÁLCULO EN UNA VARIABLE,1,79.0,7.16,5.08,5.5,5.81,REPROBADO,41,
35485710,CIENCIA DE DATOS E INTELIGENCIA ARTIFICIAL,Periodo 2024 - 2S,PRIMER SEMESTRE,LEGALIZADA,COMUNICACIÓN EFECTIVA,1,64.0,7.61,8.9,0.0,8.25,APROBADO,41,
35485710,CIENCIA DE DATOS E INTELIGENCIA ARTIFICIAL,Periodo 2024 - 2S,PRIMER SEMESTRE,LEGALIZADA,FUNDAMENTOS DE METODOLOGÍA DE LA INVESTIGACIÓN,1,57.0,8.12,7.77,0.0,7.94,APROBADO,41,
35485710,CIENCIA DE DATOS E INTELIGENCIA ARTIFICIAL,Periodo 2024 - 2S,PRIMER SEMESTRE,LEGALIZADA,PROGRAMACIÓN 1,1,88.0,6.9,8.08,0.0,7.49,APROBADO,41,
35485710,CIENCIA DE DATOS E INTELIGENCIA ARTIFICIAL,Periodo 2025 - 1S,PRIMER SEMESTRE,LEGALIZADA,CÁLCULO EN UNA VARIABLE,2,86.0,8.8,8.49,0.0,8.64,APROBADO,41,
35485710,CIENCIA DE DATOS E INTELIGENCIA ARTIFICIAL,Periodo 2025 - 2S,SEGUNDO SEMESTRE,LEGALIZADA,ESTRUCTURA DE DATOS,1,93.0,8.62,9.6,0.0,9.11,APROBADO,41,
35485710,CIENCIA DE DATOS E INTELIGENCIA ARTIFICIAL,Periodo 2025 - 2S,SEGUNDO SEMESTRE,LEGALIZADA,FUNDAMENTOS DE CIENCIA DE DATOS E INTELIGENCIA ARTIFICIAL,1,93.0,8.24,9.0,0.0,8.62,APROBADO,41,
35485710,CIENCIA DE DATOS E INTELIGENCIA ARTIFICIAL,Periodo 2025 - 2S,SEGUNDO SEMESTRE,LEGALIZADA,HABILIDADES PARA LA VIDA,1,93.0,5.95,8.99,0.0,7.47,APROBADO,41,
35485710,CIENCIA DE DATOS E INTELIGENCIA ARTIFICIAL,Periodo 2025 - 2S,SEGUNDO SEMESTRE,LEGALIZADA,PROBABILIDAD Y ESTADÍSTICA,1,63.0,7.12,8.26,0.0,7.69,APROBADO,41,
35485710,CIENCIA DE DATOS E INTELIGENCIA ARTIFICIAL,Periodo 2025 - 2S,SEGUNDO SEMESTRE,LEGALIZADA,PROGRAMACIÓN 2,1,92.0,6.43,8.91,0.0,7.67,APROBADO,41,
35485710,CIENCIA DE DATOS E INTELIGENCIA ARTIFICIAL,Periodo 2026 - 1S,TERCER SEMESTRE,LEGALIZADA,CÁLCULO EN VARIAS VARIABLES,1,0.0,0.0,0.0,0.0,0.0,,41,
35485710,CIENCIA DE DATOS E INTELIGENCIA ARTIFICIAL,Periodo 2026 - 1S,TERCER SEMESTRE,LEGALIZADA,CULTURA DIGITAL Y SOCIEDAD,1,0.0,0.0,0.0,0.0,0.0,,41,
35485710,CIENCIA DE DATOS E INTELIGENCIA ARTIFICIAL,Periodo 2026 - 1S,TERCER SEMESTRE,LEGALIZADA,DISEÑO EXPERIMENTAL,1,0.0,8.86,0.0,0.0,0.0,,41,
35485710,CIENCIA DE DATOS E INTELIGENCIA ARTIFICIAL,Periodo 2026 - 1S,TERCER SEMESTRE,LEGALIZADA,FUNDAMENTOS DE BASE DE DATOS,1,0.0,0.0,0.0,0.0,0.0,,41,
35485710,CIENCIA DE DATOS E INTELIGENCIA ARTIFICIAL,Periodo 2026 - 1S,TERCER SEMESTRE,LEGALIZADA,MODELAMIENTO,1,0.0,0.0,0.0,0.0,0.0,,41,
73556006,CIENCIA DE DATOS E INTELIGENCIA ARTIFICIAL,Periodo 2025 - 1S,PRIMER SEMESTRE,LEGALIZADA,ÁLGEBRA LINEAL,1,100.0,7.46,8.2,0.0,7.83,APROBADO,41,
73556006,CIENCIA DE DATOS E INTELIGENCIA ARTIFICIAL,Periodo 2025 - 1S,PRIMER SEMESTRE,LEGALIZADA,CÁLCULO EN UNA VARIABLE,1,93.0,7.72,8.55,0.0,8.13,APROBADO,41,
73556006,CIENCIA DE DATOS E INTELIGENCIA ARTIFICIAL,Periodo 2025 - 1S,PRIMER SEMESTRE,LEGALIZADA,COMUNICACIÓN EFECTIVA,1,93.0,8.38,8.94,0.0,8.66,APROBADO,41,
73556006,CIENCIA DE DATOS E INTELIGENCIA ARTIFICIAL,Periodo 2025 - 1S,PRIMER SEMESTRE,LEGALIZADA,FUNDAMENTOS DE METODOLOGÍA DE LA INVESTIGACIÓN,1,100.0,8.69,9.59,0.0,9.14,APROBADO,41,
73556006,CIENCIA DE DATOS E INTELIGENCIA ARTIFICIAL,Periodo 2025 - 1S,PRIMER SEMESTRE,LEGALIZADA,PROGRAMACIÓN 1,1,100.0,8.43,7.46,0.0,7.94,APROBADO,41,
73556006,CIENCIA DE DATOS E INTELIGENCIA ARTIFICIAL,Periodo 2025 - 2S,SEGUNDO SEMESTRE,LEGALIZADA,ESTRUCTURA DE DATOS,1,83.0,7.96,7.96,0.0,7.96,APROBADO,41,
73556006,CIENCIA DE DATOS E INTELIGENCIA ARTIFICIAL,Periodo 2025 - 2S,SEGUNDO SEMESTRE,LEGALIZADA,FUNDAMENTOS DE CIENCIA DE DATOS E INTELIGENCIA ARTIFICIAL,1,86.0,6.81,8.8,0.0,7.8,APROBADO,41,
73556006,CIENCIA DE DATOS E INTELIGENCIA ARTIFICIAL,Periodo 2025 - 2S,SEGUNDO SEMESTRE,LEGALIZADA,HABILIDADES PARA LA VIDA,1,92.0,8.55,8.36,0.0,8.45,APROBADO,41,
73556006,CIENCIA DE DATOS E INTELIGENCIA ARTIFICIAL,Periodo 2025 - 2S,SEGUNDO SEMESTRE,LEGALIZADA,PROBABILIDAD Y ESTADÍSTICA,1,93.0,8.46,8.78,0.0,8.62,APROBADO,41,
73556006,CIENCIA DE DATOS E INTELIGENCIA ARTIFICIAL,Periodo 2025 - 2S,SEGUNDO SEMESTRE,LEGALIZADA,PROGRAMACIÓN 2,1,100.0,8.11,8.19,0.0,8.15,APROBADO,41,
73556006,CIENCIA DE DATOS E INTELIGENCIA ARTIFICIAL,Periodo 2026 - 1S,TERCER SEMESTRE,LEGALIZADA,CÁLCULO EN VARIAS VARIABLES,1,0.0,0.0,0.0,0.0,0.0,,41,
73556006,CIENCIA DE DATOS E INTELIGENCIA ARTIFICIAL,Periodo 2026 - 1S,TERCER SEMESTRE,LEGALIZADA,CULTURA DIGITAL Y SOCIEDAD,1,0.0,0.0,0.0,0.0,0.0,,41,
73556006,CIENCIA DE DATOS E INTELIGENCIA ARTIFICIAL,Periodo 2026 - 1S,TERCER SEMESTRE,LEGALIZADA,DISEÑO EXPERIMENTAL,1,0.0,7.11,0.0,0.0,0.0,,41,
73556006,CIENCIA DE DATOS E INTELIGENCIA ARTIFICIAL,Periodo 2026 - 1S,TERCER SEMESTRE,LEGALIZADA,FUNDAMENTOS DE BASE DE DATOS,1,0.0,0.0,0.0,0.0,0.0,,41,
73556006,CIENCIA DE DATOS E INTELIGENCIA ARTIFICIAL,Periodo 2026 - 1S,TERCER SEMESTRE,LEGALIZADA,MODELAMIENTO,1,0.0,0.0,0.0,0.0,0.0,,41,
92564456,CIENCIA DE DATOS E INTELIGENCIA ARTIFICIAL,Periodo 2025 - 2S,PRIMER SEMESTRE,LEGALIZADA,ÁLGEBRA LINEAL,1,80.0,9.35,8.69,0.0,9.02,APROBADO,41,
92564456,CIENCIA DE DATOS E INTELIGENCIA ARTIFICIAL,Periodo 2025 - 2S,PRIMER SEMESTRE,LEGALIZADA,CÁLCULO EN UNA VARIABLE,1,88.0,9.18,8.37,0.0,8.77,APROBADO,41,
92564456,CIENCIA DE DATOS E INTELIGENCIA ARTIFICIAL,Periodo 2025 - 2S,PRIMER SEMESTRE,LEGALIZADA,COMUNICACIÓN EFECTIVA,1,87.0,8.68,8.67,0.0,8.67,APROBADO,41,
92564456,CIENCIA DE DATOS E INTELIGENCIA ARTIFICIAL,Periodo 2025 - 2S,PRIMER SEMESTRE,LEGALIZADA,FUNDAMENTOS DE METODOLOGÍA DE LA INVESTIGACIÓN,1,89.0,9.41,8.98,0.0,9.19,APROBADO,41,
92564456,CIENCIA DE DATOS E INTELIGENCIA ARTIFICIAL,Periodo 2025 - 2S,PRIMER SEMESTRE,LEGALIZADA,PROGRAMACIÓN 1,1,100.0,8.95,8.73,0.0,8.84,APROBADO,41,
92564456,CIENCIA DE DATOS E INTELIGENCIA ARTIFICIAL,Periodo 2026 - 1S,SEGUNDO SEMESTRE,LEGALIZADA,ESTRUCTURA DE DATOS,1,0.0,9.93,0.0,0.0,0.0,,41,
92564456,CIENCIA DE DATOS E INTELIGENCIA ARTIFICIAL,Periodo 2026 - 1S,SEGUNDO SEMESTRE,LEGALIZADA,FUNDAMENTOS DE CIENCIA DE DATOS E INTELIGENCIA ARTIFICIAL,1,0.0,9.66,0.0,0.0,0.0,,41,
92564456,CIENCIA DE DATOS E INTELIGENCIA ARTIFICIAL,Periodo 2026 - 1S,SEGUNDO SEMESTRE,LEGALIZADA,HABILIDADES PARA LA VIDA,1,0.0,0.0,0.0,0.0,0.0,,41,
92564456,CIENCIA DE DATOS E INTELIGENCIA ARTIFICIAL,Periodo 2026 - 1S,SEGUNDO SEMESTRE,LEGALIZADA,PROBABILIDAD Y ESTADÍSTICA,1,0.0,0.0,0.0,0.0,0.0,,41,
92564456,CIENCIA DE DATOS E INTELIGENCIA ARTIFICIAL,Periodo 2026 - 1S,SEGUNDO SEMESTRE,LEGALIZADA,PROGRAMACIÓN 2,1,0.0,9.19,0.0,0.0,0.0,,41,
23347465,CIENCIA DE DATOS E INTELIGENCIA ARTIFICIAL,Periodo 2024 - 2S,SEGUNDO SEMESTRE,LEGALIZADA,ESTRUCTURA DE DATOS,1,93.0,7.98,8.87,0.0,8.42,APROBADO,41,
23347465,CIENCIA DE DATOS E INTELIGENCIA ARTIFICIAL,Periodo 2024 - 2S,SEGUNDO SEMESTRE,LEGALIZADA,FUNDAMENTOS DE CIENCIA DE DATOS E INTELIGENCIA ARTIFICIAL,1,73.0,8.5,8.95,0.0,8.72,APROBADO,41,
23347465,CIENCIA DE DATOS E INTELIGENCIA ARTIFICIAL,Periodo 2024 - 2S,SEGUNDO SEMESTRE,LEGALIZADA,HABILIDADES PARA LA VIDA,1,69.0,9.67,9.22,0.0,9.44,APROBADO,41,
23347465,CIENCIA DE DATOS E INTELIGENCIA ARTIFICIAL,Periodo 2024 - 2S,SEGUNDO SEMESTRE,LEGALIZADA,PROBABILIDAD Y ESTADÍSTICA,1,57.0,7.68,8.16,0.0,7.92,APROBADO,41,
23347465,CIENCIA DE DATOS E INTELIGENCIA ARTIFICIAL,Periodo 2024 - 2S,SEGUNDO SEMESTRE,LEGALIZADA,PROGRAMACIÓN 2,1,100.0,8.89,9.2,0.0,9.04,APROBADO,41,
23347465,CIENCIA DE DATOS E INTELIGENCIA ARTIFICIAL,Periodo 2024 -1S,PRIMER SEMESTRE,LEGALIZADA,ÁLGEBRA LINEAL,1,95.0,8.7,9.96,0.0,9.33,APROBADO,41,
23347465,CIENCIA DE DATOS E INTELIGENCIA ARTIFICIAL,Periodo 2024 -1S,PRIMER SEMESTRE,LEGALIZADA,CÁLCULO EN UNA VARIABLE,1,73.0,7.66,8.29,0.0,7.97,APROBADO,41,
23347465,CIENCIA DE DATOS E INTELIGENCIA ARTIFICIAL,Periodo 2024 -1S,PRIMER SEMESTRE,LEGALIZADA,COMUNICACIÓN EFECTIVA,1,67.0,8.62,8.49,0.0,8.55,APROBADO,41,
23347465,CIENCIA DE DATOS E INTELIGENCIA ARTIFICIAL,Periodo 2024 -1S,PRIMER SEMESTRE,LEGALIZADA,FUNDAMENTOS DE METODOLOGÍA DE LA INVESTIGACIÓN,1,68.0,9.37,9.27,0.0,9.32,APROBADO,41,17.0
23347465,CIENCIA DE DATOS E INTELIGENCIA ARTIFICIAL,Periodo 2024 -1S,PRIMER SEMESTRE,LEGALIZADA,PROGRAMACIÓN 1,1,63.0,8.9,7.19,0.0,8.04,APROBADO,41,
23347465,CIENCIA DE DATOS E INTELIGENCIA ARTIFICIAL,Periodo 2025 - 1S,TERCER SEMESTRE,LEGALIZADA,CÁLCULO EN VARIAS VARIABLES,1,94.0,8.77,7.81,0.0,8.29,APROBADO,41,
23347465,CIENCIA DE DATOS E INTELIGENCIA ARTIFICIAL,Periodo 2025 - 1S,TERCER SEMESTRE,LEGALIZADA,CULTURA DIGITAL Y SOCIEDAD,1,93.0,9.02,8.73,0.0,8.87,APROBADO,41,
23347465,CIENCIA DE DATOS E INTELIGENCIA ARTIFICIAL,Periodo 2025 - 1S,TERCER SEMESTRE,LEGALIZADA,DISEÑO EXPERIMENTAL,1,81.0,7.77,8.33,0.0,8.05,APROBADO,41,
23347465,CIENCIA DE DATOS E INTELIGENCIA ARTIFICIAL,Periodo 2025 - 1S,TERCER SEMESTRE,LEGALIZADA,FUNDAMENTOS DE BASE DE DATOS,1,81.0,8.67,6.98,0.0,7.82,APROBADO,41,
23347465,CIENCIA DE DATOS E INTELIGENCIA ARTIFICIAL,Periodo 2025 - 1S,TERCER SEMESTRE,LEGALIZADA,MODELAMIENTO,1,86.0,9.14,7.15,0.0,8.14,APROBADO,41,
23347465,CIENCIA DE DATOS E INTELIGENCIA ARTIFICIAL,Periodo 2025 - 2S,CUARTO SEMESTRE,LEGALIZADA,ADMINISTRACIÓN DE BASES DE DATOS,1,79.0,7.07,6.24,1.0,3.82,REPROBADO,41,
23347465,CIENCIA DE DATOS E INTELIGENCIA ARTIFICIAL,Periodo 2025 - 2S,CUARTO SEMESTRE,LEGALIZADA,MACHINE LEARNING 1,1,100.0,7.47,7.42,0.0,7.44,APROBADO,41,
23347465,CIENCIA DE DATOS E INTELIGENCIA ARTIFICIAL,Periodo 2025 - 2S,CUARTO SEMESTRE,LEGALIZADA,METAHEURÍSTICAS,1,77.0,9.32,9.33,0.0,9.32,APROBADO,41,
23347465,CIENCIA DE DATOS E INTELIGENCIA ARTIFICIAL,Periodo 2025 - 2S,CUARTO SEMESTRE,LEGALIZADA,METODOLOGÍAS DE ANALÍTICA DE DATOS,1,87.0,9.41,8.78,0.0,9.09,APROBADO,41,
23347465,CIENCIA DE DATOS E INTELIGENCIA ARTIFICIAL,Periodo 2025 - 2S,CUARTO SEMESTRE,LEGALIZADA,MÉTODOS NUMÉRICOS Y PROBLEMAS COMPLEJOS,1,87.0,8.97,9.13,0.0,9.05,APROBADO,41,
23347465,CIENCIA DE DATOS E INTELIGENCIA ARTIFICIAL,Periodo 2026 - 1S,CUARTO SEMESTRE,LEGALIZADA,ADMINISTRACIÓN DE BASES DE DATOS,2,0.0,8.35,0.0,0.0,0.0,,41,
60502546,CIENCIA DE DATOS E INTELIGENCIA ARTIFICIAL,Periodo 2025 - 2S,PRIMER SEMESTRE,LEGALIZADA,ÁLGEBRA LINEAL,1,67.0,7.25,8.24,0.0,7.74,APROBADO,41,
60502546,CIENCIA DE DATOS E INTELIGENCIA ARTIFICIAL,Periodo 2025 - 2S,PRIMER SEMESTRE,LEGALIZADA,CÁLCULO EN UNA VARIABLE,1,100.0,9.26,8.49,0.0,8.87,APROBADO,41,
60502546,CIENCIA DE DATOS E INTELIGENCIA ARTIFICIAL,Periodo 2025 - 2S,PRIMER SEMESTRE,LEGALIZADA,COMUNICACIÓN EFECTIVA,1,80.0,7.71,9.18,0.0,8.44,APROBADO,41,
60502546,CIENCIA DE DATOS E INTELIGENCIA ARTIFICIAL,Periodo 2025 - 2S,PRIMER SEMESTRE,LEGALIZADA,FUNDAMENTOS DE METODOLOGÍA DE LA INVESTIGACIÓN,1,89.0,9.09,8.91,0.0,9.0,APROBADO,41,
60502546,CIENCIA DE DATOS E INTELIGENCIA ARTIFICIAL,Periodo 2025 - 2S,PRIMER SEMESTRE,LEGALIZADA,PROGRAMACIÓN 1,1,86.0,7.95,6.6,0.0,7.27,APROBADO,41,
60502546,CIENCIA DE DATOS E INTELIGENCIA ARTIFICIAL,Periodo 2026 - 1S,SEGUNDO SEMESTRE,LEGALIZADA,ESTRUCTURA DE DATOS,1,0.0,9.15,0.0,0.0,0.0,,41,
60502546,CIENCIA DE DATOS E INTELIGENCIA ARTIFICIAL,Periodo 2026 - 1S,SEGUNDO SEMESTRE,LEGALIZADA,FUNDAMENTOS DE CIENCIA DE DATOS E INTELIGENCIA ARTIFICIAL,1,0.0,8.05,0.0,0.0,0.0,,41,
60502546,CIENCIA DE DATOS E INTELIGENCIA ARTIFICIAL,Periodo 2026 - 1S,SEGUNDO SEMESTRE,LEGALIZADA,HABILIDADES PARA LA VIDA,1,0.0,0.0,0.0,0.0,0.0,,41,
60502546,CIENCIA DE DATOS E INTELIGENCIA ARTIFICIAL,Periodo 2026 - 1S,SEGUNDO SEMESTRE,LEGALIZADA,PROBABILIDAD Y ESTADÍSTICA,1,0.0,0.0,0.0,0.0,0.0,,41,
60502546,CIENCIA DE DATOS E INTELIGENCIA ARTIFICIAL,Periodo 2026 - 1S,SEGUNDO SEMESTRE,LEGALIZADA,PROGRAMACIÓN 2,1,0.0,8.51,0.0,0.0,0.0,,41,
82339633,CIENCIA DE DATOS E INTELIGENCIA ARTIFICIAL,Periodo 2025 - 2S,PRIMER SEMESTRE,LEGALIZADA,ÁLGEBRA LINEAL,1,87.0,7.18,9.67,0.0,8.42,APROBADO,41,
82339633,CIENCIA DE DATOS E INTELIGENCIA ARTIFICIAL,Periodo 2025 - 2S,PRIMER SEMESTRE,LEGALIZADA,CÁLCULO EN UNA VARIABLE,1,0.0,0.0,0.0,0.0,0.0,EXONERADA,41,
82339633,CIENCIA DE DATOS E INTELIGENCIA ARTIFICIAL,Periodo 2025 - 2S,PRIMER SEMESTRE,LEGALIZADA,COMUNICACIÓN EFECTIVA,1,0.0,0.0,0.0,0.0,0.0,EXONERADA,41,
82339633,CIENCIA DE DATOS E INTELIGENCIA ARTIFICIAL,Periodo 2025 - 2S,PRIMER SEMESTRE,LEGALIZADA,FUNDAMENTOS DE METODOLOGÍA DE LA INVESTIGACIÓN,1,62.0,8.66,9.42,0.0,9.04,APROBADO,41,
82339633,CIENCIA DE DATOS E INTELIGENCIA ARTIFICIAL,Periodo 2025 - 2S,PRIMER SEMESTRE,LEGALIZADA,PROGRAMACIÓN 1,1,0.0,0.0,0.0,0.0,0.0,RETIRO,41,
82339633,CIENCIA DE DATOS E INTELIGENCIA ARTIFICIAL,Periodo 2026 - 1S,SEGUNDO SEMESTRE,RETIRO,FUNDAMENTOS DE CIENCIA DE DATOS E INTELIGENCIA ARTIFICIAL,1,0.0,0.0,0.0,0.0,0.0,RETIRO,41,
82339633,CIENCIA DE DATOS E INTELIGENCIA ARTIFICIAL,Periodo 2026 - 1S,SEGUNDO SEMESTRE,RETIRO,HABILIDADES PARA LA VIDA,1,0.0,0.0,0.0,0.0,0.0,RETIRO,41,
82339633,CIENCIA DE DATOS E INTELIGENCIA ARTIFICIAL,Periodo 2026 - 1S,SEGUNDO SEMESTRE,RETIRO,PROBABILIDAD Y ESTADÍSTICA,1,0.0,0.0,0.0,0.0,0.0,RETIRO,41,
82339633,CIENCIA DE DATOS E INTELIGENCIA ARTIFICIAL,Periodo 2026 - 1S,SEGUNDO SEMESTRE,RETIRO,PROGRAMACIÓN 1,1,0.0,0.0,0.0,0.0,0.0,RETIRO,41,
26772964,CIENCIA DE DATOS E INTELIGENCIA ARTIFICIAL,Periodo 2025 - 2S,PRIMER SEMESTRE,LEGALIZADA,ÁLGEBRA LINEAL,1,100.0,8.07,8.78,0.0,8.42,APROBADO,41,
26772964,CIENCIA DE DATOS E INTELIGENCIA ARTIFICIAL,Periodo 2025 - 2S,PRIMER SEMESTRE,LEGALIZADA,CÁLCULO EN UNA VARIABLE,1,100.0,8.41,8.21,0.0,8.31,APROBADO,41,
26772964,CIENCIA DE DATOS E INTELIGENCIA ARTIFICIAL,Periodo 2025 - 2S,PRIMER SEMESTRE,LEGALIZADA,COMUNICACIÓN EFECTIVA,1,86.0,8.34,8.85,0.0,8.59,APROBADO,41,
26772964,CIENCIA DE DATOS E INTELIGENCIA ARTIFICIAL,Periodo 2025 - 2S,PRIMER SEMESTRE,LEGALIZADA,FUNDAMENTOS DE METODOLOGÍA DE LA INVESTIGACIÓN,1,92.0,9.17,9.65,0.0,9.41,APROBADO,41,
26772964,CIENCIA DE DATOS E INTELIGENCIA ARTIFICIAL,Periodo 2025 - 2S,PRIMER SEMESTRE,LEGALIZADA,PROGRAMACIÓN 1,1,100.0,7.6,7.06,0.0,7.33,APROBADO,41,
26772964,CIENCIA DE DATOS E INTELIGENCIA ARTIFICIAL,Periodo 2026 - 1S,SEGUNDO SEMESTRE,LEGALIZADA,ESTRUCTURA DE DATOS,1,0.0,8.99,0.0,0.0,0.0,,41,
26772964,CIENCIA DE DATOS E INTELIGENCIA ARTIFICIAL,Periodo 2026 - 1S,SEGUNDO SEMESTRE,LEGALIZADA,FUNDAMENTOS DE CIENCIA DE DATOS E INTELIGENCIA ARTIFICIAL,1,0.0,0.0,0.0,0.0,0.0,,41,
26772964,CIENCIA DE DATOS E INTELIGENCIA ARTIFICIAL,Periodo 2026 - 1S,SEGUNDO SEMESTRE,LEGALIZADA,HABILIDADES PARA LA VIDA,1,0.0,0.0,0.0,0.0,0.0,,41,
26772964,CIENCIA DE DATOS E INTELIGENCIA ARTIFICIAL,Periodo 2026 - 1S,SEGUNDO SEMESTRE,LEGALIZADA,PROBABILIDAD Y ESTADÍSTICA,1,0.0,0.0,0.0,0.0,0.0,,41,
26772964,CIENCIA DE DATOS E INTELIGENCIA ARTIFICIAL,Periodo 2026 - 1S,SEGUNDO SEMESTRE,LEGALIZADA,PROGRAMACIÓN 2,1,0.0,9.4,0.0,0.0,0.0,,41,
20844701,CIENCIA DE DATOS E INTELIGENCIA ARTIFICIAL,Periodo 2024 - 2S,PRIMER SEMESTRE,LEGALIZADA,ÁLGEBRA LINEAL,1,100.0,8.5,9.11,0.0,8.8,APROBADO,41,
20844701,CIENCIA DE DATOS E INTELIGENCIA ARTIFICIAL,Periodo 2024 - 2S,PRIMER SEMESTRE,LEGALIZADA,CÁLCULO EN UNA VARIABLE,1,94.0,7.48,5.15,4.0,5.15,REPROBADO,41,
20844701,CIENCIA DE DATOS E INTELIGENCIA ARTIFICIAL,Periodo 2024 - 2S,PRIMER SEMESTRE,LEGALIZADA,COMUNICACIÓN EFECTIVA,1,88.0,7.66,8.56,0.0,8.11,APROBADO,41,
20844701,CIENCIA DE DATOS E INTELIGENCIA ARTIFICIAL,Periodo 2024 - 2S,PRIMER SEMESTRE,LEGALIZADA,FUNDAMENTOS DE METODOLOGÍA DE LA INVESTIGACIÓN,1,75.0,8.35,7.93,0.0,8.14,APROBADO,41,
20844701,CIENCIA DE DATOS E INTELIGENCIA ARTIFICIAL,Periodo 2024 - 2S,PRIMER SEMESTRE,LEGALIZADA,PROGRAMACIÓN 1,1,93.0,8.79,7.54,0.0,8.16,APROBADO,41,
20844701,CIENCIA DE DATOS E INTELIGENCIA ARTIFICIAL,Periodo 2025 - 1S,PRIMER SEMESTRE,LEGALIZADA,CÁLCULO EN UNA VARIABLE,2,81.0,7.61,6.96,0.0,7.28,APROBADO,41,
20844701,CIENCIA DE DATOS E INTELIGENCIA ARTIFICIAL,Periodo 2025 - 2S,SEGUNDO SEMESTRE,LEGALIZADA,ESTRUCTURA DE DATOS,1,100.0,8.18,9.05,0.0,8.61,APROBADO,41,
20844701,CIENCIA DE DATOS E INTELIGENCIA ARTIFICIAL,Periodo 2025 - 2S,SEGUNDO SEMESTRE,LEGALIZADA,FUNDAMENTOS DE CIENCIA DE DATOS E INTELIGENCIA ARTIFICIAL,1,100.0,9.08,7.87,0.0,8.47,APROBADO,41,
20844701,CIENCIA DE DATOS E INTELIGENCIA ARTIFICIAL,Periodo 2025 - 2S,SEGUNDO SEMESTRE,LEGALIZADA,HABILIDADES PARA LA VIDA,1,92.0,9.29,7.96,0.0,8.62,APROBADO,41,
20844701,CIENCIA DE DATOS E INTELIGENCIA ARTIFICIAL,Periodo 2025 - 2S,SEGUNDO SEMESTRE,LEGALIZADA,PROBABILIDAD Y ESTADÍSTICA,1,88.0,8.66,9.16,0.0,8.91,APROBADO,41,
20844701,CIENCIA DE DATOS E INTELIGENCIA ARTIFICIAL,Periodo 2025 - 2S,SEGUNDO SEMESTRE,LEGALIZADA,PROGRAMACIÓN 2,1,100.0,9.09,9.91,0.0,9.5,APROBADO,41,
20844701,CIENCIA DE DATOS E INTELIGENCIA ARTIFICIAL,Periodo 2026 - 1S,TERCER SEMESTRE,LEGALIZADA,CÁLCULO EN VARIAS VARIABLES,1,0.0,0.0,0.0,0.0,0.0,,41,
20844701,CIENCIA DE DATOS E INTELIGENCIA ARTIFICIAL,Periodo 2026 - 1S,TERCER SEMESTRE,LEGALIZADA,CULTURA DIGITAL Y SOCIEDAD,1,0.0,0.0,0.0,0.0,0.0,,41,
20844701,CIENCIA DE DATOS E INTELIGENCIA ARTIFICIAL,Periodo 2026 - 1S,TERCER SEMESTRE,LEGALIZADA,DISEÑO EXPERIMENTAL,1,0.0,9.4,0.0,0.0,0.0,,41,
20844701,CIENCIA DE DATOS E INTELIGENCIA ARTIFICIAL,Periodo 2026 - 1S,TERCER SEMESTRE,LEGALIZADA,FUNDAMENTOS DE BASE DE DATOS,1,0.0,0.0,0.0,0.0,0.0,,41,
20844701,CIENCIA DE DATOS E INTELIGENCIA ARTIFICIAL,Periodo 2026 - 1S,TERCER SEMESTRE,LEGALIZADA,MODELAMIENTO,1,0.0,0.0,0.0,0.0,0.0,,41,
33070929,CIENCIA DE DATOS E INTELIGENCIA ARTIFICIAL,Periodo 2024 - 2S,PRIMER SEMESTRE,LEGALIZADA,ÁLGEBRA LINEAL,1,62.0,8.06,7.79,0.0,7.92,APROBADO,41,
33070929,CIENCIA DE DATOS E INTELIGENCIA ARTIFICIAL,Periodo 2024 - 2S,PRIMER SEMESTRE,LEGALIZADA,CÁLCULO EN UNA VARIABLE,1,86.0,8.54,8.5,0.0,8.52,APROBADO,41,
33070929,CIENCIA DE DATOS E INTELIGENCIA ARTIFICIAL,Periodo 2024 - 2S,PRIMER SEMESTRE,LEGALIZADA,COMUNICACIÓN EFECTIVA,1,36.0,9.03,8.52,0.0,8.77,REPROBADO,41,
33070929,CIENCIA DE DATOS E INTELIGENCIA ARTIFICIAL,Periodo 2024 - 2S,PRIMER SEMESTRE,LEGALIZADA,FUNDAMENTOS DE METODOLOGÍA DE LA INVESTIGACIÓN,1,79.0,8.96,7.88,0.0,8.42,APROBADO,41,
33070929,CIENCIA DE DATOS E INTELIGENCIA ARTIFICIAL,Periodo 2024 - 2S,PRIMER SEMESTRE,LEGALIZADA,PROGRAMACIÓN 1,1,69.0,7.19,7.66,0.0,7.42,APROBADO,41,
33070929,CIENCIA DE DATOS E INTELIGENCIA ARTIFICIAL,Periodo 2025 - 1S,PRIMER SEMESTRE,LEGALIZADA,COMUNICACIÓN EFECTIVA,2,93.0,7.93,8.1,0.0,8.01,APROBADO,41,
33070929,CIENCIA DE DATOS E INTELIGENCIA ARTIFICIAL,Periodo 2025 - 2S,SEGUNDO SEMESTRE,LEGALIZADA,ESTRUCTURA DE DATOS,1,100.0,9.41,9.49,0.0,9.45,APROBADO,41,
33070929,CIENCIA DE DATOS E INTELIGENCIA ARTIFICIAL,Periodo 2025 - 2S,SEGUNDO SEMESTRE,LEGALIZADA,FUNDAMENTOS DE CIENCIA DE DATOS E INTELIGENCIA ARTIFICIAL,1,79.0,9.46,8.57,0.0,9.01,APROBADO,41,
33070929,CIENCIA DE DATOS E INTELIGENCIA ARTIFICIAL,Periodo 2025 - 2S,SEGUNDO SEMESTRE,LEGALIZADA,HABILIDADES PARA LA VIDA,1,86.0,8.81,8.28,0.0,8.54,APROBADO,41,
33070929,CIENCIA DE DATOS E INTELIGENCIA ARTIFICIAL,Periodo 2025 - 2S,SEGUNDO SEMESTRE,LEGALIZADA,PROBABILIDAD Y ESTADÍSTICA,1,94.0,8.32,9.64,0.0,8.98,APROBADO,41,
33070929,CIENCIA DE DATOS E INTELIGENCIA ARTIFICIAL,Periodo 2025 - 2S,SEGUNDO SEMESTRE,LEGALIZADA,PROGRAMACIÓN 2,1,100.0,7.45,8.85,0.0,8.15,APROBADO,41,
33070929,CIENCIA DE DATOS E INTELIGENCIA ARTIFICIAL,Periodo 2026 - 1S,TERCER SEMESTRE,LEGALIZADA,CÁLCULO EN VARIAS VARIABLES,1,0.0,0.0,0.0,0.0,0.0,,41,
33070929,CIENCIA DE DATOS E INTELIGENCIA ARTIFICIAL,Periodo 2026 - 1S,TERCER SEMESTRE,LEGALIZADA,CULTURA DIGITAL Y SOCIEDAD,1,0.0,0.0,0.0,0.0,0.0,,41,
33070929,CIENCIA DE DATOS E INTELIGENCIA ARTIFICIAL,Periodo 2026 - 1S,TERCER SEMESTRE,LEGALIZADA,DISEÑO EXPERIMENTAL,1,0.0,8.9,0.0,0.0,0.0,,41,
33070929,CIENCIA DE DATOS E INTELIGENCIA ARTIFICIAL,Periodo 2026 - 1S,TERCER SEMESTRE,LEGALIZADA,FUNDAMENTOS DE BASE DE DATOS,1,0.0,0.0,0.0,0.0,0.0,,41,
33070929,CIENCIA DE DATOS E INTELIGENCIA ARTIFICIAL,Periodo 2026 - 1S,TERCER SEMESTRE,LEGALIZADA,MODELAMIENTO,1,0.0,0.0,0.0,0.0,0.0,,41,
60860440,CIENCIA DE DATOS E INTELIGENCIA ARTIFICIAL,Periodo 2025 - 1S,PRIMER SEMESTRE,LEGALIZADA,ÁLGEBRA LINEAL,1,88.0,5.86,8.83,0.0,7.34,APROBADO,41,
60860440,CIENCIA DE DATOS E INTELIGENCIA ARTIFICIAL,Periodo 2025 - 1S,PRIMER SEMESTRE,LEGALIZADA,CÁLCULO EN UNA VARIABLE,1,71.0,6.25,6.52,3.5,4.94,REPROBADO,41,
60860440,CIENCIA DE DATOS E INTELIGENCIA ARTIFICIAL,Periodo 2025 - 1S,PRIMER SEMESTRE,LEGALIZADA,COMUNICACIÓN EFECTIVA,1,0.0,0.0,0.0,0.0,0.0,EXONERADA,41,
60860440,CIENCIA DE DATOS E INTELIGENCIA ARTIFICIAL,Periodo 2025 - 1S,PRIMER SEMESTRE,LEGALIZADA,FUNDAMENTOS DE METODOLOGÍA DE LA INVESTIGACIÓN,1,92.0,8.26,8.24,0.0,8.25,APROBADO,41,
60860440,CIENCIA DE DATOS E INTELIGENCIA ARTIFICIAL,Periodo 2025 - 1S,PRIMER SEMESTRE,LEGALIZADA,PROGRAMACIÓN 1,1,81.0,6.02,8.2,0.0,7.11,APROBADO,41,
60860440,CIENCIA DE DATOS E INTELIGENCIA ARTIFICIAL,Periodo 2025 - 2S,PRIMER SEMESTRE,LEGALIZADA,CÁLCULO EN UNA VARIABLE,2,87.0,7.23,8.12,0.0,7.67,APROBADO,41,
60860440,CIENCIA DE DATOS E INTELIGENCIA ARTIFICIAL,Periodo 2026 - 1S,SEGUNDO SEMESTRE,LEGALIZADA,ESTRUCTURA DE DATOS,1,0.0,7.76,0.0,0.0,0.0,,41,
60860440,CIENCIA DE DATOS E INTELIGENCIA ARTIFICIAL,Periodo 2026 - 1S,SEGUNDO SEMESTRE,LEGALIZADA,FUNDAMENTOS DE CIENCIA DE DATOS E INTELIGENCIA ARTIFICIAL,1,0.0,0.0,0.0,0.0,0.0,,41,
60860440,CIENCIA DE DATOS E INTELIGENCIA ARTIFICIAL,Periodo 2026 - 1S,SEGUNDO SEMESTRE,LEGALIZADA,HABILIDADES PARA LA VIDA,1,0.0,0.0,0.0,0.0,0.0,,41,
60860440,CIENCIA DE DATOS E INTELIGENCIA ARTIFICIAL,Periodo 2026 - 1S,SEGUNDO SEMESTRE,LEGALIZADA,PROBABILIDAD Y ESTADÍSTICA,1,0.0,0.0,0.0,0.0,0.0,,41,
60860440,CIENCIA DE DATOS E INTELIGENCIA ARTIFICIAL,Periodo 2026 - 1S,SEGUNDO SEMESTRE,LEGALIZADA,PROGRAMACIÓN 2,1,0.0,8.41,0.0,0.0,0.0,,41,
33726289,CIENCIA DE DATOS E INTELIGENCIA ARTIFICIAL,Periodo 2024 - 2S,SEGUNDO SEMESTRE,LEGALIZADA,ESTRUCTURA DE DATOS,1,100.0,9.17,9.51,0.0,9.34,APROBADO,41,
33726289,CIENCIA DE DATOS E INTELIGENCIA ARTIFICIAL,Periodo 2024 - 2S,SEGUNDO SEMESTRE,LEGALIZADA,FUNDAMENTOS DE CIENCIA DE DATOS E INTELIGENCIA ARTIFICIAL,1,100.0,9.5,9.6,0.0,9.55,APROBADO,41,
33726289,CIENCIA DE DATOS E INTELIGENCIA ARTIFICIAL,Periodo 2024 - 2S,SEGUNDO SEMESTRE,LEGALIZADA,HABILIDADES PARA LA VIDA,1,100.0,9.94,9.88,0.0,9.91,APROBADO,41,
33726289,CIENCIA DE DATOS E INTELIGENCIA ARTIFICIAL,Periodo 2024 - 2S,SEGUNDO SEMESTRE,LEGALIZADA,PROBABILIDAD Y ESTADÍSTICA,1,93.0,8.7,8.72,0.0,8.71,APROBADO,41,
33726289,CIENCIA DE DATOS E INTELIGENCIA ARTIFICIAL,Periodo 2024 - 2S,SEGUNDO SEMESTRE,LEGALIZADA,PROGRAMACIÓN 2,1,100.0,9.66,10.0,0.0,9.83,APROBADO,41,
33726289,CIENCIA DE DATOS E INTELIGENCIA ARTIFICIAL,Periodo 2024 -1S,PRIMER SEMESTRE,LEGALIZADA,ÁLGEBRA LINEAL,1,100.0,9.14,9.59,0.0,9.36,APROBADO,41,
33726289,CIENCIA DE DATOS E INTELIGENCIA ARTIFICIAL,Periodo 2024 -1S,PRIMER SEMESTRE,LEGALIZADA,CÁLCULO EN UNA VARIABLE,1,93.0,8.56,8.25,0.0,8.4,APROBADO,41,2.0
33726289,CIENCIA DE DATOS E INTELIGENCIA ARTIFICIAL,Periodo 2024 -1S,PRIMER SEMESTRE,LEGALIZADA,COMUNICACIÓN EFECTIVA,1,98.0,9.42,9.95,0.0,9.68,APROBADO,41,
33726289,CIENCIA DE DATOS E INTELIGENCIA ARTIFICIAL,Periodo 2024 -1S,PRIMER SEMESTRE,LEGALIZADA,FUNDAMENTOS DE METODOLOGÍA DE LA INVESTIGACIÓN,1,100.0,9.51,9.03,0.0,9.27,APROBADO,41,
33726289,CIENCIA DE DATOS E INTELIGENCIA ARTIFICIAL,Periodo 2024 -1S,PRIMER SEMESTRE,LEGALIZADA,PROGRAMACIÓN 1,1,96.0,8.87,9.76,0.0,9.31,APROBADO,41,
33726289,CIENCIA DE DATOS E INTELIGENCIA ARTIFICIAL,Periodo 2025 - 1S,TERCER SEMESTRE,LEGALIZADA,CÁLCULO EN VARIAS VARIABLES,1,88.0,8.12,7.85,0.0,7.98,APROBADO,41,
33726289,CIENCIA DE DATOS E INTELIGENCIA ARTIFICIAL,Periodo 2025 - 1S,TERCER SEMESTRE,LEGALIZADA,CULTURA DIGITAL Y SOCIEDAD,1,100.0,9.47,9.8,0.0,9.63,APROBADO,41,
33726289,CIENCIA DE DATOS E INTELIGENCIA ARTIFICIAL,Periodo 2025 - 1S,TERCER SEMESTRE,LEGALIZADA,DISEÑO EXPERIMENTAL,1,88.0,9.33,8.87,0.0,9.1,APROBADO,41,
33726289,CIENCIA DE DATOS E INTELIGENCIA ARTIFICIAL,Periodo 2025 - 1S,TERCER SEMESTRE,LEGALIZADA,FUNDAMENTOS DE BASE DE DATOS,1,100.0,9.14,8.38,0.0,8.76,APROBADO,41,
33726289,CIENCIA DE DATOS E INTELIGENCIA ARTIFICIAL,Periodo 2025 - 1S,TERCER SEMESTRE,LEGALIZADA,MODELAMIENTO,1,100.0,8.9,7.82,0.0,8.36,APROBADO,41,
33726289,CIENCIA DE DATOS E INTELIGENCIA ARTIFICIAL,Periodo 2025 - 2S,CUARTO SEMESTRE,LEGALIZADA,ADMINISTRACIÓN DE BASES DE DATOS,1,100.0,7.38,9.0,0.0,8.19,APROBADO,41,
33726289,CIENCIA DE DATOS E INTELIGENCIA ARTIFICIAL,Periodo 2025 - 2S,CUARTO SEMESTRE,LEGALIZADA,MACHINE LEARNING 1,1,100.0,9.04,9.53,0.0,9.28,APROBADO,41,
33726289,CIENCIA DE DATOS E INTELIGENCIA ARTIFICIAL,Periodo 2025 - 2S,CUARTO SEMESTRE,LEGALIZADA,METAHEURÍSTICAS,1,100.0,9.43,9.21,0.0,9.32,APROBADO,41,
33726289,CIENCIA DE DATOS E INTELIGENCIA ARTIFICIAL,Periodo 2025 - 2S,CUARTO SEMESTRE,LEGALIZADA,METODOLOGÍAS DE ANALÍTICA DE DATOS,1,100.0,9.58,9.23,0.0,9.4,APROBADO,41,
33726289,CIENCIA DE DATOS E INTELIGENCIA ARTIFICIAL,Periodo 2025 - 2S,CUARTO SEMESTRE,LEGALIZADA,MÉTODOS NUMÉRICOS Y PROBLEMAS COMPLEJOS,1,87.0,9.84,8.99,0.0,9.41,APROBADO,41,
33726289,CIENCIA DE DATOS E INTELIGENCIA ARTIFICIAL,Periodo 2026 - 1S,QUINTO SEMESTRE,LEGALIZADA,ALMACÉN DE DATOS,1,0.0,0.0,0.0,0.0,0.0,,41,
33726289,CIENCIA DE DATOS E INTELIGENCIA ARTIFICIAL,Periodo 2026 - 1S,QUINTO SEMESTRE,LEGALIZADA,COMPUTACIÓN EN LA NUBE,1,0.0,9.91,0.0,0.0,0.0,,41,
33726289,CIENCIA DE DATOS E INTELIGENCIA ARTIFICIAL,Periodo 2026 - 1S,QUINTO SEMESTRE,LEGALIZADA,INGENIERÍA DE SOFTWARE,1,0.0,8.34,0.0,0.0,0.0,,41,
33726289,CIENCIA DE DATOS E INTELIGENCIA ARTIFICIAL,Periodo 2026 - 1S,QUINTO SEMESTRE,LEGALIZADA,MACHINE LEARNING 2,1,0.0,0.0,0.0,0.0,0.0,,41,
33726289,CIENCIA DE DATOS E INTELIGENCIA ARTIFICIAL,Periodo 2026 - 1S,QUINTO SEMESTRE,LEGALIZADA,REDACCIÓN CIENTÍFICA,1,0.0,0.0,0.0,0.0,0.0,,41,
83083784,CIENCIA DE DATOS E INTELIGENCIA ARTIFICIAL,Periodo 2024 - 2S,SEGUNDO SEMESTRE,LEGALIZADA,ESTRUCTURA DE DATOS,1,100.0,9.76,9.56,0.0,9.66,APROBADO,41,
83083784,CIENCIA DE DATOS E INTELIGENCIA ARTIFICIAL,Periodo 2024 - 2S,SEGUNDO SEMESTRE,LEGALIZADA,FUNDAMENTOS DE CIENCIA DE DATOS E INTELIGENCIA ARTIFICIAL,1,100.0,9.75,9.5,0.0,9.62,APROBADO,41,
83083784,CIENCIA DE DATOS E INTELIGENCIA ARTIFICIAL,Periodo 2024 - 2S,SEGUNDO SEMESTRE,LEGALIZADA,HABILIDADES PARA LA VIDA,1,100.0,9.43,9.83,0.0,9.63,APROBADO,41,
83083784,CIENCIA DE DATOS E INTELIGENCIA ARTIFICIAL,Periodo 2024 - 2S,SEGUNDO SEMESTRE,LEGALIZADA,PROBABILIDAD Y ESTADÍSTICA,1,94.0,7.78,8.4,0.0,8.09,APROBADO,41,
83083784,CIENCIA DE DATOS E INTELIGENCIA ARTIFICIAL,Periodo 2024 - 2S,SEGUNDO SEMESTRE,LEGALIZADA,PROGRAMACIÓN 2,1,100.0,9.66,9.64,0.0,9.65,APROBADO,41,
83083784,CIENCIA DE DATOS E INTELIGENCIA ARTIFICIAL,Periodo 2024 -1S,PRIMER SEMESTRE,LEGALIZADA,ÁLGEBRA LINEAL,1,94.0,8.55,9.46,0.0,9.0,APROBADO,41,
83083784,CIENCIA DE DATOS E INTELIGENCIA ARTIFICIAL,Periodo 2024 -1S,PRIMER SEMESTRE,LEGALIZADA,CÁLCULO EN UNA VARIABLE,1,97.0,8.51,7.79,0.0,8.15,APROBADO,41,2.0
83083784,CIENCIA DE DATOS E INTELIGENCIA ARTIFICIAL,Periodo 2024 -1S,PRIMER SEMESTRE,LEGALIZADA,COMUNICACIÓN EFECTIVA,1,96.0,9.51,9.85,0.0,9.68,APROBADO,41,
83083784,CIENCIA DE DATOS E INTELIGENCIA ARTIFICIAL,Periodo 2024 -1S,PRIMER SEMESTRE,LEGALIZADA,FUNDAMENTOS DE METODOLOGÍA DE LA INVESTIGACIÓN,1,100.0,9.46,8.98,0.0,9.22,APROBADO,41,
83083784,CIENCIA DE DATOS E INTELIGENCIA ARTIFICIAL,Periodo 2024 -1S,PRIMER SEMESTRE,LEGALIZADA,PROGRAMACIÓN 1,1,100.0,9.43,9.2,0.0,9.31,APROBADO,41,5.0
83083784,CIENCIA DE DATOS E INTELIGENCIA ARTIFICIAL,Periodo 2025 - 1S,TERCER SEMESTRE,LEGALIZADA,CÁLCULO EN VARIAS VARIABLES,1,100.0,8.5,7.73,0.0,8.11,APROBADO,41,
83083784,CIENCIA DE DATOS E INTELIGENCIA ARTIFICIAL,Periodo 2025 - 1S,TERCER SEMESTRE,LEGALIZADA,CULTURA DIGITAL Y SOCIEDAD,1,100.0,9.88,9.75,0.0,9.81,APROBADO,41,
83083784,CIENCIA DE DATOS E INTELIGENCIA ARTIFICIAL,Periodo 2025 - 1S,TERCER SEMESTRE,LEGALIZADA,DISEÑO EXPERIMENTAL,1,100.0,8.57,8.44,0.0,8.5,APROBADO,41,
83083784,CIENCIA DE DATOS E INTELIGENCIA ARTIFICIAL,Periodo 2025 - 1S,TERCER SEMESTRE,LEGALIZADA,FUNDAMENTOS DE BASE DE DATOS,1,100.0,9.95,9.88,0.0,9.91,APROBADO,41,
83083784,CIENCIA DE DATOS E INTELIGENCIA ARTIFICIAL,Periodo 2025 - 1S,TERCER SEMESTRE,LEGALIZADA,MODELAMIENTO,1,100.0,9.16,8.33,0.0,8.74,APROBADO,41,
83083784,CIENCIA DE DATOS E INTELIGENCIA ARTIFICIAL,Periodo 2025 - 2S,CUARTO SEMESTRE,LEGALIZADA,ADMINISTRACIÓN DE BASES DE DATOS,1,100.0,9.93,9.75,0.0,9.84,APROBADO,41,
83083784,CIENCIA DE DATOS E INTELIGENCIA ARTIFICIAL,Periodo 2025 - 2S,CUARTO SEMESTRE,LEGALIZADA,MACHINE LEARNING 1,1,100.0,9.91,10.0,0.0,9.95,APROBADO,41,
83083784,CIENCIA DE DATOS E INTELIGENCIA ARTIFICIAL,Periodo 2025 - 2S,CUARTO SEMESTRE,LEGALIZADA,METAHEURÍSTICAS,1,100.0,9.5,9.54,0.0,9.52,APROBADO,41,
83083784,CIENCIA DE DATOS E INTELIGENCIA ARTIFICIAL,Periodo 2025 - 2S,CUARTO SEMESTRE,LEGALIZADA,METODOLOGÍAS DE ANALÍTICA DE DATOS,1,100.0,9.7,9.33,0.0,9.51,APROBADO,41,
83083784,CIENCIA DE DATOS E INTELIGENCIA ARTIFICIAL,Periodo 2025 - 2S,CUARTO SEMESTRE,LEGALIZADA,MÉTODOS NUMÉRICOS Y PROBLEMAS COMPLEJOS,1,100.0,9.93,9.83,0.0,9.88,APROBADO,41,
83083784,CIENCIA DE DATOS E INTELIGENCIA ARTIFICIAL,Periodo 2026 - 1S,QUINTO SEMESTRE,LEGALIZADA,ALMACÉN DE DATOS,1,0.0,0.0,0.0,0.0,0.0,,41,
83083784,CIENCIA DE DATOS E INTELIGENCIA ARTIFICIAL,Periodo 2026 - 1S,QUINTO SEMESTRE,LEGALIZADA,COMPUTACIÓN EN LA NUBE,1,0.0,9.92,0.0,0.0,0.0,,41,
83083784,CIENCIA DE DATOS E INTELIGENCIA ARTIFICIAL,Periodo 2026 - 1S,QUINTO SEMESTRE,LEGALIZADA,INGENIERÍA DE SOFTWARE,1,0.0,9.68,0.0,0.0,0.0,,41,
83083784,CIENCIA DE DATOS E INTELIGENCIA ARTIFICIAL,Periodo 2026 - 1S,QUINTO SEMESTRE,LEGALIZADA,MACHINE LEARNING 2,1,0.0,0.0,0.0,0.0,0.0,,41,
83083784,CIENCIA DE DATOS E INTELIGENCIA ARTIFICIAL,Periodo 2026 - 1S,QUINTO SEMESTRE,LEGALIZADA,REDACCIÓN CIENTÍFICA,1,0.0,0.0,0.0,0.0,0.0,,41,
85696220,CIENCIA DE DATOS E INTELIGENCIA ARTIFICIAL,Periodo 2024 - 2S,SEGUNDO SEMESTRE,LEGALIZADA,ESTRUCTURA DE DATOS,1,100.0,9.43,9.66,0.0,9.54,APROBADO,41,
85696220,CIENCIA DE DATOS E INTELIGENCIA ARTIFICIAL,Periodo 2024 - 2S,SEGUNDO SEMESTRE,LEGALIZADA,FUNDAMENTOS DE CIENCIA DE DATOS E INTELIGENCIA ARTIFICIAL,1,100.0,9.65,9.35,0.0,9.5,APROBADO,41,
85696220,CIENCIA DE DATOS E INTELIGENCIA ARTIFICIAL,Periodo 2024 - 2S,SEGUNDO SEMESTRE,LEGALIZADA,HABILIDADES PARA LA VIDA,1,100.0,9.69,9.34,0.0,9.51,APROBADO,41,
85696220,CIENCIA DE DATOS E INTELIGENCIA ARTIFICIAL,Periodo 2024 - 2S,SEGUNDO SEMESTRE,LEGALIZADA,PROBABILIDAD Y ESTADÍSTICA,1,86.0,8.72,9.11,0.0,8.91,APROBADO,41,
85696220,CIENCIA DE DATOS E INTELIGENCIA ARTIFICIAL,Periodo 2024 - 2S,SEGUNDO SEMESTRE,LEGALIZADA,PROGRAMACIÓN 2,1,100.0,9.68,8.87,0.0,9.27,APROBADO,41,
85696220,CIENCIA DE DATOS E INTELIGENCIA ARTIFICIAL,Periodo 2024 -1S,PRIMER SEMESTRE,LEGALIZADA,ÁLGEBRA LINEAL,1,100.0,8.68,10.0,0.0,9.34,APROBADO,41,
85696220,CIENCIA DE DATOS E INTELIGENCIA ARTIFICIAL,Periodo 2024 -1S,PRIMER SEMESTRE,LEGALIZADA,CÁLCULO EN UNA VARIABLE,1,90.0,9.12,9.81,0.0,9.46,APROBADO,41,1.0
85696220,CIENCIA DE DATOS E INTELIGENCIA ARTIFICIAL,Periodo 2024 -1S,PRIMER SEMESTRE,LEGALIZADA,COMUNICACIÓN EFECTIVA,1,82.0,8.77,9.11,0.0,8.94,APROBADO,41,
85696220,CIENCIA DE DATOS E INTELIGENCIA ARTIFICIAL,Periodo 2024 -1S,PRIMER SEMESTRE,LEGALIZADA,FUNDAMENTOS DE METODOLOGÍA DE LA INVESTIGACIÓN,1,91.0,8.67,8.39,0.0,8.53,APROBADO,41,15.0
85696220,CIENCIA DE DATOS E INTELIGENCIA ARTIFICIAL,Periodo 2024 -1S,PRIMER SEMESTRE,LEGALIZADA,PROGRAMACIÓN 1,1,84.0,8.67,8.57,0.0,8.62,APROBADO,41,
85696220,CIENCIA DE DATOS E INTELIGENCIA ARTIFICIAL,Periodo 2025 - 1S,TERCER SEMESTRE,LEGALIZADA,CÁLCULO EN VARIAS VARIABLES,1,100.0,8.6,8.33,0.0,8.46,APROBADO,41,
85696220,CIENCIA DE DATOS E INTELIGENCIA ARTIFICIAL,Periodo 2025 - 1S,TERCER SEMESTRE,LEGALIZADA,CULTURA DIGITAL Y SOCIEDAD,1,100.0,9.71,10.0,0.0,9.85,APROBADO,41,
85696220,CIENCIA DE DATOS E INTELIGENCIA ARTIFICIAL,Periodo 2025 - 1S,TERCER SEMESTRE,LEGALIZADA,DISEÑO EXPERIMENTAL,1,100.0,9.57,8.86,0.0,9.21,APROBADO,41,
85696220,CIENCIA DE DATOS E INTELIGENCIA ARTIFICIAL,Periodo 2025 - 1S,TERCER SEMESTRE,LEGALIZADA,FUNDAMENTOS DE BASE DE DATOS,1,100.0,8.78,8.96,0.0,8.87,APROBADO,41,
85696220,CIENCIA DE DATOS E INTELIGENCIA ARTIFICIAL,Periodo 2025 - 1S,TERCER SEMESTRE,LEGALIZADA,MODELAMIENTO,1,100.0,9.24,8.79,0.0,9.01,APROBADO,41,
85696220,CIENCIA DE DATOS E INTELIGENCIA ARTIFICIAL,Periodo 2025 - 2S,CUARTO SEMESTRE,LEGALIZADA,ADMINISTRACIÓN DE BASES DE DATOS,1,100.0,9.25,10.0,0.0,9.62,APROBADO,41,
85696220,CIENCIA DE DATOS E INTELIGENCIA ARTIFICIAL,Periodo 2025 - 2S,CUARTO SEMESTRE,LEGALIZADA,MACHINE LEARNING 1,1,100.0,9.79,9.98,0.0,9.88,APROBADO,41,
85696220,CIENCIA DE DATOS E INTELIGENCIA ARTIFICIAL,Periodo 2025 - 2S,CUARTO SEMESTRE,LEGALIZADA,METAHEURÍSTICAS,1,100.0,9.43,9.53,0.0,9.48,APROBADO,41,
85696220,CIENCIA DE DATOS E INTELIGENCIA ARTIFICIAL,Periodo 2025 - 2S,CUARTO SEMESTRE,LEGALIZADA,METODOLOGÍAS DE ANALÍTICA DE DATOS,1,100.0,9.56,9.23,0.0,9.39,APROBADO,41,
85696220,CIENCIA DE DATOS E INTELIGENCIA ARTIFICIAL,Periodo 2025 - 2S,CUARTO SEMESTRE,LEGALIZADA,MÉTODOS NUMÉRICOS Y PROBLEMAS COMPLEJOS,1,100.0,9.88,10.0,0.0,9.94,APROBADO,41,
85696220,CIENCIA DE DATOS E INTELIGENCIA ARTIFICIAL,Periodo 2026 - 1S,QUINTO SEMESTRE,LEGALIZADA,ALMACÉN DE DATOS,1,0.0,0.0,0.0,0.0,0.0,,41,
85696220,CIENCIA DE DATOS E INTELIGENCIA ARTIFICIAL,Periodo 2026 - 1S,QUINTO SEMESTRE,LEGALIZADA,COMPUTACIÓN EN LA NUBE,1,0.0,9.89,0.0,0.0,0.0,,41,
85696220,CIENCIA DE DATOS E INTELIGENCIA ARTIFICIAL,Periodo 2026 - 1S,QUINTO SEMESTRE,LEGALIZADA,INGENIERÍA DE SOFTWARE,1,0.0,9.83,0.0,0.0,0.0,,41,
85696220,CIENCIA DE DATOS E INTELIGENCIA ARTIFICIAL,Periodo 2026 - 1S,QUINTO SEMESTRE,LEGALIZADA,MACHINE LEARNING 2,1,0.0,0.0,0.0,0.0,0.0,,41,
85696220,CIENCIA DE DATOS E INTELIGENCIA ARTIFICIAL,Periodo 2026 - 1S,QUINTO SEMESTRE,LEGALIZADA,REDACCIÓN CIENTÍFICA,1,0.0,0.0,0.0,0.0,0.0,,41,
40526892,CIENCIA DE DATOS E INTELIGENCIA ARTIFICIAL,Periodo 2024 - 2S,SEGUNDO SEMESTRE,LEGALIZADA,ESTRUCTURA DE DATOS,1,79.0,9.64,9.52,0.0,9.58,APROBADO,41,
40526892,CIENCIA DE DATOS E INTELIGENCIA ARTIFICIAL,Periodo 2024 - 2S,SEGUNDO SEMESTRE,LEGALIZADA,FUNDAMENTOS DE CIENCIA DE DATOS E INTELIGENCIA ARTIFICIAL,1,93.0,9.52,6.98,0.0,8.25,APROBADO,41,
40526892,CIENCIA DE DATOS E INTELIGENCIA ARTIFICIAL,Periodo 2024 - 2S,SEGUNDO SEMESTRE,LEGALIZADA,HABILIDADES PARA LA VIDA,1,88.0,9.42,9.09,0.0,9.25,APROBADO,41,
40526892,CIENCIA DE DATOS E INTELIGENCIA ARTIFICIAL,Periodo 2024 - 2S,SEGUNDO SEMESTRE,LEGALIZADA,PROBABILIDAD Y ESTADÍSTICA,1,93.0,8.13,8.15,0.0,8.14,APROBADO,41,
40526892,CIENCIA DE DATOS E INTELIGENCIA ARTIFICIAL,Periodo 2024 - 2S,SEGUNDO SEMESTRE,LEGALIZADA,PROGRAMACIÓN 2,1,100.0,9.19,9.65,0.0,9.42,APROBADO,41,
40526892,CIENCIA DE DATOS E INTELIGENCIA ARTIFICIAL,Periodo 2024 -1S,PRIMER SEMESTRE,LEGALIZADA,ÁLGEBRA LINEAL,1,100.0,8.82,9.71,0.0,9.26,APROBADO,41,
40526892,CIENCIA DE DATOS E INTELIGENCIA ARTIFICIAL,Periodo 2024 -1S,PRIMER SEMESTRE,LEGALIZADA,CÁLCULO EN UNA VARIABLE,1,87.0,6.91,8.86,0.0,7.88,APROBADO,41,
40526892,CIENCIA DE DATOS E INTELIGENCIA ARTIFICIAL,Periodo 2024 -1S,PRIMER SEMESTRE,LEGALIZADA,COMUNICACIÓN EFECTIVA,1,69.0,8.34,8.53,0.0,8.43,APROBADO,41,
40526892,CIENCIA DE DATOS E INTELIGENCIA ARTIFICIAL,Periodo 2024 -1S,PRIMER SEMESTRE,LEGALIZADA,FUNDAMENTOS DE METODOLOGÍA DE LA INVESTIGACIÓN,1,73.0,8.51,8.36,0.0,8.43,APROBADO,41,
40526892,CIENCIA DE DATOS E INTELIGENCIA ARTIFICIAL,Periodo 2024 -1S,PRIMER SEMESTRE,LEGALIZADA,PROGRAMACIÓN 1,1,67.0,8.54,7.13,0.0,7.83,APROBADO,41,
40526892,CIENCIA DE DATOS E INTELIGENCIA ARTIFICIAL,Periodo 2025 - 1S,TERCER SEMESTRE,LEGALIZADA,CÁLCULO EN VARIAS VARIABLES,1,94.0,8.42,7.86,0.0,8.14,APROBADO,41,
40526892,CIENCIA DE DATOS E INTELIGENCIA ARTIFICIAL,Periodo 2025 - 1S,TERCER SEMESTRE,LEGALIZADA,CULTURA DIGITAL Y SOCIEDAD,1,86.0,9.56,10.0,0.0,9.78,APROBADO,41,
40526892,CIENCIA DE DATOS E INTELIGENCIA ARTIFICIAL,Periodo 2025 - 1S,TERCER SEMESTRE,LEGALIZADA,DISEÑO EXPERIMENTAL,1,81.0,8.95,8.56,0.0,8.75,APROBADO,41,
40526892,CIENCIA DE DATOS E INTELIGENCIA ARTIFICIAL,Periodo 2025 - 1S,TERCER SEMESTRE,LEGALIZADA,FUNDAMENTOS DE BASE DE DATOS,1,88.0,8.71,8.75,0.0,8.73,APROBADO,41,
40526892,CIENCIA DE DATOS E INTELIGENCIA ARTIFICIAL,Periodo 2025 - 1S,TERCER SEMESTRE,LEGALIZADA,MODELAMIENTO,1,93.0,8.93,7.88,0.0,8.4,APROBADO,41,
40526892,CIENCIA DE DATOS E INTELIGENCIA ARTIFICIAL,Periodo 2025 - 2S,CUARTO SEMESTRE,LEGALIZADA,ADMINISTRACIÓN DE BASES DE DATOS,1,93.0,8.7,9.89,0.0,9.29,APROBADO,41,
40526892,CIENCIA DE DATOS E INTELIGENCIA ARTIFICIAL,Periodo 2025 - 2S,CUARTO SEMESTRE,LEGALIZADA,MACHINE LEARNING 1,1,100.0,9.05,9.67,0.0,9.36,APROBADO,41,
40526892,CIENCIA DE DATOS E INTELIGENCIA ARTIFICIAL,Periodo 2025 - 2S,CUARTO SEMESTRE,LEGALIZADA,METAHEURÍSTICAS,1,85.0,9.29,9.01,0.0,9.15,APROBADO,41,
40526892,CIENCIA DE DATOS E INTELIGENCIA ARTIFICIAL,Periodo 2025 - 2S,CUARTO SEMESTRE,LEGALIZADA,METODOLOGÍAS DE ANALÍTICA DE DATOS,1,93.0,9.62,9.21,0.0,9.41,APROBADO,41,
40526892,CIENCIA DE DATOS E INTELIGENCIA ARTIFICIAL,Periodo 2025 - 2S,CUARTO SEMESTRE,LEGALIZADA,MÉTODOS NUMÉRICOS Y PROBLEMAS COMPLEJOS,1,87.0,9.53,7.79,0.0,8.66,APROBADO,41,
40526892,CIENCIA DE DATOS E INTELIGENCIA ARTIFICIAL,Periodo 2026 - 1S,QUINTO SEMESTRE,LEGALIZADA,ALMACÉN DE DATOS,1,0.0,0.0,0.0,0.0,0.0,,41,
40526892,CIENCIA DE DATOS E INTELIGENCIA ARTIFICIAL,Periodo 2026 - 1S,QUINTO SEMESTRE,LEGALIZADA,COMPUTACIÓN EN LA NUBE,1,0.0,9.78,0.0,0.0,0.0,,41,
40526892,CIENCIA DE DATOS E INTELIGENCIA ARTIFICIAL,Periodo 2026 - 1S,QUINTO SEMESTRE,LEGALIZADA,INGENIERÍA DE SOFTWARE,1,0.0,9.29,0.0,0.0,0.0,,41,
40526892,CIENCIA DE DATOS E INTELIGENCIA ARTIFICIAL,Periodo 2026 - 1S,QUINTO SEMESTRE,LEGALIZADA,MACHINE LEARNING 2,1,0.0,0.0,0.0,0.0,0.0,,41,
40526892,CIENCIA DE DATOS E INTELIGENCIA ARTIFICIAL,Periodo 2026 - 1S,QUINTO SEMESTRE,LEGALIZADA,REDACCIÓN CIENTÍFICA,1,0.0,0.0,0.0,0.0,0.0,,41,
81947246,CIENCIA DE DATOS E INTELIGENCIA ARTIFICIAL,Periodo 2024 - 2S,SEGUNDO SEMESTRE,LEGALIZADA,ESTRUCTURA DE DATOS,1,93.0,9.54,9.61,0.0,9.57,APROBADO,41,
81947246,CIENCIA DE DATOS E INTELIGENCIA ARTIFICIAL,Periodo 2024 - 2S,SEGUNDO SEMESTRE,LEGALIZADA,FUNDAMENTOS DE CIENCIA DE DATOS E INTELIGENCIA ARTIFICIAL,1,100.0,9.39,9.23,0.0,9.31,APROBADO,41,
81947246,CIENCIA DE DATOS E INTELIGENCIA ARTIFICIAL,Periodo 2024 - 2S,SEGUNDO SEMESTRE,LEGALIZADA,HABILIDADES PARA LA VIDA,1,100.0,9.18,9.84,0.0,9.51,APROBADO,41,
81947246,CIENCIA DE DATOS E INTELIGENCIA ARTIFICIAL,Periodo 2024 - 2S,SEGUNDO SEMESTRE,LEGALIZADA,PROBABILIDAD Y ESTADÍSTICA,1,93.0,8.11,8.16,0.0,8.13,APROBADO,41,
81947246,CIENCIA DE DATOS E INTELIGENCIA ARTIFICIAL,Periodo 2024 - 2S,SEGUNDO SEMESTRE,LEGALIZADA,PROGRAMACIÓN 2,1,100.0,8.79,9.61,0.0,9.2,APROBADO,41,
81947246,CIENCIA DE DATOS E INTELIGENCIA ARTIFICIAL,Periodo 2024 -1S,PRIMER SEMESTRE,LEGALIZADA,ÁLGEBRA LINEAL,1,100.0,7.5,9.72,0.0,8.61,APROBADO,41,
81947246,CIENCIA DE DATOS E INTELIGENCIA ARTIFICIAL,Periodo 2024 -1S,PRIMER SEMESTRE,LEGALIZADA,CÁLCULO EN UNA VARIABLE,1,93.0,8.12,8.98,0.0,8.55,APROBADO,41,3.0
81947246,CIENCIA DE DATOS E INTELIGENCIA ARTIFICIAL,Periodo 2024 -1S,PRIMER SEMESTRE,LEGALIZADA,COMUNICACIÓN EFECTIVA,1,98.0,9.74,9.48,0.0,9.61,APROBADO,41,
81947246,CIENCIA DE DATOS E INTELIGENCIA ARTIFICIAL,Periodo 2024 -1S,PRIMER SEMESTRE,LEGALIZADA,FUNDAMENTOS DE METODOLOGÍA DE LA INVESTIGACIÓN,1,100.0,8.95,9.12,0.0,9.03,APROBADO,41,10.0
81947246,CIENCIA DE DATOS E INTELIGENCIA ARTIFICIAL,Periodo 2024 -1S,PRIMER SEMESTRE,LEGALIZADA,PROGRAMACIÓN 1,1,95.0,7.87,8.06,0.0,7.96,APROBADO,41,4.0
81947246,CIENCIA DE DATOS E INTELIGENCIA ARTIFICIAL,Periodo 2025 - 1S,TERCER SEMESTRE,LEGALIZADA,CÁLCULO EN VARIAS VARIABLES,1,100.0,8.02,7.55,0.0,7.78,APROBADO,41,
81947246,CIENCIA DE DATOS E INTELIGENCIA ARTIFICIAL,Periodo 2025 - 1S,TERCER SEMESTRE,LEGALIZADA,CULTURA DIGITAL Y SOCIEDAD,1,93.0,9.75,9.28,0.0,9.51,APROBADO,41,
81947246,CIENCIA DE DATOS E INTELIGENCIA ARTIFICIAL,Periodo 2025 - 1S,TERCER SEMESTRE,LEGALIZADA,DISEÑO EXPERIMENTAL,1,100.0,9.12,8.11,0.0,8.61,APROBADO,41,
81947246,CIENCIA DE DATOS E INTELIGENCIA ARTIFICIAL,Periodo 2025 - 1S,TERCER SEMESTRE,LEGALIZADA,FUNDAMENTOS DE BASE DE DATOS,1,100.0,8.59,8.43,0.0,8.51,APROBADO,41,
81947246,CIENCIA DE DATOS E INTELIGENCIA ARTIFICIAL,Periodo 2025 - 1S,TERCER SEMESTRE,LEGALIZADA,MODELAMIENTO,1,93.0,9.58,8.24,0.0,8.91,APROBADO,41,
81947246,CIENCIA DE DATOS E INTELIGENCIA ARTIFICIAL,Periodo 2025 - 2S,CUARTO SEMESTRE,LEGALIZADA,ADMINISTRACIÓN DE BASES DE DATOS,1,93.0,8.59,8.91,0.0,8.75,APROBADO,41,
81947246,CIENCIA DE DATOS E INTELIGENCIA ARTIFICIAL,Periodo 2025 - 2S,CUARTO SEMESTRE,LEGALIZADA,MACHINE LEARNING 1,1,100.0,9.18,9.74,0.0,9.46,APROBADO,41,
81947246,CIENCIA DE DATOS E INTELIGENCIA ARTIFICIAL,Periodo 2025 - 2S,CUARTO SEMESTRE,LEGALIZADA,METAHEURÍSTICAS,1,100.0,9.25,9.38,0.0,9.31,APROBADO,41,
81947246,CIENCIA DE DATOS E INTELIGENCIA ARTIFICIAL,Periodo 2025 - 2S,CUARTO SEMESTRE,LEGALIZADA,METODOLOGÍAS DE ANALÍTICA DE DATOS,1,100.0,9.5,8.31,0.0,8.9,APROBADO,41,
81947246,CIENCIA DE DATOS E INTELIGENCIA ARTIFICIAL,Periodo 2025 - 2S,CUARTO SEMESTRE,LEGALIZADA,MÉTODOS NUMÉRICOS Y PROBLEMAS COMPLEJOS,1,93.0,9.73,9.1,0.0,9.41,APROBADO,41,
81947246,CIENCIA DE DATOS E INTELIGENCIA ARTIFICIAL,Periodo 2026 - 1S,QUINTO SEMESTRE,LEGALIZADA,ALMACÉN DE DATOS,1,0.0,0.0,0.0,0.0,0.0,,41,
81947246,CIENCIA DE DATOS E INTELIGENCIA ARTIFICIAL,Periodo 2026 - 1S,QUINTO SEMESTRE,LEGALIZADA,COMPUTACIÓN EN LA NUBE,1,0.0,9.85,0.0,0.0,0.0,,41,
81947246,CIENCIA DE DATOS E INTELIGENCIA ARTIFICIAL,Periodo 2026 - 1S,QUINTO SEMESTRE,LEGALIZADA,INGENIERÍA DE SOFTWARE,1,0.0,8.05,0.0,0.0,0.0,,41,
81947246,CIENCIA DE DATOS E INTELIGENCIA ARTIFICIAL,Periodo 2026 - 1S,QUINTO SEMESTRE,LEGALIZADA,MACHINE LEARNING 2,1,0.0,0.0,0.0,0.0,0.0,,41,
81947246,CIENCIA DE DATOS E INTELIGENCIA ARTIFICIAL,Periodo 2026 - 1S,QUINTO SEMESTRE,LEGALIZADA,REDACCIÓN CIENTÍFICA,1,0.0,0.0,0.0,0.0,0.0,,41,
32458951,CIENCIA DE DATOS E INTELIGENCIA ARTIFICIAL,Periodo 2024 - 2S,SEGUNDO SEMESTRE,LEGALIZADA,ESTRUCTURA DE DATOS,1,93.0,9.86,9.96,0.0,9.91,APROBADO,41,
32458951,CIENCIA DE DATOS E INTELIGENCIA ARTIFICIAL,Periodo 2024 - 2S,SEGUNDO SEMESTRE,LEGALIZADA,FUNDAMENTOS DE CIENCIA DE DATOS E INTELIGENCIA ARTIFICIAL,1,100.0,9.95,9.65,0.0,9.8,APROBADO,41,
32458951,CIENCIA DE DATOS E INTELIGENCIA ARTIFICIAL,Periodo 2024 - 2S,SEGUNDO SEMESTRE,LEGALIZADA,HABILIDADES PARA LA VIDA,1,88.0,9.77,9.93,0.0,9.85,APROBADO,41,
32458951,CIENCIA DE DATOS E INTELIGENCIA ARTIFICIAL,Periodo 2024 - 2S,SEGUNDO SEMESTRE,LEGALIZADA,PROBABILIDAD Y ESTADÍSTICA,1,93.0,9.61,8.87,0.0,9.24,APROBADO,41,
32458951,CIENCIA DE DATOS E INTELIGENCIA ARTIFICIAL,Periodo 2024 - 2S,SEGUNDO SEMESTRE,LEGALIZADA,PROGRAMACIÓN 2,1,100.0,9.69,9.5,0.0,9.59,APROBADO,41,
32458951,CIENCIA DE DATOS E INTELIGENCIA ARTIFICIAL,Periodo 2024 -1S,PRIMER SEMESTRE,LEGALIZADA,ÁLGEBRA LINEAL,1,100.0,7.87,9.64,0.0,8.75,APROBADO,41,
32458951,CIENCIA DE DATOS E INTELIGENCIA ARTIFICIAL,Periodo 2024 -1S,PRIMER SEMESTRE,LEGALIZADA,CÁLCULO EN UNA VARIABLE,1,98.0,8.57,9.59,0.0,9.08,APROBADO,41,1.0
32458951,CIENCIA DE DATOS E INTELIGENCIA ARTIFICIAL,Periodo 2024 -1S,PRIMER SEMESTRE,LEGALIZADA,COMUNICACIÓN EFECTIVA,1,98.0,9.42,9.18,0.0,9.3,APROBADO,41,
32458951,CIENCIA DE DATOS E INTELIGENCIA ARTIFICIAL,Periodo 2024 -1S,PRIMER SEMESTRE,LEGALIZADA,FUNDAMENTOS DE METODOLOGÍA DE LA INVESTIGACIÓN,1,91.0,9.03,9.65,0.0,9.34,APROBADO,41,8.0
32458951,CIENCIA DE DATOS E INTELIGENCIA ARTIFICIAL,Periodo 2024 -1S,PRIMER SEMESTRE,LEGALIZADA,PROGRAMACIÓN 1,1,93.0,8.78,9.48,0.0,9.13,APROBADO,41,
32458951,CIENCIA DE DATOS E INTELIGENCIA ARTIFICIAL,Periodo 2025 - 1S,TERCER SEMESTRE,LEGALIZADA,CÁLCULO EN VARIAS VARIABLES,1,100.0,9.44,9.86,0.0,9.65,APROBADO,41,
32458951,CIENCIA DE DATOS E INTELIGENCIA ARTIFICIAL,Periodo 2025 - 1S,TERCER SEMESTRE,LEGALIZADA,CULTURA DIGITAL Y SOCIEDAD,1,93.0,9.81,9.45,0.0,9.63,APROBADO,41,
32458951,CIENCIA DE DATOS E INTELIGENCIA ARTIFICIAL,Periodo 2025 - 1S,TERCER SEMESTRE,LEGALIZADA,DISEÑO EXPERIMENTAL,1,94.0,8.81,8.65,0.0,8.73,APROBADO,41,
32458951,CIENCIA DE DATOS E INTELIGENCIA ARTIFICIAL,Periodo 2025 - 1S,TERCER SEMESTRE,LEGALIZADA,FUNDAMENTOS DE BASE DE DATOS,1,94.0,9.13,8.21,0.0,8.67,APROBADO,41,
32458951,CIENCIA DE DATOS E INTELIGENCIA ARTIFICIAL,Periodo 2025 - 1S,TERCER SEMESTRE,LEGALIZADA,MODELAMIENTO,1,100.0,9.87,9.93,0.0,9.9,APROBADO,41,
32458951,CIENCIA DE DATOS E INTELIGENCIA ARTIFICIAL,Periodo 2025 - 2S,CUARTO SEMESTRE,LEGALIZADA,ADMINISTRACIÓN DE BASES DE DATOS,1,100.0,8.01,9.75,0.0,8.88,APROBADO,41,
32458951,CIENCIA DE DATOS E INTELIGENCIA ARTIFICIAL,Periodo 2025 - 2S,CUARTO SEMESTRE,LEGALIZADA,MACHINE LEARNING 1,1,100.0,9.32,9.83,0.0,9.57,APROBADO,41,
32458951,CIENCIA DE DATOS E INTELIGENCIA ARTIFICIAL,Periodo 2025 - 2S,CUARTO SEMESTRE,LEGALIZADA,METAHEURÍSTICAS,1,85.0,9.56,9.53,0.0,9.54,APROBADO,41,
32458951,CIENCIA DE DATOS E INTELIGENCIA ARTIFICIAL,Periodo 2025 - 2S,CUARTO SEMESTRE,LEGALIZADA,METODOLOGÍAS DE ANALÍTICA DE DATOS,1,93.0,9.65,9.28,0.0,9.46,APROBADO,41,
32458951,CIENCIA DE DATOS E INTELIGENCIA ARTIFICIAL,Periodo 2025 - 2S,CUARTO SEMESTRE,LEGALIZADA,MÉTODOS NUMÉRICOS Y PROBLEMAS COMPLEJOS,1,100.0,10.0,9.93,0.0,9.96,APROBADO,41,
32458951,CIENCIA DE DATOS E INTELIGENCIA ARTIFICIAL,Periodo 2026 - 1S,QUINTO SEMESTRE,LEGALIZADA,ALMACÉN DE DATOS,1,0.0,0.0,0.0,0.0,0.0,,41,
32458951,CIENCIA DE DATOS E INTELIGENCIA ARTIFICIAL,Periodo 2026 - 1S,QUINTO SEMESTRE,LEGALIZADA,COMPUTACIÓN EN LA NUBE,1,0.0,9.93,0.0,0.0,0.0,,41,
32458951,CIENCIA DE DATOS E INTELIGENCIA ARTIFICIAL,Periodo 2026 - 1S,QUINTO SEMESTRE,LEGALIZADA,INGENIERÍA DE SOFTWARE,1,0.0,9.26,0.0,0.0,0.0,,41,
32458951,CIENCIA DE DATOS E INTELIGENCIA ARTIFICIAL,Periodo 2026 - 1S,QUINTO SEMESTRE,LEGALIZADA,MACHINE LEARNING 2,1,0.0,0.0,0.0,0.0,0.0,,41,
32458951,CIENCIA DE DATOS E INTELIGENCIA ARTIFICIAL,Periodo 2026 - 1S,QUINTO SEMESTRE,LEGALIZADA,REDACCIÓN CIENTÍFICA,1,0.0,0.0,0.0,0.0,0.0,,41,
22223828,CIENCIA DE DATOS E INTELIGENCIA ARTIFICIAL,Periodo 2024 - 2S,SEGUNDO SEMESTRE,LEGALIZADA,ESTRUCTURA DE DATOS,1,93.0,8.99,9.7,0.0,9.34,APROBADO,41,
22223828,CIENCIA DE DATOS E INTELIGENCIA ARTIFICIAL,Periodo 2024 - 2S,SEGUNDO SEMESTRE,LEGALIZADA,FUNDAMENTOS DE CIENCIA DE DATOS E INTELIGENCIA ARTIFICIAL,1,100.0,8.81,9.67,0.0,9.24,APROBADO,41,
22223828,CIENCIA DE DATOS E INTELIGENCIA ARTIFICIAL,Periodo 2024 - 2S,SEGUNDO SEMESTRE,LEGALIZADA,HABILIDADES PARA LA VIDA,1,100.0,8.35,9.85,0.0,9.1,APROBADO,41,
22223828,CIENCIA DE DATOS E INTELIGENCIA ARTIFICIAL,Periodo 2024 - 2S,SEGUNDO SEMESTRE,LEGALIZADA,PROBABILIDAD Y ESTADÍSTICA,1,100.0,8.05,8.66,0.0,8.35,APROBADO,41,
22223828,CIENCIA DE DATOS E INTELIGENCIA ARTIFICIAL,Periodo 2024 - 2S,SEGUNDO SEMESTRE,LEGALIZADA,PROGRAMACIÓN 2,1,100.0,7.91,9.85,0.0,8.88,APROBADO,41,
22223828,CIENCIA DE DATOS E INTELIGENCIA ARTIFICIAL,Periodo 2024 -1S,PRIMER SEMESTRE,LEGALIZADA,ÁLGEBRA LINEAL,1,100.0,8.4,10.0,0.0,9.2,APROBADO,41,3.0
22223828,CIENCIA DE DATOS E INTELIGENCIA ARTIFICIAL,Periodo 2024 -1S,PRIMER SEMESTRE,LEGALIZADA,CÁLCULO EN UNA VARIABLE,1,93.0,7.28,9.65,0.0,8.46,APROBADO,41,1.0
22223828,CIENCIA DE DATOS E INTELIGENCIA ARTIFICIAL,Periodo 2024 -1S,PRIMER SEMESTRE,LEGALIZADA,COMUNICACIÓN EFECTIVA,1,89.0,8.95,9.05,0.0,9.0,APROBADO,41,1.0
22223828,CIENCIA DE DATOS E INTELIGENCIA ARTIFICIAL,Periodo 2024 -1S,PRIMER SEMESTRE,LEGALIZADA,FUNDAMENTOS DE METODOLOGÍA DE LA INVESTIGACIÓN,1,86.0,9.28,9.14,0.0,9.21,APROBADO,41,16.0
22223828,CIENCIA DE DATOS E INTELIGENCIA ARTIFICIAL,Periodo 2024 -1S,PRIMER SEMESTRE,LEGALIZADA,PROGRAMACIÓN 1,1,88.0,8.19,7.05,0.0,7.62,APROBADO,41,
22223828,CIENCIA DE DATOS E INTELIGENCIA ARTIFICIAL,Periodo 2025 - 1S,TERCER SEMESTRE,LEGALIZADA,CÁLCULO EN VARIAS VARIABLES,1,88.0,8.56,9.83,0.0,9.19,APROBADO,41,
22223828,CIENCIA DE DATOS E INTELIGENCIA ARTIFICIAL,Periodo 2025 - 1S,TERCER SEMESTRE,LEGALIZADA,CULTURA DIGITAL Y SOCIEDAD,1,100.0,9.65,10.0,0.0,9.82,APROBADO,41,
22223828,CIENCIA DE DATOS E INTELIGENCIA ARTIFICIAL,Periodo 2025 - 1S,TERCER SEMESTRE,LEGALIZADA,DISEÑO EXPERIMENTAL,1,94.0,8.73,8.01,0.0,8.37,APROBADO,41,
22223828,CIENCIA DE DATOS E INTELIGENCIA ARTIFICIAL,Periodo 2025 - 1S,TERCER SEMESTRE,LEGALIZADA,FUNDAMENTOS DE BASE DE DATOS,1,94.0,9.86,9.1,0.0,9.48,APROBADO,41,
22223828,CIENCIA DE DATOS E INTELIGENCIA ARTIFICIAL,Periodo 2025 - 1S,TERCER SEMESTRE,LEGALIZADA,MODELAMIENTO,1,100.0,9.72,8.23,0.0,8.97,APROBADO,41,
22223828,CIENCIA DE DATOS E INTELIGENCIA ARTIFICIAL,Periodo 2025 - 2S,CUARTO SEMESTRE,LEGALIZADA,ADMINISTRACIÓN DE BASES DE DATOS,1,100.0,8.0,9.74,0.0,8.87,APROBADO,41,
22223828,CIENCIA DE DATOS E INTELIGENCIA ARTIFICIAL,Periodo 2025 - 2S,CUARTO SEMESTRE,LEGALIZADA,MACHINE LEARNING 1,1,100.0,10.0,9.93,0.0,9.96,APROBADO,41,
22223828,CIENCIA DE DATOS E INTELIGENCIA ARTIFICIAL,Periodo 2025 - 2S,CUARTO SEMESTRE,LEGALIZADA,METAHEURÍSTICAS,1,100.0,9.48,9.38,0.0,9.43,APROBADO,41,
22223828,CIENCIA DE DATOS E INTELIGENCIA ARTIFICIAL,Periodo 2025 - 2S,CUARTO SEMESTRE,LEGALIZADA,METODOLOGÍAS DE ANALÍTICA DE DATOS,1,100.0,9.59,9.27,0.0,9.43,APROBADO,41,
22223828,CIENCIA DE DATOS E INTELIGENCIA ARTIFICIAL,Periodo 2025 - 2S,CUARTO SEMESTRE,LEGALIZADA,MÉTODOS NUMÉRICOS Y PROBLEMAS COMPLEJOS,1,93.0,9.98,9.89,0.0,9.93,APROBADO,41,
22223828,CIENCIA DE DATOS E INTELIGENCIA ARTIFICIAL,Periodo 2026 - 1S,QUINTO SEMESTRE,LEGALIZADA,ALMACÉN DE DATOS,1,0.0,0.0,0.0,0.0,0.0,,41,
22223828,CIENCIA DE DATOS E INTELIGENCIA ARTIFICIAL,Periodo 2026 - 1S,QUINTO SEMESTRE,LEGALIZADA,COMPUTACIÓN EN LA NUBE,1,0.0,9.86,0.0,0.0,0.0,,41,
22223828,CIENCIA DE DATOS E INTELIGENCIA ARTIFICIAL,Periodo 2026 - 1S,QUINTO SEMESTRE,LEGALIZADA,INGENIERÍA DE SOFTWARE,1,0.0,9.12,0.0,0.0,0.0,,41,
22223828,CIENCIA DE DATOS E INTELIGENCIA ARTIFICIAL,Periodo 2026 - 1S,QUINTO SEMESTRE,LEGALIZADA,MACHINE LEARNING 2,1,0.0,0.0,0.0,0.0,0.0,,41,
22223828,CIENCIA DE DATOS E INTELIGENCIA ARTIFICIAL,Periodo 2026 - 1S,QUINTO SEMESTRE,LEGALIZADA,REDACCIÓN CIENTÍFICA,1,0.0,0.0,0.0,0.0,0.0,,41,
90097133,CIENCIA DE DATOS E INTELIGENCIA ARTIFICIAL,Periodo 2024 - 2S,SEGUNDO SEMESTRE,LEGALIZADA,ESTRUCTURA DE DATOS,1,93.0,9.53,9.7,0.0,9.61,APROBADO,41,
90097133,CIENCIA DE DATOS E INTELIGENCIA ARTIFICIAL,Periodo 2024 - 2S,SEGUNDO SEMESTRE,LEGALIZADA,FUNDAMENTOS DE CIENCIA DE DATOS E INTELIGENCIA ARTIFICIAL,1,100.0,9.44,8.85,0.0,9.14,APROBADO,41,
90097133,CIENCIA DE DATOS E INTELIGENCIA ARTIFICIAL,Periodo 2024 - 2S,SEGUNDO SEMESTRE,LEGALIZADA,HABILIDADES PARA LA VIDA,1,100.0,9.88,9.76,0.0,9.82,APROBADO,41,
90097133,CIENCIA DE DATOS E INTELIGENCIA ARTIFICIAL,Periodo 2024 - 2S,SEGUNDO SEMESTRE,LEGALIZADA,PROBABILIDAD Y ESTADÍSTICA,1,94.0,8.98,9.13,0.0,9.05,APROBADO,41,
90097133,CIENCIA DE DATOS E INTELIGENCIA ARTIFICIAL,Periodo 2024 - 2S,SEGUNDO SEMESTRE,LEGALIZADA,PROGRAMACIÓN 2,1,100.0,9.1,9.93,0.0,9.51,APROBADO,41,
90097133,CIENCIA DE DATOS E INTELIGENCIA ARTIFICIAL,Periodo 2024 -1S,PRIMER SEMESTRE,LEGALIZADA,ÁLGEBRA LINEAL,1,94.0,9.56,9.32,0.0,9.44,APROBADO,41,
90097133,CIENCIA DE DATOS E INTELIGENCIA ARTIFICIAL,Periodo 2024 -1S,PRIMER SEMESTRE,LEGALIZADA,CÁLCULO EN UNA VARIABLE,1,93.0,7.99,8.67,0.0,8.33,APROBADO,41,3.0
90097133,CIENCIA DE DATOS E INTELIGENCIA ARTIFICIAL,Periodo 2024 -1S,PRIMER SEMESTRE,LEGALIZADA,COMUNICACIÓN EFECTIVA,1,100.0,9.67,9.13,0.0,9.4,APROBADO,41,
90097133,CIENCIA DE DATOS E INTELIGENCIA ARTIFICIAL,Periodo 2024 -1S,PRIMER SEMESTRE,LEGALIZADA,FUNDAMENTOS DE METODOLOGÍA DE LA INVESTIGACIÓN,1,100.0,9.84,9.54,0.0,9.69,APROBADO,41,
90097133,CIENCIA DE DATOS E INTELIGENCIA ARTIFICIAL,Periodo 2024 -1S,PRIMER SEMESTRE,LEGALIZADA,PROGRAMACIÓN 1,1,100.0,8.54,9.1,0.0,8.82,APROBADO,41,
90097133,CIENCIA DE DATOS E INTELIGENCIA ARTIFICIAL,Periodo 2025 - 1S,TERCER SEMESTRE,LEGALIZADA,CÁLCULO EN VARIAS VARIABLES,1,100.0,8.06,8.37,0.0,8.21,APROBADO,41,
90097133,CIENCIA DE DATOS E INTELIGENCIA ARTIFICIAL,Periodo 2025 - 1S,TERCER SEMESTRE,LEGALIZADA,CULTURA DIGITAL Y SOCIEDAD,1,100.0,9.89,10.0,0.0,9.94,APROBADO,41,
90097133,CIENCIA DE DATOS E INTELIGENCIA ARTIFICIAL,Periodo 2025 - 1S,TERCER SEMESTRE,LEGALIZADA,DISEÑO EXPERIMENTAL,1,100.0,8.07,8.55,0.0,8.31,APROBADO,41,
90097133,CIENCIA DE DATOS E INTELIGENCIA ARTIFICIAL,Periodo 2025 - 1S,TERCER SEMESTRE,LEGALIZADA,FUNDAMENTOS DE BASE DE DATOS,1,100.0,9.1,7.16,0.0,8.13,APROBADO,41,
90097133,CIENCIA DE DATOS E INTELIGENCIA ARTIFICIAL,Periodo 2025 - 1S,TERCER SEMESTRE,LEGALIZADA,MODELAMIENTO,1,100.0,9.28,7.31,0.0,8.29,APROBADO,41,
90097133,CIENCIA DE DATOS E INTELIGENCIA ARTIFICIAL,Periodo 2025 - 2S,CUARTO SEMESTRE,LEGALIZADA,ADMINISTRACIÓN DE BASES DE DATOS,1,100.0,7.7,7.0,0.0,7.35,APROBADO,41,
90097133,CIENCIA DE DATOS E INTELIGENCIA ARTIFICIAL,Periodo 2025 - 2S,CUARTO SEMESTRE,LEGALIZADA,MACHINE LEARNING 1,1,100.0,9.72,9.71,0.0,9.71,APROBADO,41,
90097133,CIENCIA DE DATOS E INTELIGENCIA ARTIFICIAL,Periodo 2025 - 2S,CUARTO SEMESTRE,LEGALIZADA,METAHEURÍSTICAS,1,100.0,9.5,9.44,0.0,9.47,APROBADO,41,
90097133,CIENCIA DE DATOS E INTELIGENCIA ARTIFICIAL,Periodo 2025 - 2S,CUARTO SEMESTRE,LEGALIZADA,METODOLOGÍAS DE ANALÍTICA DE DATOS,1,93.0,9.58,9.26,0.0,9.42,APROBADO,41,
90097133,CIENCIA DE DATOS E INTELIGENCIA ARTIFICIAL,Periodo 2025 - 2S,CUARTO SEMESTRE,LEGALIZADA,MÉTODOS NUMÉRICOS Y PROBLEMAS COMPLEJOS,1,100.0,9.88,9.43,0.0,9.65,APROBADO,41,
90097133,CIENCIA DE DATOS E INTELIGENCIA ARTIFICIAL,Periodo 2026 - 1S,QUINTO SEMESTRE,LEGALIZADA,ALMACÉN DE DATOS,1,0.0,0.0,0.0,0.0,0.0,,41,
90097133,CIENCIA DE DATOS E INTELIGENCIA ARTIFICIAL,Periodo 2026 - 1S,QUINTO SEMESTRE,LEGALIZADA,COMPUTACIÓN EN LA NUBE,1,0.0,9.87,0.0,0.0,0.0,,41,
90097133,CIENCIA DE DATOS E INTELIGENCIA ARTIFICIAL,Periodo 2026 - 1S,QUINTO SEMESTRE,LEGALIZADA,INGENIERÍA DE SOFTWARE,1,0.0,8.08,0.0,0.0,0.0,,41,
90097133,CIENCIA DE DATOS E INTELIGENCIA ARTIFICIAL,Periodo 2026 - 1S,QUINTO SEMESTRE,LEGALIZADA,MACHINE LEARNING 2,1,0.0,0.0,0.0,0.0,0.0,,41,
90097133,CIENCIA DE DATOS E INTELIGENCIA ARTIFICIAL,Periodo 2026 - 1S,QUINTO SEMESTRE,LEGALIZADA,REDACCIÓN CIENTÍFICA,1,0.0,0.0,0.0,0.0,0.0,,41,
22548932,CIENCIA DE DATOS E INTELIGENCIA ARTIFICIAL,Periodo 2024 - 2S,SEGUNDO SEMESTRE,LEGALIZADA,ESTRUCTURA DE DATOS,1,100.0,9.23,10.0,0.0,9.61,APROBADO,41,
22548932,CIENCIA DE DATOS E INTELIGENCIA ARTIFICIAL,Periodo 2024 - 2S,SEGUNDO SEMESTRE,LEGALIZADA,FUNDAMENTOS DE CIENCIA DE DATOS E INTELIGENCIA ARTIFICIAL,1,100.0,9.95,8.98,0.0,9.46,APROBADO,41,
22548932,CIENCIA DE DATOS E INTELIGENCIA ARTIFICIAL,Periodo 2024 - 2S,SEGUNDO SEMESTRE,LEGALIZADA,HABILIDADES PARA LA VIDA,1,100.0,9.69,9.59,0.0,9.64,APROBADO,41,
22548932,CIENCIA DE DATOS E INTELIGENCIA ARTIFICIAL,Periodo 2024 - 2S,SEGUNDO SEMESTRE,LEGALIZADA,PROBABILIDAD Y ESTADÍSTICA,1,100.0,8.57,9.33,0.0,8.95,APROBADO,41,
22548932,CIENCIA DE DATOS E INTELIGENCIA ARTIFICIAL,Periodo 2024 - 2S,SEGUNDO SEMESTRE,LEGALIZADA,PROGRAMACIÓN 2,1,100.0,9.36,9.83,0.0,9.59,APROBADO,41,
22548932,CIENCIA DE DATOS E INTELIGENCIA ARTIFICIAL,Periodo 2024 -1S,PRIMER SEMESTRE,LEGALIZADA,ÁLGEBRA LINEAL,1,100.0,9.59,9.97,0.0,9.78,APROBADO,41,
22548932,CIENCIA DE DATOS E INTELIGENCIA ARTIFICIAL,Periodo 2024 -1S,PRIMER SEMESTRE,LEGALIZADA,CÁLCULO EN UNA VARIABLE,1,97.0,9.3,9.07,0.0,9.18,APROBADO,41,
22548932,CIENCIA DE DATOS E INTELIGENCIA ARTIFICIAL,Periodo 2024 -1S,PRIMER SEMESTRE,LEGALIZADA,COMUNICACIÓN EFECTIVA,1,98.0,9.85,9.93,0.0,9.89,APROBADO,41,
22548932,CIENCIA DE DATOS E INTELIGENCIA ARTIFICIAL,Periodo 2024 -1S,PRIMER SEMESTRE,LEGALIZADA,FUNDAMENTOS DE METODOLOGÍA DE LA INVESTIGACIÓN,1,100.0,9.87,9.36,0.0,9.61,APROBADO,41,
22548932,CIENCIA DE DATOS E INTELIGENCIA ARTIFICIAL,Periodo 2024 -1S,PRIMER SEMESTRE,LEGALIZADA,PROGRAMACIÓN 1,1,100.0,9.22,9.84,0.0,9.53,APROBADO,41,
22548932,CIENCIA DE DATOS E INTELIGENCIA ARTIFICIAL,Periodo 2025 - 1S,TERCER SEMESTRE,LEGALIZADA,CÁLCULO EN VARIAS VARIABLES,1,100.0,9.13,8.33,0.0,8.73,APROBADO,41,
22548932,CIENCIA DE DATOS E INTELIGENCIA ARTIFICIAL,Periodo 2025 - 1S,TERCER SEMESTRE,LEGALIZADA,CULTURA DIGITAL Y SOCIEDAD,1,100.0,9.59,9.94,0.0,9.76,APROBADO,41,
22548932,CIENCIA DE DATOS E INTELIGENCIA ARTIFICIAL,Periodo 2025 - 1S,TERCER SEMESTRE,LEGALIZADA,DISEÑO EXPERIMENTAL,1,100.0,8.69,8.85,0.0,8.77,APROBADO,41,
22548932,CIENCIA DE DATOS E INTELIGENCIA ARTIFICIAL,Periodo 2025 - 1S,TERCER SEMESTRE,LEGALIZADA,FUNDAMENTOS DE BASE DE DATOS,1,100.0,9.58,9.3,0.0,9.44,APROBADO,41,
22548932,CIENCIA DE DATOS E INTELIGENCIA ARTIFICIAL,Periodo 2025 - 1S,TERCER SEMESTRE,LEGALIZADA,MODELAMIENTO,1,100.0,9.37,8.97,0.0,9.17,APROBADO,41,
22548932,CIENCIA DE DATOS E INTELIGENCIA ARTIFICIAL,Periodo 2025 - 2S,CUARTO SEMESTRE,LEGALIZADA,ADMINISTRACIÓN DE BASES DE DATOS,1,100.0,9.28,9.59,0.0,9.43,APROBADO,41,
22548932,CIENCIA DE DATOS E INTELIGENCIA ARTIFICIAL,Periodo 2025 - 2S,CUARTO SEMESTRE,LEGALIZADA,MACHINE LEARNING 1,1,100.0,9.15,7.96,0.0,8.55,APROBADO,41,
22548932,CIENCIA DE DATOS E INTELIGENCIA ARTIFICIAL,Periodo 2025 - 2S,CUARTO SEMESTRE,LEGALIZADA,METAHEURÍSTICAS,1,100.0,9.33,9.14,0.0,9.23,APROBADO,41,
22548932,CIENCIA DE DATOS E INTELIGENCIA ARTIFICIAL,Periodo 2025 - 2S,CUARTO SEMESTRE,LEGALIZADA,METODOLOGÍAS DE ANALÍTICA DE DATOS,1,93.0,9.53,8.76,0.0,9.14,APROBADO,41,
22548932,CIENCIA DE DATOS E INTELIGENCIA ARTIFICIAL,Periodo 2025 - 2S,CUARTO SEMESTRE,LEGALIZADA,MÉTODOS NUMÉRICOS Y PROBLEMAS COMPLEJOS,1,100.0,9.56,9.74,0.0,9.65,APROBADO,41,
22548932,CIENCIA DE DATOS E INTELIGENCIA ARTIFICIAL,Periodo 2026 - 1S,QUINTO SEMESTRE,LEGALIZADA,ALMACÉN DE DATOS,1,0.0,0.0,0.0,0.0,0.0,,41,
22548932,CIENCIA DE DATOS E INTELIGENCIA ARTIFICIAL,Periodo 2026 - 1S,QUINTO SEMESTRE,LEGALIZADA,COMPUTACIÓN EN LA NUBE,1,0.0,9.41,0.0,0.0,0.0,,41,
22548932,CIENCIA DE DATOS E INTELIGENCIA ARTIFICIAL,Periodo 2026 - 1S,QUINTO SEMESTRE,LEGALIZADA,INGENIERÍA DE SOFTWARE,1,0.0,8.18,0.0,0.0,0.0,,41,
22548932,CIENCIA DE DATOS E INTELIGENCIA ARTIFICIAL,Periodo 2026 - 1S,QUINTO SEMESTRE,LEGALIZADA,MACHINE LEARNING 2,1,0.0,0.0,0.0,0.0,0.0,,41,
22548932,CIENCIA DE DATOS E INTELIGENCIA ARTIFICIAL,Periodo 2026 - 1S,QUINTO SEMESTRE,LEGALIZADA,REDACCIÓN CIENTÍFICA,1,0.0,0.0,0.0,0.0,0.0,,41,
18251484,CIENCIA DE DATOS E INTELIGENCIA ARTIFICIAL,Periodo 2024 - 2S,SEGUNDO SEMESTRE,LEGALIZADA,ESTRUCTURA DE DATOS,1,93.0,9.85,9.56,0.0,9.7,APROBADO,41,
18251484,CIENCIA DE DATOS E INTELIGENCIA ARTIFICIAL,Periodo 2024 - 2S,SEGUNDO SEMESTRE,LEGALIZADA,FUNDAMENTOS DE CIENCIA DE DATOS E INTELIGENCIA ARTIFICIAL,1,93.0,9.25,9.2,0.0,9.22,APROBADO,41,
18251484,CIENCIA DE DATOS E INTELIGENCIA ARTIFICIAL,Periodo 2024 - 2S,SEGUNDO SEMESTRE,LEGALIZADA,HABILIDADES PARA LA VIDA,1,86.0,9.76,9.81,0.0,9.78,APROBADO,41,
18251484,CIENCIA DE DATOS E INTELIGENCIA ARTIFICIAL,Periodo 2024 - 2S,SEGUNDO SEMESTRE,LEGALIZADA,PROBABILIDAD Y ESTADÍSTICA,1,100.0,9.12,8.94,0.0,9.03,APROBADO,41,
18251484,CIENCIA DE DATOS E INTELIGENCIA ARTIFICIAL,Periodo 2024 - 2S,SEGUNDO SEMESTRE,LEGALIZADA,PROGRAMACIÓN 2,1,100.0,9.71,9.74,0.0,9.72,APROBADO,41,
18251484,CIENCIA DE DATOS E INTELIGENCIA ARTIFICIAL,Periodo 2024 -1S,PRIMER SEMESTRE,LEGALIZADA,ÁLGEBRA LINEAL,1,100.0,9.54,10.0,0.0,9.77,APROBADO,41,
18251484,CIENCIA DE DATOS E INTELIGENCIA ARTIFICIAL,Periodo 2024 -1S,PRIMER SEMESTRE,LEGALIZADA,CÁLCULO EN UNA VARIABLE,1,93.0,8.28,9.25,0.0,8.76,APROBADO,41,2.0
18251484,CIENCIA DE DATOS E INTELIGENCIA ARTIFICIAL,Periodo 2024 -1S,PRIMER SEMESTRE,LEGALIZADA,COMUNICACIÓN EFECTIVA,1,96.0,9.74,10.0,0.0,9.87,APROBADO,41,
18251484,CIENCIA DE DATOS E INTELIGENCIA ARTIFICIAL,Periodo 2024 -1S,PRIMER SEMESTRE,LEGALIZADA,FUNDAMENTOS DE METODOLOGÍA DE LA INVESTIGACIÓN,1,100.0,9.67,9.49,0.0,9.58,APROBADO,41,
18251484,CIENCIA DE DATOS E INTELIGENCIA ARTIFICIAL,Periodo 2024 -1S,PRIMER SEMESTRE,LEGALIZADA,PROGRAMACIÓN 1,1,96.0,8.61,9.97,0.0,9.29,APROBADO,41,1.0
18251484,CIENCIA DE DATOS E INTELIGENCIA ARTIFICIAL,Periodo 2025 - 1S,TERCER SEMESTRE,LEGALIZADA,CÁLCULO EN VARIAS VARIABLES,1,100.0,8.63,8.38,0.0,8.5,APROBADO,41,
18251484,CIENCIA DE DATOS E INTELIGENCIA ARTIFICIAL,Periodo 2025 - 1S,TERCER SEMESTRE,LEGALIZADA,CULTURA DIGITAL Y SOCIEDAD,1,100.0,9.86,10.0,0.0,9.93,APROBADO,41,
18251484,CIENCIA DE DATOS E INTELIGENCIA ARTIFICIAL,Periodo 2025 - 1S,TERCER SEMESTRE,LEGALIZADA,DISEÑO EXPERIMENTAL,1,100.0,9.34,9.16,0.0,9.25,APROBADO,41,
18251484,CIENCIA DE DATOS E INTELIGENCIA ARTIFICIAL,Periodo 2025 - 1S,TERCER SEMESTRE,LEGALIZADA,FUNDAMENTOS DE BASE DE DATOS,1,94.0,9.71,9.48,0.0,9.59,APROBADO,41,
18251484,CIENCIA DE DATOS E INTELIGENCIA ARTIFICIAL,Periodo 2025 - 1S,TERCER SEMESTRE,LEGALIZADA,MODELAMIENTO,1,100.0,9.41,8.91,0.0,9.16,APROBADO,41,
18251484,CIENCIA DE DATOS E INTELIGENCIA ARTIFICIAL,Periodo 2025 - 2S,CUARTO SEMESTRE,LEGALIZADA,ADMINISTRACIÓN DE BASES DE DATOS,1,100.0,9.0,9.38,0.0,9.19,APROBADO,41,
18251484,CIENCIA DE DATOS E INTELIGENCIA ARTIFICIAL,Periodo 2025 - 2S,CUARTO SEMESTRE,LEGALIZADA,MACHINE LEARNING 1,1,100.0,9.62,9.87,0.0,9.74,APROBADO,41,
18251484,CIENCIA DE DATOS E INTELIGENCIA ARTIFICIAL,Periodo 2025 - 2S,CUARTO SEMESTRE,LEGALIZADA,METAHEURÍSTICAS,1,85.0,9.46,9.5,0.0,9.48,APROBADO,41,
18251484,CIENCIA DE DATOS E INTELIGENCIA ARTIFICIAL,Periodo 2025 - 2S,CUARTO SEMESTRE,LEGALIZADA,METODOLOGÍAS DE ANALÍTICA DE DATOS,1,93.0,9.58,9.3,0.0,9.44,APROBADO,41,
18251484,CIENCIA DE DATOS E INTELIGENCIA ARTIFICIAL,Periodo 2025 - 2S,CUARTO SEMESTRE,LEGALIZADA,MÉTODOS NUMÉRICOS Y PROBLEMAS COMPLEJOS,1,93.0,9.9,9.81,0.0,9.85,APROBADO,41,
18251484,CIENCIA DE DATOS E INTELIGENCIA ARTIFICIAL,Periodo 2026 - 1S,QUINTO SEMESTRE,LEGALIZADA,ALMACÉN DE DATOS,1,0.0,0.0,0.0,0.0,0.0,,41,
18251484,CIENCIA DE DATOS E INTELIGENCIA ARTIFICIAL,Periodo 2026 - 1S,QUINTO SEMESTRE,LEGALIZADA,COMPUTACIÓN EN LA NUBE,1,0.0,9.9,0.0,0.0,0.0,,41,
18251484,CIENCIA DE DATOS E INTELIGENCIA ARTIFICIAL,Periodo 2026 - 1S,QUINTO SEMESTRE,LEGALIZADA,INGENIERÍA DE SOFTWARE,1,0.0,9.24,0.0,0.0,0.0,,41,
18251484,CIENCIA DE DATOS E INTELIGENCIA ARTIFICIAL,Periodo 2026 - 1S,QUINTO SEMESTRE,LEGALIZADA,MACHINE LEARNING 2,1,0.0,0.0,0.0,0.0,0.0,,41,
18251484,CIENCIA DE DATOS E INTELIGENCIA ARTIFICIAL,Periodo 2026 - 1S,QUINTO SEMESTRE,LEGALIZADA,REDACCIÓN CIENTÍFICA,1,0.0,0.0,0.0,0.0,0.0,,41,
35736822,CIENCIA DE DATOS E INTELIGENCIA ARTIFICIAL,Periodo 2024 - 2S,PRIMER SEMESTRE,LEGALIZADA,PROGRAMACIÓN 1,2,57.0,8.01,5.96,7.05,7.01,APROBADO,41,
35736822,CIENCIA DE DATOS E INTELIGENCIA ARTIFICIAL,Periodo 2024 -1S,PRIMER SEMESTRE,LEGALIZADA,ÁLGEBRA LINEAL,1,88.0,6.65,9.71,0.0,8.18,APROBADO,41,
35736822,CIENCIA DE DATOS E INTELIGENCIA ARTIFICIAL,Periodo 2024 -1S,PRIMER SEMESTRE,LEGALIZADA,CÁLCULO EN UNA VARIABLE,1,79.0,8.02,6.34,0.0,7.18,APROBADO,41,
35736822,CIENCIA DE DATOS E INTELIGENCIA ARTIFICIAL,Periodo 2024 -1S,PRIMER SEMESTRE,LEGALIZADA,COMUNICACIÓN EFECTIVA,1,71.0,8.17,8.85,0.0,8.51,APROBADO,41,
35736822,CIENCIA DE DATOS E INTELIGENCIA ARTIFICIAL,Periodo 2024 -1S,PRIMER SEMESTRE,LEGALIZADA,FUNDAMENTOS DE METODOLOGÍA DE LA INVESTIGACIÓN,1,100.0,9.01,9.18,0.0,9.09,APROBADO,41,
35736822,CIENCIA DE DATOS E INTELIGENCIA ARTIFICIAL,Periodo 2024 -1S,PRIMER SEMESTRE,LEGALIZADA,PROGRAMACIÓN 1,1,81.0,7.67,5.84,4.0,5.37,REPROBADO,41,
35736822,CIENCIA DE DATOS E INTELIGENCIA ARTIFICIAL,Periodo 2025 - 1S,SEGUNDO SEMESTRE,LEGALIZADA,ESTRUCTURA DE DATOS,1,86.0,9.0,8.76,0.0,8.88,APROBADO,41,
35736822,CIENCIA DE DATOS E INTELIGENCIA ARTIFICIAL,Periodo 2025 - 1S,SEGUNDO SEMESTRE,LEGALIZADA,FUNDAMENTOS DE CIENCIA DE DATOS E INTELIGENCIA ARTIFICIAL,1,63.0,6.96,7.13,0.0,7.04,APROBADO,41,
35736822,CIENCIA DE DATOS E INTELIGENCIA ARTIFICIAL,Periodo 2025 - 1S,SEGUNDO SEMESTRE,LEGALIZADA,HABILIDADES PARA LA VIDA,1,50.0,9.56,8.74,0.0,9.15,APROBADO,41,
35736822,CIENCIA DE DATOS E INTELIGENCIA ARTIFICIAL,Periodo 2025 - 1S,SEGUNDO SEMESTRE,LEGALIZADA,PROBABILIDAD Y ESTADÍSTICA,1,56.0,8.11,8.5,0.0,8.3,APROBADO,41,
35736822,CIENCIA DE DATOS E INTELIGENCIA ARTIFICIAL,Periodo 2025 - 1S,SEGUNDO SEMESTRE,LEGALIZADA,PROGRAMACIÓN 2,1,90.0,6.81,8.28,0.0,7.54,APROBADO,41,
35736822,CIENCIA DE DATOS E INTELIGENCIA ARTIFICIAL,Periodo 2025 - 2S,TERCER SEMESTRE,LEGALIZADA,CÁLCULO EN VARIAS VARIABLES,1,93.0,7.57,7.99,0.0,7.78,APROBADO,41,
35736822,CIENCIA DE DATOS E INTELIGENCIA ARTIFICIAL,Periodo 2025 - 2S,TERCER SEMESTRE,LEGALIZADA,CULTURA DIGITAL Y SOCIEDAD,1,87.0,9.35,9.92,0.0,9.63,APROBADO,41,
35736822,CIENCIA DE DATOS E INTELIGENCIA ARTIFICIAL,Periodo 2025 - 2S,TERCER SEMESTRE,LEGALIZADA,DISEÑO EXPERIMENTAL,1,73.0,9.42,8.32,0.0,8.87,APROBADO,41,
35736822,CIENCIA DE DATOS E INTELIGENCIA ARTIFICIAL,Periodo 2025 - 2S,TERCER SEMESTRE,LEGALIZADA,FUNDAMENTOS DE BASE DE DATOS,1,88.0,8.31,8.99,0.0,8.65,APROBADO,41,
35736822,CIENCIA DE DATOS E INTELIGENCIA ARTIFICIAL,Periodo 2025 - 2S,TERCER SEMESTRE,LEGALIZADA,MODELAMIENTO,1,93.0,6.22,7.27,7.3,7.02,APROBADO,41,
35736822,CIENCIA DE DATOS E INTELIGENCIA ARTIFICIAL,Periodo 2026 - 1S,CUARTO SEMESTRE,LEGALIZADA,ADMINISTRACIÓN DE BASES DE DATOS,1,0.0,7.14,0.0,0.0,0.0,,41,
35736822,CIENCIA DE DATOS E INTELIGENCIA ARTIFICIAL,Periodo 2026 - 1S,CUARTO SEMESTRE,LEGALIZADA,MACHINE LEARNING 1,1,0.0,0.0,0.0,0.0,0.0,,41,
35736822,CIENCIA DE DATOS E INTELIGENCIA ARTIFICIAL,Periodo 2026 - 1S,CUARTO SEMESTRE,LEGALIZADA,METAHEURÍSTICAS,1,0.0,0.0,0.0,0.0,0.0,,41,
35736822,CIENCIA DE DATOS E INTELIGENCIA ARTIFICIAL,Periodo 2026 - 1S,CUARTO SEMESTRE,LEGALIZADA,METODOLOGÍAS DE ANALÍTICA DE DATOS,1,0.0,0.0,0.0,0.0,0.0,,41,
35736822,CIENCIA DE DATOS E INTELIGENCIA ARTIFICIAL,Periodo 2026 - 1S,CUARTO SEMESTRE,LEGALIZADA,MÉTODOS NUMÉRICOS Y PROBLEMAS COMPLEJOS,1,0.0,9.42,0.0,0.0,0.0,,41,
74723428,CIENCIA DE DATOS E INTELIGENCIA ARTIFICIAL,Periodo 2024 - 2S,SEGUNDO SEMESTRE,LEGALIZADA,ESTRUCTURA DE DATOS,1,100.0,10.0,10.0,0.0,10.0,APROBADO,41,
74723428,CIENCIA DE DATOS E INTELIGENCIA ARTIFICIAL,Periodo 2024 - 2S,SEGUNDO SEMESTRE,LEGALIZADA,FUNDAMENTOS DE CIENCIA DE DATOS E INTELIGENCIA ARTIFICIAL,1,100.0,10.0,9.75,0.0,9.87,APROBADO,41,
74723428,CIENCIA DE DATOS E INTELIGENCIA ARTIFICIAL,Periodo 2024 - 2S,SEGUNDO SEMESTRE,LEGALIZADA,HABILIDADES PARA LA VIDA,1,100.0,10.0,9.83,0.0,9.91,APROBADO,41,
74723428,CIENCIA DE DATOS E INTELIGENCIA ARTIFICIAL,Periodo 2024 - 2S,SEGUNDO SEMESTRE,LEGALIZADA,PROBABILIDAD Y ESTADÍSTICA,1,100.0,10.0,10.0,0.0,10.0,APROBADO,41,
74723428,CIENCIA DE DATOS E INTELIGENCIA ARTIFICIAL,Periodo 2024 - 2S,SEGUNDO SEMESTRE,LEGALIZADA,PROGRAMACIÓN 2,1,100.0,10.0,10.0,0.0,10.0,APROBADO,41,
74723428,CIENCIA DE DATOS E INTELIGENCIA ARTIFICIAL,Periodo 2024 -1S,PRIMER SEMESTRE,LEGALIZADA,ÁLGEBRA LINEAL,1,94.0,9.68,10.0,0.0,9.84,APROBADO,41,
74723428,CIENCIA DE DATOS E INTELIGENCIA ARTIFICIAL,Periodo 2024 -1S,PRIMER SEMESTRE,LEGALIZADA,CÁLCULO EN UNA VARIABLE,1,93.0,9.92,10.0,0.0,9.96,APROBADO,41,2.0
74723428,CIENCIA DE DATOS E INTELIGENCIA ARTIFICIAL,Periodo 2024 -1S,PRIMER SEMESTRE,LEGALIZADA,COMUNICACIÓN EFECTIVA,1,78.0,9.95,9.75,0.0,9.85,APROBADO,41,
74723428,CIENCIA DE DATOS E INTELIGENCIA ARTIFICIAL,Periodo 2024 -1S,PRIMER SEMESTRE,LEGALIZADA,FUNDAMENTOS DE METODOLOGÍA DE LA INVESTIGACIÓN,1,100.0,9.92,9.42,0.0,9.67,APROBADO,41,
74723428,CIENCIA DE DATOS E INTELIGENCIA ARTIFICIAL,Periodo 2024 -1S,PRIMER SEMESTRE,LEGALIZADA,PROGRAMACIÓN 1,1,99.0,9.92,10.0,0.0,9.96,APROBADO,41,4.0
74723428,CIENCIA DE DATOS E INTELIGENCIA ARTIFICIAL,Periodo 2025 - 1S,TERCER SEMESTRE,LEGALIZADA,CÁLCULO EN VARIAS VARIABLES,1,100.0,9.88,9.96,0.0,9.92,APROBADO,41,
74723428,CIENCIA DE DATOS E INTELIGENCIA ARTIFICIAL,Periodo 2025 - 1S,TERCER SEMESTRE,LEGALIZADA,CULTURA DIGITAL Y SOCIEDAD,1,86.0,9.96,10.0,0.0,9.98,APROBADO,41,
74723428,CIENCIA DE DATOS E INTELIGENCIA ARTIFICIAL,Periodo 2025 - 1S,TERCER SEMESTRE,LEGALIZADA,DISEÑO EXPERIMENTAL,1,100.0,9.98,8.83,0.0,9.4,APROBADO,41,
74723428,CIENCIA DE DATOS E INTELIGENCIA ARTIFICIAL,Periodo 2025 - 1S,TERCER SEMESTRE,LEGALIZADA,FUNDAMENTOS DE BASE DE DATOS,1,100.0,9.98,9.68,0.0,9.83,APROBADO,41,
74723428,CIENCIA DE DATOS E INTELIGENCIA ARTIFICIAL,Periodo 2025 - 1S,TERCER SEMESTRE,LEGALIZADA,MODELAMIENTO,1,100.0,9.7,9.93,0.0,9.81,APROBADO,41,
74723428,CIENCIA DE DATOS E INTELIGENCIA ARTIFICIAL,Periodo 2025 - 2S,CUARTO SEMESTRE,LEGALIZADA,ADMINISTRACIÓN DE BASES DE DATOS,1,100.0,9.95,10.0,0.0,9.97,APROBADO,41,
74723428,CIENCIA DE DATOS E INTELIGENCIA ARTIFICIAL,Periodo 2025 - 2S,CUARTO SEMESTRE,LEGALIZADA,MACHINE LEARNING 1,1,100.0,9.98,10.0,0.0,9.99,APROBADO,41,
74723428,CIENCIA DE DATOS E INTELIGENCIA ARTIFICIAL,Periodo 2025 - 2S,CUARTO SEMESTRE,LEGALIZADA,METAHEURÍSTICAS,1,100.0,9.61,9.75,0.0,9.68,APROBADO,41,
74723428,CIENCIA DE DATOS E INTELIGENCIA ARTIFICIAL,Periodo 2025 - 2S,CUARTO SEMESTRE,LEGALIZADA,METODOLOGÍAS DE ANALÍTICA DE DATOS,1,100.0,9.62,9.36,0.0,9.49,APROBADO,41,
74723428,CIENCIA DE DATOS E INTELIGENCIA ARTIFICIAL,Periodo 2025 - 2S,CUARTO SEMESTRE,LEGALIZADA,MÉTODOS NUMÉRICOS Y PROBLEMAS COMPLEJOS,1,80.0,9.9,9.98,0.0,9.94,APROBADO,41,
74723428,CIENCIA DE DATOS E INTELIGENCIA ARTIFICIAL,Periodo 2026 - 1S,QUINTO SEMESTRE,LEGALIZADA,ALMACÉN DE DATOS,1,0.0,0.0,0.0,0.0,0.0,,41,
74723428,CIENCIA DE DATOS E INTELIGENCIA ARTIFICIAL,Periodo 2026 - 1S,QUINTO SEMESTRE,LEGALIZADA,COMPUTACIÓN EN LA NUBE,1,0.0,9.99,0.0,0.0,0.0,,41,
74723428,CIENCIA DE DATOS E INTELIGENCIA ARTIFICIAL,Periodo 2026 - 1S,QUINTO SEMESTRE,LEGALIZADA,INGENIERÍA DE SOFTWARE,1,0.0,9.93,0.0,0.0,0.0,,41,
74723428,CIENCIA DE DATOS E INTELIGENCIA ARTIFICIAL,Periodo 2026 - 1S,QUINTO SEMESTRE,LEGALIZADA,MACHINE LEARNING 2,1,0.0,0.0,0.0,0.0,0.0,,41,
74723428,CIENCIA DE DATOS E INTELIGENCIA ARTIFICIAL,Periodo 2026 - 1S,QUINTO SEMESTRE,LEGALIZADA,REDACCIÓN CIENTÍFICA,1,0.0,0.0,0.0,0.0,0.0,,41,
53473752,CIENCIA DE DATOS E INTELIGENCIA ARTIFICIAL,Periodo 2024 - 2S,SEGUNDO SEMESTRE,LEGALIZADA,ESTRUCTURA DE DATOS,1,100.0,8.99,9.51,0.0,9.25,APROBADO,41,
53473752,CIENCIA DE DATOS E INTELIGENCIA ARTIFICIAL,Periodo 2024 - 2S,SEGUNDO SEMESTRE,LEGALIZADA,FUNDAMENTOS DE CIENCIA DE DATOS E INTELIGENCIA ARTIFICIAL,1,100.0,9.12,9.45,0.0,9.28,APROBADO,41,
53473752,CIENCIA DE DATOS E INTELIGENCIA ARTIFICIAL,Periodo 2024 - 2S,SEGUNDO SEMESTRE,LEGALIZADA,HABILIDADES PARA LA VIDA,1,100.0,9.41,9.93,0.0,9.67,APROBADO,41,
53473752,CIENCIA DE DATOS E INTELIGENCIA ARTIFICIAL,Periodo 2024 - 2S,SEGUNDO SEMESTRE,LEGALIZADA,PROBABILIDAD Y ESTADÍSTICA,1,100.0,8.41,8.73,0.0,8.57,APROBADO,41,
53473752,CIENCIA DE DATOS E INTELIGENCIA ARTIFICIAL,Periodo 2024 - 2S,SEGUNDO SEMESTRE,LEGALIZADA,PROGRAMACIÓN 2,1,100.0,9.17,9.9,0.0,9.53,APROBADO,41,
53473752,CIENCIA DE DATOS E INTELIGENCIA ARTIFICIAL,Periodo 2024 -1S,PRIMER SEMESTRE,LEGALIZADA,ÁLGEBRA LINEAL,1,100.0,8.86,9.95,0.0,9.4,APROBADO,41,
53473752,CIENCIA DE DATOS E INTELIGENCIA ARTIFICIAL,Periodo 2024 -1S,PRIMER SEMESTRE,LEGALIZADA,CÁLCULO EN UNA VARIABLE,1,98.0,8.62,8.41,0.0,8.51,APROBADO,41,3.0
53473752,CIENCIA DE DATOS E INTELIGENCIA ARTIFICIAL,Periodo 2024 -1S,PRIMER SEMESTRE,LEGALIZADA,COMUNICACIÓN EFECTIVA,1,98.0,9.32,8.75,0.0,9.03,APROBADO,41,3.0
53473752,CIENCIA DE DATOS E INTELIGENCIA ARTIFICIAL,Periodo 2024 -1S,PRIMER SEMESTRE,LEGALIZADA,FUNDAMENTOS DE METODOLOGÍA DE LA INVESTIGACIÓN,1,100.0,9.16,8.58,0.0,8.87,APROBADO,41,17.0
53473752,CIENCIA DE DATOS E INTELIGENCIA ARTIFICIAL,Periodo 2024 -1S,PRIMER SEMESTRE,LEGALIZADA,PROGRAMACIÓN 1,1,100.0,8.89,8.22,0.0,8.55,APROBADO,41,
53473752,CIENCIA DE DATOS E INTELIGENCIA ARTIFICIAL,Periodo 2025 - 1S,TERCER SEMESTRE,LEGALIZADA,CÁLCULO EN VARIAS VARIABLES,1,100.0,8.35,8.4,0.0,8.37,APROBADO,41,
53473752,CIENCIA DE DATOS E INTELIGENCIA ARTIFICIAL,Periodo 2025 - 1S,TERCER SEMESTRE,LEGALIZADA,CULTURA DIGITAL Y SOCIEDAD,1,100.0,9.62,7.45,0.0,8.53,APROBADO,41,
53473752,CIENCIA DE DATOS E INTELIGENCIA ARTIFICIAL,Periodo 2025 - 1S,TERCER SEMESTRE,LEGALIZADA,DISEÑO EXPERIMENTAL,1,100.0,9.12,8.74,0.0,8.93,APROBADO,41,
53473752,CIENCIA DE DATOS E INTELIGENCIA ARTIFICIAL,Periodo 2025 - 1S,TERCER SEMESTRE,LEGALIZADA,FUNDAMENTOS DE BASE DE DATOS,1,100.0,9.83,8.53,0.0,9.18,APROBADO,41,
53473752,CIENCIA DE DATOS E INTELIGENCIA ARTIFICIAL,Periodo 2025 - 1S,TERCER SEMESTRE,LEGALIZADA,MODELAMIENTO,1,100.0,8.93,7.98,0.0,8.45,APROBADO,41,
53473752,CIENCIA DE DATOS E INTELIGENCIA ARTIFICIAL,Periodo 2025 - 2S,CUARTO SEMESTRE,LEGALIZADA,ADMINISTRACIÓN DE BASES DE DATOS,1,100.0,7.69,7.84,0.0,7.76,APROBADO,41,
53473752,CIENCIA DE DATOS E INTELIGENCIA ARTIFICIAL,Periodo 2025 - 2S,CUARTO SEMESTRE,LEGALIZADA,MACHINE LEARNING 1,1,100.0,8.64,9.85,0.0,9.24,APROBADO,41,
53473752,CIENCIA DE DATOS E INTELIGENCIA ARTIFICIAL,Periodo 2025 - 2S,CUARTO SEMESTRE,LEGALIZADA,METAHEURÍSTICAS,1,100.0,9.41,9.46,0.0,9.43,APROBADO,41,
53473752,CIENCIA DE DATOS E INTELIGENCIA ARTIFICIAL,Periodo 2025 - 2S,CUARTO SEMESTRE,LEGALIZADA,METODOLOGÍAS DE ANALÍTICA DE DATOS,1,100.0,9.61,9.31,0.0,9.46,APROBADO,41,
53473752,CIENCIA DE DATOS E INTELIGENCIA ARTIFICIAL,Periodo 2025 - 2S,CUARTO SEMESTRE,LEGALIZADA,MÉTODOS NUMÉRICOS Y PROBLEMAS COMPLEJOS,1,100.0,9.33,9.9,0.0,9.61,APROBADO,41,
53473752,CIENCIA DE DATOS E INTELIGENCIA ARTIFICIAL,Periodo 2026 - 1S,QUINTO SEMESTRE,LEGALIZADA,ALMACÉN DE DATOS,1,0.0,0.0,0.0,0.0,0.0,,41,
53473752,CIENCIA DE DATOS E INTELIGENCIA ARTIFICIAL,Periodo 2026 - 1S,QUINTO SEMESTRE,LEGALIZADA,COMPUTACIÓN EN LA NUBE,1,0.0,9.87,0.0,0.0,0.0,,41,
53473752,CIENCIA DE DATOS E INTELIGENCIA ARTIFICIAL,Periodo 2026 - 1S,QUINTO SEMESTRE,LEGALIZADA,INGENIERÍA DE SOFTWARE,1,0.0,8.41,0.0,0.0,0.0,,41,
53473752,CIENCIA DE DATOS E INTELIGENCIA ARTIFICIAL,Periodo 2026 - 1S,QUINTO SEMESTRE,LEGALIZADA,MACHINE LEARNING 2,1,0.0,0.0,0.0,0.0,0.0,,41,
53473752,CIENCIA DE DATOS E INTELIGENCIA ARTIFICIAL,Periodo 2026 - 1S,QUINTO SEMESTRE,LEGALIZADA,REDACCIÓN CIENTÍFICA,1,0.0,0.0,0.0,0.0,0.0,,41,
53295639,CIENCIA DE DATOS E INTELIGENCIA ARTIFICIAL,Periodo 2024 - 2S,SEGUNDO SEMESTRE,LEGALIZADA,ESTRUCTURA DE DATOS,1,100.0,9.81,9.66,0.0,9.73,APROBADO,41,
53295639,CIENCIA DE DATOS E INTELIGENCIA ARTIFICIAL,Periodo 2024 - 2S,SEGUNDO SEMESTRE,LEGALIZADA,FUNDAMENTOS DE CIENCIA DE DATOS E INTELIGENCIA ARTIFICIAL,1,93.0,9.58,9.45,0.0,9.51,APROBADO,41,
53295639,CIENCIA DE DATOS E INTELIGENCIA ARTIFICIAL,Periodo 2024 - 2S,SEGUNDO SEMESTRE,LEGALIZADA,HABILIDADES PARA LA VIDA,1,100.0,9.76,9.78,0.0,9.77,APROBADO,41,
53295639,CIENCIA DE DATOS E INTELIGENCIA ARTIFICIAL,Periodo 2024 - 2S,SEGUNDO SEMESTRE,LEGALIZADA,PROBABILIDAD Y ESTADÍSTICA,1,100.0,7.28,8.63,0.0,7.95,APROBADO,41,
53295639,CIENCIA DE DATOS E INTELIGENCIA ARTIFICIAL,Periodo 2024 - 2S,SEGUNDO SEMESTRE,LEGALIZADA,PROGRAMACIÓN 2,1,100.0,9.4,9.89,0.0,9.64,APROBADO,41,
53295639,CIENCIA DE DATOS E INTELIGENCIA ARTIFICIAL,Periodo 2024 -1S,PRIMER SEMESTRE,LEGALIZADA,ÁLGEBRA LINEAL,1,100.0,9.09,9.69,0.0,9.39,APROBADO,41,
53295639,CIENCIA DE DATOS E INTELIGENCIA ARTIFICIAL,Periodo 2024 -1S,PRIMER SEMESTRE,LEGALIZADA,CÁLCULO EN UNA VARIABLE,1,97.0,7.35,7.69,0.0,7.52,APROBADO,41,3.0
53295639,CIENCIA DE DATOS E INTELIGENCIA ARTIFICIAL,Periodo 2024 -1S,PRIMER SEMESTRE,LEGALIZADA,COMUNICACIÓN EFECTIVA,1,96.0,9.47,9.65,0.0,9.56,APROBADO,41,
53295639,CIENCIA DE DATOS E INTELIGENCIA ARTIFICIAL,Periodo 2024 -1S,PRIMER SEMESTRE,LEGALIZADA,FUNDAMENTOS DE METODOLOGÍA DE LA INVESTIGACIÓN,1,100.0,9.2,9.35,0.0,9.27,APROBADO,41,
53295639,CIENCIA DE DATOS E INTELIGENCIA ARTIFICIAL,Periodo 2024 -1S,PRIMER SEMESTRE,LEGALIZADA,PROGRAMACIÓN 1,1,100.0,9.49,8.89,0.0,9.19,APROBADO,41,4.0
53295639,CIENCIA DE DATOS E INTELIGENCIA ARTIFICIAL,Periodo 2025 - 1S,TERCER SEMESTRE,LEGALIZADA,CÁLCULO EN VARIAS VARIABLES,1,100.0,7.76,7.52,0.0,7.64,APROBADO,41,
53295639,CIENCIA DE DATOS E INTELIGENCIA ARTIFICIAL,Periodo 2025 - 1S,TERCER SEMESTRE,LEGALIZADA,CULTURA DIGITAL Y SOCIEDAD,1,100.0,9.55,10.0,0.0,9.77,APROBADO,41,
53295639,CIENCIA DE DATOS E INTELIGENCIA ARTIFICIAL,Periodo 2025 - 1S,TERCER SEMESTRE,LEGALIZADA,DISEÑO EXPERIMENTAL,1,100.0,8.16,9.03,0.0,8.59,APROBADO,41,
53295639,CIENCIA DE DATOS E INTELIGENCIA ARTIFICIAL,Periodo 2025 - 1S,TERCER SEMESTRE,LEGALIZADA,FUNDAMENTOS DE BASE DE DATOS,1,100.0,9.79,8.5,0.0,9.14,APROBADO,41,
53295639,CIENCIA DE DATOS E INTELIGENCIA ARTIFICIAL,Periodo 2025 - 1S,TERCER SEMESTRE,LEGALIZADA,MODELAMIENTO,1,100.0,9.43,8.07,0.0,8.75,APROBADO,41,
53295639,CIENCIA DE DATOS E INTELIGENCIA ARTIFICIAL,Periodo 2025 - 2S,CUARTO SEMESTRE,LEGALIZADA,ADMINISTRACIÓN DE BASES DE DATOS,1,100.0,8.41,9.95,0.0,9.18,APROBADO,41,
53295639,CIENCIA DE DATOS E INTELIGENCIA ARTIFICIAL,Periodo 2025 - 2S,CUARTO SEMESTRE,LEGALIZADA,MACHINE LEARNING 1,1,100.0,9.65,9.78,0.0,9.71,APROBADO,41,
53295639,CIENCIA DE DATOS E INTELIGENCIA ARTIFICIAL,Periodo 2025 - 2S,CUARTO SEMESTRE,LEGALIZADA,METAHEURÍSTICAS,1,100.0,9.53,9.53,0.0,9.53,APROBADO,41,
53295639,CIENCIA DE DATOS E INTELIGENCIA ARTIFICIAL,Periodo 2025 - 2S,CUARTO SEMESTRE,LEGALIZADA,METODOLOGÍAS DE ANALÍTICA DE DATOS,1,100.0,9.58,9.26,0.0,9.42,APROBADO,41,
53295639,CIENCIA DE DATOS E INTELIGENCIA ARTIFICIAL,Periodo 2025 - 2S,CUARTO SEMESTRE,LEGALIZADA,MÉTODOS NUMÉRICOS Y PROBLEMAS COMPLEJOS,1,100.0,9.9,9.81,0.0,9.85,APROBADO,41,
53295639,CIENCIA DE DATOS E INTELIGENCIA ARTIFICIAL,Periodo 2026 - 1S,QUINTO SEMESTRE,LEGALIZADA,ALMACÉN DE DATOS,1,0.0,0.0,0.0,0.0,0.0,,41,
53295639,CIENCIA DE DATOS E INTELIGENCIA ARTIFICIAL,Periodo 2026 - 1S,QUINTO SEMESTRE,LEGALIZADA,COMPUTACIÓN EN LA NUBE,1,0.0,9.89,0.0,0.0,0.0,,41,
53295639,CIENCIA DE DATOS E INTELIGENCIA ARTIFICIAL,Periodo 2026 - 1S,QUINTO SEMESTRE,LEGALIZADA,INGENIERÍA DE SOFTWARE,1,0.0,9.32,0.0,0.0,0.0,,41,
53295639,CIENCIA DE DATOS E INTELIGENCIA ARTIFICIAL,Periodo 2026 - 1S,QUINTO SEMESTRE,LEGALIZADA,MACHINE LEARNING 2,1,0.0,0.0,0.0,0.0,0.0,,41,
53295639,CIENCIA DE DATOS E INTELIGENCIA ARTIFICIAL,Periodo 2026 - 1S,QUINTO SEMESTRE,LEGALIZADA,REDACCIÓN CIENTÍFICA,1,0.0,0.0,0.0,0.0,0.0,,41,
7710906,CIENCIA DE DATOS E INTELIGENCIA ARTIFICIAL,Periodo 2024 - 2S,SEGUNDO SEMESTRE,LEGALIZADA,ESTRUCTURA DE DATOS,1,86.0,9.48,9.13,0.0,9.3,APROBADO,41,
7710906,CIENCIA DE DATOS E INTELIGENCIA ARTIFICIAL,Periodo 2024 - 2S,SEGUNDO SEMESTRE,LEGALIZADA,FUNDAMENTOS DE CIENCIA DE DATOS E INTELIGENCIA ARTIFICIAL,1,80.0,7.12,8.53,0.0,7.82,APROBADO,41,
7710906,CIENCIA DE DATOS E INTELIGENCIA ARTIFICIAL,Periodo 2024 - 2S,SEGUNDO SEMESTRE,LEGALIZADA,HABILIDADES PARA LA VIDA,1,93.0,8.94,8.91,0.0,8.92,APROBADO,41,
7710906,CIENCIA DE DATOS E INTELIGENCIA ARTIFICIAL,Periodo 2024 - 2S,SEGUNDO SEMESTRE,LEGALIZADA,PROBABILIDAD Y ESTADÍSTICA,1,88.0,7.96,8.74,0.0,8.35,APROBADO,41,
7710906,CIENCIA DE DATOS E INTELIGENCIA ARTIFICIAL,Periodo 2024 - 2S,SEGUNDO SEMESTRE,LEGALIZADA,PROGRAMACIÓN 2,1,100.0,9.33,9.26,0.0,9.29,APROBADO,41,
7710906,CIENCIA DE DATOS E INTELIGENCIA ARTIFICIAL,Periodo 2024 -1S,PRIMER SEMESTRE,LEGALIZADA,ÁLGEBRA LINEAL,1,82.0,8.92,9.41,0.0,9.16,APROBADO,41,
7710906,CIENCIA DE DATOS E INTELIGENCIA ARTIFICIAL,Periodo 2024 -1S,PRIMER SEMESTRE,LEGALIZADA,CÁLCULO EN UNA VARIABLE,1,79.0,6.63,7.78,0.0,7.2,APROBADO,41,
7710906,CIENCIA DE DATOS E INTELIGENCIA ARTIFICIAL,Periodo 2024 -1S,PRIMER SEMESTRE,LEGALIZADA,COMUNICACIÓN EFECTIVA,1,62.0,9.0,9.52,0.0,9.26,APROBADO,41,
7710906,CIENCIA DE DATOS E INTELIGENCIA ARTIFICIAL,Periodo 2024 -1S,PRIMER SEMESTRE,LEGALIZADA,FUNDAMENTOS DE METODOLOGÍA DE LA INVESTIGACIÓN,1,100.0,9.35,9.24,0.0,9.29,APROBADO,41,
7710906,CIENCIA DE DATOS E INTELIGENCIA ARTIFICIAL,Periodo 2024 -1S,PRIMER SEMESTRE,LEGALIZADA,PROGRAMACIÓN 1,1,75.0,7.6,7.1,0.0,7.35,APROBADO,41,
7710906,CIENCIA DE DATOS E INTELIGENCIA ARTIFICIAL,Periodo 2025 - 1S,TERCER SEMESTRE,LEGALIZADA,CÁLCULO EN VARIAS VARIABLES,1,100.0,7.93,6.43,0.0,7.18,APROBADO,41,
7710906,CIENCIA DE DATOS E INTELIGENCIA ARTIFICIAL,Periodo 2025 - 1S,TERCER SEMESTRE,LEGALIZADA,CULTURA DIGITAL Y SOCIEDAD,1,86.0,9.13,8.92,0.0,9.02,APROBADO,41,
7710906,CIENCIA DE DATOS E INTELIGENCIA ARTIFICIAL,Periodo 2025 - 1S,TERCER SEMESTRE,LEGALIZADA,DISEÑO EXPERIMENTAL,1,88.0,8.14,8.94,0.0,8.54,APROBADO,41,
7710906,CIENCIA DE DATOS E INTELIGENCIA ARTIFICIAL,Periodo 2025 - 1S,TERCER SEMESTRE,LEGALIZADA,FUNDAMENTOS DE BASE DE DATOS,1,94.0,9.37,8.09,0.0,8.73,APROBADO,41,
7710906,CIENCIA DE DATOS E INTELIGENCIA ARTIFICIAL,Periodo 2025 - 1S,TERCER SEMESTRE,LEGALIZADA,MODELAMIENTO,1,93.0,8.9,8.31,0.0,8.6,APROBADO,41,
7710906,CIENCIA DE DATOS E INTELIGENCIA ARTIFICIAL,Periodo 2025 - 2S,CUARTO SEMESTRE,LEGALIZADA,ADMINISTRACIÓN DE BASES DE DATOS,1,100.0,8.86,8.74,0.0,8.8,APROBADO,41,
7710906,CIENCIA DE DATOS E INTELIGENCIA ARTIFICIAL,Periodo 2025 - 2S,CUARTO SEMESTRE,LEGALIZADA,MACHINE LEARNING 1,1,100.0,9.28,8.8,0.0,9.04,APROBADO,41,
7710906,CIENCIA DE DATOS E INTELIGENCIA ARTIFICIAL,Periodo 2025 - 2S,CUARTO SEMESTRE,LEGALIZADA,METAHEURÍSTICAS,1,77.0,9.21,9.04,0.0,9.12,APROBADO,41,
7710906,CIENCIA DE DATOS E INTELIGENCIA ARTIFICIAL,Periodo 2025 - 2S,CUARTO SEMESTRE,LEGALIZADA,METODOLOGÍAS DE ANALÍTICA DE DATOS,1,80.0,9.44,8.69,0.0,9.06,APROBADO,41,
7710906,CIENCIA DE DATOS E INTELIGENCIA ARTIFICIAL,Periodo 2025 - 2S,CUARTO SEMESTRE,LEGALIZADA,MÉTODOS NUMÉRICOS Y PROBLEMAS COMPLEJOS,1,93.0,9.34,8.41,0.0,8.87,APROBADO,41,
7710906,CIENCIA DE DATOS E INTELIGENCIA ARTIFICIAL,Periodo 2026 - 1S,QUINTO SEMESTRE,LEGALIZADA,ALMACÉN DE DATOS,1,0.0,0.0,0.0,0.0,0.0,,41,
7710906,CIENCIA DE DATOS E INTELIGENCIA ARTIFICIAL,Periodo 2026 - 1S,QUINTO SEMESTRE,LEGALIZADA,COMPUTACIÓN EN LA NUBE,1,0.0,9.44,0.0,0.0,0.0,,41,
7710906,CIENCIA DE DATOS E INTELIGENCIA ARTIFICIAL,Periodo 2026 - 1S,QUINTO SEMESTRE,LEGALIZADA,INGENIERÍA DE SOFTWARE,1,0.0,8.84,0.0,0.0,0.0,,41,
7710906,CIENCIA DE DATOS E INTELIGENCIA ARTIFICIAL,Periodo 2026 - 1S,QUINTO SEMESTRE,LEGALIZADA,MACHINE LEARNING 2,1,0.0,0.0,0.0,0.0,0.0,,41,
7710906,CIENCIA DE DATOS E INTELIGENCIA ARTIFICIAL,Periodo 2026 - 1S,QUINTO SEMESTRE,LEGALIZADA,REDACCIÓN CIENTÍFICA,1,0.0,0.0,0.0,0.0,0.0,,41,
43027716,CIENCIA DE DATOS E INTELIGENCIA ARTIFICIAL,Periodo 2024 - 2S,SEGUNDO SEMESTRE,LEGALIZADA,ESTRUCTURA DE DATOS,1,86.0,7.96,9.35,0.0,8.65,APROBADO,41,
43027716,CIENCIA DE DATOS E INTELIGENCIA ARTIFICIAL,Periodo 2024 - 2S,SEGUNDO SEMESTRE,LEGALIZADA,FUNDAMENTOS DE CIENCIA DE DATOS E INTELIGENCIA ARTIFICIAL,1,93.0,9.48,8.4,0.0,8.94,APROBADO,41,
43027716,CIENCIA DE DATOS E INTELIGENCIA ARTIFICIAL,Periodo 2024 - 2S,SEGUNDO SEMESTRE,LEGALIZADA,HABILIDADES PARA LA VIDA,1,94.0,7.4,9.15,0.0,8.27,APROBADO,41,
43027716,CIENCIA DE DATOS E INTELIGENCIA ARTIFICIAL,Periodo 2024 - 2S,SEGUNDO SEMESTRE,LEGALIZADA,PROBABILIDAD Y ESTADÍSTICA,1,93.0,7.22,7.97,0.0,7.59,APROBADO,41,
43027716,CIENCIA DE DATOS E INTELIGENCIA ARTIFICIAL,Periodo 2024 - 2S,SEGUNDO SEMESTRE,LEGALIZADA,PROGRAMACIÓN 2,1,100.0,6.95,8.93,0.0,7.94,APROBADO,41,
43027716,CIENCIA DE DATOS E INTELIGENCIA ARTIFICIAL,Periodo 2024 -1S,PRIMER SEMESTRE,LEGALIZADA,ÁLGEBRA LINEAL,1,100.0,6.77,9.49,0.0,8.13,APROBADO,41,
43027716,CIENCIA DE DATOS E INTELIGENCIA ARTIFICIAL,Periodo 2024 -1S,PRIMER SEMESTRE,LEGALIZADA,CÁLCULO EN UNA VARIABLE,1,93.0,6.59,8.14,0.0,7.36,APROBADO,41,
43027716,CIENCIA DE DATOS E INTELIGENCIA ARTIFICIAL,Periodo 2024 -1S,PRIMER SEMESTRE,LEGALIZADA,COMUNICACIÓN EFECTIVA,1,80.0,8.84,8.14,0.0,8.49,APROBADO,41,
43027716,CIENCIA DE DATOS E INTELIGENCIA ARTIFICIAL,Periodo 2024 -1S,PRIMER SEMESTRE,LEGALIZADA,FUNDAMENTOS DE METODOLOGÍA DE LA INVESTIGACIÓN,1,86.0,9.26,8.2,0.0,8.73,APROBADO,41,
43027716,CIENCIA DE DATOS E INTELIGENCIA ARTIFICIAL,Periodo 2024 -1S,PRIMER SEMESTRE,LEGALIZADA,PROGRAMACIÓN 1,1,69.0,6.47,7.72,0.0,7.09,APROBADO,41,
43027716,CIENCIA DE DATOS E INTELIGENCIA ARTIFICIAL,Periodo 2025 - 1S,TERCER SEMESTRE,LEGALIZADA,CÁLCULO EN VARIAS VARIABLES,1,94.0,8.09,7.14,0.0,7.61,APROBADO,41,
43027716,CIENCIA DE DATOS E INTELIGENCIA ARTIFICIAL,Periodo 2025 - 1S,TERCER SEMESTRE,LEGALIZADA,CULTURA DIGITAL Y SOCIEDAD,1,79.0,8.54,8.75,0.0,8.64,APROBADO,41,
43027716,CIENCIA DE DATOS E INTELIGENCIA ARTIFICIAL,Periodo 2025 - 1S,TERCER SEMESTRE,LEGALIZADA,DISEÑO EXPERIMENTAL,1,75.0,8.18,8.21,0.0,8.19,APROBADO,41,
43027716,CIENCIA DE DATOS E INTELIGENCIA ARTIFICIAL,Periodo 2025 - 1S,TERCER SEMESTRE,LEGALIZADA,FUNDAMENTOS DE BASE DE DATOS,1,88.0,7.85,7.86,0.0,7.85,APROBADO,41,
43027716,CIENCIA DE DATOS E INTELIGENCIA ARTIFICIAL,Periodo 2025 - 1S,TERCER SEMESTRE,LEGALIZADA,MODELAMIENTO,1,93.0,9.07,7.16,0.0,8.11,APROBADO,41,
43027716,CIENCIA DE DATOS E INTELIGENCIA ARTIFICIAL,Periodo 2025 - 2S,CUARTO SEMESTRE,LEGALIZADA,ADMINISTRACIÓN DE BASES DE DATOS,1,93.0,7.41,7.3,0.0,7.35,APROBADO,41,
43027716,CIENCIA DE DATOS E INTELIGENCIA ARTIFICIAL,Periodo 2025 - 2S,CUARTO SEMESTRE,LEGALIZADA,MACHINE LEARNING 1,1,100.0,9.24,9.66,0.0,9.45,APROBADO,41,
43027716,CIENCIA DE DATOS E INTELIGENCIA ARTIFICIAL,Periodo 2025 - 2S,CUARTO SEMESTRE,LEGALIZADA,METAHEURÍSTICAS,1,85.0,9.05,9.42,0.0,9.23,APROBADO,41,
43027716,CIENCIA DE DATOS E INTELIGENCIA ARTIFICIAL,Periodo 2025 - 2S,CUARTO SEMESTRE,LEGALIZADA,METODOLOGÍAS DE ANALÍTICA DE DATOS,1,93.0,9.36,8.98,0.0,9.17,APROBADO,41,
43027716,CIENCIA DE DATOS E INTELIGENCIA ARTIFICIAL,Periodo 2025 - 2S,CUARTO SEMESTRE,LEGALIZADA,MÉTODOS NUMÉRICOS Y PROBLEMAS COMPLEJOS,1,93.0,8.55,9.18,0.0,8.86,APROBADO,41,
43027716,CIENCIA DE DATOS E INTELIGENCIA ARTIFICIAL,Periodo 2026 - 1S,QUINTO SEMESTRE,LEGALIZADA,ALMACÉN DE DATOS,1,0.0,0.0,0.0,0.0,0.0,,41,
43027716,CIENCIA DE DATOS E INTELIGENCIA ARTIFICIAL,Periodo 2026 - 1S,QUINTO SEMESTRE,LEGALIZADA,COMPUTACIÓN EN LA NUBE,1,0.0,9.82,0.0,0.0,0.0,,41,
43027716,CIENCIA DE DATOS E INTELIGENCIA ARTIFICIAL,Periodo 2026 - 1S,QUINTO SEMESTRE,LEGALIZADA,INGENIERÍA DE SOFTWARE,1,0.0,9.11,0.0,0.0,0.0,,41,
43027716,CIENCIA DE DATOS E INTELIGENCIA ARTIFICIAL,Periodo 2026 - 1S,QUINTO SEMESTRE,LEGALIZADA,MACHINE LEARNING 2,1,0.0,0.0,0.0,0.0,0.0,,41,
43027716,CIENCIA DE DATOS E INTELIGENCIA ARTIFICIAL,Periodo 2026 - 1S,QUINTO SEMESTRE,LEGALIZADA,REDACCIÓN CIENTÍFICA,1,0.0,0.0,0.0,0.0,0.0,,41,
54139623,CIENCIA DE DATOS E INTELIGENCIA ARTIFICIAL,Periodo 2024 - 2S,SEGUNDO SEMESTRE,LEGALIZADA,ESTRUCTURA DE DATOS,1,100.0,9.56,9.69,0.0,9.62,APROBADO,41,
54139623,CIENCIA DE DATOS E INTELIGENCIA ARTIFICIAL,Periodo 2024 - 2S,SEGUNDO SEMESTRE,LEGALIZADA,FUNDAMENTOS DE CIENCIA DE DATOS E INTELIGENCIA ARTIFICIAL,1,100.0,9.13,9.5,0.0,9.31,APROBADO,41,
54139623,CIENCIA DE DATOS E INTELIGENCIA ARTIFICIAL,Periodo 2024 - 2S,SEGUNDO SEMESTRE,LEGALIZADA,HABILIDADES PARA LA VIDA,1,93.0,9.51,9.71,0.0,9.61,APROBADO,41,
54139623,CIENCIA DE DATOS E INTELIGENCIA ARTIFICIAL,Periodo 2024 - 2S,SEGUNDO SEMESTRE,LEGALIZADA,PROBABILIDAD Y ESTADÍSTICA,1,88.0,8.54,8.84,0.0,8.69,APROBADO,41,
54139623,CIENCIA DE DATOS E INTELIGENCIA ARTIFICIAL,Periodo 2024 - 2S,SEGUNDO SEMESTRE,LEGALIZADA,PROGRAMACIÓN 2,1,93.0,9.3,9.96,0.0,9.63,APROBADO,41,
54139623,CIENCIA DE DATOS E INTELIGENCIA ARTIFICIAL,Periodo 2024 -1S,PRIMER SEMESTRE,LEGALIZADA,ÁLGEBRA LINEAL,1,94.0,6.17,9.96,0.0,8.06,APROBADO,41,
54139623,CIENCIA DE DATOS E INTELIGENCIA ARTIFICIAL,Periodo 2024 -1S,PRIMER SEMESTRE,LEGALIZADA,CÁLCULO EN UNA VARIABLE,1,97.0,9.02,8.6,0.0,8.81,APROBADO,41,3.0
54139623,CIENCIA DE DATOS E INTELIGENCIA ARTIFICIAL,Periodo 2024 -1S,PRIMER SEMESTRE,LEGALIZADA,COMUNICACIÓN EFECTIVA,1,91.0,9.03,9.67,0.0,9.35,APROBADO,41,
54139623,CIENCIA DE DATOS E INTELIGENCIA ARTIFICIAL,Periodo 2024 -1S,PRIMER SEMESTRE,LEGALIZADA,FUNDAMENTOS DE METODOLOGÍA DE LA INVESTIGACIÓN,1,100.0,9.37,9.44,0.0,9.4,APROBADO,41,
54139623,CIENCIA DE DATOS E INTELIGENCIA ARTIFICIAL,Periodo 2024 -1S,PRIMER SEMESTRE,LEGALIZADA,PROGRAMACIÓN 1,1,94.0,7.88,7.74,0.0,7.81,APROBADO,41,
54139623,CIENCIA DE DATOS E INTELIGENCIA ARTIFICIAL,Periodo 2025 - 1S,TERCER SEMESTRE,LEGALIZADA,CÁLCULO EN VARIAS VARIABLES,1,100.0,8.41,7.44,0.0,7.92,APROBADO,41,
54139623,CIENCIA DE DATOS E INTELIGENCIA ARTIFICIAL,Periodo 2025 - 1S,TERCER SEMESTRE,LEGALIZADA,CULTURA DIGITAL Y SOCIEDAD,1,100.0,9.64,8.95,0.0,9.29,APROBADO,41,
54139623,CIENCIA DE DATOS E INTELIGENCIA ARTIFICIAL,Periodo 2025 - 1S,TERCER SEMESTRE,LEGALIZADA,DISEÑO EXPERIMENTAL,1,75.0,7.76,8.42,0.0,8.09,APROBADO,41,
54139623,CIENCIA DE DATOS E INTELIGENCIA ARTIFICIAL,Periodo 2025 - 1S,TERCER SEMESTRE,LEGALIZADA,FUNDAMENTOS DE BASE DE DATOS,1,88.0,8.98,8.84,0.0,8.91,APROBADO,41,
54139623,CIENCIA DE DATOS E INTELIGENCIA ARTIFICIAL,Periodo 2025 - 1S,TERCER SEMESTRE,LEGALIZADA,MODELAMIENTO,1,100.0,8.81,9.33,0.0,9.07,APROBADO,41,
54139623,CIENCIA DE DATOS E INTELIGENCIA ARTIFICIAL,Periodo 2025 - 2S,CUARTO SEMESTRE,LEGALIZADA,ADMINISTRACIÓN DE BASES DE DATOS,1,100.0,8.74,9.63,0.0,9.18,APROBADO,41,
54139623,CIENCIA DE DATOS E INTELIGENCIA ARTIFICIAL,Periodo 2025 - 2S,CUARTO SEMESTRE,LEGALIZADA,MACHINE LEARNING 1,1,100.0,8.9,9.67,0.0,9.28,APROBADO,41,
54139623,CIENCIA DE DATOS E INTELIGENCIA ARTIFICIAL,Periodo 2025 - 2S,CUARTO SEMESTRE,LEGALIZADA,METAHEURÍSTICAS,1,100.0,9.44,9.56,0.0,9.5,APROBADO,41,
54139623,CIENCIA DE DATOS E INTELIGENCIA ARTIFICIAL,Periodo 2025 - 2S,CUARTO SEMESTRE,LEGALIZADA,METODOLOGÍAS DE ANALÍTICA DE DATOS,1,93.0,9.57,9.26,0.0,9.41,APROBADO,41,
54139623,CIENCIA DE DATOS E INTELIGENCIA ARTIFICIAL,Periodo 2025 - 2S,CUARTO SEMESTRE,LEGALIZADA,MÉTODOS NUMÉRICOS Y PROBLEMAS COMPLEJOS,1,93.0,9.56,9.88,0.0,9.72,APROBADO,41,
54139623,CIENCIA DE DATOS E INTELIGENCIA ARTIFICIAL,Periodo 2026 - 1S,QUINTO SEMESTRE,LEGALIZADA,ALMACÉN DE DATOS,1,0.0,0.0,0.0,0.0,0.0,,41,
54139623,CIENCIA DE DATOS E INTELIGENCIA ARTIFICIAL,Periodo 2026 - 1S,QUINTO SEMESTRE,LEGALIZADA,COMPUTACIÓN EN LA NUBE,1,0.0,9.81,0.0,0.0,0.0,,41,
54139623,CIENCIA DE DATOS E INTELIGENCIA ARTIFICIAL,Periodo 2026 - 1S,QUINTO SEMESTRE,LEGALIZADA,INGENIERÍA DE SOFTWARE,1,0.0,9.01,0.0,0.0,0.0,,41,
54139623,CIENCIA DE DATOS E INTELIGENCIA ARTIFICIAL,Periodo 2026 - 1S,QUINTO SEMESTRE,LEGALIZADA,MACHINE LEARNING 2,1,0.0,0.0,0.0,0.0,0.0,,41,
54139623,CIENCIA DE DATOS E INTELIGENCIA ARTIFICIAL,Periodo 2026 - 1S,QUINTO SEMESTRE,LEGALIZADA,REDACCIÓN CIENTÍFICA,1,0.0,0.0,0.0,0.0,0.0,,41,
55925670,CIENCIA DE DATOS E INTELIGENCIA ARTIFICIAL,Periodo 2024 - 2S,SEGUNDO SEMESTRE,LEGALIZADA,ESTRUCTURA DE DATOS,1,100.0,9.76,9.66,0.0,9.71,APROBADO,41,
55925670,CIENCIA DE DATOS E INTELIGENCIA ARTIFICIAL,Periodo 2024 - 2S,SEGUNDO SEMESTRE,LEGALIZADA,FUNDAMENTOS DE CIENCIA DE DATOS E INTELIGENCIA ARTIFICIAL,1,93.0,9.31,9.23,0.0,9.27,APROBADO,41,
55925670,CIENCIA DE DATOS E INTELIGENCIA ARTIFICIAL,Periodo 2024 - 2S,SEGUNDO SEMESTRE,LEGALIZADA,HABILIDADES PARA LA VIDA,1,81.0,9.4,9.76,0.0,9.58,APROBADO,41,
55925670,CIENCIA DE DATOS E INTELIGENCIA ARTIFICIAL,Periodo 2024 - 2S,SEGUNDO SEMESTRE,LEGALIZADA,PROBABILIDAD Y ESTADÍSTICA,1,93.0,9.25,8.98,0.0,9.11,APROBADO,41,
55925670,CIENCIA DE DATOS E INTELIGENCIA ARTIFICIAL,Periodo 2024 - 2S,SEGUNDO SEMESTRE,LEGALIZADA,PROGRAMACIÓN 2,1,100.0,8.32,9.76,0.0,9.04,APROBADO,41,
55925670,CIENCIA DE DATOS E INTELIGENCIA ARTIFICIAL,Periodo 2024 -1S,PRIMER SEMESTRE,LEGALIZADA,ÁLGEBRA LINEAL,1,100.0,9.74,10.0,0.0,9.87,APROBADO,41,
55925670,CIENCIA DE DATOS E INTELIGENCIA ARTIFICIAL,Periodo 2024 -1S,PRIMER SEMESTRE,LEGALIZADA,CÁLCULO EN UNA VARIABLE,1,97.0,9.06,9.26,0.0,9.16,APROBADO,41,2.0
55925670,CIENCIA DE DATOS E INTELIGENCIA ARTIFICIAL,Periodo 2024 -1S,PRIMER SEMESTRE,LEGALIZADA,COMUNICACIÓN EFECTIVA,1,96.0,9.34,9.21,0.0,9.27,APROBADO,41,
55925670,CIENCIA DE DATOS E INTELIGENCIA ARTIFICIAL,Periodo 2024 -1S,PRIMER SEMESTRE,LEGALIZADA,FUNDAMENTOS DE METODOLOGÍA DE LA INVESTIGACIÓN,1,86.0,8.79,8.54,0.0,8.66,APROBADO,41,10.0
55925670,CIENCIA DE DATOS E INTELIGENCIA ARTIFICIAL,Periodo 2024 -1S,PRIMER SEMESTRE,LEGALIZADA,PROGRAMACIÓN 1,1,99.0,7.32,7.4,0.0,7.36,APROBADO,41,
55925670,CIENCIA DE DATOS E INTELIGENCIA ARTIFICIAL,Periodo 2025 - 1S,TERCER SEMESTRE,LEGALIZADA,CÁLCULO EN VARIAS VARIABLES,1,100.0,8.96,9.09,0.0,9.02,APROBADO,41,
55925670,CIENCIA DE DATOS E INTELIGENCIA ARTIFICIAL,Periodo 2025 - 1S,TERCER SEMESTRE,LEGALIZADA,CULTURA DIGITAL Y SOCIEDAD,1,93.0,9.89,9.32,0.0,9.6,APROBADO,41,
55925670,CIENCIA DE DATOS E INTELIGENCIA ARTIFICIAL,Periodo 2025 - 1S,TERCER SEMESTRE,LEGALIZADA,DISEÑO EXPERIMENTAL,1,100.0,9.07,9.06,0.0,9.06,APROBADO,41,
55925670,CIENCIA DE DATOS E INTELIGENCIA ARTIFICIAL,Periodo 2025 - 1S,TERCER SEMESTRE,LEGALIZADA,FUNDAMENTOS DE BASE DE DATOS,1,94.0,9.45,9.56,0.0,9.5,APROBADO,41,
55925670,CIENCIA DE DATOS E INTELIGENCIA ARTIFICIAL,Periodo 2025 - 1S,TERCER SEMESTRE,LEGALIZADA,MODELAMIENTO,1,93.0,9.25,9.57,0.0,9.41,APROBADO,41,
55925670,CIENCIA DE DATOS E INTELIGENCIA ARTIFICIAL,Periodo 2025 - 2S,CUARTO SEMESTRE,LEGALIZADA,ADMINISTRACIÓN DE BASES DE DATOS,1,100.0,9.38,8.96,0.0,9.17,APROBADO,41,
55925670,CIENCIA DE DATOS E INTELIGENCIA ARTIFICIAL,Periodo 2025 - 2S,CUARTO SEMESTRE,LEGALIZADA,MACHINE LEARNING 1,1,100.0,8.17,9.77,0.0,8.97,APROBADO,41,
55925670,CIENCIA DE DATOS E INTELIGENCIA ARTIFICIAL,Periodo 2025 - 2S,CUARTO SEMESTRE,LEGALIZADA,METAHEURÍSTICAS,1,85.0,9.53,9.45,0.0,9.49,APROBADO,41,
55925670,CIENCIA DE DATOS E INTELIGENCIA ARTIFICIAL,Periodo 2025 - 2S,CUARTO SEMESTRE,LEGALIZADA,METODOLOGÍAS DE ANALÍTICA DE DATOS,1,100.0,9.61,9.31,0.0,9.46,APROBADO,41,
55925670,CIENCIA DE DATOS E INTELIGENCIA ARTIFICIAL,Periodo 2025 - 2S,CUARTO SEMESTRE,LEGALIZADA,MÉTODOS NUMÉRICOS Y PROBLEMAS COMPLEJOS,1,93.0,9.95,9.98,0.0,9.96,APROBADO,41,
55925670,CIENCIA DE DATOS E INTELIGENCIA ARTIFICIAL,Periodo 2026 - 1S,QUINTO SEMESTRE,LEGALIZADA,ALMACÉN DE DATOS,1,0.0,0.0,0.0,0.0,0.0,,41,
55925670,CIENCIA DE DATOS E INTELIGENCIA ARTIFICIAL,Periodo 2026 - 1S,QUINTO SEMESTRE,LEGALIZADA,COMPUTACIÓN EN LA NUBE,1,0.0,9.93,0.0,0.0,0.0,,41,
55925670,CIENCIA DE DATOS E INTELIGENCIA ARTIFICIAL,Periodo 2026 - 1S,QUINTO SEMESTRE,LEGALIZADA,INGENIERÍA DE SOFTWARE,1,0.0,8.71,0.0,0.0,0.0,,41,
55925670,CIENCIA DE DATOS E INTELIGENCIA ARTIFICIAL,Periodo 2026 - 1S,QUINTO SEMESTRE,LEGALIZADA,MACHINE LEARNING 2,1,0.0,0.0,0.0,0.0,0.0,,41,
55925670,CIENCIA DE DATOS E INTELIGENCIA ARTIFICIAL,Periodo 2026 - 1S,QUINTO SEMESTRE,LEGALIZADA,REDACCIÓN CIENTÍFICA,1,0.0,0.0,0.0,0.0,0.0,,41,
99930953,CIENCIA DE DATOS E INTELIGENCIA ARTIFICIAL,Periodo 2024 - 2S,SEGUNDO SEMESTRE,LEGALIZADA,ESTRUCTURA DE DATOS,1,100.0,9.52,9.71,0.0,9.61,APROBADO,41,
99930953,CIENCIA DE DATOS E INTELIGENCIA ARTIFICIAL,Periodo 2024 - 2S,SEGUNDO SEMESTRE,LEGALIZADA,FUNDAMENTOS DE CIENCIA DE DATOS E INTELIGENCIA ARTIFICIAL,1,93.0,9.11,8.47,0.0,8.79,APROBADO,41,
99930953,CIENCIA DE DATOS E INTELIGENCIA ARTIFICIAL,Periodo 2024 - 2S,SEGUNDO SEMESTRE,LEGALIZADA,HABILIDADES PARA LA VIDA,1,93.0,9.67,8.77,0.0,9.22,APROBADO,41,
99930953,CIENCIA DE DATOS E INTELIGENCIA ARTIFICIAL,Periodo 2024 - 2S,SEGUNDO SEMESTRE,LEGALIZADA,PROBABILIDAD Y ESTADÍSTICA,1,75.0,7.69,8.59,0.0,8.14,APROBADO,41,
99930953,CIENCIA DE DATOS E INTELIGENCIA ARTIFICIAL,Periodo 2024 - 2S,SEGUNDO SEMESTRE,LEGALIZADA,PROGRAMACIÓN 2,1,86.0,9.66,8.42,0.0,9.04,APROBADO,41,
99930953,CIENCIA DE DATOS E INTELIGENCIA ARTIFICIAL,Periodo 2024 -1S,PRIMER SEMESTRE,LEGALIZADA,ÁLGEBRA LINEAL,1,82.0,7.7,9.59,0.0,8.64,APROBADO,41,
99930953,CIENCIA DE DATOS E INTELIGENCIA ARTIFICIAL,Periodo 2024 -1S,PRIMER SEMESTRE,LEGALIZADA,CÁLCULO EN UNA VARIABLE,1,76.0,8.48,6.66,0.0,7.57,APROBADO,41,
99930953,CIENCIA DE DATOS E INTELIGENCIA ARTIFICIAL,Periodo 2024 -1S,PRIMER SEMESTRE,LEGALIZADA,COMUNICACIÓN EFECTIVA,1,49.0,9.23,8.77,0.0,9.0,APROBADO,41,
99930953,CIENCIA DE DATOS E INTELIGENCIA ARTIFICIAL,Periodo 2024 -1S,PRIMER SEMESTRE,LEGALIZADA,FUNDAMENTOS DE METODOLOGÍA DE LA INVESTIGACIÓN,1,100.0,7.65,9.23,0.0,8.44,APROBADO,41,
99930953,CIENCIA DE DATOS E INTELIGENCIA ARTIFICIAL,Periodo 2024 -1S,PRIMER SEMESTRE,LEGALIZADA,PROGRAMACIÓN 1,1,78.0,8.61,7.49,0.0,8.05,APROBADO,41,
99930953,CIENCIA DE DATOS E INTELIGENCIA ARTIFICIAL,Periodo 2025 - 1S,TERCER SEMESTRE,LEGALIZADA,CÁLCULO EN VARIAS VARIABLES,1,88.0,7.19,6.31,7.75,7.25,APROBADO,41,
99930953,CIENCIA DE DATOS E INTELIGENCIA ARTIFICIAL,Periodo 2025 - 1S,TERCER SEMESTRE,LEGALIZADA,CULTURA DIGITAL Y SOCIEDAD,1,93.0,9.35,9.95,0.0,9.65,APROBADO,41,
99930953,CIENCIA DE DATOS E INTELIGENCIA ARTIFICIAL,Periodo 2025 - 1S,TERCER SEMESTRE,LEGALIZADA,DISEÑO EXPERIMENTAL,1,75.0,7.31,8.27,0.0,7.79,APROBADO,41,
99930953,CIENCIA DE DATOS E INTELIGENCIA ARTIFICIAL,Periodo 2025 - 1S,TERCER SEMESTRE,LEGALIZADA,FUNDAMENTOS DE BASE DE DATOS,1,81.0,8.4,6.17,0.0,7.28,APROBADO,41,
99930953,CIENCIA DE DATOS E INTELIGENCIA ARTIFICIAL,Periodo 2025 - 1S,TERCER SEMESTRE,LEGALIZADA,MODELAMIENTO,1,100.0,8.87,6.87,0.0,7.87,APROBADO,41,
99930953,CIENCIA DE DATOS E INTELIGENCIA ARTIFICIAL,Periodo 2025 - 2S,CUARTO SEMESTRE,LEGALIZADA,ADMINISTRACIÓN DE BASES DE DATOS,1,93.0,7.24,7.96,0.0,7.6,APROBADO,41,
99930953,CIENCIA DE DATOS E INTELIGENCIA ARTIFICIAL,Periodo 2025 - 2S,CUARTO SEMESTRE,LEGALIZADA,MACHINE LEARNING 1,1,100.0,8.53,8.19,0.0,8.36,APROBADO,41,
99930953,CIENCIA DE DATOS E INTELIGENCIA ARTIFICIAL,Periodo 2025 - 2S,CUARTO SEMESTRE,LEGALIZADA,METAHEURÍSTICAS,1,69.0,9.33,9.26,0.0,9.29,APROBADO,41,
99930953,CIENCIA DE DATOS E INTELIGENCIA ARTIFICIAL,Periodo 2025 - 2S,CUARTO SEMESTRE,LEGALIZADA,METODOLOGÍAS DE ANALÍTICA DE DATOS,1,80.0,9.19,8.73,0.0,8.96,APROBADO,41,
99930953,CIENCIA DE DATOS E INTELIGENCIA ARTIFICIAL,Periodo 2025 - 2S,CUARTO SEMESTRE,LEGALIZADA,MÉTODOS NUMÉRICOS Y PROBLEMAS COMPLEJOS,1,80.0,8.87,8.54,0.0,8.7,APROBADO,41,
99930953,CIENCIA DE DATOS E INTELIGENCIA ARTIFICIAL,Periodo 2026 - 1S,QUINTO SEMESTRE,LEGALIZADA,ALMACÉN DE DATOS,1,0.0,0.0,0.0,0.0,0.0,,41,
99930953,CIENCIA DE DATOS E INTELIGENCIA ARTIFICIAL,Periodo 2026 - 1S,QUINTO SEMESTRE,LEGALIZADA,COMPUTACIÓN EN LA NUBE,1,0.0,9.34,0.0,0.0,0.0,,41,
99930953,CIENCIA DE DATOS E INTELIGENCIA ARTIFICIAL,Periodo 2026 - 1S,QUINTO SEMESTRE,LEGALIZADA,INGENIERÍA DE SOFTWARE,1,0.0,7.45,0.0,0.0,0.0,,41,
99930953,CIENCIA DE DATOS E INTELIGENCIA ARTIFICIAL,Periodo 2026 - 1S,QUINTO SEMESTRE,LEGALIZADA,MACHINE LEARNING 2,1,0.0,0.0,0.0,0.0,0.0,,41,
99930953,CIENCIA DE DATOS E INTELIGENCIA ARTIFICIAL,Periodo 2026 - 1S,QUINTO SEMESTRE,LEGALIZADA,REDACCIÓN CIENTÍFICA,1,0.0,0.0,0.0,0.0,0.0,,41,
12065230,CIENCIA DE DATOS E INTELIGENCIA ARTIFICIAL,Periodo 2024 - 2S,SEGUNDO SEMESTRE,LEGALIZADA,ESTRUCTURA DE DATOS,1,100.0,6.63,8.19,0.0,7.41,APROBADO,41,
12065230,CIENCIA DE DATOS E INTELIGENCIA ARTIFICIAL,Periodo 2024 - 2S,SEGUNDO SEMESTRE,LEGALIZADA,FUNDAMENTOS DE CIENCIA DE DATOS E INTELIGENCIA ARTIFICIAL,1,93.0,6.41,9.2,0.0,7.8,APROBADO,41,
12065230,CIENCIA DE DATOS E INTELIGENCIA ARTIFICIAL,Periodo 2024 - 2S,SEGUNDO SEMESTRE,LEGALIZADA,HABILIDADES PARA LA VIDA,1,100.0,6.13,7.75,10.0,8.47,APROBADO,41,
12065230,CIENCIA DE DATOS E INTELIGENCIA ARTIFICIAL,Periodo 2024 - 2S,SEGUNDO SEMESTRE,LEGALIZADA,PROBABILIDAD Y ESTADÍSTICA,1,86.0,6.24,8.41,0.0,7.32,APROBADO,41,
12065230,CIENCIA DE DATOS E INTELIGENCIA ARTIFICIAL,Periodo 2024 - 2S,SEGUNDO SEMESTRE,LEGALIZADA,PROGRAMACIÓN 2,1,88.0,5.25,9.53,0.0,7.39,APROBADO,41,
12065230,CIENCIA DE DATOS E INTELIGENCIA ARTIFICIAL,Periodo 2024 -1S,PRIMER SEMESTRE,LEGALIZADA,ÁLGEBRA LINEAL,1,95.0,6.43,8.08,0.0,7.25,APROBADO,41,
12065230,CIENCIA DE DATOS E INTELIGENCIA ARTIFICIAL,Periodo 2024 -1S,PRIMER SEMESTRE,LEGALIZADA,CÁLCULO EN UNA VARIABLE,1,92.0,6.82,6.32,10.0,8.28,APROBADO,41,
12065230,CIENCIA DE DATOS E INTELIGENCIA ARTIFICIAL,Periodo 2024 -1S,PRIMER SEMESTRE,LEGALIZADA,COMUNICACIÓN EFECTIVA,1,73.0,6.93,5.8,7.8,7.08,APROBADO,41,
12065230,CIENCIA DE DATOS E INTELIGENCIA ARTIFICIAL,Periodo 2024 -1S,PRIMER SEMESTRE,LEGALIZADA,FUNDAMENTOS DE METODOLOGÍA DE LA INVESTIGACIÓN,1,82.0,6.65,7.49,0.0,7.07,APROBADO,41,
12065230,CIENCIA DE DATOS E INTELIGENCIA ARTIFICIAL,Periodo 2024 -1S,PRIMER SEMESTRE,LEGALIZADA,PROGRAMACIÓN 1,1,77.0,6.9,8.23,0.0,7.56,APROBADO,41,
12065230,CIENCIA DE DATOS E INTELIGENCIA ARTIFICIAL,Periodo 2025 - 1S,TERCER SEMESTRE,LEGALIZADA,CÁLCULO EN VARIAS VARIABLES,1,100.0,7.55,8.03,0.0,7.79,APROBADO,41,
12065230,CIENCIA DE DATOS E INTELIGENCIA ARTIFICIAL,Periodo 2025 - 1S,TERCER SEMESTRE,LEGALIZADA,CULTURA DIGITAL Y SOCIEDAD,1,100.0,6.63,8.51,0.0,7.57,APROBADO,41,
12065230,CIENCIA DE DATOS E INTELIGENCIA ARTIFICIAL,Periodo 2025 - 1S,TERCER SEMESTRE,LEGALIZADA,DISEÑO EXPERIMENTAL,1,75.0,4.33,8.09,6.0,6.1,REPROBADO,41,
12065230,CIENCIA DE DATOS E INTELIGENCIA ARTIFICIAL,Periodo 2025 - 1S,TERCER SEMESTRE,LEGALIZADA,FUNDAMENTOS DE BASE DE DATOS,1,94.0,8.43,4.69,7.5,7.03,APROBADO,41,
12065230,CIENCIA DE DATOS E INTELIGENCIA ARTIFICIAL,Periodo 2025 - 1S,TERCER SEMESTRE,LEGALIZADA,MODELAMIENTO,1,100.0,8.83,7.54,0.0,8.18,APROBADO,41,
12065230,CIENCIA DE DATOS E INTELIGENCIA ARTIFICIAL,Periodo 2025 - 2S,CUARTO SEMESTRE,LEGALIZADA,DISEÑO EXPERIMENTAL,2,67.0,7.74,8.18,0.0,7.96,APROBADO,41,
12065230,CIENCIA DE DATOS E INTELIGENCIA ARTIFICIAL,Periodo 2025 - 2S,CUARTO SEMESTRE,LEGALIZADA,MACHINE LEARNING 1,1,100.0,6.82,8.71,0.0,7.76,APROBADO,41,
12065230,CIENCIA DE DATOS E INTELIGENCIA ARTIFICIAL,Periodo 2025 - 2S,CUARTO SEMESTRE,LEGALIZADA,METODOLOGÍAS DE ANALÍTICA DE DATOS,1,100.0,8.22,9.2,0.0,8.71,APROBADO,41,
12065230,CIENCIA DE DATOS E INTELIGENCIA ARTIFICIAL,Periodo 2025 - 2S,CUARTO SEMESTRE,LEGALIZADA,MÉTODOS NUMÉRICOS Y PROBLEMAS COMPLEJOS,1,93.0,8.85,7.33,0.0,8.09,APROBADO,41,
12065230,CIENCIA DE DATOS E INTELIGENCIA ARTIFICIAL,Periodo 2026 - 1S,CUARTO SEMESTRE,LEGALIZADA,ADMINISTRACIÓN DE BASES DE DATOS,1,0.0,6.66,0.0,0.0,0.0,,41,
12065230,CIENCIA DE DATOS E INTELIGENCIA ARTIFICIAL,Periodo 2026 - 1S,CUARTO SEMESTRE,LEGALIZADA,METAHEURÍSTICAS,1,0.0,0.0,0.0,0.0,0.0,,41,
41653656,CIENCIA DE DATOS E INTELIGENCIA ARTIFICIAL,Periodo 2024 - 2S,PRIMER SEMESTRE,LEGALIZADA,PROGRAMACIÓN 1,2,50.0,6.75,7.88,0.0,7.31,APROBADO,41,
41653656,CIENCIA DE DATOS E INTELIGENCIA ARTIFICIAL,Periodo 2024 -1S,PRIMER SEMESTRE,LEGALIZADA,ÁLGEBRA LINEAL,1,53.0,9.88,8.96,0.0,9.42,APROBADO,41,
41653656,CIENCIA DE DATOS E INTELIGENCIA ARTIFICIAL,Periodo 2024 -1S,PRIMER SEMESTRE,LEGALIZADA,CÁLCULO EN UNA VARIABLE,1,97.0,6.82,6.99,9.0,7.95,APROBADO,41,1.0
41653656,CIENCIA DE DATOS E INTELIGENCIA ARTIFICIAL,Periodo 2024 -1S,PRIMER SEMESTRE,LEGALIZADA,COMUNICACIÓN EFECTIVA,1,9.0,8.75,5.88,0.0,7.31,APROBADO,41,
41653656,CIENCIA DE DATOS E INTELIGENCIA ARTIFICIAL,Periodo 2024 -1S,PRIMER SEMESTRE,LEGALIZADA,FUNDAMENTOS DE METODOLOGÍA DE LA INVESTIGACIÓN,1,100.0,9.19,6.94,0.0,8.06,APROBADO,41,
41653656,CIENCIA DE DATOS E INTELIGENCIA ARTIFICIAL,Periodo 2024 -1S,PRIMER SEMESTRE,LEGALIZADA,PROGRAMACIÓN 1,1,10.0,7.28,0.0,0.0,3.64,REPROBADO,41,
41653656,CIENCIA DE DATOS E INTELIGENCIA ARTIFICIAL,Periodo 2025 - 1S,SEGUNDO SEMESTRE,LEGALIZADA,ESTRUCTURA DE DATOS,1,50.0,8.14,8.4,0.0,8.27,APROBADO,41,
41653656,CIENCIA DE DATOS E INTELIGENCIA ARTIFICIAL,Periodo 2025 - 1S,SEGUNDO SEMESTRE,LEGALIZADA,FUNDAMENTOS DE CIENCIA DE DATOS E INTELIGENCIA ARTIFICIAL,1,44.0,5.84,5.38,0.0,5.61,REPROBADO,41,
41653656,CIENCIA DE DATOS E INTELIGENCIA ARTIFICIAL,Periodo 2025 - 1S,SEGUNDO SEMESTRE,LEGALIZADA,HABILIDADES PARA LA VIDA,1,50.0,9.8,7.28,0.0,8.54,APROBADO,41,
41653656,CIENCIA DE DATOS E INTELIGENCIA ARTIFICIAL,Periodo 2025 - 1S,SEGUNDO SEMESTRE,LEGALIZADA,PROBABILIDAD Y ESTADÍSTICA,1,31.0,5.32,7.89,0.0,6.6,REPROBADO,41,
41653656,CIENCIA DE DATOS E INTELIGENCIA ARTIFICIAL,Periodo 2025 - 1S,SEGUNDO SEMESTRE,LEGALIZADA,PROGRAMACIÓN 2,1,100.0,6.85,7.95,0.0,7.4,APROBADO,41,
41653656,CIENCIA DE DATOS E INTELIGENCIA ARTIFICIAL,Periodo 2025 - 2S,SEGUNDO SEMESTRE,LEGALIZADA,FUNDAMENTOS DE CIENCIA DE DATOS E INTELIGENCIA ARTIFICIAL,2,50.0,4.27,6.92,10.0,7.79,APROBADO,41,
41653656,CIENCIA DE DATOS E INTELIGENCIA ARTIFICIAL,Periodo 2025 - 2S,SEGUNDO SEMESTRE,LEGALIZADA,PROBABILIDAD Y ESTADÍSTICA,2,56.0,7.42,8.16,0.0,7.79,APROBADO,41,
41653656,CIENCIA DE DATOS E INTELIGENCIA ARTIFICIAL,Periodo 2026 - 1S,TERCER SEMESTRE,LEGALIZADA,CÁLCULO EN VARIAS VARIABLES,1,0.0,0.0,0.0,0.0,0.0,,41,
41653656,CIENCIA DE DATOS E INTELIGENCIA ARTIFICIAL,Periodo 2026 - 1S,TERCER SEMESTRE,LEGALIZADA,CULTURA DIGITAL Y SOCIEDAD,1,0.0,0.0,0.0,0.0,0.0,,41,
41653656,CIENCIA DE DATOS E INTELIGENCIA ARTIFICIAL,Periodo 2026 - 1S,TERCER SEMESTRE,LEGALIZADA,DISEÑO EXPERIMENTAL,1,0.0,8.82,0.0,0.0,0.0,,41,
41653656,CIENCIA DE DATOS E INTELIGENCIA ARTIFICIAL,Periodo 2026 - 1S,TERCER SEMESTRE,LEGALIZADA,FUNDAMENTOS DE BASE DE DATOS,1,0.0,0.0,0.0,0.0,0.0,,41,
41653656,CIENCIA DE DATOS E INTELIGENCIA ARTIFICIAL,Periodo 2026 - 1S,TERCER SEMESTRE,LEGALIZADA,MODELAMIENTO,1,0.0,0.0,0.0,0.0,0.0,,41,
24708225,CIENCIA DE DATOS E INTELIGENCIA ARTIFICIAL,Periodo 2024 - 2S,SEGUNDO SEMESTRE,LEGALIZADA,ESTRUCTURA DE DATOS,1,100.0,9.8,9.96,0.0,9.88,APROBADO,41,
24708225,CIENCIA DE DATOS E INTELIGENCIA ARTIFICIAL,Periodo 2024 - 2S,SEGUNDO SEMESTRE,LEGALIZADA,FUNDAMENTOS DE CIENCIA DE DATOS E INTELIGENCIA ARTIFICIAL,1,100.0,9.93,9.25,0.0,9.59,APROBADO,41,
24708225,CIENCIA DE DATOS E INTELIGENCIA ARTIFICIAL,Periodo 2024 - 2S,SEGUNDO SEMESTRE,LEGALIZADA,HABILIDADES PARA LA VIDA,1,94.0,9.71,10.0,0.0,9.85,APROBADO,41,
24708225,CIENCIA DE DATOS E INTELIGENCIA ARTIFICIAL,Periodo 2024 - 2S,SEGUNDO SEMESTRE,LEGALIZADA,PROBABILIDAD Y ESTADÍSTICA,1,93.0,9.2,9.54,0.0,9.37,APROBADO,41,
24708225,CIENCIA DE DATOS E INTELIGENCIA ARTIFICIAL,Periodo 2024 - 2S,SEGUNDO SEMESTRE,LEGALIZADA,PROGRAMACIÓN 2,1,100.0,9.98,9.97,0.0,9.97,APROBADO,41,
24708225,CIENCIA DE DATOS E INTELIGENCIA ARTIFICIAL,Periodo 2024 -1S,PRIMER SEMESTRE,LEGALIZADA,ÁLGEBRA LINEAL,1,100.0,9.31,9.96,0.0,9.63,APROBADO,41,10.0
24708225,CIENCIA DE DATOS E INTELIGENCIA ARTIFICIAL,Periodo 2024 -1S,PRIMER SEMESTRE,LEGALIZADA,CÁLCULO EN UNA VARIABLE,1,97.0,9.51,9.78,0.0,9.64,APROBADO,41,4.0
24708225,CIENCIA DE DATOS E INTELIGENCIA ARTIFICIAL,Periodo 2024 -1S,PRIMER SEMESTRE,LEGALIZADA,COMUNICACIÓN EFECTIVA,1,89.0,9.08,8.63,0.0,8.85,APROBADO,41,1.0
24708225,CIENCIA DE DATOS E INTELIGENCIA ARTIFICIAL,Periodo 2024 -1S,PRIMER SEMESTRE,LEGALIZADA,FUNDAMENTOS DE METODOLOGÍA DE LA INVESTIGACIÓN,1,82.0,9.14,8.36,0.0,8.75,APROBADO,41,10.0
24708225,CIENCIA DE DATOS E INTELIGENCIA ARTIFICIAL,Periodo 2024 -1S,PRIMER SEMESTRE,LEGALIZADA,PROGRAMACIÓN 1,1,97.0,9.49,9.17,0.0,9.33,APROBADO,41,
24708225,CIENCIA DE DATOS E INTELIGENCIA ARTIFICIAL,Periodo 2025 - 1S,TERCER SEMESTRE,LEGALIZADA,CÁLCULO EN VARIAS VARIABLES,1,94.0,9.86,9.82,0.0,9.84,APROBADO,41,
24708225,CIENCIA DE DATOS E INTELIGENCIA ARTIFICIAL,Periodo 2025 - 1S,TERCER SEMESTRE,LEGALIZADA,CULTURA DIGITAL Y SOCIEDAD,1,93.0,9.98,10.0,0.0,9.99,APROBADO,41,
24708225,CIENCIA DE DATOS E INTELIGENCIA ARTIFICIAL,Periodo 2025 - 1S,TERCER SEMESTRE,LEGALIZADA,DISEÑO EXPERIMENTAL,1,81.0,9.85,9.02,0.0,9.43,APROBADO,41,
24708225,CIENCIA DE DATOS E INTELIGENCIA ARTIFICIAL,Periodo 2025 - 1S,TERCER SEMESTRE,LEGALIZADA,FUNDAMENTOS DE BASE DE DATOS,1,100.0,9.7,9.05,0.0,9.37,APROBADO,41,
24708225,CIENCIA DE DATOS E INTELIGENCIA ARTIFICIAL,Periodo 2025 - 1S,TERCER SEMESTRE,LEGALIZADA,MODELAMIENTO,1,100.0,9.87,9.78,0.0,9.82,APROBADO,41,
24708225,CIENCIA DE DATOS E INTELIGENCIA ARTIFICIAL,Periodo 2025 - 2S,CUARTO SEMESTRE,LEGALIZADA,ADMINISTRACIÓN DE BASES DE DATOS,1,100.0,8.56,9.75,0.0,9.15,APROBADO,41,
24708225,CIENCIA DE DATOS E INTELIGENCIA ARTIFICIAL,Periodo 2025 - 2S,CUARTO SEMESTRE,LEGALIZADA,MACHINE LEARNING 1,1,100.0,9.67,9.98,0.0,9.82,APROBADO,41,
24708225,CIENCIA DE DATOS E INTELIGENCIA ARTIFICIAL,Periodo 2025 - 2S,CUARTO SEMESTRE,LEGALIZADA,METAHEURÍSTICAS,1,92.0,9.58,9.53,0.0,9.55,APROBADO,41,
24708225,CIENCIA DE DATOS E INTELIGENCIA ARTIFICIAL,Periodo 2025 - 2S,CUARTO SEMESTRE,LEGALIZADA,METODOLOGÍAS DE ANALÍTICA DE DATOS,1,93.0,9.52,8.81,0.0,9.16,APROBADO,41,
24708225,CIENCIA DE DATOS E INTELIGENCIA ARTIFICIAL,Periodo 2025 - 2S,CUARTO SEMESTRE,LEGALIZADA,MÉTODOS NUMÉRICOS Y PROBLEMAS COMPLEJOS,1,87.0,9.73,9.18,0.0,9.45,APROBADO,41,
24708225,CIENCIA DE DATOS E INTELIGENCIA ARTIFICIAL,Periodo 2026 - 1S,QUINTO SEMESTRE,LEGALIZADA,ALMACÉN DE DATOS,1,0.0,0.0,0.0,0.0,0.0,,41,
24708225,CIENCIA DE DATOS E INTELIGENCIA ARTIFICIAL,Periodo 2026 - 1S,QUINTO SEMESTRE,LEGALIZADA,COMPUTACIÓN EN LA NUBE,1,0.0,9.65,0.0,0.0,0.0,,41,
24708225,CIENCIA DE DATOS E INTELIGENCIA ARTIFICIAL,Periodo 2026 - 1S,QUINTO SEMESTRE,LEGALIZADA,INGENIERÍA DE SOFTWARE,1,0.0,8.37,0.0,0.0,0.0,,41,
24708225,CIENCIA DE DATOS E INTELIGENCIA ARTIFICIAL,Periodo 2026 - 1S,QUINTO SEMESTRE,LEGALIZADA,MACHINE LEARNING 2,1,0.0,0.0,0.0,0.0,0.0,,41,
24708225,CIENCIA DE DATOS E INTELIGENCIA ARTIFICIAL,Periodo 2026 - 1S,QUINTO SEMESTRE,LEGALIZADA,REDACCIÓN CIENTÍFICA,1,0.0,0.0,0.0,0.0,0.0,,41,
82317611,CIENCIA DE DATOS E INTELIGENCIA ARTIFICIAL,Periodo 2025 - 1S,PRIMER SEMESTRE,LEGALIZADA,ÁLGEBRA LINEAL,1,75.0,7.46,9.15,0.0,8.3,APROBADO,41,
82317611,CIENCIA DE DATOS E INTELIGENCIA ARTIFICIAL,Periodo 2025 - 1S,PRIMER SEMESTRE,LEGALIZADA,CÁLCULO EN UNA VARIABLE,1,81.0,8.48,8.42,0.0,8.45,APROBADO,41,
82317611,CIENCIA DE DATOS E INTELIGENCIA ARTIFICIAL,Periodo 2025 - 1S,PRIMER SEMESTRE,LEGALIZADA,COMUNICACIÓN EFECTIVA,1,75.0,8.73,8.85,0.0,8.79,APROBADO,41,
82317611,CIENCIA DE DATOS E INTELIGENCIA ARTIFICIAL,Periodo 2025 - 1S,PRIMER SEMESTRE,LEGALIZADA,FUNDAMENTOS DE METODOLOGÍA DE LA INVESTIGACIÓN,1,100.0,9.39,8.53,0.0,8.96,APROBADO,41,
82317611,CIENCIA DE DATOS E INTELIGENCIA ARTIFICIAL,Periodo 2025 - 1S,PRIMER SEMESTRE,LEGALIZADA,PROGRAMACIÓN 1,1,86.0,8.71,8.24,0.0,8.47,APROBADO,41,
82317611,CIENCIA DE DATOS E INTELIGENCIA ARTIFICIAL,Periodo 2025 - 2S,SEGUNDO SEMESTRE,LEGALIZADA,ESTRUCTURA DE DATOS,1,83.0,8.13,9.6,0.0,8.86,APROBADO,41,
82317611,CIENCIA DE DATOS E INTELIGENCIA ARTIFICIAL,Periodo 2025 - 2S,SEGUNDO SEMESTRE,LEGALIZADA,FUNDAMENTOS DE CIENCIA DE DATOS E INTELIGENCIA ARTIFICIAL,1,67.0,8.81,7.89,0.0,8.35,APROBADO,41,
82317611,CIENCIA DE DATOS E INTELIGENCIA ARTIFICIAL,Periodo 2025 - 2S,SEGUNDO SEMESTRE,LEGALIZADA,HABILIDADES PARA LA VIDA,1,69.0,9.21,9.11,0.0,9.16,APROBADO,41,
82317611,CIENCIA DE DATOS E INTELIGENCIA ARTIFICIAL,Periodo 2025 - 2S,SEGUNDO SEMESTRE,LEGALIZADA,PROBABILIDAD Y ESTADÍSTICA,1,63.0,8.91,8.58,0.0,8.74,APROBADO,41,
82317611,CIENCIA DE DATOS E INTELIGENCIA ARTIFICIAL,Periodo 2025 - 2S,SEGUNDO SEMESTRE,LEGALIZADA,PROGRAMACIÓN 2,1,92.0,8.72,9.03,0.0,8.87,APROBADO,41,
82317611,CIENCIA DE DATOS E INTELIGENCIA ARTIFICIAL,Periodo 2026 - 1S,TERCER SEMESTRE,LEGALIZADA,CÁLCULO EN VARIAS VARIABLES,1,0.0,0.0,0.0,0.0,0.0,,41,
82317611,CIENCIA DE DATOS E INTELIGENCIA ARTIFICIAL,Periodo 2026 - 1S,TERCER SEMESTRE,LEGALIZADA,CULTURA DIGITAL Y SOCIEDAD,1,0.0,0.0,0.0,0.0,0.0,,41,
82317611,CIENCIA DE DATOS E INTELIGENCIA ARTIFICIAL,Periodo 2026 - 1S,TERCER SEMESTRE,LEGALIZADA,DISEÑO EXPERIMENTAL,1,0.0,9.34,0.0,0.0,0.0,,41,
82317611,CIENCIA DE DATOS E INTELIGENCIA ARTIFICIAL,Periodo 2026 - 1S,TERCER SEMESTRE,LEGALIZADA,FUNDAMENTOS DE BASE DE DATOS,1,0.0,0.0,0.0,0.0,0.0,,41,
82317611,CIENCIA DE DATOS E INTELIGENCIA ARTIFICIAL,Periodo 2026 - 1S,TERCER SEMESTRE,LEGALIZADA,MODELAMIENTO,1,0.0,0.0,0.0,0.0,0.0,,41,
76418691,CIENCIA DE DATOS E INTELIGENCIA ARTIFICIAL,Periodo 2024 - 2S,SEGUNDO SEMESTRE,LEGALIZADA,ESTRUCTURA DE DATOS,1,100.0,9.0,8.67,0.0,8.83,APROBADO,41,
76418691,CIENCIA DE DATOS E INTELIGENCIA ARTIFICIAL,Periodo 2024 - 2S,SEGUNDO SEMESTRE,LEGALIZADA,FUNDAMENTOS DE CIENCIA DE DATOS E INTELIGENCIA ARTIFICIAL,1,80.0,8.75,7.66,0.0,8.2,APROBADO,41,
76418691,CIENCIA DE DATOS E INTELIGENCIA ARTIFICIAL,Periodo 2024 - 2S,SEGUNDO SEMESTRE,LEGALIZADA,HABILIDADES PARA LA VIDA,1,86.0,7.56,8.06,0.0,7.81,APROBADO,41,
76418691,CIENCIA DE DATOS E INTELIGENCIA ARTIFICIAL,Periodo 2024 - 2S,SEGUNDO SEMESTRE,LEGALIZADA,PROBABILIDAD Y ESTADÍSTICA,1,81.0,7.91,8.27,0.0,8.09,APROBADO,41,
76418691,CIENCIA DE DATOS E INTELIGENCIA ARTIFICIAL,Periodo 2024 - 2S,SEGUNDO SEMESTRE,LEGALIZADA,PROGRAMACIÓN 2,1,93.0,7.91,9.83,0.0,8.87,APROBADO,41,
76418691,CIENCIA DE DATOS E INTELIGENCIA ARTIFICIAL,Periodo 2024 -1S,PRIMER SEMESTRE,LEGALIZADA,ÁLGEBRA LINEAL,1,94.0,9.0,9.92,0.0,9.46,APROBADO,41,
76418691,CIENCIA DE DATOS E INTELIGENCIA ARTIFICIAL,Periodo 2024 -1S,PRIMER SEMESTRE,LEGALIZADA,CÁLCULO EN UNA VARIABLE,1,90.0,9.3,8.61,0.0,8.95,APROBADO,41,3.0
76418691,CIENCIA DE DATOS E INTELIGENCIA ARTIFICIAL,Periodo 2024 -1S,PRIMER SEMESTRE,LEGALIZADA,COMUNICACIÓN EFECTIVA,1,91.0,9.65,8.96,0.0,9.3,APROBADO,41,
76418691,CIENCIA DE DATOS E INTELIGENCIA ARTIFICIAL,Periodo 2024 -1S,PRIMER SEMESTRE,LEGALIZADA,FUNDAMENTOS DE METODOLOGÍA DE LA INVESTIGACIÓN,1,100.0,9.52,8.8,0.0,9.16,APROBADO,41,
76418691,CIENCIA DE DATOS E INTELIGENCIA ARTIFICIAL,Periodo 2024 -1S,PRIMER SEMESTRE,LEGALIZADA,PROGRAMACIÓN 1,1,84.0,8.24,9.69,0.0,8.96,APROBADO,41,
76418691,CIENCIA DE DATOS E INTELIGENCIA ARTIFICIAL,Periodo 2025 - 1S,TERCER SEMESTRE,LEGALIZADA,CÁLCULO EN VARIAS VARIABLES,1,81.0,7.92,8.04,0.0,7.98,APROBADO,41,
76418691,CIENCIA DE DATOS E INTELIGENCIA ARTIFICIAL,Periodo 2025 - 1S,TERCER SEMESTRE,LEGALIZADA,CULTURA DIGITAL Y SOCIEDAD,1,93.0,6.23,9.6,0.0,7.91,APROBADO,41,
76418691,CIENCIA DE DATOS E INTELIGENCIA ARTIFICIAL,Periodo 2025 - 1S,TERCER SEMESTRE,LEGALIZADA,DISEÑO EXPERIMENTAL,1,56.0,7.63,7.52,0.0,7.57,APROBADO,41,
76418691,CIENCIA DE DATOS E INTELIGENCIA ARTIFICIAL,Periodo 2025 - 1S,TERCER SEMESTRE,LEGALIZADA,FUNDAMENTOS DE BASE DE DATOS,1,81.0,7.57,7.71,0.0,7.64,APROBADO,41,
76418691,CIENCIA DE DATOS E INTELIGENCIA ARTIFICIAL,Periodo 2025 - 1S,TERCER SEMESTRE,LEGALIZADA,MODELAMIENTO,1,79.0,6.66,7.49,0.0,7.07,APROBADO,41,
76418691,CIENCIA DE DATOS E INTELIGENCIA ARTIFICIAL,Periodo 2025 - 2S,CUARTO SEMESTRE,LEGALIZADA,ADMINISTRACIÓN DE BASES DE DATOS,1,100.0,6.81,9.7,0.0,8.25,APROBADO,41,
76418691,CIENCIA DE DATOS E INTELIGENCIA ARTIFICIAL,Periodo 2025 - 2S,CUARTO SEMESTRE,LEGALIZADA,MACHINE LEARNING 1,1,100.0,9.44,9.98,0.0,9.71,APROBADO,41,
76418691,CIENCIA DE DATOS E INTELIGENCIA ARTIFICIAL,Periodo 2025 - 2S,CUARTO SEMESTRE,LEGALIZADA,METAHEURÍSTICAS,1,85.0,9.38,9.61,0.0,9.49,APROBADO,41,
76418691,CIENCIA DE DATOS E INTELIGENCIA ARTIFICIAL,Periodo 2025 - 2S,CUARTO SEMESTRE,LEGALIZADA,METODOLOGÍAS DE ANALÍTICA DE DATOS,1,87.0,9.54,9.34,0.0,9.44,APROBADO,41,
76418691,CIENCIA DE DATOS E INTELIGENCIA ARTIFICIAL,Periodo 2025 - 2S,CUARTO SEMESTRE,LEGALIZADA,MÉTODOS NUMÉRICOS Y PROBLEMAS COMPLEJOS,1,67.0,9.13,9.18,0.0,9.15,APROBADO,41,
76418691,CIENCIA DE DATOS E INTELIGENCIA ARTIFICIAL,Periodo 2026 - 1S,QUINTO SEMESTRE,LEGALIZADA,ALMACÉN DE DATOS,1,0.0,0.0,0.0,0.0,0.0,,41,
76418691,CIENCIA DE DATOS E INTELIGENCIA ARTIFICIAL,Periodo 2026 - 1S,QUINTO SEMESTRE,LEGALIZADA,COMPUTACIÓN EN LA NUBE,1,0.0,9.94,0.0,0.0,0.0,,41,
76418691,CIENCIA DE DATOS E INTELIGENCIA ARTIFICIAL,Periodo 2026 - 1S,QUINTO SEMESTRE,LEGALIZADA,INGENIERÍA DE SOFTWARE,1,0.0,8.5,0.0,0.0,0.0,,41,
76418691,CIENCIA DE DATOS E INTELIGENCIA ARTIFICIAL,Periodo 2026 - 1S,QUINTO SEMESTRE,LEGALIZADA,MACHINE LEARNING 2,1,0.0,0.0,0.0,0.0,0.0,,41,
76418691,CIENCIA DE DATOS E INTELIGENCIA ARTIFICIAL,Periodo 2026 - 1S,QUINTO SEMESTRE,LEGALIZADA,REDACCIÓN CIENTÍFICA,1,0.0,0.0,0.0,0.0,0.0,,41,
87709573,CIENCIA DE DATOS E INTELIGENCIA ARTIFICIAL,Periodo 2024 - 2S,SEGUNDO SEMESTRE,LEGALIZADA,ESTRUCTURA DE DATOS,1,100.0,9.85,9.84,0.0,9.84,APROBADO,41,
87709573,CIENCIA DE DATOS E INTELIGENCIA ARTIFICIAL,Periodo 2024 - 2S,SEGUNDO SEMESTRE,LEGALIZADA,FUNDAMENTOS DE CIENCIA DE DATOS E INTELIGENCIA ARTIFICIAL,1,100.0,9.56,10.0,0.0,9.78,APROBADO,41,
87709573,CIENCIA DE DATOS E INTELIGENCIA ARTIFICIAL,Periodo 2024 - 2S,SEGUNDO SEMESTRE,LEGALIZADA,HABILIDADES PARA LA VIDA,1,100.0,9.98,9.96,0.0,9.97,APROBADO,41,
87709573,CIENCIA DE DATOS E INTELIGENCIA ARTIFICIAL,Periodo 2024 - 2S,SEGUNDO SEMESTRE,LEGALIZADA,PROBABILIDAD Y ESTADÍSTICA,1,93.0,9.15,9.91,0.0,9.53,APROBADO,41,
87709573,CIENCIA DE DATOS E INTELIGENCIA ARTIFICIAL,Periodo 2024 - 2S,SEGUNDO SEMESTRE,LEGALIZADA,PROGRAMACIÓN 2,1,100.0,10.0,10.0,0.0,10.0,APROBADO,41,
87709573,CIENCIA DE DATOS E INTELIGENCIA ARTIFICIAL,Periodo 2024 -1S,PRIMER SEMESTRE,LEGALIZADA,ÁLGEBRA LINEAL,1,100.0,9.65,9.65,0.0,9.65,APROBADO,41,1.0
87709573,CIENCIA DE DATOS E INTELIGENCIA ARTIFICIAL,Periodo 2024 -1S,PRIMER SEMESTRE,LEGALIZADA,CÁLCULO EN UNA VARIABLE,1,98.0,8.83,9.56,0.0,9.19,APROBADO,41,2.0
87709573,CIENCIA DE DATOS E INTELIGENCIA ARTIFICIAL,Periodo 2024 -1S,PRIMER SEMESTRE,LEGALIZADA,COMUNICACIÓN EFECTIVA,1,89.0,9.62,7.4,0.0,8.51,APROBADO,41,
87709573,CIENCIA DE DATOS E INTELIGENCIA ARTIFICIAL,Periodo 2024 -1S,PRIMER SEMESTRE,LEGALIZADA,FUNDAMENTOS DE METODOLOGÍA DE LA INVESTIGACIÓN,1,95.0,8.92,9.6,0.0,9.26,APROBADO,41,18.0
87709573,CIENCIA DE DATOS E INTELIGENCIA ARTIFICIAL,Periodo 2024 -1S,PRIMER SEMESTRE,LEGALIZADA,PROGRAMACIÓN 1,1,100.0,9.24,9.94,0.0,9.59,APROBADO,41,
87709573,CIENCIA DE DATOS E INTELIGENCIA ARTIFICIAL,Periodo 2025 - 1S,TERCER SEMESTRE,LEGALIZADA,CÁLCULO EN VARIAS VARIABLES,1,94.0,8.58,9.79,0.0,9.18,APROBADO,41,
87709573,CIENCIA DE DATOS E INTELIGENCIA ARTIFICIAL,Periodo 2025 - 1S,TERCER SEMESTRE,LEGALIZADA,CULTURA DIGITAL Y SOCIEDAD,1,100.0,9.89,10.0,0.0,9.94,APROBADO,41,
87709573,CIENCIA DE DATOS E INTELIGENCIA ARTIFICIAL,Periodo 2025 - 1S,TERCER SEMESTRE,LEGALIZADA,DISEÑO EXPERIMENTAL,1,100.0,9.8,9.44,0.0,9.62,APROBADO,41,
87709573,CIENCIA DE DATOS E INTELIGENCIA ARTIFICIAL,Periodo 2025 - 1S,TERCER SEMESTRE,LEGALIZADA,FUNDAMENTOS DE BASE DE DATOS,1,100.0,9.93,9.3,0.0,9.61,APROBADO,41,
87709573,CIENCIA DE DATOS E INTELIGENCIA ARTIFICIAL,Periodo 2025 - 1S,TERCER SEMESTRE,LEGALIZADA,MODELAMIENTO,1,100.0,9.79,9.64,0.0,9.71,APROBADO,41,
87709573,CIENCIA DE DATOS E INTELIGENCIA ARTIFICIAL,Periodo 2025 - 2S,CUARTO SEMESTRE,LEGALIZADA,ADMINISTRACIÓN DE BASES DE DATOS,1,100.0,9.18,9.89,0.0,9.53,APROBADO,41,
87709573,CIENCIA DE DATOS E INTELIGENCIA ARTIFICIAL,Periodo 2025 - 2S,CUARTO SEMESTRE,LEGALIZADA,MACHINE LEARNING 1,1,100.0,9.9,9.75,0.0,9.82,APROBADO,41,
87709573,CIENCIA DE DATOS E INTELIGENCIA ARTIFICIAL,Periodo 2025 - 2S,CUARTO SEMESTRE,LEGALIZADA,METAHEURÍSTICAS,1,100.0,9.4,9.57,0.0,9.48,APROBADO,41,
87709573,CIENCIA DE DATOS E INTELIGENCIA ARTIFICIAL,Periodo 2025 - 2S,CUARTO SEMESTRE,LEGALIZADA,METODOLOGÍAS DE ANALÍTICA DE DATOS,1,93.0,9.52,9.3,0.0,9.41,APROBADO,41,
87709573,CIENCIA DE DATOS E INTELIGENCIA ARTIFICIAL,Periodo 2025 - 2S,CUARTO SEMESTRE,LEGALIZADA,MÉTODOS NUMÉRICOS Y PROBLEMAS COMPLEJOS,1,100.0,9.92,9.84,0.0,9.88,APROBADO,41,
87709573,CIENCIA DE DATOS E INTELIGENCIA ARTIFICIAL,Periodo 2026 - 1S,QUINTO SEMESTRE,LEGALIZADA,ALMACÉN DE DATOS,1,0.0,0.0,0.0,0.0,0.0,,41,
87709573,CIENCIA DE DATOS E INTELIGENCIA ARTIFICIAL,Periodo 2026 - 1S,QUINTO SEMESTRE,LEGALIZADA,COMPUTACIÓN EN LA NUBE,1,0.0,9.43,0.0,0.0,0.0,,41,
87709573,CIENCIA DE DATOS E INTELIGENCIA ARTIFICIAL,Periodo 2026 - 1S,QUINTO SEMESTRE,LEGALIZADA,INGENIERÍA DE SOFTWARE,1,0.0,8.64,0.0,0.0,0.0,,41,
87709573,CIENCIA DE DATOS E INTELIGENCIA ARTIFICIAL,Periodo 2026 - 1S,QUINTO SEMESTRE,LEGALIZADA,MACHINE LEARNING 2,1,0.0,0.0,0.0,0.0,0.0,,41,
87709573,CIENCIA DE DATOS E INTELIGENCIA ARTIFICIAL,Periodo 2026 - 1S,QUINTO SEMESTRE,LEGALIZADA,REDACCIÓN CIENTÍFICA,1,0.0,0.0,0.0,0.0,0.0,,41,
91640710,CIENCIA DE DATOS E INTELIGENCIA ARTIFICIAL,Periodo 2024 - 2S,SEGUNDO SEMESTRE,LEGALIZADA,ESTRUCTURA DE DATOS,1,93.0,8.22,9.34,0.0,8.78,APROBADO,41,
91640710,CIENCIA DE DATOS E INTELIGENCIA ARTIFICIAL,Periodo 2024 - 2S,SEGUNDO SEMESTRE,LEGALIZADA,FUNDAMENTOS DE CIENCIA DE DATOS E INTELIGENCIA ARTIFICIAL,1,100.0,7.46,9.04,0.0,8.25,APROBADO,41,
91640710,CIENCIA DE DATOS E INTELIGENCIA ARTIFICIAL,Periodo 2024 - 2S,SEGUNDO SEMESTRE,LEGALIZADA,HABILIDADES PARA LA VIDA,1,94.0,8.62,9.34,0.0,8.98,APROBADO,41,
91640710,CIENCIA DE DATOS E INTELIGENCIA ARTIFICIAL,Periodo 2024 - 2S,SEGUNDO SEMESTRE,LEGALIZADA,PROBABILIDAD Y ESTADÍSTICA,1,93.0,8.31,7.35,0.0,7.83,APROBADO,41,
91640710,CIENCIA DE DATOS E INTELIGENCIA ARTIFICIAL,Periodo 2024 - 2S,SEGUNDO SEMESTRE,LEGALIZADA,PROGRAMACIÓN 2,1,100.0,7.82,8.51,0.0,8.16,APROBADO,41,
91640710,CIENCIA DE DATOS E INTELIGENCIA ARTIFICIAL,Periodo 2024 -1S,PRIMER SEMESTRE,LEGALIZADA,ÁLGEBRA LINEAL,1,100.0,7.42,9.78,0.0,8.6,APROBADO,41,
91640710,CIENCIA DE DATOS E INTELIGENCIA ARTIFICIAL,Periodo 2024 -1S,PRIMER SEMESTRE,LEGALIZADA,CÁLCULO EN UNA VARIABLE,1,97.0,8.14,8.65,0.0,8.39,APROBADO,41,3.0
91640710,CIENCIA DE DATOS E INTELIGENCIA ARTIFICIAL,Periodo 2024 -1S,PRIMER SEMESTRE,LEGALIZADA,COMUNICACIÓN EFECTIVA,1,96.0,9.62,8.4,0.0,9.01,APROBADO,41,
91640710,CIENCIA DE DATOS E INTELIGENCIA ARTIFICIAL,Periodo 2024 -1S,PRIMER SEMESTRE,LEGALIZADA,FUNDAMENTOS DE METODOLOGÍA DE LA INVESTIGACIÓN,1,91.0,9.12,9.16,0.0,9.14,APROBADO,41,17.0
91640710,CIENCIA DE DATOS E INTELIGENCIA ARTIFICIAL,Periodo 2024 -1S,PRIMER SEMESTRE,LEGALIZADA,PROGRAMACIÓN 1,1,93.0,7.73,8.2,0.0,7.96,APROBADO,41,
91640710,CIENCIA DE DATOS E INTELIGENCIA ARTIFICIAL,Periodo 2025 - 1S,TERCER SEMESTRE,LEGALIZADA,CÁLCULO EN VARIAS VARIABLES,1,100.0,8.15,8.37,0.0,8.26,APROBADO,41,
91640710,CIENCIA DE DATOS E INTELIGENCIA ARTIFICIAL,Periodo 2025 - 1S,TERCER SEMESTRE,LEGALIZADA,CULTURA DIGITAL Y SOCIEDAD,1,100.0,9.87,9.8,0.0,9.83,APROBADO,41,
91640710,CIENCIA DE DATOS E INTELIGENCIA ARTIFICIAL,Periodo 2025 - 1S,TERCER SEMESTRE,LEGALIZADA,DISEÑO EXPERIMENTAL,1,100.0,8.02,8.63,0.0,8.32,APROBADO,41,
91640710,CIENCIA DE DATOS E INTELIGENCIA ARTIFICIAL,Periodo 2025 - 1S,TERCER SEMESTRE,LEGALIZADA,FUNDAMENTOS DE BASE DE DATOS,1,100.0,8.81,6.5,0.0,7.65,APROBADO,41,
91640710,CIENCIA DE DATOS E INTELIGENCIA ARTIFICIAL,Periodo 2025 - 1S,TERCER SEMESTRE,LEGALIZADA,MODELAMIENTO,1,100.0,9.47,8.2,0.0,8.83,APROBADO,41,
91640710,CIENCIA DE DATOS E INTELIGENCIA ARTIFICIAL,Periodo 2025 - 2S,CUARTO SEMESTRE,LEGALIZADA,ADMINISTRACIÓN DE BASES DE DATOS,1,100.0,8.17,9.4,0.0,8.78,APROBADO,41,
91640710,CIENCIA DE DATOS E INTELIGENCIA ARTIFICIAL,Periodo 2025 - 2S,CUARTO SEMESTRE,LEGALIZADA,MACHINE LEARNING 1,1,100.0,9.06,9.77,0.0,9.41,APROBADO,41,
91640710,CIENCIA DE DATOS E INTELIGENCIA ARTIFICIAL,Periodo 2025 - 2S,CUARTO SEMESTRE,LEGALIZADA,METAHEURÍSTICAS,1,100.0,9.51,9.49,0.0,9.5,APROBADO,41,
91640710,CIENCIA DE DATOS E INTELIGENCIA ARTIFICIAL,Periodo 2025 - 2S,CUARTO SEMESTRE,LEGALIZADA,METODOLOGÍAS DE ANALÍTICA DE DATOS,1,100.0,9.52,9.26,0.0,9.39,APROBADO,41,
91640710,CIENCIA DE DATOS E INTELIGENCIA ARTIFICIAL,Periodo 2025 - 2S,CUARTO SEMESTRE,LEGALIZADA,MÉTODOS NUMÉRICOS Y PROBLEMAS COMPLEJOS,1,100.0,9.85,9.91,0.0,9.88,APROBADO,41,
91640710,CIENCIA DE DATOS E INTELIGENCIA ARTIFICIAL,Periodo 2026 - 1S,QUINTO SEMESTRE,LEGALIZADA,ALMACÉN DE DATOS,1,0.0,0.0,0.0,0.0,0.0,,41,
91640710,CIENCIA DE DATOS E INTELIGENCIA ARTIFICIAL,Periodo 2026 - 1S,QUINTO SEMESTRE,LEGALIZADA,COMPUTACIÓN EN LA NUBE,1,0.0,9.65,0.0,0.0,0.0,,41,
91640710,CIENCIA DE DATOS E INTELIGENCIA ARTIFICIAL,Periodo 2026 - 1S,QUINTO SEMESTRE,LEGALIZADA,INGENIERÍA DE SOFTWARE,1,0.0,8.62,0.0,0.0,0.0,,41,
91640710,CIENCIA DE DATOS E INTELIGENCIA ARTIFICIAL,Periodo 2026 - 1S,QUINTO SEMESTRE,LEGALIZADA,MACHINE LEARNING 2,1,0.0,0.0,0.0,0.0,0.0,,41,
91640710,CIENCIA DE DATOS E INTELIGENCIA ARTIFICIAL,Periodo 2026 - 1S,QUINTO SEMESTRE,LEGALIZADA,REDACCIÓN CIENTÍFICA,1,0.0,0.0,0.0,0.0,0.0,,41,
74904339,CIENCIA DE DATOS E INTELIGENCIA ARTIFICIAL,Periodo 2024 - 2S,SEGUNDO SEMESTRE,LEGALIZADA,ESTRUCTURA DE DATOS,1,93.0,9.46,9.64,0.0,9.55,APROBADO,41,
74904339,CIENCIA DE DATOS E INTELIGENCIA ARTIFICIAL,Periodo 2024 - 2S,SEGUNDO SEMESTRE,LEGALIZADA,FUNDAMENTOS DE CIENCIA DE DATOS E INTELIGENCIA ARTIFICIAL,1,93.0,8.67,7.52,0.0,8.09,APROBADO,41,
74904339,CIENCIA DE DATOS E INTELIGENCIA ARTIFICIAL,Periodo 2024 - 2S,SEGUNDO SEMESTRE,LEGALIZADA,HABILIDADES PARA LA VIDA,1,69.0,8.23,9.57,0.0,8.9,APROBADO,41,
74904339,CIENCIA DE DATOS E INTELIGENCIA ARTIFICIAL,Periodo 2024 - 2S,SEGUNDO SEMESTRE,LEGALIZADA,PROBABILIDAD Y ESTADÍSTICA,1,93.0,8.09,8.89,0.0,8.49,APROBADO,41,
74904339,CIENCIA DE DATOS E INTELIGENCIA ARTIFICIAL,Periodo 2024 - 2S,SEGUNDO SEMESTRE,LEGALIZADA,PROGRAMACIÓN 2,1,100.0,8.24,8.43,0.0,8.33,APROBADO,41,
74904339,CIENCIA DE DATOS E INTELIGENCIA ARTIFICIAL,Periodo 2024 -1S,PRIMER SEMESTRE,LEGALIZADA,ÁLGEBRA LINEAL,1,100.0,8.23,8.06,0.0,8.14,APROBADO,41,
74904339,CIENCIA DE DATOS E INTELIGENCIA ARTIFICIAL,Periodo 2024 -1S,PRIMER SEMESTRE,LEGALIZADA,CÁLCULO EN UNA VARIABLE,1,82.0,7.47,8.06,0.0,7.76,APROBADO,41,
74904339,CIENCIA DE DATOS E INTELIGENCIA ARTIFICIAL,Periodo 2024 -1S,PRIMER SEMESTRE,LEGALIZADA,COMUNICACIÓN EFECTIVA,1,87.0,7.83,7.31,0.0,7.57,APROBADO,41,
74904339,CIENCIA DE DATOS E INTELIGENCIA ARTIFICIAL,Periodo 2024 -1S,PRIMER SEMESTRE,LEGALIZADA,FUNDAMENTOS DE METODOLOGÍA DE LA INVESTIGACIÓN,1,86.0,8.58,7.61,0.0,8.09,APROBADO,41,8.0
74904339,CIENCIA DE DATOS E INTELIGENCIA ARTIFICIAL,Periodo 2024 -1S,PRIMER SEMESTRE,LEGALIZADA,PROGRAMACIÓN 1,1,76.0,7.73,6.5,0.0,7.11,APROBADO,41,
74904339,CIENCIA DE DATOS E INTELIGENCIA ARTIFICIAL,Periodo 2025 - 1S,TERCER SEMESTRE,LEGALIZADA,CÁLCULO EN VARIAS VARIABLES,1,88.0,8.18,7.2,0.0,7.69,APROBADO,41,
74904339,CIENCIA DE DATOS E INTELIGENCIA ARTIFICIAL,Periodo 2025 - 1S,TERCER SEMESTRE,LEGALIZADA,CULTURA DIGITAL Y SOCIEDAD,1,79.0,7.78,8.35,0.0,8.06,APROBADO,41,
74904339,CIENCIA DE DATOS E INTELIGENCIA ARTIFICIAL,Periodo 2025 - 1S,TERCER SEMESTRE,LEGALIZADA,DISEÑO EXPERIMENTAL,1,88.0,6.95,7.32,0.0,7.13,APROBADO,41,
74904339,CIENCIA DE DATOS E INTELIGENCIA ARTIFICIAL,Periodo 2025 - 1S,TERCER SEMESTRE,LEGALIZADA,FUNDAMENTOS DE BASE DE DATOS,1,88.0,6.94,7.1,0.0,7.02,APROBADO,41,
74904339,CIENCIA DE DATOS E INTELIGENCIA ARTIFICIAL,Periodo 2025 - 1S,TERCER SEMESTRE,LEGALIZADA,MODELAMIENTO,1,93.0,8.62,6.54,0.0,7.58,APROBADO,41,
74904339,CIENCIA DE DATOS E INTELIGENCIA ARTIFICIAL,Periodo 2025 - 2S,CUARTO SEMESTRE,LEGALIZADA,ADMINISTRACIÓN DE BASES DE DATOS,1,93.0,5.45,8.7,0.0,7.07,APROBADO,41,
74904339,CIENCIA DE DATOS E INTELIGENCIA ARTIFICIAL,Periodo 2025 - 2S,CUARTO SEMESTRE,LEGALIZADA,MACHINE LEARNING 1,1,100.0,6.5,9.57,0.0,8.03,APROBADO,41,
74904339,CIENCIA DE DATOS E INTELIGENCIA ARTIFICIAL,Periodo 2025 - 2S,CUARTO SEMESTRE,LEGALIZADA,METAHEURÍSTICAS,1,100.0,9.15,9.06,0.0,9.1,APROBADO,41,
74904339,CIENCIA DE DATOS E INTELIGENCIA ARTIFICIAL,Periodo 2025 - 2S,CUARTO SEMESTRE,LEGALIZADA,METODOLOGÍAS DE ANALÍTICA DE DATOS,1,87.0,8.72,9.15,0.0,8.93,APROBADO,41,
74904339,CIENCIA DE DATOS E INTELIGENCIA ARTIFICIAL,Periodo 2025 - 2S,CUARTO SEMESTRE,LEGALIZADA,MÉTODOS NUMÉRICOS Y PROBLEMAS COMPLEJOS,1,60.0,9.19,7.79,0.0,8.49,APROBADO,41,
74904339,CIENCIA DE DATOS E INTELIGENCIA ARTIFICIAL,Periodo 2026 - 1S,QUINTO SEMESTRE,LEGALIZADA,ALMACÉN DE DATOS,1,0.0,0.0,0.0,0.0,0.0,,41,
74904339,CIENCIA DE DATOS E INTELIGENCIA ARTIFICIAL,Periodo 2026 - 1S,QUINTO SEMESTRE,LEGALIZADA,COMPUTACIÓN EN LA NUBE,1,0.0,8.78,0.0,0.0,0.0,,41,
74904339,CIENCIA DE DATOS E INTELIGENCIA ARTIFICIAL,Periodo 2026 - 1S,QUINTO SEMESTRE,LEGALIZADA,INGENIERÍA DE SOFTWARE,1,0.0,7.56,0.0,0.0,0.0,,41,
74904339,CIENCIA DE DATOS E INTELIGENCIA ARTIFICIAL,Periodo 2026 - 1S,QUINTO SEMESTRE,LEGALIZADA,MACHINE LEARNING 2,1,0.0,0.0,0.0,0.0,0.0,,41,
74904339,CIENCIA DE DATOS E INTELIGENCIA ARTIFICIAL,Periodo 2026 - 1S,QUINTO SEMESTRE,LEGALIZADA,REDACCIÓN CIENTÍFICA,1,0.0,0.0,0.0,0.0,0.0,,41,
65596712,CIENCIA DE DATOS E INTELIGENCIA ARTIFICIAL,Periodo 2024 - 2S,PRIMER SEMESTRE,LEGALIZADA,ÁLGEBRA LINEAL,1,75.0,8.96,8.06,0.0,8.51,APROBADO,41,
65596712,CIENCIA DE DATOS E INTELIGENCIA ARTIFICIAL,Periodo 2024 - 2S,PRIMER SEMESTRE,LEGALIZADA,CÁLCULO EN UNA VARIABLE,1,88.0,8.95,6.13,0.0,7.54,APROBADO,41,
65596712,CIENCIA DE DATOS E INTELIGENCIA ARTIFICIAL,Periodo 2024 - 2S,PRIMER SEMESTRE,LEGALIZADA,COMUNICACIÓN EFECTIVA,1,71.0,9.63,6.19,0.0,7.91,APROBADO,41,
65596712,CIENCIA DE DATOS E INTELIGENCIA ARTIFICIAL,Periodo 2024 - 2S,PRIMER SEMESTRE,LEGALIZADA,FUNDAMENTOS DE METODOLOGÍA DE LA INVESTIGACIÓN,1,77.0,8.35,6.34,0.0,7.34,APROBADO,41,
65596712,CIENCIA DE DATOS E INTELIGENCIA ARTIFICIAL,Periodo 2024 - 2S,PRIMER SEMESTRE,LEGALIZADA,PROGRAMACIÓN 1,1,81.0,9.88,6.56,0.0,8.22,APROBADO,41,
65596712,CIENCIA DE DATOS E INTELIGENCIA ARTIFICIAL,Periodo 2025 - 1S,SEGUNDO SEMESTRE,LEGALIZADA,ESTRUCTURA DE DATOS,1,86.0,9.9,6.49,0.0,8.19,APROBADO,41,
65596712,CIENCIA DE DATOS E INTELIGENCIA ARTIFICIAL,Periodo 2025 - 1S,SEGUNDO SEMESTRE,LEGALIZADA,FUNDAMENTOS DE CIENCIA DE DATOS E INTELIGENCIA ARTIFICIAL,1,75.0,8.2,8.15,0.0,8.17,APROBADO,41,
65596712,CIENCIA DE DATOS E INTELIGENCIA ARTIFICIAL,Periodo 2025 - 1S,SEGUNDO SEMESTRE,LEGALIZADA,HABILIDADES PARA LA VIDA,1,67.0,10.0,8.75,0.0,9.37,APROBADO,41,
65596712,CIENCIA DE DATOS E INTELIGENCIA ARTIFICIAL,Periodo 2025 - 1S,SEGUNDO SEMESTRE,LEGALIZADA,PROBABILIDAD Y ESTADÍSTICA,1,77.0,8.81,7.93,0.0,8.37,APROBADO,41,
65596712,CIENCIA DE DATOS E INTELIGENCIA ARTIFICIAL,Periodo 2025 - 1S,SEGUNDO SEMESTRE,LEGALIZADA,PROGRAMACIÓN 2,1,89.0,7.84,8.46,0.0,8.15,APROBADO,41,
65596712,CIENCIA DE DATOS E INTELIGENCIA ARTIFICIAL,Periodo 2025 - 2S,TERCER SEMESTRE,LEGALIZADA,CÁLCULO EN VARIAS VARIABLES,1,80.0,8.37,6.68,0.0,7.52,APROBADO,41,
65596712,CIENCIA DE DATOS E INTELIGENCIA ARTIFICIAL,Periodo 2025 - 2S,TERCER SEMESTRE,LEGALIZADA,CULTURA DIGITAL Y SOCIEDAD,1,93.0,10.0,10.0,0.0,10.0,APROBADO,41,
65596712,CIENCIA DE DATOS E INTELIGENCIA ARTIFICIAL,Periodo 2025 - 2S,TERCER SEMESTRE,LEGALIZADA,DISEÑO EXPERIMENTAL,1,67.0,9.75,8.1,0.0,8.92,APROBADO,41,
65596712,CIENCIA DE DATOS E INTELIGENCIA ARTIFICIAL,Periodo 2025 - 2S,TERCER SEMESTRE,LEGALIZADA,FUNDAMENTOS DE BASE DE DATOS,1,100.0,9.78,7.5,0.0,8.64,APROBADO,41,
65596712,CIENCIA DE DATOS E INTELIGENCIA ARTIFICIAL,Periodo 2025 - 2S,TERCER SEMESTRE,LEGALIZADA,MODELAMIENTO,1,100.0,8.02,7.39,0.0,7.7,APROBADO,41,
65596712,CIENCIA DE DATOS E INTELIGENCIA ARTIFICIAL,Periodo 2026 - 1S,CUARTO SEMESTRE,LEGALIZADA,ADMINISTRACIÓN DE BASES DE DATOS,1,0.0,9.28,0.0,0.0,0.0,,41,
65596712,CIENCIA DE DATOS E INTELIGENCIA ARTIFICIAL,Periodo 2026 - 1S,CUARTO SEMESTRE,LEGALIZADA,MACHINE LEARNING 1,1,0.0,0.0,0.0,0.0,0.0,,41,
65596712,CIENCIA DE DATOS E INTELIGENCIA ARTIFICIAL,Periodo 2026 - 1S,CUARTO SEMESTRE,LEGALIZADA,METAHEURÍSTICAS,1,0.0,0.0,0.0,0.0,0.0,,41,
65596712,CIENCIA DE DATOS E INTELIGENCIA ARTIFICIAL,Periodo 2026 - 1S,CUARTO SEMESTRE,LEGALIZADA,METODOLOGÍAS DE ANALÍTICA DE DATOS,1,0.0,0.0,0.0,0.0,0.0,,41,
65596712,CIENCIA DE DATOS E INTELIGENCIA ARTIFICIAL,Periodo 2026 - 1S,CUARTO SEMESTRE,LEGALIZADA,MÉTODOS NUMÉRICOS Y PROBLEMAS COMPLEJOS,1,0.0,9.95,0.0,0.0,0.0,,41,
64999019,CIENCIA DE DATOS E INTELIGENCIA ARTIFICIAL,Periodo 2024 - 2S,PRIMER SEMESTRE,LEGALIZADA,ÁLGEBRA LINEAL,1,92.0,9.16,9.14,0.0,9.15,APROBADO,41,
64999019,CIENCIA DE DATOS E INTELIGENCIA ARTIFICIAL,Periodo 2024 - 2S,PRIMER SEMESTRE,LEGALIZADA,CÁLCULO EN UNA VARIABLE,1,94.0,7.14,8.26,0.0,7.7,APROBADO,41,
64999019,CIENCIA DE DATOS E INTELIGENCIA ARTIFICIAL,Periodo 2024 - 2S,PRIMER SEMESTRE,LEGALIZADA,COMUNICACIÓN EFECTIVA,1,93.0,8.49,8.88,0.0,8.68,APROBADO,41,
64999019,CIENCIA DE DATOS E INTELIGENCIA ARTIFICIAL,Periodo 2024 - 2S,PRIMER SEMESTRE,LEGALIZADA,FUNDAMENTOS DE METODOLOGÍA DE LA INVESTIGACIÓN,1,92.0,8.64,9.64,0.0,9.14,APROBADO,41,
64999019,CIENCIA DE DATOS E INTELIGENCIA ARTIFICIAL,Periodo 2024 - 2S,PRIMER SEMESTRE,LEGALIZADA,PROGRAMACIÓN 1,1,100.0,9.03,9.6,0.0,9.31,APROBADO,41,
64999019,CIENCIA DE DATOS E INTELIGENCIA ARTIFICIAL,Periodo 2025 - 1S,SEGUNDO SEMESTRE,LEGALIZADA,ESTRUCTURA DE DATOS,1,100.0,9.74,9.81,0.0,9.77,APROBADO,41,
64999019,CIENCIA DE DATOS E INTELIGENCIA ARTIFICIAL,Periodo 2025 - 1S,SEGUNDO SEMESTRE,LEGALIZADA,FUNDAMENTOS DE CIENCIA DE DATOS E INTELIGENCIA ARTIFICIAL,1,100.0,9.41,9.48,0.0,9.44,APROBADO,41,
64999019,CIENCIA DE DATOS E INTELIGENCIA ARTIFICIAL,Periodo 2025 - 1S,SEGUNDO SEMESTRE,LEGALIZADA,HABILIDADES PARA LA VIDA,1,93.0,9.44,8.56,0.0,9.0,APROBADO,41,
64999019,CIENCIA DE DATOS E INTELIGENCIA ARTIFICIAL,Periodo 2025 - 1S,SEGUNDO SEMESTRE,LEGALIZADA,PROBABILIDAD Y ESTADÍSTICA,1,92.0,8.78,8.9,0.0,8.84,APROBADO,41,
64999019,CIENCIA DE DATOS E INTELIGENCIA ARTIFICIAL,Periodo 2025 - 1S,SEGUNDO SEMESTRE,LEGALIZADA,PROGRAMACIÓN 2,1,100.0,9.57,9.55,0.0,9.56,APROBADO,41,
64999019,CIENCIA DE DATOS E INTELIGENCIA ARTIFICIAL,Periodo 2025 - 2S,TERCER SEMESTRE,LEGALIZADA,CÁLCULO EN VARIAS VARIABLES,1,100.0,7.81,8.62,0.0,8.21,APROBADO,41,
64999019,CIENCIA DE DATOS E INTELIGENCIA ARTIFICIAL,Periodo 2025 - 2S,TERCER SEMESTRE,LEGALIZADA,CULTURA DIGITAL Y SOCIEDAD,1,100.0,9.63,9.75,0.0,9.69,APROBADO,41,
64999019,CIENCIA DE DATOS E INTELIGENCIA ARTIFICIAL,Periodo 2025 - 2S,TERCER SEMESTRE,LEGALIZADA,DISEÑO EXPERIMENTAL,1,87.0,9.73,8.94,0.0,9.33,APROBADO,41,
64999019,CIENCIA DE DATOS E INTELIGENCIA ARTIFICIAL,Periodo 2025 - 2S,TERCER SEMESTRE,LEGALIZADA,FUNDAMENTOS DE BASE DE DATOS,1,100.0,9.8,8.83,0.0,9.31,APROBADO,41,
64999019,CIENCIA DE DATOS E INTELIGENCIA ARTIFICIAL,Periodo 2025 - 2S,TERCER SEMESTRE,LEGALIZADA,MODELAMIENTO,1,100.0,8.93,8.09,0.0,8.51,APROBADO,41,
64999019,CIENCIA DE DATOS E INTELIGENCIA ARTIFICIAL,Periodo 2026 - 1S,CUARTO SEMESTRE,LEGALIZADA,ADMINISTRACIÓN DE BASES DE DATOS,1,0.0,9.57,0.0,0.0,0.0,,41,
64999019,CIENCIA DE DATOS E INTELIGENCIA ARTIFICIAL,Periodo 2026 - 1S,CUARTO SEMESTRE,LEGALIZADA,MACHINE LEARNING 1,1,0.0,0.0,0.0,0.0,0.0,,41,
64999019,CIENCIA DE DATOS E INTELIGENCIA ARTIFICIAL,Periodo 2026 - 1S,CUARTO SEMESTRE,LEGALIZADA,METAHEURÍSTICAS,1,0.0,0.0,0.0,0.0,0.0,,41,
64999019,CIENCIA DE DATOS E INTELIGENCIA ARTIFICIAL,Periodo 2026 - 1S,CUARTO SEMESTRE,LEGALIZADA,METODOLOGÍAS DE ANALÍTICA DE DATOS,1,0.0,0.0,0.0,0.0,0.0,,41,
64999019,CIENCIA DE DATOS E INTELIGENCIA ARTIFICIAL,Periodo 2026 - 1S,CUARTO SEMESTRE,LEGALIZADA,MÉTODOS NUMÉRICOS Y PROBLEMAS COMPLEJOS,1,0.0,9.69,0.0,0.0,0.0,,41,
18663576,CIENCIA DE DATOS E INTELIGENCIA ARTIFICIAL,Periodo 2024 - 2S,PRIMER SEMESTRE,LEGALIZADA,ÁLGEBRA LINEAL,1,85.0,8.89,8.32,0.0,8.6,APROBADO,41,
18663576,CIENCIA DE DATOS E INTELIGENCIA ARTIFICIAL,Periodo 2024 - 2S,PRIMER SEMESTRE,LEGALIZADA,CÁLCULO EN UNA VARIABLE,1,94.0,8.06,7.87,0.0,7.96,APROBADO,41,
18663576,CIENCIA DE DATOS E INTELIGENCIA ARTIFICIAL,Periodo 2024 - 2S,PRIMER SEMESTRE,LEGALIZADA,COMUNICACIÓN EFECTIVA,1,63.0,7.74,8.77,0.0,8.25,APROBADO,41,
18663576,CIENCIA DE DATOS E INTELIGENCIA ARTIFICIAL,Periodo 2024 - 2S,PRIMER SEMESTRE,LEGALIZADA,FUNDAMENTOS DE METODOLOGÍA DE LA INVESTIGACIÓN,1,75.0,8.51,8.77,0.0,8.64,APROBADO,41,
18663576,CIENCIA DE DATOS E INTELIGENCIA ARTIFICIAL,Periodo 2024 - 2S,PRIMER SEMESTRE,LEGALIZADA,PROGRAMACIÓN 1,1,100.0,7.21,8.46,0.0,7.83,APROBADO,41,
18663576,CIENCIA DE DATOS E INTELIGENCIA ARTIFICIAL,Periodo 2025 - 1S,SEGUNDO SEMESTRE,LEGALIZADA,ESTRUCTURA DE DATOS,1,100.0,9.5,9.08,0.0,9.29,APROBADO,41,
18663576,CIENCIA DE DATOS E INTELIGENCIA ARTIFICIAL,Periodo 2025 - 1S,SEGUNDO SEMESTRE,LEGALIZADA,FUNDAMENTOS DE CIENCIA DE DATOS E INTELIGENCIA ARTIFICIAL,1,75.0,8.4,8.93,0.0,8.66,APROBADO,41,
18663576,CIENCIA DE DATOS E INTELIGENCIA ARTIFICIAL,Periodo 2025 - 1S,SEGUNDO SEMESTRE,LEGALIZADA,HABILIDADES PARA LA VIDA,1,86.0,9.89,9.18,0.0,9.53,APROBADO,41,
18663576,CIENCIA DE DATOS E INTELIGENCIA ARTIFICIAL,Periodo 2025 - 1S,SEGUNDO SEMESTRE,LEGALIZADA,PROBABILIDAD Y ESTADÍSTICA,1,94.0,8.98,8.49,0.0,8.73,APROBADO,41,
18663576,CIENCIA DE DATOS E INTELIGENCIA ARTIFICIAL,Periodo 2025 - 1S,SEGUNDO SEMESTRE,LEGALIZADA,PROGRAMACIÓN 2,1,100.0,9.56,8.67,0.0,9.11,APROBADO,41,
18663576,CIENCIA DE DATOS E INTELIGENCIA ARTIFICIAL,Periodo 2025 - 2S,TERCER SEMESTRE,LEGALIZADA,CÁLCULO EN VARIAS VARIABLES,1,100.0,7.62,9.44,0.0,8.53,APROBADO,41,
18663576,CIENCIA DE DATOS E INTELIGENCIA ARTIFICIAL,Periodo 2025 - 2S,TERCER SEMESTRE,LEGALIZADA,CULTURA DIGITAL Y SOCIEDAD,1,93.0,9.65,9.85,0.0,9.75,APROBADO,41,
18663576,CIENCIA DE DATOS E INTELIGENCIA ARTIFICIAL,Periodo 2025 - 2S,TERCER SEMESTRE,LEGALIZADA,DISEÑO EXPERIMENTAL,1,87.0,9.83,9.64,0.0,9.73,APROBADO,41,
18663576,CIENCIA DE DATOS E INTELIGENCIA ARTIFICIAL,Periodo 2025 - 2S,TERCER SEMESTRE,LEGALIZADA,FUNDAMENTOS DE BASE DE DATOS,1,100.0,7.88,8.75,0.0,8.31,APROBADO,41,
18663576,CIENCIA DE DATOS E INTELIGENCIA ARTIFICIAL,Periodo 2025 - 2S,TERCER SEMESTRE,LEGALIZADA,MODELAMIENTO,1,93.0,8.7,8.62,0.0,8.66,APROBADO,41,
18663576,CIENCIA DE DATOS E INTELIGENCIA ARTIFICIAL,Periodo 2026 - 1S,CUARTO SEMESTRE,LEGALIZADA,ADMINISTRACIÓN DE BASES DE DATOS,1,0.0,8.78,0.0,0.0,0.0,,41,
18663576,CIENCIA DE DATOS E INTELIGENCIA ARTIFICIAL,Periodo 2026 - 1S,CUARTO SEMESTRE,LEGALIZADA,MACHINE LEARNING 1,1,0.0,0.0,0.0,0.0,0.0,,41,
18663576,CIENCIA DE DATOS E INTELIGENCIA ARTIFICIAL,Periodo 2026 - 1S,CUARTO SEMESTRE,LEGALIZADA,METAHEURÍSTICAS,1,0.0,0.0,0.0,0.0,0.0,,41,
18663576,CIENCIA DE DATOS E INTELIGENCIA ARTIFICIAL,Periodo 2026 - 1S,CUARTO SEMESTRE,LEGALIZADA,METODOLOGÍAS DE ANALÍTICA DE DATOS,1,0.0,0.0,0.0,0.0,0.0,,41,
18663576,CIENCIA DE DATOS E INTELIGENCIA ARTIFICIAL,Periodo 2026 - 1S,CUARTO SEMESTRE,LEGALIZADA,MÉTODOS NUMÉRICOS Y PROBLEMAS COMPLEJOS,1,0.0,9.75,0.0,0.0,0.0,,41,
55628931,CIENCIA DE DATOS E INTELIGENCIA ARTIFICIAL,Periodo 2024 - 2S,PRIMER SEMESTRE,LEGALIZADA,ÁLGEBRA LINEAL,1,77.0,9.26,8.82,0.0,9.04,APROBADO,41,
55628931,CIENCIA DE DATOS E INTELIGENCIA ARTIFICIAL,Periodo 2024 - 2S,PRIMER SEMESTRE,LEGALIZADA,CÁLCULO EN UNA VARIABLE,1,93.0,8.52,7.47,0.0,7.99,APROBADO,41,
55628931,CIENCIA DE DATOS E INTELIGENCIA ARTIFICIAL,Periodo 2024 - 2S,PRIMER SEMESTRE,LEGALIZADA,COMUNICACIÓN EFECTIVA,1,79.0,7.76,8.35,0.0,8.05,APROBADO,41,
55628931,CIENCIA DE DATOS E INTELIGENCIA ARTIFICIAL,Periodo 2024 - 2S,PRIMER SEMESTRE,LEGALIZADA,FUNDAMENTOS DE METODOLOGÍA DE LA INVESTIGACIÓN,1,79.0,9.43,7.86,0.0,8.64,APROBADO,41,
55628931,CIENCIA DE DATOS E INTELIGENCIA ARTIFICIAL,Periodo 2024 - 2S,PRIMER SEMESTRE,LEGALIZADA,PROGRAMACIÓN 1,1,94.0,9.05,9.29,0.0,9.17,APROBADO,41,
55628931,CIENCIA DE DATOS E INTELIGENCIA ARTIFICIAL,Periodo 2025 - 1S,SEGUNDO SEMESTRE,LEGALIZADA,ESTRUCTURA DE DATOS,1,79.0,9.58,8.91,0.0,9.24,APROBADO,41,
55628931,CIENCIA DE DATOS E INTELIGENCIA ARTIFICIAL,Periodo 2025 - 1S,SEGUNDO SEMESTRE,LEGALIZADA,FUNDAMENTOS DE CIENCIA DE DATOS E INTELIGENCIA ARTIFICIAL,1,75.0,8.43,9.68,0.0,9.05,APROBADO,41,
55628931,CIENCIA DE DATOS E INTELIGENCIA ARTIFICIAL,Periodo 2025 - 1S,SEGUNDO SEMESTRE,LEGALIZADA,HABILIDADES PARA LA VIDA,1,87.0,9.78,9.93,0.0,9.85,APROBADO,41,
55628931,CIENCIA DE DATOS E INTELIGENCIA ARTIFICIAL,Periodo 2025 - 1S,SEGUNDO SEMESTRE,LEGALIZADA,PROBABILIDAD Y ESTADÍSTICA,1,62.0,8.79,9.04,0.0,8.91,APROBADO,41,
55628931,CIENCIA DE DATOS E INTELIGENCIA ARTIFICIAL,Periodo 2025 - 1S,SEGUNDO SEMESTRE,LEGALIZADA,PROGRAMACIÓN 2,1,100.0,7.97,9.81,0.0,8.89,APROBADO,41,
55628931,CIENCIA DE DATOS E INTELIGENCIA ARTIFICIAL,Periodo 2025 - 2S,TERCER SEMESTRE,LEGALIZADA,CÁLCULO EN VARIAS VARIABLES,1,93.0,8.01,9.13,0.0,8.57,APROBADO,41,
55628931,CIENCIA DE DATOS E INTELIGENCIA ARTIFICIAL,Periodo 2025 - 2S,TERCER SEMESTRE,LEGALIZADA,CULTURA DIGITAL Y SOCIEDAD,1,93.0,9.77,9.95,0.0,9.86,APROBADO,41,
55628931,CIENCIA DE DATOS E INTELIGENCIA ARTIFICIAL,Periodo 2025 - 2S,TERCER SEMESTRE,LEGALIZADA,DISEÑO EXPERIMENTAL,1,80.0,9.8,9.13,0.0,9.46,APROBADO,41,
55628931,CIENCIA DE DATOS E INTELIGENCIA ARTIFICIAL,Periodo 2025 - 2S,TERCER SEMESTRE,LEGALIZADA,FUNDAMENTOS DE BASE DE DATOS,1,94.0,9.38,9.95,0.0,9.66,APROBADO,41,
55628931,CIENCIA DE DATOS E INTELIGENCIA ARTIFICIAL,Periodo 2025 - 2S,TERCER SEMESTRE,LEGALIZADA,MODELAMIENTO,1,100.0,8.69,8.79,0.0,8.74,APROBADO,41,
55628931,CIENCIA DE DATOS E INTELIGENCIA ARTIFICIAL,Periodo 2026 - 1S,CUARTO SEMESTRE,LEGALIZADA,ADMINISTRACIÓN DE BASES DE DATOS,1,0.0,9.48,0.0,0.0,0.0,,41,
55628931,CIENCIA DE DATOS E INTELIGENCIA ARTIFICIAL,Periodo 2026 - 1S,CUARTO SEMESTRE,LEGALIZADA,MACHINE LEARNING 1,1,0.0,0.0,0.0,0.0,0.0,,41,
55628931,CIENCIA DE DATOS E INTELIGENCIA ARTIFICIAL,Periodo 2026 - 1S,CUARTO SEMESTRE,LEGALIZADA,METAHEURÍSTICAS,1,0.0,0.0,0.0,0.0,0.0,,41,
55628931,CIENCIA DE DATOS E INTELIGENCIA ARTIFICIAL,Periodo 2026 - 1S,CUARTO SEMESTRE,LEGALIZADA,METODOLOGÍAS DE ANALÍTICA DE DATOS,1,0.0,0.0,0.0,0.0,0.0,,41,
55628931,CIENCIA DE DATOS E INTELIGENCIA ARTIFICIAL,Periodo 2026 - 1S,CUARTO SEMESTRE,LEGALIZADA,MÉTODOS NUMÉRICOS Y PROBLEMAS COMPLEJOS,1,0.0,9.88,0.0,0.0,0.0,,41,
40606371,CIENCIA DE DATOS E INTELIGENCIA ARTIFICIAL,Periodo 2024 - 2S,PRIMER SEMESTRE,LEGALIZADA,ÁLGEBRA LINEAL,1,100.0,7.99,8.76,0.0,8.37,APROBADO,41,
40606371,CIENCIA DE DATOS E INTELIGENCIA ARTIFICIAL,Periodo 2024 - 2S,PRIMER SEMESTRE,LEGALIZADA,CÁLCULO EN UNA VARIABLE,1,100.0,8.51,7.54,0.0,8.02,APROBADO,41,
40606371,CIENCIA DE DATOS E INTELIGENCIA ARTIFICIAL,Periodo 2024 - 2S,PRIMER SEMESTRE,LEGALIZADA,COMUNICACIÓN EFECTIVA,1,100.0,9.46,9.7,0.0,9.58,APROBADO,41,3.0
40606371,CIENCIA DE DATOS E INTELIGENCIA ARTIFICIAL,Periodo 2024 - 2S,PRIMER SEMESTRE,LEGALIZADA,FUNDAMENTOS DE METODOLOGÍA DE LA INVESTIGACIÓN,1,92.0,9.39,9.49,0.0,9.44,APROBADO,41,
40606371,CIENCIA DE DATOS E INTELIGENCIA ARTIFICIAL,Periodo 2024 - 2S,PRIMER SEMESTRE,LEGALIZADA,PROGRAMACIÓN 1,1,100.0,9.3,9.8,0.0,9.55,APROBADO,41,
40606371,CIENCIA DE DATOS E INTELIGENCIA ARTIFICIAL,Periodo 2025 - 1S,SEGUNDO SEMESTRE,LEGALIZADA,ESTRUCTURA DE DATOS,1,100.0,9.93,9.83,0.0,9.88,APROBADO,41,
40606371,CIENCIA DE DATOS E INTELIGENCIA ARTIFICIAL,Periodo 2025 - 1S,SEGUNDO SEMESTRE,LEGALIZADA,FUNDAMENTOS DE CIENCIA DE DATOS E INTELIGENCIA ARTIFICIAL,1,94.0,9.36,9.64,0.0,9.5,APROBADO,41,
40606371,CIENCIA DE DATOS E INTELIGENCIA ARTIFICIAL,Periodo 2025 - 1S,SEGUNDO SEMESTRE,LEGALIZADA,HABILIDADES PARA LA VIDA,1,100.0,9.43,9.48,0.0,9.45,APROBADO,41,
40606371,CIENCIA DE DATOS E INTELIGENCIA ARTIFICIAL,Periodo 2025 - 1S,SEGUNDO SEMESTRE,LEGALIZADA,PROBABILIDAD Y ESTADÍSTICA,1,100.0,9.7,9.39,0.0,9.54,APROBADO,41,
40606371,CIENCIA DE DATOS E INTELIGENCIA ARTIFICIAL,Periodo 2025 - 1S,SEGUNDO SEMESTRE,LEGALIZADA,PROGRAMACIÓN 2,1,100.0,9.62,9.86,0.0,9.74,APROBADO,41,
40606371,CIENCIA DE DATOS E INTELIGENCIA ARTIFICIAL,Periodo 2025 - 2S,TERCER SEMESTRE,LEGALIZADA,CÁLCULO EN VARIAS VARIABLES,1,100.0,8.81,8.44,0.0,8.62,APROBADO,41,
40606371,CIENCIA DE DATOS E INTELIGENCIA ARTIFICIAL,Periodo 2025 - 2S,TERCER SEMESTRE,LEGALIZADA,CULTURA DIGITAL Y SOCIEDAD,1,100.0,9.81,9.95,0.0,9.88,APROBADO,41,
40606371,CIENCIA DE DATOS E INTELIGENCIA ARTIFICIAL,Periodo 2025 - 2S,TERCER SEMESTRE,LEGALIZADA,DISEÑO EXPERIMENTAL,1,93.0,9.94,9.78,0.0,9.86,APROBADO,41,
40606371,CIENCIA DE DATOS E INTELIGENCIA ARTIFICIAL,Periodo 2025 - 2S,TERCER SEMESTRE,LEGALIZADA,FUNDAMENTOS DE BASE DE DATOS,1,100.0,9.61,9.88,0.0,9.74,APROBADO,41,
40606371,CIENCIA DE DATOS E INTELIGENCIA ARTIFICIAL,Periodo 2025 - 2S,TERCER SEMESTRE,LEGALIZADA,MODELAMIENTO,1,100.0,9.16,7.48,0.0,8.32,APROBADO,41,
40606371,CIENCIA DE DATOS E INTELIGENCIA ARTIFICIAL,Periodo 2026 - 1S,CUARTO SEMESTRE,LEGALIZADA,ADMINISTRACIÓN DE BASES DE DATOS,1,0.0,9.04,0.0,0.0,0.0,,41,
40606371,CIENCIA DE DATOS E INTELIGENCIA ARTIFICIAL,Periodo 2026 - 1S,CUARTO SEMESTRE,LEGALIZADA,MACHINE LEARNING 1,1,0.0,0.0,0.0,0.0,0.0,,41,
40606371,CIENCIA DE DATOS E INTELIGENCIA ARTIFICIAL,Periodo 2026 - 1S,CUARTO SEMESTRE,LEGALIZADA,METAHEURÍSTICAS,1,0.0,0.0,0.0,0.0,0.0,,41,
40606371,CIENCIA DE DATOS E INTELIGENCIA ARTIFICIAL,Periodo 2026 - 1S,CUARTO SEMESTRE,LEGALIZADA,METODOLOGÍAS DE ANALÍTICA DE DATOS,1,0.0,0.0,0.0,0.0,0.0,,41,
40606371,CIENCIA DE DATOS E INTELIGENCIA ARTIFICIAL,Periodo 2026 - 1S,CUARTO SEMESTRE,LEGALIZADA,MÉTODOS NUMÉRICOS Y PROBLEMAS COMPLEJOS,1,0.0,9.89,0.0,0.0,0.0,,41,
40250176,CIENCIA DE DATOS E INTELIGENCIA ARTIFICIAL,Periodo 2024 - 2S,PRIMER SEMESTRE,LEGALIZADA,ÁLGEBRA LINEAL,1,62.0,8.82,9.18,0.0,9.0,APROBADO,41,
40250176,CIENCIA DE DATOS E INTELIGENCIA ARTIFICIAL,Periodo 2024 - 2S,PRIMER SEMESTRE,LEGALIZADA,CÁLCULO EN UNA VARIABLE,1,100.0,8.65,9.62,0.0,9.13,APROBADO,41,
40250176,CIENCIA DE DATOS E INTELIGENCIA ARTIFICIAL,Periodo 2024 - 2S,PRIMER SEMESTRE,LEGALIZADA,COMUNICACIÓN EFECTIVA,1,88.0,8.77,9.66,0.0,9.21,APROBADO,41,
40250176,CIENCIA DE DATOS E INTELIGENCIA ARTIFICIAL,Periodo 2024 - 2S,PRIMER SEMESTRE,LEGALIZADA,FUNDAMENTOS DE METODOLOGÍA DE LA INVESTIGACIÓN,1,92.0,9.31,9.66,0.0,9.48,APROBADO,41,
40250176,CIENCIA DE DATOS E INTELIGENCIA ARTIFICIAL,Periodo 2024 - 2S,PRIMER SEMESTRE,LEGALIZADA,PROGRAMACIÓN 1,1,93.0,9.58,9.93,0.0,9.75,APROBADO,41,
40250176,CIENCIA DE DATOS E INTELIGENCIA ARTIFICIAL,Periodo 2025 - 1S,SEGUNDO SEMESTRE,LEGALIZADA,ESTRUCTURA DE DATOS,1,100.0,9.73,9.64,0.0,9.68,APROBADO,41,
40250176,CIENCIA DE DATOS E INTELIGENCIA ARTIFICIAL,Periodo 2025 - 1S,SEGUNDO SEMESTRE,LEGALIZADA,FUNDAMENTOS DE CIENCIA DE DATOS E INTELIGENCIA ARTIFICIAL,1,75.0,9.24,9.95,0.0,9.59,APROBADO,41,
40250176,CIENCIA DE DATOS E INTELIGENCIA ARTIFICIAL,Periodo 2025 - 1S,SEGUNDO SEMESTRE,LEGALIZADA,HABILIDADES PARA LA VIDA,1,93.0,9.92,9.98,0.0,9.95,APROBADO,41,
40250176,CIENCIA DE DATOS E INTELIGENCIA ARTIFICIAL,Periodo 2025 - 1S,SEGUNDO SEMESTRE,LEGALIZADA,PROBABILIDAD Y ESTADÍSTICA,1,69.0,8.97,9.52,0.0,9.24,APROBADO,41,
40250176,CIENCIA DE DATOS E INTELIGENCIA ARTIFICIAL,Periodo 2025 - 1S,SEGUNDO SEMESTRE,LEGALIZADA,PROGRAMACIÓN 2,1,100.0,9.85,9.96,0.0,9.9,APROBADO,41,
40250176,CIENCIA DE DATOS E INTELIGENCIA ARTIFICIAL,Periodo 2025 - 2S,TERCER SEMESTRE,LEGALIZADA,CÁLCULO EN VARIAS VARIABLES,1,100.0,8.06,8.22,0.0,8.14,APROBADO,41,
40250176,CIENCIA DE DATOS E INTELIGENCIA ARTIFICIAL,Periodo 2025 - 2S,TERCER SEMESTRE,LEGALIZADA,CULTURA DIGITAL Y SOCIEDAD,1,93.0,9.88,9.75,0.0,9.81,APROBADO,41,
40250176,CIENCIA DE DATOS E INTELIGENCIA ARTIFICIAL,Periodo 2025 - 2S,TERCER SEMESTRE,LEGALIZADA,DISEÑO EXPERIMENTAL,1,73.0,9.95,10.0,0.0,9.97,APROBADO,41,
40250176,CIENCIA DE DATOS E INTELIGENCIA ARTIFICIAL,Periodo 2025 - 2S,TERCER SEMESTRE,LEGALIZADA,FUNDAMENTOS DE BASE DE DATOS,1,100.0,10.0,9.68,0.0,9.84,APROBADO,41,
40250176,CIENCIA DE DATOS E INTELIGENCIA ARTIFICIAL,Periodo 2025 - 2S,TERCER SEMESTRE,LEGALIZADA,MODELAMIENTO,1,100.0,9.06,7.17,0.0,8.11,APROBADO,41,
40250176,CIENCIA DE DATOS E INTELIGENCIA ARTIFICIAL,Periodo 2026 - 1S,CUARTO SEMESTRE,LEGALIZADA,ADMINISTRACIÓN DE BASES DE DATOS,1,0.0,9.13,0.0,0.0,0.0,,41,
40250176,CIENCIA DE DATOS E INTELIGENCIA ARTIFICIAL,Periodo 2026 - 1S,CUARTO SEMESTRE,LEGALIZADA,MACHINE LEARNING 1,1,0.0,0.0,0.0,0.0,0.0,,41,
40250176,CIENCIA DE DATOS E INTELIGENCIA ARTIFICIAL,Periodo 2026 - 1S,CUARTO SEMESTRE,LEGALIZADA,METAHEURÍSTICAS,1,0.0,0.0,0.0,0.0,0.0,,41,
40250176,CIENCIA DE DATOS E INTELIGENCIA ARTIFICIAL,Periodo 2026 - 1S,CUARTO SEMESTRE,LEGALIZADA,METODOLOGÍAS DE ANALÍTICA DE DATOS,1,0.0,0.0,0.0,0.0,0.0,,41,
40250176,CIENCIA DE DATOS E INTELIGENCIA ARTIFICIAL,Periodo 2026 - 1S,CUARTO SEMESTRE,LEGALIZADA,MÉTODOS NUMÉRICOS Y PROBLEMAS COMPLEJOS,1,0.0,10.0,0.0,0.0,0.0,,41,
92135631,CIENCIA DE DATOS E INTELIGENCIA ARTIFICIAL,Periodo 2024 - 2S,PRIMER SEMESTRE,LEGALIZADA,ÁLGEBRA LINEAL,1,100.0,9.76,9.35,0.0,9.55,APROBADO,41,
92135631,CIENCIA DE DATOS E INTELIGENCIA ARTIFICIAL,Periodo 2024 - 2S,PRIMER SEMESTRE,LEGALIZADA,CÁLCULO EN UNA VARIABLE,1,100.0,9.59,9.8,0.0,9.69,APROBADO,41,
92135631,CIENCIA DE DATOS E INTELIGENCIA ARTIFICIAL,Periodo 2024 - 2S,PRIMER SEMESTRE,LEGALIZADA,COMUNICACIÓN EFECTIVA,1,100.0,9.36,9.72,0.0,9.54,APROBADO,41,
92135631,CIENCIA DE DATOS E INTELIGENCIA ARTIFICIAL,Periodo 2024 - 2S,PRIMER SEMESTRE,LEGALIZADA,FUNDAMENTOS DE METODOLOGÍA DE LA INVESTIGACIÓN,1,92.0,9.47,9.42,0.0,9.44,APROBADO,41,
92135631,CIENCIA DE DATOS E INTELIGENCIA ARTIFICIAL,Periodo 2024 - 2S,PRIMER SEMESTRE,LEGALIZADA,PROGRAMACIÓN 1,1,100.0,9.43,9.83,0.0,9.63,APROBADO,41,
92135631,CIENCIA DE DATOS E INTELIGENCIA ARTIFICIAL,Periodo 2025 - 1S,SEGUNDO SEMESTRE,LEGALIZADA,ESTRUCTURA DE DATOS,1,100.0,9.73,9.88,0.0,9.8,APROBADO,41,
92135631,CIENCIA DE DATOS E INTELIGENCIA ARTIFICIAL,Periodo 2025 - 1S,SEGUNDO SEMESTRE,LEGALIZADA,FUNDAMENTOS DE CIENCIA DE DATOS E INTELIGENCIA ARTIFICIAL,1,100.0,9.81,9.85,0.0,9.83,APROBADO,41,
92135631,CIENCIA DE DATOS E INTELIGENCIA ARTIFICIAL,Periodo 2025 - 1S,SEGUNDO SEMESTRE,LEGALIZADA,HABILIDADES PARA LA VIDA,1,100.0,9.73,9.83,0.0,9.78,APROBADO,41,
92135631,CIENCIA DE DATOS E INTELIGENCIA ARTIFICIAL,Periodo 2025 - 1S,SEGUNDO SEMESTRE,LEGALIZADA,PROBABILIDAD Y ESTADÍSTICA,1,100.0,9.43,9.6,0.0,9.51,APROBADO,41,
92135631,CIENCIA DE DATOS E INTELIGENCIA ARTIFICIAL,Periodo 2025 - 1S,SEGUNDO SEMESTRE,LEGALIZADA,PROGRAMACIÓN 2,1,100.0,9.71,9.83,0.0,9.77,APROBADO,41,
92135631,CIENCIA DE DATOS E INTELIGENCIA ARTIFICIAL,Periodo 2025 - 2S,TERCER SEMESTRE,LEGALIZADA,CÁLCULO EN VARIAS VARIABLES,1,100.0,8.86,9.83,0.0,9.34,APROBADO,41,
92135631,CIENCIA DE DATOS E INTELIGENCIA ARTIFICIAL,Periodo 2025 - 2S,TERCER SEMESTRE,LEGALIZADA,CULTURA DIGITAL Y SOCIEDAD,1,100.0,9.77,9.94,0.0,9.85,APROBADO,41,
92135631,CIENCIA DE DATOS E INTELIGENCIA ARTIFICIAL,Periodo 2025 - 2S,TERCER SEMESTRE,LEGALIZADA,DISEÑO EXPERIMENTAL,1,93.0,10.0,10.0,0.0,10.0,APROBADO,41,
92135631,CIENCIA DE DATOS E INTELIGENCIA ARTIFICIAL,Periodo 2025 - 2S,TERCER SEMESTRE,LEGALIZADA,FUNDAMENTOS DE BASE DE DATOS,1,100.0,9.85,9.93,0.0,9.89,APROBADO,41,
92135631,CIENCIA DE DATOS E INTELIGENCIA ARTIFICIAL,Periodo 2025 - 2S,TERCER SEMESTRE,LEGALIZADA,MODELAMIENTO,1,100.0,9.72,9.91,0.0,9.81,APROBADO,41,
92135631,CIENCIA DE DATOS E INTELIGENCIA ARTIFICIAL,Periodo 2026 - 1S,CUARTO SEMESTRE,LEGALIZADA,ADMINISTRACIÓN DE BASES DE DATOS,1,0.0,9.73,0.0,0.0,0.0,,41,
92135631,CIENCIA DE DATOS E INTELIGENCIA ARTIFICIAL,Periodo 2026 - 1S,CUARTO SEMESTRE,LEGALIZADA,MACHINE LEARNING 1,1,0.0,0.0,0.0,0.0,0.0,,41,
92135631,CIENCIA DE DATOS E INTELIGENCIA ARTIFICIAL,Periodo 2026 - 1S,CUARTO SEMESTRE,LEGALIZADA,METAHEURÍSTICAS,1,0.0,0.0,0.0,0.0,0.0,,41,
92135631,CIENCIA DE DATOS E INTELIGENCIA ARTIFICIAL,Periodo 2026 - 1S,CUARTO SEMESTRE,LEGALIZADA,METODOLOGÍAS DE ANALÍTICA DE DATOS,1,0.0,0.0,0.0,0.0,0.0,,41,
92135631,CIENCIA DE DATOS E INTELIGENCIA ARTIFICIAL,Periodo 2026 - 1S,CUARTO SEMESTRE,LEGALIZADA,MÉTODOS NUMÉRICOS Y PROBLEMAS COMPLEJOS,1,0.0,10.0,0.0,0.0,0.0,,41,
3178190,CIENCIA DE DATOS E INTELIGENCIA ARTIFICIAL,Periodo 2024 - 2S,PRIMER SEMESTRE,LEGALIZADA,ÁLGEBRA LINEAL,1,85.0,9.41,8.56,0.0,8.98,APROBADO,41,
3178190,CIENCIA DE DATOS E INTELIGENCIA ARTIFICIAL,Periodo 2024 - 2S,PRIMER SEMESTRE,LEGALIZADA,CÁLCULO EN UNA VARIABLE,1,100.0,8.86,8.24,0.0,8.55,APROBADO,41,
3178190,CIENCIA DE DATOS E INTELIGENCIA ARTIFICIAL,Periodo 2024 - 2S,PRIMER SEMESTRE,LEGALIZADA,COMUNICACIÓN EFECTIVA,1,93.0,8.04,8.79,0.0,8.41,APROBADO,41,2.0
3178190,CIENCIA DE DATOS E INTELIGENCIA ARTIFICIAL,Periodo 2024 - 2S,PRIMER SEMESTRE,LEGALIZADA,FUNDAMENTOS DE METODOLOGÍA DE LA INVESTIGACIÓN,1,64.0,9.63,8.8,0.0,9.21,APROBADO,41,
3178190,CIENCIA DE DATOS E INTELIGENCIA ARTIFICIAL,Periodo 2024 - 2S,PRIMER SEMESTRE,LEGALIZADA,PROGRAMACIÓN 1,1,94.0,8.41,8.56,0.0,8.48,APROBADO,41,
3178190,CIENCIA DE DATOS E INTELIGENCIA ARTIFICIAL,Periodo 2025 - 1S,SEGUNDO SEMESTRE,LEGALIZADA,ESTRUCTURA DE DATOS,1,100.0,9.46,9.63,0.0,9.54,APROBADO,41,
3178190,CIENCIA DE DATOS E INTELIGENCIA ARTIFICIAL,Periodo 2025 - 1S,SEGUNDO SEMESTRE,LEGALIZADA,FUNDAMENTOS DE CIENCIA DE DATOS E INTELIGENCIA ARTIFICIAL,1,94.0,9.38,9.48,0.0,9.43,APROBADO,41,
3178190,CIENCIA DE DATOS E INTELIGENCIA ARTIFICIAL,Periodo 2025 - 1S,SEGUNDO SEMESTRE,LEGALIZADA,HABILIDADES PARA LA VIDA,1,100.0,9.71,9.65,0.0,9.68,APROBADO,41,
3178190,CIENCIA DE DATOS E INTELIGENCIA ARTIFICIAL,Periodo 2025 - 1S,SEGUNDO SEMESTRE,LEGALIZADA,PROBABILIDAD Y ESTADÍSTICA,1,85.0,8.81,8.36,0.0,8.58,APROBADO,41,
3178190,CIENCIA DE DATOS E INTELIGENCIA ARTIFICIAL,Periodo 2025 - 1S,SEGUNDO SEMESTRE,LEGALIZADA,PROGRAMACIÓN 2,1,100.0,8.79,9.65,0.0,9.22,APROBADO,41,
3178190,CIENCIA DE DATOS E INTELIGENCIA ARTIFICIAL,Periodo 2025 - 2S,TERCER SEMESTRE,LEGALIZADA,CÁLCULO EN VARIAS VARIABLES,1,100.0,8.56,8.65,0.0,8.6,APROBADO,41,
3178190,CIENCIA DE DATOS E INTELIGENCIA ARTIFICIAL,Periodo 2025 - 2S,TERCER SEMESTRE,LEGALIZADA,CULTURA DIGITAL Y SOCIEDAD,1,100.0,9.76,9.98,0.0,9.87,APROBADO,41,
3178190,CIENCIA DE DATOS E INTELIGENCIA ARTIFICIAL,Periodo 2025 - 2S,TERCER SEMESTRE,LEGALIZADA,DISEÑO EXPERIMENTAL,1,93.0,9.93,10.0,0.0,9.96,APROBADO,41,
3178190,CIENCIA DE DATOS E INTELIGENCIA ARTIFICIAL,Periodo 2025 - 2S,TERCER SEMESTRE,LEGALIZADA,FUNDAMENTOS DE BASE DE DATOS,1,100.0,9.9,9.91,0.0,9.9,APROBADO,41,
3178190,CIENCIA DE DATOS E INTELIGENCIA ARTIFICIAL,Periodo 2025 - 2S,TERCER SEMESTRE,LEGALIZADA,MODELAMIENTO,1,100.0,8.98,8.26,0.0,8.62,APROBADO,41,
3178190,CIENCIA DE DATOS E INTELIGENCIA ARTIFICIAL,Periodo 2026 - 1S,CUARTO SEMESTRE,LEGALIZADA,ADMINISTRACIÓN DE BASES DE DATOS,1,0.0,8.99,0.0,0.0,0.0,,41,
3178190,CIENCIA DE DATOS E INTELIGENCIA ARTIFICIAL,Periodo 2026 - 1S,CUARTO SEMESTRE,LEGALIZADA,MACHINE LEARNING 1,1,0.0,0.0,0.0,0.0,0.0,,41,
3178190,CIENCIA DE DATOS E INTELIGENCIA ARTIFICIAL,Periodo 2026 - 1S,CUARTO SEMESTRE,LEGALIZADA,METAHEURÍSTICAS,1,0.0,0.0,0.0,0.0,0.0,,41,
3178190,CIENCIA DE DATOS E INTELIGENCIA ARTIFICIAL,Periodo 2026 - 1S,CUARTO SEMESTRE,LEGALIZADA,METODOLOGÍAS DE ANALÍTICA DE DATOS,1,0.0,0.0,0.0,0.0,0.0,,41,
3178190,CIENCIA DE DATOS E INTELIGENCIA ARTIFICIAL,Periodo 2026 - 1S,CUARTO SEMESTRE,LEGALIZADA,MÉTODOS NUMÉRICOS Y PROBLEMAS COMPLEJOS,1,0.0,9.8,0.0,0.0,0.0,,41,
45668424,CIENCIA DE DATOS E INTELIGENCIA ARTIFICIAL,Periodo 2024 - 2S,PRIMER SEMESTRE,LEGALIZADA,ÁLGEBRA LINEAL,1,100.0,8.02,8.03,0.0,8.02,APROBADO,41,
45668424,CIENCIA DE DATOS E INTELIGENCIA ARTIFICIAL,Periodo 2024 - 2S,PRIMER SEMESTRE,LEGALIZADA,CÁLCULO EN UNA VARIABLE,1,100.0,7.91,7.4,0.0,7.65,APROBADO,41,
45668424,CIENCIA DE DATOS E INTELIGENCIA ARTIFICIAL,Periodo 2024 - 2S,PRIMER SEMESTRE,LEGALIZADA,COMUNICACIÓN EFECTIVA,1,100.0,8.18,8.75,0.0,8.46,APROBADO,41,
45668424,CIENCIA DE DATOS E INTELIGENCIA ARTIFICIAL,Periodo 2024 - 2S,PRIMER SEMESTRE,LEGALIZADA,FUNDAMENTOS DE METODOLOGÍA DE LA INVESTIGACIÓN,1,85.0,9.03,8.96,0.0,8.99,APROBADO,41,
45668424,CIENCIA DE DATOS E INTELIGENCIA ARTIFICIAL,Periodo 2024 - 2S,PRIMER SEMESTRE,LEGALIZADA,PROGRAMACIÓN 1,1,100.0,8.39,8.33,0.0,8.36,APROBADO,41,
45668424,CIENCIA DE DATOS E INTELIGENCIA ARTIFICIAL,Periodo 2025 - 1S,SEGUNDO SEMESTRE,LEGALIZADA,ESTRUCTURA DE DATOS,1,100.0,9.6,8.63,0.0,9.11,APROBADO,41,
45668424,CIENCIA DE DATOS E INTELIGENCIA ARTIFICIAL,Periodo 2025 - 1S,SEGUNDO SEMESTRE,LEGALIZADA,FUNDAMENTOS DE CIENCIA DE DATOS E INTELIGENCIA ARTIFICIAL,1,100.0,9.25,9.59,0.0,9.42,APROBADO,41,
45668424,CIENCIA DE DATOS E INTELIGENCIA ARTIFICIAL,Periodo 2025 - 1S,SEGUNDO SEMESTRE,LEGALIZADA,HABILIDADES PARA LA VIDA,1,73.0,9.62,9.96,0.0,9.79,APROBADO,41,
45668424,CIENCIA DE DATOS E INTELIGENCIA ARTIFICIAL,Periodo 2025 - 1S,SEGUNDO SEMESTRE,LEGALIZADA,PROBABILIDAD Y ESTADÍSTICA,1,92.0,9.2,8.7,0.0,8.95,APROBADO,41,
45668424,CIENCIA DE DATOS E INTELIGENCIA ARTIFICIAL,Periodo 2025 - 1S,SEGUNDO SEMESTRE,LEGALIZADA,PROGRAMACIÓN 2,1,100.0,9.3,8.84,0.0,9.07,APROBADO,41,
45668424,CIENCIA DE DATOS E INTELIGENCIA ARTIFICIAL,Periodo 2025 - 2S,TERCER SEMESTRE,LEGALIZADA,CÁLCULO EN VARIAS VARIABLES,1,100.0,8.08,9.17,0.0,8.62,APROBADO,41,
45668424,CIENCIA DE DATOS E INTELIGENCIA ARTIFICIAL,Periodo 2025 - 2S,TERCER SEMESTRE,LEGALIZADA,CULTURA DIGITAL Y SOCIEDAD,1,93.0,9.67,10.0,0.0,9.83,APROBADO,41,
45668424,CIENCIA DE DATOS E INTELIGENCIA ARTIFICIAL,Periodo 2025 - 2S,TERCER SEMESTRE,LEGALIZADA,DISEÑO EXPERIMENTAL,1,93.0,9.77,9.55,0.0,9.66,APROBADO,41,
45668424,CIENCIA DE DATOS E INTELIGENCIA ARTIFICIAL,Periodo 2025 - 2S,TERCER SEMESTRE,LEGALIZADA,FUNDAMENTOS DE BASE DE DATOS,1,94.0,9.71,9.68,0.0,9.69,APROBADO,41,
45668424,CIENCIA DE DATOS E INTELIGENCIA ARTIFICIAL,Periodo 2025 - 2S,TERCER SEMESTRE,LEGALIZADA,MODELAMIENTO,1,93.0,8.64,8.52,0.0,8.58,APROBADO,41,
45668424,CIENCIA DE DATOS E INTELIGENCIA ARTIFICIAL,Periodo 2026 - 1S,CUARTO SEMESTRE,LEGALIZADA,ADMINISTRACIÓN DE BASES DE DATOS,1,0.0,9.55,0.0,0.0,0.0,,41,
45668424,CIENCIA DE DATOS E INTELIGENCIA ARTIFICIAL,Periodo 2026 - 1S,CUARTO SEMESTRE,LEGALIZADA,MACHINE LEARNING 1,1,0.0,0.0,0.0,0.0,0.0,,41,
45668424,CIENCIA DE DATOS E INTELIGENCIA ARTIFICIAL,Periodo 2026 - 1S,CUARTO SEMESTRE,LEGALIZADA,METAHEURÍSTICAS,1,0.0,0.0,0.0,0.0,0.0,,41,
45668424,CIENCIA DE DATOS E INTELIGENCIA ARTIFICIAL,Periodo 2026 - 1S,CUARTO SEMESTRE,LEGALIZADA,METODOLOGÍAS DE ANALÍTICA DE DATOS,1,0.0,0.0,0.0,0.0,0.0,,41,
45668424,CIENCIA DE DATOS E INTELIGENCIA ARTIFICIAL,Periodo 2026 - 1S,CUARTO SEMESTRE,LEGALIZADA,MÉTODOS NUMÉRICOS Y PROBLEMAS COMPLEJOS,1,0.0,9.83,0.0,0.0,0.0,,41,
16443005,CIENCIA DE DATOS E INTELIGENCIA ARTIFICIAL,Periodo 2024 - 2S,PRIMER SEMESTRE,LEGALIZADA,ÁLGEBRA LINEAL,1,83.0,9.31,7.25,0.0,8.28,APROBADO,41,
16443005,CIENCIA DE DATOS E INTELIGENCIA ARTIFICIAL,Periodo 2024 - 2S,PRIMER SEMESTRE,LEGALIZADA,CÁLCULO EN UNA VARIABLE,1,81.0,7.49,8.36,0.0,7.92,APROBADO,41,
16443005,CIENCIA DE DATOS E INTELIGENCIA ARTIFICIAL,Periodo 2024 - 2S,PRIMER SEMESTRE,LEGALIZADA,COMUNICACIÓN EFECTIVA,1,79.0,7.35,7.92,0.0,7.63,APROBADO,41,
16443005,CIENCIA DE DATOS E INTELIGENCIA ARTIFICIAL,Periodo 2024 - 2S,PRIMER SEMESTRE,LEGALIZADA,FUNDAMENTOS DE METODOLOGÍA DE LA INVESTIGACIÓN,1,85.0,9.1,7.83,0.0,8.46,APROBADO,41,
16443005,CIENCIA DE DATOS E INTELIGENCIA ARTIFICIAL,Periodo 2024 - 2S,PRIMER SEMESTRE,LEGALIZADA,PROGRAMACIÓN 1,1,100.0,9.23,7.39,0.0,8.31,APROBADO,41,
16443005,CIENCIA DE DATOS E INTELIGENCIA ARTIFICIAL,Periodo 2025 - 1S,SEGUNDO SEMESTRE,LEGALIZADA,ESTRUCTURA DE DATOS,1,93.0,9.33,8.16,0.0,8.74,APROBADO,41,
16443005,CIENCIA DE DATOS E INTELIGENCIA ARTIFICIAL,Periodo 2025 - 1S,SEGUNDO SEMESTRE,LEGALIZADA,FUNDAMENTOS DE CIENCIA DE DATOS E INTELIGENCIA ARTIFICIAL,1,94.0,7.88,8.23,0.0,8.05,APROBADO,41,
16443005,CIENCIA DE DATOS E INTELIGENCIA ARTIFICIAL,Periodo 2025 - 1S,SEGUNDO SEMESTRE,LEGALIZADA,HABILIDADES PARA LA VIDA,1,93.0,8.77,7.56,0.0,8.16,APROBADO,41,
16443005,CIENCIA DE DATOS E INTELIGENCIA ARTIFICIAL,Periodo 2025 - 1S,SEGUNDO SEMESTRE,LEGALIZADA,PROBABILIDAD Y ESTADÍSTICA,1,92.0,8.86,8.65,0.0,8.75,APROBADO,41,
16443005,CIENCIA DE DATOS E INTELIGENCIA ARTIFICIAL,Periodo 2025 - 1S,SEGUNDO SEMESTRE,LEGALIZADA,PROGRAMACIÓN 2,1,100.0,8.7,5.23,10.0,8.48,APROBADO,41,
16443005,CIENCIA DE DATOS E INTELIGENCIA ARTIFICIAL,Periodo 2025 - 2S,TERCER SEMESTRE,LEGALIZADA,CÁLCULO EN VARIAS VARIABLES,1,100.0,7.5,9.34,0.0,8.42,APROBADO,41,
16443005,CIENCIA DE DATOS E INTELIGENCIA ARTIFICIAL,Periodo 2025 - 2S,TERCER SEMESTRE,LEGALIZADA,CULTURA DIGITAL Y SOCIEDAD,1,93.0,8.21,9.26,0.0,8.73,APROBADO,41,
16443005,CIENCIA DE DATOS E INTELIGENCIA ARTIFICIAL,Periodo 2025 - 2S,TERCER SEMESTRE,LEGALIZADA,DISEÑO EXPERIMENTAL,1,73.0,7.79,9.82,0.0,8.8,APROBADO,41,
16443005,CIENCIA DE DATOS E INTELIGENCIA ARTIFICIAL,Periodo 2025 - 2S,TERCER SEMESTRE,LEGALIZADA,FUNDAMENTOS DE BASE DE DATOS,1,100.0,7.98,7.73,0.0,7.85,APROBADO,41,
16443005,CIENCIA DE DATOS E INTELIGENCIA ARTIFICIAL,Periodo 2025 - 2S,TERCER SEMESTRE,LEGALIZADA,MODELAMIENTO,1,100.0,7.69,8.29,0.0,7.99,APROBADO,41,
16443005,CIENCIA DE DATOS E INTELIGENCIA ARTIFICIAL,Periodo 2026 - 1S,CUARTO SEMESTRE,LEGALIZADA,ADMINISTRACIÓN DE BASES DE DATOS,1,0.0,7.2,0.0,0.0,0.0,,41,
16443005,CIENCIA DE DATOS E INTELIGENCIA ARTIFICIAL,Periodo 2026 - 1S,CUARTO SEMESTRE,LEGALIZADA,MACHINE LEARNING 1,1,0.0,0.0,0.0,0.0,0.0,,41,
16443005,CIENCIA DE DATOS E INTELIGENCIA ARTIFICIAL,Periodo 2026 - 1S,CUARTO SEMESTRE,LEGALIZADA,METAHEURÍSTICAS,1,0.0,0.0,0.0,0.0,0.0,,41,
16443005,CIENCIA DE DATOS E INTELIGENCIA ARTIFICIAL,Periodo 2026 - 1S,CUARTO SEMESTRE,LEGALIZADA,METODOLOGÍAS DE ANALÍTICA DE DATOS,1,0.0,0.0,0.0,0.0,0.0,,41,
16443005,CIENCIA DE DATOS E INTELIGENCIA ARTIFICIAL,Periodo 2026 - 1S,CUARTO SEMESTRE,LEGALIZADA,MÉTODOS NUMÉRICOS Y PROBLEMAS COMPLEJOS,1,0.0,8.14,0.0,0.0,0.0,,41,
79659541,CIENCIA DE DATOS E INTELIGENCIA ARTIFICIAL,Periodo 2024 - 2S,PRIMER SEMESTRE,LEGALIZADA,ÁLGEBRA LINEAL,1,92.0,8.55,7.91,0.0,8.23,APROBADO,41,
79659541,CIENCIA DE DATOS E INTELIGENCIA ARTIFICIAL,Periodo 2024 - 2S,PRIMER SEMESTRE,LEGALIZADA,CÁLCULO EN UNA VARIABLE,1,100.0,8.14,7.64,0.0,7.89,APROBADO,41,
79659541,CIENCIA DE DATOS E INTELIGENCIA ARTIFICIAL,Periodo 2024 - 2S,PRIMER SEMESTRE,LEGALIZADA,COMUNICACIÓN EFECTIVA,1,100.0,8.69,9.94,0.0,9.31,APROBADO,41,
79659541,CIENCIA DE DATOS E INTELIGENCIA ARTIFICIAL,Periodo 2024 - 2S,PRIMER SEMESTRE,LEGALIZADA,FUNDAMENTOS DE METODOLOGÍA DE LA INVESTIGACIÓN,1,100.0,9.75,9.63,0.0,9.69,APROBADO,41,
79659541,CIENCIA DE DATOS E INTELIGENCIA ARTIFICIAL,Periodo 2024 - 2S,PRIMER SEMESTRE,LEGALIZADA,PROGRAMACIÓN 1,1,94.0,8.52,9.11,0.0,8.81,APROBADO,41,
79659541,CIENCIA DE DATOS E INTELIGENCIA ARTIFICIAL,Periodo 2025 - 1S,SEGUNDO SEMESTRE,LEGALIZADA,ESTRUCTURA DE DATOS,1,100.0,9.68,9.84,0.0,9.76,APROBADO,41,
79659541,CIENCIA DE DATOS E INTELIGENCIA ARTIFICIAL,Periodo 2025 - 1S,SEGUNDO SEMESTRE,LEGALIZADA,FUNDAMENTOS DE CIENCIA DE DATOS E INTELIGENCIA ARTIFICIAL,1,94.0,8.76,9.3,0.0,9.03,APROBADO,41,
79659541,CIENCIA DE DATOS E INTELIGENCIA ARTIFICIAL,Periodo 2025 - 1S,SEGUNDO SEMESTRE,LEGALIZADA,HABILIDADES PARA LA VIDA,1,100.0,9.06,9.7,0.0,9.38,APROBADO,41,
79659541,CIENCIA DE DATOS E INTELIGENCIA ARTIFICIAL,Periodo 2025 - 1S,SEGUNDO SEMESTRE,LEGALIZADA,PROBABILIDAD Y ESTADÍSTICA,1,100.0,8.58,9.02,0.0,8.8,APROBADO,41,
79659541,CIENCIA DE DATOS E INTELIGENCIA ARTIFICIAL,Periodo 2025 - 1S,SEGUNDO SEMESTRE,LEGALIZADA,PROGRAMACIÓN 2,1,100.0,8.7,9.68,0.0,9.19,APROBADO,41,
79659541,CIENCIA DE DATOS E INTELIGENCIA ARTIFICIAL,Periodo 2025 - 2S,TERCER SEMESTRE,LEGALIZADA,CÁLCULO EN VARIAS VARIABLES,1,100.0,8.24,9.21,0.0,8.72,APROBADO,41,
79659541,CIENCIA DE DATOS E INTELIGENCIA ARTIFICIAL,Periodo 2025 - 2S,TERCER SEMESTRE,LEGALIZADA,CULTURA DIGITAL Y SOCIEDAD,1,100.0,9.73,9.19,0.0,9.46,APROBADO,41,
79659541,CIENCIA DE DATOS E INTELIGENCIA ARTIFICIAL,Periodo 2025 - 2S,TERCER SEMESTRE,LEGALIZADA,DISEÑO EXPERIMENTAL,1,93.0,9.52,8.77,0.0,9.14,APROBADO,41,
79659541,CIENCIA DE DATOS E INTELIGENCIA ARTIFICIAL,Periodo 2025 - 2S,TERCER SEMESTRE,LEGALIZADA,FUNDAMENTOS DE BASE DE DATOS,1,100.0,8.73,9.83,0.0,9.28,APROBADO,41,
79659541,CIENCIA DE DATOS E INTELIGENCIA ARTIFICIAL,Periodo 2025 - 2S,TERCER SEMESTRE,LEGALIZADA,MODELAMIENTO,1,100.0,8.94,8.85,0.0,8.89,APROBADO,41,
79659541,CIENCIA DE DATOS E INTELIGENCIA ARTIFICIAL,Periodo 2026 - 1S,CUARTO SEMESTRE,LEGALIZADA,ADMINISTRACIÓN DE BASES DE DATOS,1,0.0,8.9,0.0,0.0,0.0,,41,
79659541,CIENCIA DE DATOS E INTELIGENCIA ARTIFICIAL,Periodo 2026 - 1S,CUARTO SEMESTRE,LEGALIZADA,MACHINE LEARNING 1,1,0.0,0.0,0.0,0.0,0.0,,41,
79659541,CIENCIA DE DATOS E INTELIGENCIA ARTIFICIAL,Periodo 2026 - 1S,CUARTO SEMESTRE,LEGALIZADA,METAHEURÍSTICAS,1,0.0,0.0,0.0,0.0,0.0,,41,
79659541,CIENCIA DE DATOS E INTELIGENCIA ARTIFICIAL,Periodo 2026 - 1S,CUARTO SEMESTRE,LEGALIZADA,METODOLOGÍAS DE ANALÍTICA DE DATOS,1,0.0,0.0,0.0,0.0,0.0,,41,
79659541,CIENCIA DE DATOS E INTELIGENCIA ARTIFICIAL,Periodo 2026 - 1S,CUARTO SEMESTRE,LEGALIZADA,MÉTODOS NUMÉRICOS Y PROBLEMAS COMPLEJOS,1,0.0,9.5,0.0,0.0,0.0,,41,
98969952,CIENCIA DE DATOS E INTELIGENCIA ARTIFICIAL,Periodo 2024 - 2S,PRIMER SEMESTRE,LEGALIZADA,ÁLGEBRA LINEAL,1,92.0,9.79,8.95,0.0,9.37,APROBADO,41,
98969952,CIENCIA DE DATOS E INTELIGENCIA ARTIFICIAL,Periodo 2024 - 2S,PRIMER SEMESTRE,LEGALIZADA,CÁLCULO EN UNA VARIABLE,1,100.0,8.57,8.77,0.0,8.67,APROBADO,41,
98969952,CIENCIA DE DATOS E INTELIGENCIA ARTIFICIAL,Periodo 2024 - 2S,PRIMER SEMESTRE,LEGALIZADA,COMUNICACIÓN EFECTIVA,1,100.0,8.78,9.49,0.0,9.13,APROBADO,41,
98969952,CIENCIA DE DATOS E INTELIGENCIA ARTIFICIAL,Periodo 2024 - 2S,PRIMER SEMESTRE,LEGALIZADA,FUNDAMENTOS DE METODOLOGÍA DE LA INVESTIGACIÓN,1,92.0,9.28,9.45,0.0,9.36,APROBADO,41,
98969952,CIENCIA DE DATOS E INTELIGENCIA ARTIFICIAL,Periodo 2024 - 2S,PRIMER SEMESTRE,LEGALIZADA,PROGRAMACIÓN 1,1,100.0,9.76,9.16,0.0,9.46,APROBADO,41,
98969952,CIENCIA DE DATOS E INTELIGENCIA ARTIFICIAL,Periodo 2025 - 1S,SEGUNDO SEMESTRE,LEGALIZADA,ESTRUCTURA DE DATOS,1,100.0,9.84,9.9,0.0,9.87,APROBADO,41,
98969952,CIENCIA DE DATOS E INTELIGENCIA ARTIFICIAL,Periodo 2025 - 1S,SEGUNDO SEMESTRE,LEGALIZADA,FUNDAMENTOS DE CIENCIA DE DATOS E INTELIGENCIA ARTIFICIAL,1,100.0,9.52,9.81,0.0,9.66,APROBADO,41,
98969952,CIENCIA DE DATOS E INTELIGENCIA ARTIFICIAL,Periodo 2025 - 1S,SEGUNDO SEMESTRE,LEGALIZADA,HABILIDADES PARA LA VIDA,1,93.0,9.59,10.0,0.0,9.79,APROBADO,41,
98969952,CIENCIA DE DATOS E INTELIGENCIA ARTIFICIAL,Periodo 2025 - 1S,SEGUNDO SEMESTRE,LEGALIZADA,PROBABILIDAD Y ESTADÍSTICA,1,92.0,9.27,9.23,0.0,9.25,APROBADO,41,
98969952,CIENCIA DE DATOS E INTELIGENCIA ARTIFICIAL,Periodo 2025 - 1S,SEGUNDO SEMESTRE,LEGALIZADA,PROGRAMACIÓN 2,1,100.0,9.59,9.58,0.0,9.58,APROBADO,41,
98969952,CIENCIA DE DATOS E INTELIGENCIA ARTIFICIAL,Periodo 2025 - 2S,TERCER SEMESTRE,LEGALIZADA,CÁLCULO EN VARIAS VARIABLES,1,100.0,8.31,9.56,0.0,8.93,APROBADO,41,
98969952,CIENCIA DE DATOS E INTELIGENCIA ARTIFICIAL,Periodo 2025 - 2S,TERCER SEMESTRE,LEGALIZADA,CULTURA DIGITAL Y SOCIEDAD,1,100.0,10.0,9.94,0.0,9.97,APROBADO,41,
98969952,CIENCIA DE DATOS E INTELIGENCIA ARTIFICIAL,Periodo 2025 - 2S,TERCER SEMESTRE,LEGALIZADA,DISEÑO EXPERIMENTAL,1,87.0,9.94,9.98,0.0,9.96,APROBADO,41,
98969952,CIENCIA DE DATOS E INTELIGENCIA ARTIFICIAL,Periodo 2025 - 2S,TERCER SEMESTRE,LEGALIZADA,FUNDAMENTOS DE BASE DE DATOS,1,100.0,9.76,9.91,0.0,9.83,APROBADO,41,
98969952,CIENCIA DE DATOS E INTELIGENCIA ARTIFICIAL,Periodo 2025 - 2S,TERCER SEMESTRE,LEGALIZADA,MODELAMIENTO,1,100.0,9.37,9.81,0.0,9.59,APROBADO,41,
98969952,CIENCIA DE DATOS E INTELIGENCIA ARTIFICIAL,Periodo 2026 - 1S,CUARTO SEMESTRE,LEGALIZADA,ADMINISTRACIÓN DE BASES DE DATOS,1,0.0,9.0,0.0,0.0,0.0,,41,
98969952,CIENCIA DE DATOS E INTELIGENCIA ARTIFICIAL,Periodo 2026 - 1S,CUARTO SEMESTRE,LEGALIZADA,MACHINE LEARNING 1,1,0.0,0.0,0.0,0.0,0.0,,41,
98969952,CIENCIA DE DATOS E INTELIGENCIA ARTIFICIAL,Periodo 2026 - 1S,CUARTO SEMESTRE,LEGALIZADA,METAHEURÍSTICAS,1,0.0,0.0,0.0,0.0,0.0,,41,
98969952,CIENCIA DE DATOS E INTELIGENCIA ARTIFICIAL,Periodo 2026 - 1S,CUARTO SEMESTRE,LEGALIZADA,METODOLOGÍAS DE ANALÍTICA DE DATOS,1,0.0,0.0,0.0,0.0,0.0,,41,
98969952,CIENCIA DE DATOS E INTELIGENCIA ARTIFICIAL,Periodo 2026 - 1S,CUARTO SEMESTRE,LEGALIZADA,MÉTODOS NUMÉRICOS Y PROBLEMAS COMPLEJOS,1,0.0,10.0,0.0,0.0,0.0,,41,
46710212,CIENCIA DE DATOS E INTELIGENCIA ARTIFICIAL,Periodo 2024 - 2S,PRIMER SEMESTRE,LEGALIZADA,ÁLGEBRA LINEAL,1,77.0,8.2,9.14,0.0,8.67,APROBADO,41,
46710212,CIENCIA DE DATOS E INTELIGENCIA ARTIFICIAL,Periodo 2024 - 2S,PRIMER SEMESTRE,LEGALIZADA,CÁLCULO EN UNA VARIABLE,1,88.0,7.37,8.15,0.0,7.76,APROBADO,41,
46710212,CIENCIA DE DATOS E INTELIGENCIA ARTIFICIAL,Periodo 2024 - 2S,PRIMER SEMESTRE,LEGALIZADA,COMUNICACIÓN EFECTIVA,1,75.0,7.4,8.9,0.0,8.15,APROBADO,41,
46710212,CIENCIA DE DATOS E INTELIGENCIA ARTIFICIAL,Periodo 2024 - 2S,PRIMER SEMESTRE,LEGALIZADA,FUNDAMENTOS DE METODOLOGÍA DE LA INVESTIGACIÓN,1,92.0,8.11,8.71,0.0,8.41,APROBADO,41,
46710212,CIENCIA DE DATOS E INTELIGENCIA ARTIFICIAL,Periodo 2024 - 2S,PRIMER SEMESTRE,LEGALIZADA,PROGRAMACIÓN 1,1,86.0,9.27,8.04,0.0,8.65,APROBADO,41,
46710212,CIENCIA DE DATOS E INTELIGENCIA ARTIFICIAL,Periodo 2025 - 1S,SEGUNDO SEMESTRE,LEGALIZADA,ESTRUCTURA DE DATOS,1,86.0,9.43,9.74,0.0,9.58,APROBADO,41,
46710212,CIENCIA DE DATOS E INTELIGENCIA ARTIFICIAL,Periodo 2025 - 1S,SEGUNDO SEMESTRE,LEGALIZADA,FUNDAMENTOS DE CIENCIA DE DATOS E INTELIGENCIA ARTIFICIAL,1,88.0,8.82,9.46,0.0,9.14,APROBADO,41,
46710212,CIENCIA DE DATOS E INTELIGENCIA ARTIFICIAL,Periodo 2025 - 1S,SEGUNDO SEMESTRE,LEGALIZADA,HABILIDADES PARA LA VIDA,1,86.0,9.85,9.04,0.0,9.44,APROBADO,41,
46710212,CIENCIA DE DATOS E INTELIGENCIA ARTIFICIAL,Periodo 2025 - 1S,SEGUNDO SEMESTRE,LEGALIZADA,PROBABILIDAD Y ESTADÍSTICA,1,75.0,8.44,8.82,0.0,8.63,APROBADO,41,
46710212,CIENCIA DE DATOS E INTELIGENCIA ARTIFICIAL,Periodo 2025 - 1S,SEGUNDO SEMESTRE,LEGALIZADA,PROGRAMACIÓN 2,1,100.0,9.74,9.48,0.0,9.61,APROBADO,41,
46710212,CIENCIA DE DATOS E INTELIGENCIA ARTIFICIAL,Periodo 2025 - 2S,TERCER SEMESTRE,LEGALIZADA,CÁLCULO EN VARIAS VARIABLES,1,100.0,8.15,8.52,0.0,8.33,APROBADO,41,
46710212,CIENCIA DE DATOS E INTELIGENCIA ARTIFICIAL,Periodo 2025 - 2S,TERCER SEMESTRE,LEGALIZADA,CULTURA DIGITAL Y SOCIEDAD,1,87.0,10.0,9.9,0.0,9.95,APROBADO,41,
46710212,CIENCIA DE DATOS E INTELIGENCIA ARTIFICIAL,Periodo 2025 - 2S,TERCER SEMESTRE,LEGALIZADA,DISEÑO EXPERIMENTAL,1,80.0,9.79,9.97,0.0,9.88,APROBADO,41,
46710212,CIENCIA DE DATOS E INTELIGENCIA ARTIFICIAL,Periodo 2025 - 2S,TERCER SEMESTRE,LEGALIZADA,FUNDAMENTOS DE BASE DE DATOS,1,88.0,9.46,8.84,0.0,9.15,APROBADO,41,
46710212,CIENCIA DE DATOS E INTELIGENCIA ARTIFICIAL,Periodo 2025 - 2S,TERCER SEMESTRE,LEGALIZADA,MODELAMIENTO,1,93.0,8.64,9.0,0.0,8.82,APROBADO,41,
46710212,CIENCIA DE DATOS E INTELIGENCIA ARTIFICIAL,Periodo 2026 - 1S,CUARTO SEMESTRE,LEGALIZADA,ADMINISTRACIÓN DE BASES DE DATOS,1,0.0,9.5,0.0,0.0,0.0,,41,
46710212,CIENCIA DE DATOS E INTELIGENCIA ARTIFICIAL,Periodo 2026 - 1S,CUARTO SEMESTRE,LEGALIZADA,MACHINE LEARNING 1,1,0.0,0.0,0.0,0.0,0.0,,41,
46710212,CIENCIA DE DATOS E INTELIGENCIA ARTIFICIAL,Periodo 2026 - 1S,CUARTO SEMESTRE,LEGALIZADA,METAHEURÍSTICAS,1,0.0,0.0,0.0,0.0,0.0,,41,
46710212,CIENCIA DE DATOS E INTELIGENCIA ARTIFICIAL,Periodo 2026 - 1S,CUARTO SEMESTRE,LEGALIZADA,METODOLOGÍAS DE ANALÍTICA DE DATOS,1,0.0,0.0,0.0,0.0,0.0,,41,
46710212,CIENCIA DE DATOS E INTELIGENCIA ARTIFICIAL,Periodo 2026 - 1S,CUARTO SEMESTRE,LEGALIZADA,MÉTODOS NUMÉRICOS Y PROBLEMAS COMPLEJOS,1,0.0,9.73,0.0,0.0,0.0,,41,
14838686,CIENCIA DE DATOS E INTELIGENCIA ARTIFICIAL,Periodo 2024 - 2S,PRIMER SEMESTRE,LEGALIZADA,ÁLGEBRA LINEAL,1,100.0,8.78,7.29,0.0,8.03,APROBADO,41,
14838686,CIENCIA DE DATOS E INTELIGENCIA ARTIFICIAL,Periodo 2024 - 2S,PRIMER SEMESTRE,LEGALIZADA,CÁLCULO EN UNA VARIABLE,1,93.0,7.73,5.52,4.4,5.51,REPROBADO,41,
14838686,CIENCIA DE DATOS E INTELIGENCIA ARTIFICIAL,Periodo 2024 - 2S,PRIMER SEMESTRE,LEGALIZADA,COMUNICACIÓN EFECTIVA,1,86.0,7.85,8.38,0.0,8.11,APROBADO,41,
14838686,CIENCIA DE DATOS E INTELIGENCIA ARTIFICIAL,Periodo 2024 - 2S,PRIMER SEMESTRE,LEGALIZADA,FUNDAMENTOS DE METODOLOGÍA DE LA INVESTIGACIÓN,1,79.0,8.28,7.34,0.0,7.81,APROBADO,41,
14838686,CIENCIA DE DATOS E INTELIGENCIA ARTIFICIAL,Periodo 2024 - 2S,PRIMER SEMESTRE,LEGALIZADA,PROGRAMACIÓN 1,1,100.0,6.16,6.54,7.75,7.05,APROBADO,41,
14838686,CIENCIA DE DATOS E INTELIGENCIA ARTIFICIAL,Periodo 2025 - 1S,SEGUNDO SEMESTRE,LEGALIZADA,CÁLCULO EN UNA VARIABLE,2,86.0,7.54,7.35,0.0,7.44,APROBADO,41,
14838686,CIENCIA DE DATOS E INTELIGENCIA ARTIFICIAL,Periodo 2025 - 1S,SEGUNDO SEMESTRE,LEGALIZADA,FUNDAMENTOS DE CIENCIA DE DATOS E INTELIGENCIA ARTIFICIAL,1,88.0,8.34,7.74,0.0,8.04,APROBADO,41,
14838686,CIENCIA DE DATOS E INTELIGENCIA ARTIFICIAL,Periodo 2025 - 1S,SEGUNDO SEMESTRE,LEGALIZADA,HABILIDADES PARA LA VIDA,1,93.0,9.36,8.84,0.0,9.1,APROBADO,41,
14838686,CIENCIA DE DATOS E INTELIGENCIA ARTIFICIAL,Periodo 2025 - 1S,SEGUNDO SEMESTRE,LEGALIZADA,PROBABILIDAD Y ESTADÍSTICA,1,88.0,8.05,8.36,0.0,8.2,APROBADO,41,
14838686,CIENCIA DE DATOS E INTELIGENCIA ARTIFICIAL,Periodo 2025 - 2S,SEGUNDO SEMESTRE,LEGALIZADA,ESTRUCTURA DE DATOS,1,92.0,7.39,7.0,0.0,7.19,APROBADO,41,
14838686,CIENCIA DE DATOS E INTELIGENCIA ARTIFICIAL,Periodo 2025 - 2S,SEGUNDO SEMESTRE,LEGALIZADA,PROGRAMACIÓN 2,1,100.0,8.02,9.11,0.0,8.56,APROBADO,41,
14838686,CIENCIA DE DATOS E INTELIGENCIA ARTIFICIAL,Periodo 2026 - 1S,TERCER SEMESTRE,LEGALIZADA,CÁLCULO EN VARIAS VARIABLES,1,0.0,0.0,0.0,0.0,0.0,,41,
14838686,CIENCIA DE DATOS E INTELIGENCIA ARTIFICIAL,Periodo 2026 - 1S,TERCER SEMESTRE,LEGALIZADA,CULTURA DIGITAL Y SOCIEDAD,1,0.0,0.0,0.0,0.0,0.0,,41,
14838686,CIENCIA DE DATOS E INTELIGENCIA ARTIFICIAL,Periodo 2026 - 1S,TERCER SEMESTRE,LEGALIZADA,DISEÑO EXPERIMENTAL,1,0.0,7.2,0.0,0.0,0.0,,41,
14838686,CIENCIA DE DATOS E INTELIGENCIA ARTIFICIAL,Periodo 2026 - 1S,TERCER SEMESTRE,LEGALIZADA,FUNDAMENTOS DE BASE DE DATOS,1,0.0,0.0,0.0,0.0,0.0,,41,
14838686,CIENCIA DE DATOS E INTELIGENCIA ARTIFICIAL,Periodo 2026 - 1S,TERCER SEMESTRE,LEGALIZADA,MODELAMIENTO,1,0.0,0.0,0.0,0.0,0.0,,41,
11991187,CIENCIA DE DATOS E INTELIGENCIA ARTIFICIAL,Periodo 2024 - 2S,PRIMER SEMESTRE,LEGALIZADA,ÁLGEBRA LINEAL,1,83.0,8.95,9.28,0.0,9.11,APROBADO,41,
11991187,CIENCIA DE DATOS E INTELIGENCIA ARTIFICIAL,Periodo 2024 - 2S,PRIMER SEMESTRE,LEGALIZADA,CÁLCULO EN UNA VARIABLE,1,100.0,9.29,8.07,0.0,8.68,APROBADO,41,
11991187,CIENCIA DE DATOS E INTELIGENCIA ARTIFICIAL,Periodo 2024 - 2S,PRIMER SEMESTRE,LEGALIZADA,COMUNICACIÓN EFECTIVA,1,100.0,8.24,9.18,0.0,8.71,APROBADO,41,
11991187,CIENCIA DE DATOS E INTELIGENCIA ARTIFICIAL,Periodo 2024 - 2S,PRIMER SEMESTRE,LEGALIZADA,FUNDAMENTOS DE METODOLOGÍA DE LA INVESTIGACIÓN,1,92.0,8.93,9.42,0.0,9.17,APROBADO,41,
11991187,CIENCIA DE DATOS E INTELIGENCIA ARTIFICIAL,Periodo 2024 - 2S,PRIMER SEMESTRE,LEGALIZADA,PROGRAMACIÓN 1,1,100.0,9.19,9.77,0.0,9.48,APROBADO,41,
11991187,CIENCIA DE DATOS E INTELIGENCIA ARTIFICIAL,Periodo 2025 - 1S,SEGUNDO SEMESTRE,LEGALIZADA,ESTRUCTURA DE DATOS,1,100.0,10.0,9.88,0.0,9.94,APROBADO,41,
11991187,CIENCIA DE DATOS E INTELIGENCIA ARTIFICIAL,Periodo 2025 - 1S,SEGUNDO SEMESTRE,LEGALIZADA,FUNDAMENTOS DE CIENCIA DE DATOS E INTELIGENCIA ARTIFICIAL,1,100.0,9.95,9.9,0.0,9.92,APROBADO,41,
11991187,CIENCIA DE DATOS E INTELIGENCIA ARTIFICIAL,Periodo 2025 - 1S,SEGUNDO SEMESTRE,LEGALIZADA,HABILIDADES PARA LA VIDA,1,100.0,10.0,9.5,0.0,9.75,APROBADO,41,
11991187,CIENCIA DE DATOS E INTELIGENCIA ARTIFICIAL,Periodo 2025 - 1S,SEGUNDO SEMESTRE,LEGALIZADA,PROBABILIDAD Y ESTADÍSTICA,1,85.0,9.73,9.01,0.0,9.37,APROBADO,41,
11991187,CIENCIA DE DATOS E INTELIGENCIA ARTIFICIAL,Periodo 2025 - 1S,SEGUNDO SEMESTRE,LEGALIZADA,PROGRAMACIÓN 2,1,100.0,10.0,10.0,0.0,10.0,APROBADO,41,
11991187,CIENCIA DE DATOS E INTELIGENCIA ARTIFICIAL,Periodo 2025 - 2S,TERCER SEMESTRE,LEGALIZADA,CÁLCULO EN VARIAS VARIABLES,1,100.0,9.03,9.86,0.0,9.44,APROBADO,41,
11991187,CIENCIA DE DATOS E INTELIGENCIA ARTIFICIAL,Periodo 2025 - 2S,TERCER SEMESTRE,LEGALIZADA,CULTURA DIGITAL Y SOCIEDAD,1,100.0,10.0,9.75,0.0,9.87,APROBADO,41,
11991187,CIENCIA DE DATOS E INTELIGENCIA ARTIFICIAL,Periodo 2025 - 2S,TERCER SEMESTRE,LEGALIZADA,DISEÑO EXPERIMENTAL,1,87.0,9.99,10.0,0.0,9.99,APROBADO,41,
11991187,CIENCIA DE DATOS E INTELIGENCIA ARTIFICIAL,Periodo 2025 - 2S,TERCER SEMESTRE,LEGALIZADA,FUNDAMENTOS DE BASE DE DATOS,1,100.0,9.83,9.95,0.0,9.89,APROBADO,41,
11991187,CIENCIA DE DATOS E INTELIGENCIA ARTIFICIAL,Periodo 2025 - 2S,TERCER SEMESTRE,LEGALIZADA,MODELAMIENTO,1,100.0,9.18,9.15,0.0,9.16,APROBADO,41,
11991187,CIENCIA DE DATOS E INTELIGENCIA ARTIFICIAL,Periodo 2026 - 1S,CUARTO SEMESTRE,LEGALIZADA,ADMINISTRACIÓN DE BASES DE DATOS,1,0.0,9.21,0.0,0.0,0.0,,41,
11991187,CIENCIA DE DATOS E INTELIGENCIA ARTIFICIAL,Periodo 2026 - 1S,CUARTO SEMESTRE,LEGALIZADA,MACHINE LEARNING 1,1,0.0,0.0,0.0,0.0,0.0,,41,
11991187,CIENCIA DE DATOS E INTELIGENCIA ARTIFICIAL,Periodo 2026 - 1S,CUARTO SEMESTRE,LEGALIZADA,METAHEURÍSTICAS,1,0.0,0.0,0.0,0.0,0.0,,41,
11991187,CIENCIA DE DATOS E INTELIGENCIA ARTIFICIAL,Periodo 2026 - 1S,CUARTO SEMESTRE,LEGALIZADA,METODOLOGÍAS DE ANALÍTICA DE DATOS,1,0.0,0.0,0.0,0.0,0.0,,41,
11991187,CIENCIA DE DATOS E INTELIGENCIA ARTIFICIAL,Periodo 2026 - 1S,CUARTO SEMESTRE,LEGALIZADA,MÉTODOS NUMÉRICOS Y PROBLEMAS COMPLEJOS,1,0.0,9.96,0.0,0.0,0.0,,41,
62475477,CIENCIA DE DATOS E INTELIGENCIA ARTIFICIAL,Periodo 2024 - 2S,PRIMER SEMESTRE,LEGALIZADA,ÁLGEBRA LINEAL,1,92.0,5.54,8.41,7.5,7.23,APROBADO,41,
62475477,CIENCIA DE DATOS E INTELIGENCIA ARTIFICIAL,Periodo 2024 - 2S,PRIMER SEMESTRE,LEGALIZADA,CÁLCULO EN UNA VARIABLE,1,86.0,8.83,7.47,0.0,8.15,APROBADO,41,
62475477,CIENCIA DE DATOS E INTELIGENCIA ARTIFICIAL,Periodo 2024 - 2S,PRIMER SEMESTRE,LEGALIZADA,COMUNICACIÓN EFECTIVA,1,79.0,7.1,6.65,8.5,7.68,APROBADO,41,
62475477,CIENCIA DE DATOS E INTELIGENCIA ARTIFICIAL,Periodo 2024 - 2S,PRIMER SEMESTRE,LEGALIZADA,FUNDAMENTOS DE METODOLOGÍA DE LA INVESTIGACIÓN,1,79.0,8.3,5.7,0.0,7.0,APROBADO,41,
62475477,CIENCIA DE DATOS E INTELIGENCIA ARTIFICIAL,Periodo 2024 - 2S,PRIMER SEMESTRE,LEGALIZADA,PROGRAMACIÓN 1,1,88.0,4.95,8.31,7.5,7.06,APROBADO,41,
62475477,CIENCIA DE DATOS E INTELIGENCIA ARTIFICIAL,Periodo 2025 - 1S,SEGUNDO SEMESTRE,LEGALIZADA,ESTRUCTURA DE DATOS,1,93.0,9.74,7.73,0.0,8.73,APROBADO,41,
62475477,CIENCIA DE DATOS E INTELIGENCIA ARTIFICIAL,Periodo 2025 - 1S,SEGUNDO SEMESTRE,LEGALIZADA,FUNDAMENTOS DE CIENCIA DE DATOS E INTELIGENCIA ARTIFICIAL,1,75.0,8.1,7.83,0.0,7.96,APROBADO,41,
62475477,CIENCIA DE DATOS E INTELIGENCIA ARTIFICIAL,Periodo 2025 - 1S,SEGUNDO SEMESTRE,LEGALIZADA,HABILIDADES PARA LA VIDA,1,87.0,9.0,7.38,0.0,8.19,APROBADO,41,
62475477,CIENCIA DE DATOS E INTELIGENCIA ARTIFICIAL,Periodo 2025 - 1S,SEGUNDO SEMESTRE,LEGALIZADA,PROBABILIDAD Y ESTADÍSTICA,1,85.0,9.11,8.04,0.0,8.57,APROBADO,41,
62475477,CIENCIA DE DATOS E INTELIGENCIA ARTIFICIAL,Periodo 2025 - 1S,SEGUNDO SEMESTRE,LEGALIZADA,PROGRAMACIÓN 2,1,100.0,7.49,6.99,0.0,7.24,APROBADO,41,
62475477,CIENCIA DE DATOS E INTELIGENCIA ARTIFICIAL,Periodo 2025 - 2S,TERCER SEMESTRE,LEGALIZADA,CÁLCULO EN VARIAS VARIABLES,1,87.0,7.79,7.72,0.0,7.75,APROBADO,41,
62475477,CIENCIA DE DATOS E INTELIGENCIA ARTIFICIAL,Periodo 2025 - 2S,TERCER SEMESTRE,LEGALIZADA,CULTURA DIGITAL Y SOCIEDAD,1,93.0,8.0,8.27,0.0,8.13,APROBADO,41,
62475477,CIENCIA DE DATOS E INTELIGENCIA ARTIFICIAL,Periodo 2025 - 2S,TERCER SEMESTRE,LEGALIZADA,DISEÑO EXPERIMENTAL,1,87.0,9.34,7.21,0.0,8.27,APROBADO,41,
62475477,CIENCIA DE DATOS E INTELIGENCIA ARTIFICIAL,Periodo 2025 - 2S,TERCER SEMESTRE,LEGALIZADA,FUNDAMENTOS DE BASE DE DATOS,1,94.0,7.73,8.53,0.0,8.13,APROBADO,41,
62475477,CIENCIA DE DATOS E INTELIGENCIA ARTIFICIAL,Periodo 2025 - 2S,TERCER SEMESTRE,LEGALIZADA,MODELAMIENTO,1,93.0,6.63,6.01,7.75,7.03,APROBADO,41,
62475477,CIENCIA DE DATOS E INTELIGENCIA ARTIFICIAL,Periodo 2026 - 1S,CUARTO SEMESTRE,LEGALIZADA,ADMINISTRACIÓN DE BASES DE DATOS,1,0.0,7.15,0.0,0.0,0.0,,41,
62475477,CIENCIA DE DATOS E INTELIGENCIA ARTIFICIAL,Periodo 2026 - 1S,CUARTO SEMESTRE,LEGALIZADA,MACHINE LEARNING 1,1,0.0,0.0,0.0,0.0,0.0,,41,
62475477,CIENCIA DE DATOS E INTELIGENCIA ARTIFICIAL,Periodo 2026 - 1S,CUARTO SEMESTRE,LEGALIZADA,METAHEURÍSTICAS,1,0.0,0.0,0.0,0.0,0.0,,41,
62475477,CIENCIA DE DATOS E INTELIGENCIA ARTIFICIAL,Periodo 2026 - 1S,CUARTO SEMESTRE,LEGALIZADA,METODOLOGÍAS DE ANALÍTICA DE DATOS,1,0.0,0.0,0.0,0.0,0.0,,41,
62475477,CIENCIA DE DATOS E INTELIGENCIA ARTIFICIAL,Periodo 2026 - 1S,CUARTO SEMESTRE,LEGALIZADA,MÉTODOS NUMÉRICOS Y PROBLEMAS COMPLEJOS,1,0.0,8.26,0.0,0.0,0.0,,41,
31949261,CIENCIA DE DATOS E INTELIGENCIA ARTIFICIAL,Periodo 2024 - 2S,PRIMER SEMESTRE,LEGALIZADA,ÁLGEBRA LINEAL,1,85.0,8.28,7.87,0.0,8.07,APROBADO,41,
31949261,CIENCIA DE DATOS E INTELIGENCIA ARTIFICIAL,Periodo 2024 - 2S,PRIMER SEMESTRE,LEGALIZADA,CÁLCULO EN UNA VARIABLE,1,88.0,8.2,8.3,0.0,8.25,APROBADO,41,
31949261,CIENCIA DE DATOS E INTELIGENCIA ARTIFICIAL,Periodo 2024 - 2S,PRIMER SEMESTRE,LEGALIZADA,COMUNICACIÓN EFECTIVA,1,88.0,8.83,8.84,0.0,8.83,APROBADO,41,
31949261,CIENCIA DE DATOS E INTELIGENCIA ARTIFICIAL,Periodo 2024 - 2S,PRIMER SEMESTRE,LEGALIZADA,FUNDAMENTOS DE METODOLOGÍA DE LA INVESTIGACIÓN,1,92.0,8.58,9.14,0.0,8.86,APROBADO,41,
31949261,CIENCIA DE DATOS E INTELIGENCIA ARTIFICIAL,Periodo 2024 - 2S,PRIMER SEMESTRE,LEGALIZADA,PROGRAMACIÓN 1,1,100.0,9.25,8.82,0.0,9.03,APROBADO,41,
31949261,CIENCIA DE DATOS E INTELIGENCIA ARTIFICIAL,Periodo 2025 - 1S,SEGUNDO SEMESTRE,LEGALIZADA,ESTRUCTURA DE DATOS,1,93.0,8.19,8.2,0.0,8.19,APROBADO,41,
31949261,CIENCIA DE DATOS E INTELIGENCIA ARTIFICIAL,Periodo 2025 - 1S,SEGUNDO SEMESTRE,LEGALIZADA,FUNDAMENTOS DE CIENCIA DE DATOS E INTELIGENCIA ARTIFICIAL,1,94.0,9.09,8.61,0.0,8.85,APROBADO,41,
31949261,CIENCIA DE DATOS E INTELIGENCIA ARTIFICIAL,Periodo 2025 - 1S,SEGUNDO SEMESTRE,LEGALIZADA,HABILIDADES PARA LA VIDA,1,93.0,9.08,8.98,0.0,9.03,APROBADO,41,
31949261,CIENCIA DE DATOS E INTELIGENCIA ARTIFICIAL,Periodo 2025 - 1S,SEGUNDO SEMESTRE,LEGALIZADA,PROBABILIDAD Y ESTADÍSTICA,1,88.0,8.43,8.25,0.0,8.34,APROBADO,41,
31949261,CIENCIA DE DATOS E INTELIGENCIA ARTIFICIAL,Periodo 2025 - 1S,SEGUNDO SEMESTRE,LEGALIZADA,PROGRAMACIÓN 2,1,100.0,8.7,9.33,0.0,9.01,APROBADO,41,
31949261,CIENCIA DE DATOS E INTELIGENCIA ARTIFICIAL,Periodo 2025 - 2S,TERCER SEMESTRE,LEGALIZADA,CÁLCULO EN VARIAS VARIABLES,1,100.0,7.88,8.4,0.0,8.14,APROBADO,41,
31949261,CIENCIA DE DATOS E INTELIGENCIA ARTIFICIAL,Periodo 2025 - 2S,TERCER SEMESTRE,LEGALIZADA,CULTURA DIGITAL Y SOCIEDAD,1,100.0,9.06,9.93,0.0,9.49,APROBADO,41,
31949261,CIENCIA DE DATOS E INTELIGENCIA ARTIFICIAL,Periodo 2025 - 2S,TERCER SEMESTRE,LEGALIZADA,DISEÑO EXPERIMENTAL,1,87.0,9.54,8.35,0.0,8.94,APROBADO,41,
31949261,CIENCIA DE DATOS E INTELIGENCIA ARTIFICIAL,Periodo 2025 - 2S,TERCER SEMESTRE,LEGALIZADA,FUNDAMENTOS DE BASE DE DATOS,1,94.0,8.97,8.62,0.0,8.79,APROBADO,41,
31949261,CIENCIA DE DATOS E INTELIGENCIA ARTIFICIAL,Periodo 2025 - 2S,TERCER SEMESTRE,LEGALIZADA,MODELAMIENTO,1,93.0,8.43,7.53,0.0,7.98,APROBADO,41,
31949261,CIENCIA DE DATOS E INTELIGENCIA ARTIFICIAL,Periodo 2026 - 1S,CUARTO SEMESTRE,LEGALIZADA,ADMINISTRACIÓN DE BASES DE DATOS,1,0.0,7.91,0.0,0.0,0.0,,41,
31949261,CIENCIA DE DATOS E INTELIGENCIA ARTIFICIAL,Periodo 2026 - 1S,CUARTO SEMESTRE,LEGALIZADA,MACHINE LEARNING 1,1,0.0,0.0,0.0,0.0,0.0,,41,
31949261,CIENCIA DE DATOS E INTELIGENCIA ARTIFICIAL,Periodo 2026 - 1S,CUARTO SEMESTRE,LEGALIZADA,METAHEURÍSTICAS,1,0.0,0.0,0.0,0.0,0.0,,41,
31949261,CIENCIA DE DATOS E INTELIGENCIA ARTIFICIAL,Periodo 2026 - 1S,CUARTO SEMESTRE,LEGALIZADA,METODOLOGÍAS DE ANALÍTICA DE DATOS,1,0.0,0.0,0.0,0.0,0.0,,41,
31949261,CIENCIA DE DATOS E INTELIGENCIA ARTIFICIAL,Periodo 2026 - 1S,CUARTO SEMESTRE,LEGALIZADA,MÉTODOS NUMÉRICOS Y PROBLEMAS COMPLEJOS,1,0.0,9.13,0.0,0.0,0.0,,41,
89434819,CIENCIA DE DATOS E INTELIGENCIA ARTIFICIAL,Periodo 2024 - 2S,PRIMER SEMESTRE,LEGALIZADA,ÁLGEBRA LINEAL,1,85.0,8.51,8.06,0.0,8.28,APROBADO,41,
89434819,CIENCIA DE DATOS E INTELIGENCIA ARTIFICIAL,Periodo 2024 - 2S,PRIMER SEMESTRE,LEGALIZADA,CÁLCULO EN UNA VARIABLE,1,88.0,8.13,6.19,0.0,7.16,APROBADO,41,
89434819,CIENCIA DE DATOS E INTELIGENCIA ARTIFICIAL,Periodo 2024 - 2S,PRIMER SEMESTRE,LEGALIZADA,COMUNICACIÓN EFECTIVA,1,88.0,8.02,9.11,0.0,8.56,APROBADO,41,2.0
89434819,CIENCIA DE DATOS E INTELIGENCIA ARTIFICIAL,Periodo 2024 - 2S,PRIMER SEMESTRE,LEGALIZADA,FUNDAMENTOS DE METODOLOGÍA DE LA INVESTIGACIÓN,1,92.0,9.36,8.64,0.0,9.0,APROBADO,41,
89434819,CIENCIA DE DATOS E INTELIGENCIA ARTIFICIAL,Periodo 2024 - 2S,PRIMER SEMESTRE,LEGALIZADA,PROGRAMACIÓN 1,1,86.0,8.65,7.59,0.0,8.12,APROBADO,41,
89434819,CIENCIA DE DATOS E INTELIGENCIA ARTIFICIAL,Periodo 2025 - 1S,SEGUNDO SEMESTRE,LEGALIZADA,ESTRUCTURA DE DATOS,1,86.0,9.65,9.03,0.0,9.34,APROBADO,41,
89434819,CIENCIA DE DATOS E INTELIGENCIA ARTIFICIAL,Periodo 2025 - 1S,SEGUNDO SEMESTRE,LEGALIZADA,FUNDAMENTOS DE CIENCIA DE DATOS E INTELIGENCIA ARTIFICIAL,1,88.0,9.13,8.73,0.0,8.93,APROBADO,41,
89434819,CIENCIA DE DATOS E INTELIGENCIA ARTIFICIAL,Periodo 2025 - 1S,SEGUNDO SEMESTRE,LEGALIZADA,HABILIDADES PARA LA VIDA,1,79.0,9.88,9.42,0.0,9.65,APROBADO,41,
89434819,CIENCIA DE DATOS E INTELIGENCIA ARTIFICIAL,Periodo 2025 - 1S,SEGUNDO SEMESTRE,LEGALIZADA,PROBABILIDAD Y ESTADÍSTICA,1,94.0,8.5,8.93,0.0,8.71,APROBADO,41,
89434819,CIENCIA DE DATOS E INTELIGENCIA ARTIFICIAL,Periodo 2025 - 1S,SEGUNDO SEMESTRE,LEGALIZADA,PROGRAMACIÓN 2,1,100.0,8.82,9.06,0.0,8.94,APROBADO,41,
89434819,CIENCIA DE DATOS E INTELIGENCIA ARTIFICIAL,Periodo 2025 - 2S,TERCER SEMESTRE,LEGALIZADA,CÁLCULO EN VARIAS VARIABLES,1,87.0,7.09,9.16,0.0,8.12,APROBADO,41,
89434819,CIENCIA DE DATOS E INTELIGENCIA ARTIFICIAL,Periodo 2025 - 2S,TERCER SEMESTRE,LEGALIZADA,CULTURA DIGITAL Y SOCIEDAD,1,80.0,9.38,9.95,0.0,9.66,APROBADO,41,
89434819,CIENCIA DE DATOS E INTELIGENCIA ARTIFICIAL,Periodo 2025 - 2S,TERCER SEMESTRE,LEGALIZADA,DISEÑO EXPERIMENTAL,1,73.0,9.88,8.99,0.0,9.43,APROBADO,41,
89434819,CIENCIA DE DATOS E INTELIGENCIA ARTIFICIAL,Periodo 2025 - 2S,TERCER SEMESTRE,LEGALIZADA,FUNDAMENTOS DE BASE DE DATOS,1,88.0,8.71,10.0,0.0,9.35,APROBADO,41,
89434819,CIENCIA DE DATOS E INTELIGENCIA ARTIFICIAL,Periodo 2025 - 2S,TERCER SEMESTRE,LEGALIZADA,MODELAMIENTO,1,100.0,8.03,7.86,0.0,7.94,APROBADO,41,
89434819,CIENCIA DE DATOS E INTELIGENCIA ARTIFICIAL,Periodo 2026 - 1S,CUARTO SEMESTRE,LEGALIZADA,ADMINISTRACIÓN DE BASES DE DATOS,1,0.0,8.98,0.0,0.0,0.0,,41,
89434819,CIENCIA DE DATOS E INTELIGENCIA ARTIFICIAL,Periodo 2026 - 1S,CUARTO SEMESTRE,LEGALIZADA,MACHINE LEARNING 1,1,0.0,0.0,0.0,0.0,0.0,,41,
89434819,CIENCIA DE DATOS E INTELIGENCIA ARTIFICIAL,Periodo 2026 - 1S,CUARTO SEMESTRE,LEGALIZADA,METAHEURÍSTICAS,1,0.0,0.0,0.0,0.0,0.0,,41,
89434819,CIENCIA DE DATOS E INTELIGENCIA ARTIFICIAL,Periodo 2026 - 1S,CUARTO SEMESTRE,LEGALIZADA,METODOLOGÍAS DE ANALÍTICA DE DATOS,1,0.0,0.0,0.0,0.0,0.0,,41,
89434819,CIENCIA DE DATOS E INTELIGENCIA ARTIFICIAL,Periodo 2026 - 1S,CUARTO SEMESTRE,LEGALIZADA,MÉTODOS NUMÉRICOS Y PROBLEMAS COMPLEJOS,1,0.0,9.88,0.0,0.0,0.0,,41,
23054260,CIENCIA DE DATOS E INTELIGENCIA ARTIFICIAL,Periodo 2024 - 2S,PRIMER SEMESTRE,LEGALIZADA,ÁLGEBRA LINEAL,1,92.0,8.88,8.56,0.0,8.72,APROBADO,41,
23054260,CIENCIA DE DATOS E INTELIGENCIA ARTIFICIAL,Periodo 2024 - 2S,PRIMER SEMESTRE,LEGALIZADA,CÁLCULO EN UNA VARIABLE,1,100.0,6.78,7.23,0.0,7.0,APROBADO,41,
23054260,CIENCIA DE DATOS E INTELIGENCIA ARTIFICIAL,Periodo 2024 - 2S,PRIMER SEMESTRE,LEGALIZADA,COMUNICACIÓN EFECTIVA,1,100.0,8.32,9.08,0.0,8.7,APROBADO,41,
23054260,CIENCIA DE DATOS E INTELIGENCIA ARTIFICIAL,Periodo 2024 - 2S,PRIMER SEMESTRE,LEGALIZADA,FUNDAMENTOS DE METODOLOGÍA DE LA INVESTIGACIÓN,1,93.0,7.69,9.57,0.0,8.63,APROBADO,41,
23054260,CIENCIA DE DATOS E INTELIGENCIA ARTIFICIAL,Periodo 2024 - 2S,PRIMER SEMESTRE,LEGALIZADA,PROGRAMACIÓN 1,1,100.0,8.07,7.79,0.0,7.93,APROBADO,41,
23054260,CIENCIA DE DATOS E INTELIGENCIA ARTIFICIAL,Periodo 2025 - 1S,SEGUNDO SEMESTRE,LEGALIZADA,ESTRUCTURA DE DATOS,1,86.0,8.63,9.04,0.0,8.83,APROBADO,41,
23054260,CIENCIA DE DATOS E INTELIGENCIA ARTIFICIAL,Periodo 2025 - 1S,SEGUNDO SEMESTRE,LEGALIZADA,FUNDAMENTOS DE CIENCIA DE DATOS E INTELIGENCIA ARTIFICIAL,1,100.0,9.18,9.38,0.0,9.28,APROBADO,41,
23054260,CIENCIA DE DATOS E INTELIGENCIA ARTIFICIAL,Periodo 2025 - 1S,SEGUNDO SEMESTRE,LEGALIZADA,HABILIDADES PARA LA VIDA,1,100.0,9.72,9.0,0.0,9.36,APROBADO,41,
23054260,CIENCIA DE DATOS E INTELIGENCIA ARTIFICIAL,Periodo 2025 - 1S,SEGUNDO SEMESTRE,LEGALIZADA,PROBABILIDAD Y ESTADÍSTICA,1,92.0,7.87,8.82,0.0,8.34,APROBADO,41,
23054260,CIENCIA DE DATOS E INTELIGENCIA ARTIFICIAL,Periodo 2025 - 1S,SEGUNDO SEMESTRE,LEGALIZADA,PROGRAMACIÓN 2,1,89.0,7.62,8.86,0.0,8.24,APROBADO,41,
23054260,CIENCIA DE DATOS E INTELIGENCIA ARTIFICIAL,Periodo 2025 - 2S,TERCER SEMESTRE,LEGALIZADA,CÁLCULO EN VARIAS VARIABLES,1,100.0,7.4,8.83,0.0,8.11,APROBADO,41,
23054260,CIENCIA DE DATOS E INTELIGENCIA ARTIFICIAL,Periodo 2025 - 2S,TERCER SEMESTRE,LEGALIZADA,CULTURA DIGITAL Y SOCIEDAD,1,93.0,9.66,8.59,0.0,9.12,APROBADO,41,
23054260,CIENCIA DE DATOS E INTELIGENCIA ARTIFICIAL,Periodo 2025 - 2S,TERCER SEMESTRE,LEGALIZADA,DISEÑO EXPERIMENTAL,1,87.0,9.85,8.98,0.0,9.41,APROBADO,41,
23054260,CIENCIA DE DATOS E INTELIGENCIA ARTIFICIAL,Periodo 2025 - 2S,TERCER SEMESTRE,LEGALIZADA,FUNDAMENTOS DE BASE DE DATOS,1,100.0,9.23,9.47,0.0,9.35,APROBADO,41,
23054260,CIENCIA DE DATOS E INTELIGENCIA ARTIFICIAL,Periodo 2025 - 2S,TERCER SEMESTRE,LEGALIZADA,MODELAMIENTO,1,93.0,8.29,8.55,0.0,8.42,APROBADO,41,
23054260,CIENCIA DE DATOS E INTELIGENCIA ARTIFICIAL,Periodo 2026 - 1S,CUARTO SEMESTRE,LEGALIZADA,ADMINISTRACIÓN DE BASES DE DATOS,1,0.0,7.92,0.0,0.0,0.0,,41,
23054260,CIENCIA DE DATOS E INTELIGENCIA ARTIFICIAL,Periodo 2026 - 1S,CUARTO SEMESTRE,LEGALIZADA,MACHINE LEARNING 1,1,0.0,0.0,0.0,0.0,0.0,,41,
23054260,CIENCIA DE DATOS E INTELIGENCIA ARTIFICIAL,Periodo 2026 - 1S,CUARTO SEMESTRE,LEGALIZADA,METAHEURÍSTICAS,1,0.0,0.0,0.0,0.0,0.0,,41,
23054260,CIENCIA DE DATOS E INTELIGENCIA ARTIFICIAL,Periodo 2026 - 1S,CUARTO SEMESTRE,LEGALIZADA,METODOLOGÍAS DE ANALÍTICA DE DATOS,1,0.0,0.0,0.0,0.0,0.0,,41,
23054260,CIENCIA DE DATOS E INTELIGENCIA ARTIFICIAL,Periodo 2026 - 1S,CUARTO SEMESTRE,LEGALIZADA,MÉTODOS NUMÉRICOS Y PROBLEMAS COMPLEJOS,1,0.0,9.04,0.0,0.0,0.0,,41,
82292239,CIENCIA DE DATOS E INTELIGENCIA ARTIFICIAL,Periodo 2025 - 1S,PRIMER SEMESTRE,LEGALIZADA,ÁLGEBRA LINEAL,1,93.0,7.83,8.94,0.0,8.38,APROBADO,41,
82292239,CIENCIA DE DATOS E INTELIGENCIA ARTIFICIAL,Periodo 2025 - 1S,PRIMER SEMESTRE,LEGALIZADA,CÁLCULO EN UNA VARIABLE,1,100.0,6.59,8.43,0.0,7.51,APROBADO,41,
82292239,CIENCIA DE DATOS E INTELIGENCIA ARTIFICIAL,Periodo 2025 - 1S,PRIMER SEMESTRE,LEGALIZADA,COMUNICACIÓN EFECTIVA,1,71.0,8.2,8.25,0.0,8.22,APROBADO,41,
82292239,CIENCIA DE DATOS E INTELIGENCIA ARTIFICIAL,Periodo 2025 - 1S,PRIMER SEMESTRE,LEGALIZADA,FUNDAMENTOS DE METODOLOGÍA DE LA INVESTIGACIÓN,1,100.0,8.48,9.08,0.0,8.78,APROBADO,41,
82292239,CIENCIA DE DATOS E INTELIGENCIA ARTIFICIAL,Periodo 2025 - 1S,PRIMER SEMESTRE,LEGALIZADA,PROGRAMACIÓN 1,1,81.0,7.12,7.66,0.0,7.39,APROBADO,41,
82292239,CIENCIA DE DATOS E INTELIGENCIA ARTIFICIAL,Periodo 2025 - 2S,SEGUNDO SEMESTRE,LEGALIZADA,ESTRUCTURA DE DATOS,1,67.0,7.89,7.89,0.0,7.89,APROBADO,41,
82292239,CIENCIA DE DATOS E INTELIGENCIA ARTIFICIAL,Periodo 2025 - 2S,SEGUNDO SEMESTRE,LEGALIZADA,FUNDAMENTOS DE CIENCIA DE DATOS E INTELIGENCIA ARTIFICIAL,1,93.0,8.18,7.76,0.0,7.97,APROBADO,41,
82292239,CIENCIA DE DATOS E INTELIGENCIA ARTIFICIAL,Periodo 2025 - 2S,SEGUNDO SEMESTRE,LEGALIZADA,HABILIDADES PARA LA VIDA,1,77.0,8.0,7.91,0.0,7.95,APROBADO,41,
82292239,CIENCIA DE DATOS E INTELIGENCIA ARTIFICIAL,Periodo 2025 - 2S,SEGUNDO SEMESTRE,LEGALIZADA,PROBABILIDAD Y ESTADÍSTICA,1,87.0,9.06,9.02,0.0,9.04,APROBADO,41,
82292239,CIENCIA DE DATOS E INTELIGENCIA ARTIFICIAL,Periodo 2025 - 2S,SEGUNDO SEMESTRE,LEGALIZADA,PROGRAMACIÓN 2,1,92.0,8.17,8.12,0.0,8.14,APROBADO,41,
82292239,CIENCIA DE DATOS E INTELIGENCIA ARTIFICIAL,Periodo 2026 - 1S,TERCER SEMESTRE,LEGALIZADA,CÁLCULO EN VARIAS VARIABLES,1,0.0,0.0,0.0,0.0,0.0,,41,
82292239,CIENCIA DE DATOS E INTELIGENCIA ARTIFICIAL,Periodo 2026 - 1S,TERCER SEMESTRE,LEGALIZADA,CULTURA DIGITAL Y SOCIEDAD,1,0.0,0.0,0.0,0.0,0.0,,41,
82292239,CIENCIA DE DATOS E INTELIGENCIA ARTIFICIAL,Periodo 2026 - 1S,TERCER SEMESTRE,LEGALIZADA,DISEÑO EXPERIMENTAL,1,0.0,9.01,0.0,0.0,0.0,,41,
82292239,CIENCIA DE DATOS E INTELIGENCIA ARTIFICIAL,Periodo 2026 - 1S,TERCER SEMESTRE,LEGALIZADA,FUNDAMENTOS DE BASE DE DATOS,1,0.0,0.0,0.0,0.0,0.0,,41,
82292239,CIENCIA DE DATOS E INTELIGENCIA ARTIFICIAL,Periodo 2026 - 1S,TERCER SEMESTRE,LEGALIZADA,MODELAMIENTO,1,0.0,0.0,0.0,0.0,0.0,,41,
31512875,CIENCIA DE DATOS E INTELIGENCIA ARTIFICIAL,Periodo 2024 - 2S,PRIMER SEMESTRE,LEGALIZADA,ÁLGEBRA LINEAL,1,100.0,9.08,8.52,0.0,8.8,APROBADO,41,
31512875,CIENCIA DE DATOS E INTELIGENCIA ARTIFICIAL,Periodo 2024 - 2S,PRIMER SEMESTRE,LEGALIZADA,CÁLCULO EN UNA VARIABLE,1,100.0,7.58,7.52,0.0,7.55,APROBADO,41,
31512875,CIENCIA DE DATOS E INTELIGENCIA ARTIFICIAL,Periodo 2024 - 2S,PRIMER SEMESTRE,LEGALIZADA,COMUNICACIÓN EFECTIVA,1,94.0,8.22,9.34,0.0,8.78,APROBADO,41,
31512875,CIENCIA DE DATOS E INTELIGENCIA ARTIFICIAL,Periodo 2024 - 2S,PRIMER SEMESTRE,LEGALIZADA,FUNDAMENTOS DE METODOLOGÍA DE LA INVESTIGACIÓN,1,92.0,8.58,8.89,0.0,8.73,APROBADO,41,
31512875,CIENCIA DE DATOS E INTELIGENCIA ARTIFICIAL,Periodo 2024 - 2S,PRIMER SEMESTRE,LEGALIZADA,PROGRAMACIÓN 1,1,100.0,8.0,9.36,0.0,8.68,APROBADO,41,
31512875,CIENCIA DE DATOS E INTELIGENCIA ARTIFICIAL,Periodo 2025 - 1S,SEGUNDO SEMESTRE,LEGALIZADA,ESTRUCTURA DE DATOS,1,100.0,9.83,9.18,0.0,9.5,APROBADO,41,
31512875,CIENCIA DE DATOS E INTELIGENCIA ARTIFICIAL,Periodo 2025 - 1S,SEGUNDO SEMESTRE,LEGALIZADA,FUNDAMENTOS DE CIENCIA DE DATOS E INTELIGENCIA ARTIFICIAL,1,94.0,9.43,9.32,0.0,9.37,APROBADO,41,
31512875,CIENCIA DE DATOS E INTELIGENCIA ARTIFICIAL,Periodo 2025 - 1S,SEGUNDO SEMESTRE,LEGALIZADA,HABILIDADES PARA LA VIDA,1,100.0,9.8,9.95,0.0,9.87,APROBADO,41,
31512875,CIENCIA DE DATOS E INTELIGENCIA ARTIFICIAL,Periodo 2025 - 1S,SEGUNDO SEMESTRE,LEGALIZADA,PROBABILIDAD Y ESTADÍSTICA,1,100.0,8.72,9.17,0.0,8.94,APROBADO,41,
31512875,CIENCIA DE DATOS E INTELIGENCIA ARTIFICIAL,Periodo 2025 - 1S,SEGUNDO SEMESTRE,LEGALIZADA,PROGRAMACIÓN 2,1,100.0,9.7,9.46,0.0,9.58,APROBADO,41,
31512875,CIENCIA DE DATOS E INTELIGENCIA ARTIFICIAL,Periodo 2025 - 2S,TERCER SEMESTRE,LEGALIZADA,CÁLCULO EN VARIAS VARIABLES,1,93.0,7.83,8.95,0.0,8.39,APROBADO,41,
31512875,CIENCIA DE DATOS E INTELIGENCIA ARTIFICIAL,Periodo 2025 - 2S,TERCER SEMESTRE,LEGALIZADA,CULTURA DIGITAL Y SOCIEDAD,1,93.0,9.58,9.95,0.0,9.76,APROBADO,41,
31512875,CIENCIA DE DATOS E INTELIGENCIA ARTIFICIAL,Periodo 2025 - 2S,TERCER SEMESTRE,LEGALIZADA,DISEÑO EXPERIMENTAL,1,87.0,9.81,8.88,0.0,9.34,APROBADO,41,
31512875,CIENCIA DE DATOS E INTELIGENCIA ARTIFICIAL,Periodo 2025 - 2S,TERCER SEMESTRE,LEGALIZADA,FUNDAMENTOS DE BASE DE DATOS,1,100.0,9.88,9.15,0.0,9.51,APROBADO,41,
31512875,CIENCIA DE DATOS E INTELIGENCIA ARTIFICIAL,Periodo 2025 - 2S,TERCER SEMESTRE,LEGALIZADA,MODELAMIENTO,1,100.0,8.52,8.99,0.0,8.75,APROBADO,41,
31512875,CIENCIA DE DATOS E INTELIGENCIA ARTIFICIAL,Periodo 2026 - 1S,CUARTO SEMESTRE,LEGALIZADA,ADMINISTRACIÓN DE BASES DE DATOS,1,0.0,9.16,0.0,0.0,0.0,,41,
31512875,CIENCIA DE DATOS E INTELIGENCIA ARTIFICIAL,Periodo 2026 - 1S,CUARTO SEMESTRE,LEGALIZADA,MACHINE LEARNING 1,1,0.0,0.0,0.0,0.0,0.0,,41,
31512875,CIENCIA DE DATOS E INTELIGENCIA ARTIFICIAL,Periodo 2026 - 1S,CUARTO SEMESTRE,LEGALIZADA,METAHEURÍSTICAS,1,0.0,0.0,0.0,0.0,0.0,,41,
31512875,CIENCIA DE DATOS E INTELIGENCIA ARTIFICIAL,Periodo 2026 - 1S,CUARTO SEMESTRE,LEGALIZADA,METODOLOGÍAS DE ANALÍTICA DE DATOS,1,0.0,0.0,0.0,0.0,0.0,,41,
31512875,CIENCIA DE DATOS E INTELIGENCIA ARTIFICIAL,Periodo 2026 - 1S,CUARTO SEMESTRE,LEGALIZADA,MÉTODOS NUMÉRICOS Y PROBLEMAS COMPLEJOS,1,0.0,9.88,0.0,0.0,0.0,,41,
28682857,CIENCIA DE DATOS E INTELIGENCIA ARTIFICIAL,Periodo 2024 - 2S,PRIMER SEMESTRE,LEGALIZADA,ÁLGEBRA LINEAL,1,100.0,8.63,8.44,0.0,8.53,APROBADO,41,
28682857,CIENCIA DE DATOS E INTELIGENCIA ARTIFICIAL,Periodo 2024 - 2S,PRIMER SEMESTRE,LEGALIZADA,CÁLCULO EN UNA VARIABLE,1,94.0,8.56,7.66,0.0,8.11,APROBADO,41,
28682857,CIENCIA DE DATOS E INTELIGENCIA ARTIFICIAL,Periodo 2024 - 2S,PRIMER SEMESTRE,LEGALIZADA,COMUNICACIÓN EFECTIVA,1,100.0,7.94,9.37,0.0,8.65,APROBADO,41,
28682857,CIENCIA DE DATOS E INTELIGENCIA ARTIFICIAL,Periodo 2024 - 2S,PRIMER SEMESTRE,LEGALIZADA,FUNDAMENTOS DE METODOLOGÍA DE LA INVESTIGACIÓN,1,77.0,8.6,9.2,0.0,8.9,APROBADO,41,
28682857,CIENCIA DE DATOS E INTELIGENCIA ARTIFICIAL,Periodo 2024 - 2S,PRIMER SEMESTRE,LEGALIZADA,PROGRAMACIÓN 1,1,100.0,9.36,8.9,0.0,9.13,APROBADO,41,
28682857,CIENCIA DE DATOS E INTELIGENCIA ARTIFICIAL,Periodo 2025 - 1S,SEGUNDO SEMESTRE,LEGALIZADA,ESTRUCTURA DE DATOS,1,100.0,9.52,9.0,0.0,9.26,APROBADO,41,
28682857,CIENCIA DE DATOS E INTELIGENCIA ARTIFICIAL,Periodo 2025 - 1S,SEGUNDO SEMESTRE,LEGALIZADA,FUNDAMENTOS DE CIENCIA DE DATOS E INTELIGENCIA ARTIFICIAL,1,100.0,9.4,7.63,0.0,8.51,APROBADO,41,
28682857,CIENCIA DE DATOS E INTELIGENCIA ARTIFICIAL,Periodo 2025 - 1S,SEGUNDO SEMESTRE,LEGALIZADA,HABILIDADES PARA LA VIDA,1,87.0,9.52,8.8,0.0,9.16,APROBADO,41,
28682857,CIENCIA DE DATOS E INTELIGENCIA ARTIFICIAL,Periodo 2025 - 1S,SEGUNDO SEMESTRE,LEGALIZADA,PROBABILIDAD Y ESTADÍSTICA,1,100.0,8.74,8.34,0.0,8.54,APROBADO,41,
28682857,CIENCIA DE DATOS E INTELIGENCIA ARTIFICIAL,Periodo 2025 - 1S,SEGUNDO SEMESTRE,LEGALIZADA,PROGRAMACIÓN 2,1,100.0,9.08,8.96,0.0,9.02,APROBADO,41,
28682857,CIENCIA DE DATOS E INTELIGENCIA ARTIFICIAL,Periodo 2025 - 2S,TERCER SEMESTRE,LEGALIZADA,CÁLCULO EN VARIAS VARIABLES,1,100.0,7.8,8.75,0.0,8.27,APROBADO,41,
28682857,CIENCIA DE DATOS E INTELIGENCIA ARTIFICIAL,Periodo 2025 - 2S,TERCER SEMESTRE,LEGALIZADA,CULTURA DIGITAL Y SOCIEDAD,1,100.0,9.69,9.93,0.0,9.81,APROBADO,41,
28682857,CIENCIA DE DATOS E INTELIGENCIA ARTIFICIAL,Periodo 2025 - 2S,TERCER SEMESTRE,LEGALIZADA,DISEÑO EXPERIMENTAL,1,93.0,9.77,9.3,0.0,9.53,APROBADO,41,
28682857,CIENCIA DE DATOS E INTELIGENCIA ARTIFICIAL,Periodo 2025 - 2S,TERCER SEMESTRE,LEGALIZADA,FUNDAMENTOS DE BASE DE DATOS,1,94.0,8.93,9.91,0.0,9.42,APROBADO,41,
28682857,CIENCIA DE DATOS E INTELIGENCIA ARTIFICIAL,Periodo 2025 - 2S,TERCER SEMESTRE,LEGALIZADA,MODELAMIENTO,1,100.0,9.71,9.65,0.0,9.68,APROBADO,41,
28682857,CIENCIA DE DATOS E INTELIGENCIA ARTIFICIAL,Periodo 2026 - 1S,CUARTO SEMESTRE,LEGALIZADA,ADMINISTRACIÓN DE BASES DE DATOS,1,0.0,9.22,0.0,0.0,0.0,,41,
28682857,CIENCIA DE DATOS E INTELIGENCIA ARTIFICIAL,Periodo 2026 - 1S,CUARTO SEMESTRE,LEGALIZADA,MACHINE LEARNING 1,1,0.0,0.0,0.0,0.0,0.0,,41,
28682857,CIENCIA DE DATOS E INTELIGENCIA ARTIFICIAL,Periodo 2026 - 1S,CUARTO SEMESTRE,LEGALIZADA,METAHEURÍSTICAS,1,0.0,0.0,0.0,0.0,0.0,,41,
28682857,CIENCIA DE DATOS E INTELIGENCIA ARTIFICIAL,Periodo 2026 - 1S,CUARTO SEMESTRE,LEGALIZADA,METODOLOGÍAS DE ANALÍTICA DE DATOS,1,0.0,0.0,0.0,0.0,0.0,,41,
28682857,CIENCIA DE DATOS E INTELIGENCIA ARTIFICIAL,Periodo 2026 - 1S,CUARTO SEMESTRE,LEGALIZADA,MÉTODOS NUMÉRICOS Y PROBLEMAS COMPLEJOS,1,0.0,9.77,0.0,0.0,0.0,,41,
28784439,CIENCIA DE DATOS E INTELIGENCIA ARTIFICIAL,Periodo 2024 - 2S,PRIMER SEMESTRE,LEGALIZADA,ÁLGEBRA LINEAL,1,92.0,7.9,8.67,0.0,8.28,APROBADO,41,
28784439,CIENCIA DE DATOS E INTELIGENCIA ARTIFICIAL,Periodo 2024 - 2S,PRIMER SEMESTRE,LEGALIZADA,CÁLCULO EN UNA VARIABLE,1,100.0,9.38,9.67,0.0,9.52,APROBADO,41,
28784439,CIENCIA DE DATOS E INTELIGENCIA ARTIFICIAL,Periodo 2024 - 2S,PRIMER SEMESTRE,LEGALIZADA,COMUNICACIÓN EFECTIVA,1,100.0,8.28,8.52,0.0,8.4,APROBADO,41,
28784439,CIENCIA DE DATOS E INTELIGENCIA ARTIFICIAL,Periodo 2024 - 2S,PRIMER SEMESTRE,LEGALIZADA,FUNDAMENTOS DE METODOLOGÍA DE LA INVESTIGACIÓN,1,92.0,9.23,8.74,0.0,8.98,APROBADO,41,
28784439,CIENCIA DE DATOS E INTELIGENCIA ARTIFICIAL,Periodo 2024 - 2S,PRIMER SEMESTRE,LEGALIZADA,PROGRAMACIÓN 1,1,100.0,8.79,8.83,0.0,8.81,APROBADO,41,
28784439,CIENCIA DE DATOS E INTELIGENCIA ARTIFICIAL,Periodo 2025 - 1S,SEGUNDO SEMESTRE,LEGALIZADA,ESTRUCTURA DE DATOS,1,100.0,9.73,9.82,0.0,9.77,APROBADO,41,
28784439,CIENCIA DE DATOS E INTELIGENCIA ARTIFICIAL,Periodo 2025 - 1S,SEGUNDO SEMESTRE,LEGALIZADA,FUNDAMENTOS DE CIENCIA DE DATOS E INTELIGENCIA ARTIFICIAL,1,94.0,9.23,9.51,0.0,9.37,APROBADO,41,
28784439,CIENCIA DE DATOS E INTELIGENCIA ARTIFICIAL,Periodo 2025 - 1S,SEGUNDO SEMESTRE,LEGALIZADA,HABILIDADES PARA LA VIDA,1,93.0,8.65,8.27,0.0,8.46,APROBADO,41,
28784439,CIENCIA DE DATOS E INTELIGENCIA ARTIFICIAL,Periodo 2025 - 1S,SEGUNDO SEMESTRE,LEGALIZADA,PROBABILIDAD Y ESTADÍSTICA,1,85.0,8.13,9.1,0.0,8.61,APROBADO,41,
28784439,CIENCIA DE DATOS E INTELIGENCIA ARTIFICIAL,Periodo 2025 - 1S,SEGUNDO SEMESTRE,LEGALIZADA,PROGRAMACIÓN 2,1,100.0,9.02,9.67,0.0,9.34,APROBADO,41,
28784439,CIENCIA DE DATOS E INTELIGENCIA ARTIFICIAL,Periodo 2025 - 2S,TERCER SEMESTRE,LEGALIZADA,CÁLCULO EN VARIAS VARIABLES,1,87.0,8.83,9.82,0.0,9.32,APROBADO,41,
28784439,CIENCIA DE DATOS E INTELIGENCIA ARTIFICIAL,Periodo 2025 - 2S,TERCER SEMESTRE,LEGALIZADA,CULTURA DIGITAL Y SOCIEDAD,1,100.0,9.85,9.25,0.0,9.55,APROBADO,41,
28784439,CIENCIA DE DATOS E INTELIGENCIA ARTIFICIAL,Periodo 2025 - 2S,TERCER SEMESTRE,LEGALIZADA,DISEÑO EXPERIMENTAL,1,80.0,8.87,9.25,0.0,9.06,APROBADO,41,
28784439,CIENCIA DE DATOS E INTELIGENCIA ARTIFICIAL,Periodo 2025 - 2S,TERCER SEMESTRE,LEGALIZADA,FUNDAMENTOS DE BASE DE DATOS,1,100.0,9.23,8.23,0.0,8.73,APROBADO,41,
28784439,CIENCIA DE DATOS E INTELIGENCIA ARTIFICIAL,Periodo 2025 - 2S,TERCER SEMESTRE,LEGALIZADA,MODELAMIENTO,1,93.0,9.24,8.17,0.0,8.7,APROBADO,41,
28784439,CIENCIA DE DATOS E INTELIGENCIA ARTIFICIAL,Periodo 2026 - 1S,CUARTO SEMESTRE,LEGALIZADA,ADMINISTRACIÓN DE BASES DE DATOS,1,0.0,9.19,0.0,0.0,0.0,,41,
28784439,CIENCIA DE DATOS E INTELIGENCIA ARTIFICIAL,Periodo 2026 - 1S,CUARTO SEMESTRE,LEGALIZADA,MACHINE LEARNING 1,1,0.0,0.0,0.0,0.0,0.0,,41,
28784439,CIENCIA DE DATOS E INTELIGENCIA ARTIFICIAL,Periodo 2026 - 1S,CUARTO SEMESTRE,LEGALIZADA,METAHEURÍSTICAS,1,0.0,0.0,0.0,0.0,0.0,,41,
28784439,CIENCIA DE DATOS E INTELIGENCIA ARTIFICIAL,Periodo 2026 - 1S,CUARTO SEMESTRE,LEGALIZADA,METODOLOGÍAS DE ANALÍTICA DE DATOS,1,0.0,0.0,0.0,0.0,0.0,,41,
28784439,CIENCIA DE DATOS E INTELIGENCIA ARTIFICIAL,Periodo 2026 - 1S,CUARTO SEMESTRE,LEGALIZADA,MÉTODOS NUMÉRICOS Y PROBLEMAS COMPLEJOS,1,0.0,9.76,0.0,0.0,0.0,,41,
70746533,CIENCIA DE DATOS E INTELIGENCIA ARTIFICIAL,Periodo 2024 - 2S,PRIMER SEMESTRE,LEGALIZADA,ÁLGEBRA LINEAL,1,77.0,9.19,8.18,0.0,8.68,APROBADO,41,
70746533,CIENCIA DE DATOS E INTELIGENCIA ARTIFICIAL,Periodo 2024 - 2S,PRIMER SEMESTRE,LEGALIZADA,CÁLCULO EN UNA VARIABLE,1,100.0,7.41,7.24,0.0,7.32,APROBADO,41,
70746533,CIENCIA DE DATOS E INTELIGENCIA ARTIFICIAL,Periodo 2024 - 2S,PRIMER SEMESTRE,LEGALIZADA,COMUNICACIÓN EFECTIVA,1,69.0,8.29,8.79,0.0,8.54,APROBADO,41,
70746533,CIENCIA DE DATOS E INTELIGENCIA ARTIFICIAL,Periodo 2024 - 2S,PRIMER SEMESTRE,LEGALIZADA,FUNDAMENTOS DE METODOLOGÍA DE LA INVESTIGACIÓN,1,92.0,8.31,8.75,0.0,8.53,APROBADO,41,
70746533,CIENCIA DE DATOS E INTELIGENCIA ARTIFICIAL,Periodo 2024 - 2S,PRIMER SEMESTRE,LEGALIZADA,PROGRAMACIÓN 1,1,93.0,8.44,8.1,0.0,8.27,APROBADO,41,
70746533,CIENCIA DE DATOS E INTELIGENCIA ARTIFICIAL,Periodo 2025 - 1S,SEGUNDO SEMESTRE,LEGALIZADA,ESTRUCTURA DE DATOS,1,93.0,8.81,9.56,0.0,9.18,APROBADO,41,
70746533,CIENCIA DE DATOS E INTELIGENCIA ARTIFICIAL,Periodo 2025 - 1S,SEGUNDO SEMESTRE,LEGALIZADA,FUNDAMENTOS DE CIENCIA DE DATOS E INTELIGENCIA ARTIFICIAL,1,100.0,9.35,9.57,0.0,9.46,APROBADO,41,
70746533,CIENCIA DE DATOS E INTELIGENCIA ARTIFICIAL,Periodo 2025 - 1S,SEGUNDO SEMESTRE,LEGALIZADA,HABILIDADES PARA LA VIDA,1,100.0,9.75,9.45,0.0,9.6,APROBADO,41,
70746533,CIENCIA DE DATOS E INTELIGENCIA ARTIFICIAL,Periodo 2025 - 1S,SEGUNDO SEMESTRE,LEGALIZADA,PROBABILIDAD Y ESTADÍSTICA,1,100.0,8.77,8.27,0.0,8.52,APROBADO,41,
70746533,CIENCIA DE DATOS E INTELIGENCIA ARTIFICIAL,Periodo 2025 - 1S,SEGUNDO SEMESTRE,LEGALIZADA,PROGRAMACIÓN 2,1,100.0,9.17,9.44,0.0,9.3,APROBADO,41,
70746533,CIENCIA DE DATOS E INTELIGENCIA ARTIFICIAL,Periodo 2025 - 2S,TERCER SEMESTRE,LEGALIZADA,CÁLCULO EN VARIAS VARIABLES,1,100.0,8.46,8.71,0.0,8.58,APROBADO,41,
70746533,CIENCIA DE DATOS E INTELIGENCIA ARTIFICIAL,Periodo 2025 - 2S,TERCER SEMESTRE,LEGALIZADA,CULTURA DIGITAL Y SOCIEDAD,1,100.0,9.73,9.79,0.0,9.76,APROBADO,41,
70746533,CIENCIA DE DATOS E INTELIGENCIA ARTIFICIAL,Periodo 2025 - 2S,TERCER SEMESTRE,LEGALIZADA,DISEÑO EXPERIMENTAL,1,93.0,9.57,9.65,0.0,9.61,APROBADO,41,
70746533,CIENCIA DE DATOS E INTELIGENCIA ARTIFICIAL,Periodo 2025 - 2S,TERCER SEMESTRE,LEGALIZADA,FUNDAMENTOS DE BASE DE DATOS,1,100.0,10.0,8.97,0.0,9.48,APROBADO,41,
70746533,CIENCIA DE DATOS E INTELIGENCIA ARTIFICIAL,Periodo 2025 - 2S,TERCER SEMESTRE,LEGALIZADA,MODELAMIENTO,1,100.0,9.25,8.47,0.0,8.86,APROBADO,41,
70746533,CIENCIA DE DATOS E INTELIGENCIA ARTIFICIAL,Periodo 2026 - 1S,CUARTO SEMESTRE,LEGALIZADA,ADMINISTRACIÓN DE BASES DE DATOS,1,0.0,8.69,0.0,0.0,0.0,,41,
70746533,CIENCIA DE DATOS E INTELIGENCIA ARTIFICIAL,Periodo 2026 - 1S,CUARTO SEMESTRE,LEGALIZADA,MACHINE LEARNING 1,1,0.0,0.0,0.0,0.0,0.0,,41,
70746533,CIENCIA DE DATOS E INTELIGENCIA ARTIFICIAL,Periodo 2026 - 1S,CUARTO SEMESTRE,LEGALIZADA,METAHEURÍSTICAS,1,0.0,0.0,0.0,0.0,0.0,,41,
70746533,CIENCIA DE DATOS E INTELIGENCIA ARTIFICIAL,Periodo 2026 - 1S,CUARTO SEMESTRE,LEGALIZADA,METODOLOGÍAS DE ANALÍTICA DE DATOS,1,0.0,0.0,0.0,0.0,0.0,,41,
70746533,CIENCIA DE DATOS E INTELIGENCIA ARTIFICIAL,Periodo 2026 - 1S,CUARTO SEMESTRE,LEGALIZADA,MÉTODOS NUMÉRICOS Y PROBLEMAS COMPLEJOS,1,0.0,9.7,0.0,0.0,0.0,,41,
77643416,CIENCIA DE DATOS E INTELIGENCIA ARTIFICIAL,Periodo 2024 - 2S,PRIMER SEMESTRE,LEGALIZADA,ÁLGEBRA LINEAL,1,77.0,8.56,7.48,0.0,8.02,APROBADO,41,
77643416,CIENCIA DE DATOS E INTELIGENCIA ARTIFICIAL,Periodo 2024 - 2S,PRIMER SEMESTRE,LEGALIZADA,CÁLCULO EN UNA VARIABLE,1,100.0,6.75,6.57,4.5,5.58,REPROBADO,41,
77643416,CIENCIA DE DATOS E INTELIGENCIA ARTIFICIAL,Periodo 2024 - 2S,PRIMER SEMESTRE,LEGALIZADA,COMUNICACIÓN EFECTIVA,1,75.0,7.24,8.86,0.0,8.05,APROBADO,41,
77643416,CIENCIA DE DATOS E INTELIGENCIA ARTIFICIAL,Periodo 2024 - 2S,PRIMER SEMESTRE,LEGALIZADA,FUNDAMENTOS DE METODOLOGÍA DE LA INVESTIGACIÓN,1,75.0,7.92,8.57,0.0,8.24,APROBADO,41,
77643416,CIENCIA DE DATOS E INTELIGENCIA ARTIFICIAL,Periodo 2024 - 2S,PRIMER SEMESTRE,LEGALIZADA,PROGRAMACIÓN 1,1,93.0,7.97,8.42,0.0,8.19,APROBADO,41,
77643416,CIENCIA DE DATOS E INTELIGENCIA ARTIFICIAL,Periodo 2025 - 1S,SEGUNDO SEMESTRE,LEGALIZADA,CÁLCULO EN UNA VARIABLE,2,86.0,8.04,7.48,0.0,7.76,APROBADO,41,
77643416,CIENCIA DE DATOS E INTELIGENCIA ARTIFICIAL,Periodo 2025 - 1S,SEGUNDO SEMESTRE,LEGALIZADA,FUNDAMENTOS DE CIENCIA DE DATOS E INTELIGENCIA ARTIFICIAL,1,100.0,8.41,8.43,0.0,8.42,APROBADO,41,
77643416,CIENCIA DE DATOS E INTELIGENCIA ARTIFICIAL,Periodo 2025 - 1S,SEGUNDO SEMESTRE,LEGALIZADA,HABILIDADES PARA LA VIDA,1,86.0,9.61,8.28,0.0,8.94,APROBADO,41,
77643416,CIENCIA DE DATOS E INTELIGENCIA ARTIFICIAL,Periodo 2025 - 1S,SEGUNDO SEMESTRE,LEGALIZADA,PROBABILIDAD Y ESTADÍSTICA,1,94.0,8.4,8.81,0.0,8.6,APROBADO,41,
77643416,CIENCIA DE DATOS E INTELIGENCIA ARTIFICIAL,Periodo 2025 - 2S,SEGUNDO SEMESTRE,LEGALIZADA,ESTRUCTURA DE DATOS,1,92.0,8.6,9.15,0.0,8.87,APROBADO,41,
77643416,CIENCIA DE DATOS E INTELIGENCIA ARTIFICIAL,Periodo 2025 - 2S,SEGUNDO SEMESTRE,LEGALIZADA,PROGRAMACIÓN 2,1,100.0,7.58,8.61,0.0,8.09,APROBADO,41,
77643416,CIENCIA DE DATOS E INTELIGENCIA ARTIFICIAL,Periodo 2026 - 1S,TERCER SEMESTRE,LEGALIZADA,CÁLCULO EN VARIAS VARIABLES,1,0.0,0.0,0.0,0.0,0.0,,41,
77643416,CIENCIA DE DATOS E INTELIGENCIA ARTIFICIAL,Periodo 2026 - 1S,TERCER SEMESTRE,LEGALIZADA,CULTURA DIGITAL Y SOCIEDAD,1,0.0,0.0,0.0,0.0,0.0,,41,
77643416,CIENCIA DE DATOS E INTELIGENCIA ARTIFICIAL,Periodo 2026 - 1S,TERCER SEMESTRE,LEGALIZADA,DISEÑO EXPERIMENTAL,1,0.0,9.08,0.0,0.0,0.0,,41,
77643416,CIENCIA DE DATOS E INTELIGENCIA ARTIFICIAL,Periodo 2026 - 1S,TERCER SEMESTRE,LEGALIZADA,FUNDAMENTOS DE BASE DE DATOS,1,0.0,0.0,0.0,0.0,0.0,,41,
77643416,CIENCIA DE DATOS E INTELIGENCIA ARTIFICIAL,Periodo 2026 - 1S,TERCER SEMESTRE,LEGALIZADA,MODELAMIENTO,1,0.0,0.0,0.0,0.0,0.0,,41,
8637668,CIENCIA DE DATOS E INTELIGENCIA ARTIFICIAL,Periodo 2024 - 2S,PRIMER SEMESTRE,LEGALIZADA,ÁLGEBRA LINEAL,1,100.0,8.17,8.75,0.0,8.46,APROBADO,41,
8637668,CIENCIA DE DATOS E INTELIGENCIA ARTIFICIAL,Periodo 2024 - 2S,PRIMER SEMESTRE,LEGALIZADA,CÁLCULO EN UNA VARIABLE,1,100.0,7.76,7.05,0.0,7.4,APROBADO,41,
8637668,CIENCIA DE DATOS E INTELIGENCIA ARTIFICIAL,Periodo 2024 - 2S,PRIMER SEMESTRE,LEGALIZADA,COMUNICACIÓN EFECTIVA,1,93.0,8.24,9.16,0.0,8.7,APROBADO,41,
8637668,CIENCIA DE DATOS E INTELIGENCIA ARTIFICIAL,Periodo 2024 - 2S,PRIMER SEMESTRE,LEGALIZADA,FUNDAMENTOS DE METODOLOGÍA DE LA INVESTIGACIÓN,1,79.0,9.21,9.42,0.0,9.31,APROBADO,41,
8637668,CIENCIA DE DATOS E INTELIGENCIA ARTIFICIAL,Periodo 2024 - 2S,PRIMER SEMESTRE,LEGALIZADA,PROGRAMACIÓN 1,1,94.0,8.96,7.94,0.0,8.45,APROBADO,41,
8637668,CIENCIA DE DATOS E INTELIGENCIA ARTIFICIAL,Periodo 2025 - 1S,SEGUNDO SEMESTRE,LEGALIZADA,ESTRUCTURA DE DATOS,1,100.0,9.75,9.58,0.0,9.66,APROBADO,41,
8637668,CIENCIA DE DATOS E INTELIGENCIA ARTIFICIAL,Periodo 2025 - 1S,SEGUNDO SEMESTRE,LEGALIZADA,FUNDAMENTOS DE CIENCIA DE DATOS E INTELIGENCIA ARTIFICIAL,1,88.0,9.35,9.1,0.0,9.22,APROBADO,41,
8637668,CIENCIA DE DATOS E INTELIGENCIA ARTIFICIAL,Periodo 2025 - 1S,SEGUNDO SEMESTRE,LEGALIZADA,HABILIDADES PARA LA VIDA,1,100.0,9.1,9.36,0.0,9.23,APROBADO,41,
8637668,CIENCIA DE DATOS E INTELIGENCIA ARTIFICIAL,Periodo 2025 - 1S,SEGUNDO SEMESTRE,LEGALIZADA,PROBABILIDAD Y ESTADÍSTICA,1,100.0,8.92,8.83,0.0,8.87,APROBADO,41,
8637668,CIENCIA DE DATOS E INTELIGENCIA ARTIFICIAL,Periodo 2025 - 1S,SEGUNDO SEMESTRE,LEGALIZADA,PROGRAMACIÓN 2,1,100.0,7.82,9.84,0.0,8.83,APROBADO,41,
8637668,CIENCIA DE DATOS E INTELIGENCIA ARTIFICIAL,Periodo 2025 - 2S,TERCER SEMESTRE,LEGALIZADA,CÁLCULO EN VARIAS VARIABLES,1,100.0,7.78,8.96,0.0,8.37,APROBADO,41,
8637668,CIENCIA DE DATOS E INTELIGENCIA ARTIFICIAL,Periodo 2025 - 2S,TERCER SEMESTRE,LEGALIZADA,CULTURA DIGITAL Y SOCIEDAD,1,100.0,9.75,9.94,0.0,9.84,APROBADO,41,
8637668,CIENCIA DE DATOS E INTELIGENCIA ARTIFICIAL,Periodo 2025 - 2S,TERCER SEMESTRE,LEGALIZADA,DISEÑO EXPERIMENTAL,1,93.0,9.01,9.47,0.0,9.24,APROBADO,41,
8637668,CIENCIA DE DATOS E INTELIGENCIA ARTIFICIAL,Periodo 2025 - 2S,TERCER SEMESTRE,LEGALIZADA,FUNDAMENTOS DE BASE DE DATOS,1,100.0,9.95,9.03,0.0,9.49,APROBADO,41,
8637668,CIENCIA DE DATOS E INTELIGENCIA ARTIFICIAL,Periodo 2025 - 2S,TERCER SEMESTRE,LEGALIZADA,MODELAMIENTO,1,100.0,8.73,8.0,0.0,8.36,APROBADO,41,
8637668,CIENCIA DE DATOS E INTELIGENCIA ARTIFICIAL,Periodo 2026 - 1S,CUARTO SEMESTRE,LEGALIZADA,ADMINISTRACIÓN DE BASES DE DATOS,1,0.0,9.33,0.0,0.0,0.0,,41,
8637668,CIENCIA DE DATOS E INTELIGENCIA ARTIFICIAL,Periodo 2026 - 1S,CUARTO SEMESTRE,LEGALIZADA,MACHINE LEARNING 1,1,0.0,0.0,0.0,0.0,0.0,,41,
8637668,CIENCIA DE DATOS E INTELIGENCIA ARTIFICIAL,Periodo 2026 - 1S,CUARTO SEMESTRE,LEGALIZADA,METAHEURÍSTICAS,1,0.0,0.0,0.0,0.0,0.0,,41,
8637668,CIENCIA DE DATOS E INTELIGENCIA ARTIFICIAL,Periodo 2026 - 1S,CUARTO SEMESTRE,LEGALIZADA,METODOLOGÍAS DE ANALÍTICA DE DATOS,1,0.0,0.0,0.0,0.0,0.0,,41,
8637668,CIENCIA DE DATOS E INTELIGENCIA ARTIFICIAL,Periodo 2026 - 1S,CUARTO SEMESTRE,LEGALIZADA,MÉTODOS NUMÉRICOS Y PROBLEMAS COMPLEJOS,1,0.0,9.84,0.0,0.0,0.0,,41,
93138522,CIENCIA DE DATOS E INTELIGENCIA ARTIFICIAL,Periodo 2024 - 2S,PRIMER SEMESTRE,LEGALIZADA,ÁLGEBRA LINEAL,1,85.0,8.35,7.62,0.0,7.98,APROBADO,41,
93138522,CIENCIA DE DATOS E INTELIGENCIA ARTIFICIAL,Periodo 2024 - 2S,PRIMER SEMESTRE,LEGALIZADA,CÁLCULO EN UNA VARIABLE,1,81.0,8.02,6.5,0.0,7.26,APROBADO,41,
93138522,CIENCIA DE DATOS E INTELIGENCIA ARTIFICIAL,Periodo 2024 - 2S,PRIMER SEMESTRE,LEGALIZADA,COMUNICACIÓN EFECTIVA,1,81.0,8.03,9.3,0.0,8.66,APROBADO,41,
93138522,CIENCIA DE DATOS E INTELIGENCIA ARTIFICIAL,Periodo 2024 - 2S,PRIMER SEMESTRE,LEGALIZADA,FUNDAMENTOS DE METODOLOGÍA DE LA INVESTIGACIÓN,1,92.0,8.22,8.86,0.0,8.54,APROBADO,41,
93138522,CIENCIA DE DATOS E INTELIGENCIA ARTIFICIAL,Periodo 2024 - 2S,PRIMER SEMESTRE,LEGALIZADA,PROGRAMACIÓN 1,1,100.0,9.13,8.79,0.0,8.96,APROBADO,41,
93138522,CIENCIA DE DATOS E INTELIGENCIA ARTIFICIAL,Periodo 2025 - 1S,SEGUNDO SEMESTRE,LEGALIZADA,ESTRUCTURA DE DATOS,1,100.0,9.72,9.13,0.0,9.42,APROBADO,41,
93138522,CIENCIA DE DATOS E INTELIGENCIA ARTIFICIAL,Periodo 2025 - 1S,SEGUNDO SEMESTRE,LEGALIZADA,FUNDAMENTOS DE CIENCIA DE DATOS E INTELIGENCIA ARTIFICIAL,1,100.0,9.17,9.9,0.0,9.53,APROBADO,41,
93138522,CIENCIA DE DATOS E INTELIGENCIA ARTIFICIAL,Periodo 2025 - 1S,SEGUNDO SEMESTRE,LEGALIZADA,HABILIDADES PARA LA VIDA,1,100.0,9.81,9.93,0.0,9.87,APROBADO,41,
93138522,CIENCIA DE DATOS E INTELIGENCIA ARTIFICIAL,Periodo 2025 - 1S,SEGUNDO SEMESTRE,LEGALIZADA,PROBABILIDAD Y ESTADÍSTICA,1,100.0,8.6,9.14,0.0,8.87,APROBADO,41,
93138522,CIENCIA DE DATOS E INTELIGENCIA ARTIFICIAL,Periodo 2025 - 1S,SEGUNDO SEMESTRE,LEGALIZADA,PROGRAMACIÓN 2,1,100.0,9.06,9.4,0.0,9.23,APROBADO,41,
93138522,CIENCIA DE DATOS E INTELIGENCIA ARTIFICIAL,Periodo 2025 - 2S,TERCER SEMESTRE,LEGALIZADA,CÁLCULO EN VARIAS VARIABLES,1,93.0,8.1,8.67,0.0,8.38,APROBADO,41,
93138522,CIENCIA DE DATOS E INTELIGENCIA ARTIFICIAL,Periodo 2025 - 2S,TERCER SEMESTRE,LEGALIZADA,CULTURA DIGITAL Y SOCIEDAD,1,93.0,9.29,9.99,0.0,9.64,APROBADO,41,
93138522,CIENCIA DE DATOS E INTELIGENCIA ARTIFICIAL,Periodo 2025 - 2S,TERCER SEMESTRE,LEGALIZADA,DISEÑO EXPERIMENTAL,1,87.0,9.85,9.14,0.0,9.49,APROBADO,41,
93138522,CIENCIA DE DATOS E INTELIGENCIA ARTIFICIAL,Periodo 2025 - 2S,TERCER SEMESTRE,LEGALIZADA,FUNDAMENTOS DE BASE DE DATOS,1,100.0,9.7,9.6,0.0,9.65,APROBADO,41,
93138522,CIENCIA DE DATOS E INTELIGENCIA ARTIFICIAL,Periodo 2025 - 2S,TERCER SEMESTRE,LEGALIZADA,MODELAMIENTO,1,100.0,8.39,8.9,0.0,8.64,APROBADO,41,
93138522,CIENCIA DE DATOS E INTELIGENCIA ARTIFICIAL,Periodo 2026 - 1S,CUARTO SEMESTRE,LEGALIZADA,ADMINISTRACIÓN DE BASES DE DATOS,1,0.0,9.1,0.0,0.0,0.0,,41,
93138522,CIENCIA DE DATOS E INTELIGENCIA ARTIFICIAL,Periodo 2026 - 1S,CUARTO SEMESTRE,LEGALIZADA,MACHINE LEARNING 1,1,0.0,0.0,0.0,0.0,0.0,,41,
93138522,CIENCIA DE DATOS E INTELIGENCIA ARTIFICIAL,Periodo 2026 - 1S,CUARTO SEMESTRE,LEGALIZADA,METAHEURÍSTICAS,1,0.0,0.0,0.0,0.0,0.0,,41,
93138522,CIENCIA DE DATOS E INTELIGENCIA ARTIFICIAL,Periodo 2026 - 1S,CUARTO SEMESTRE,LEGALIZADA,METODOLOGÍAS DE ANALÍTICA DE DATOS,1,0.0,0.0,0.0,0.0,0.0,,41,
93138522,CIENCIA DE DATOS E INTELIGENCIA ARTIFICIAL,Periodo 2026 - 1S,CUARTO SEMESTRE,LEGALIZADA,MÉTODOS NUMÉRICOS Y PROBLEMAS COMPLEJOS,1,0.0,9.86,0.0,0.0,0.0,,41,
72471766,CIENCIA DE DATOS E INTELIGENCIA ARTIFICIAL,Periodo 2024 - 2S,PRIMER SEMESTRE,LEGALIZADA,ÁLGEBRA LINEAL,1,58.0,7.14,8.26,0.0,7.7,APROBADO,41,
72471766,CIENCIA DE DATOS E INTELIGENCIA ARTIFICIAL,Periodo 2024 - 2S,PRIMER SEMESTRE,LEGALIZADA,CÁLCULO EN UNA VARIABLE,1,88.0,8.33,7.23,0.0,7.78,APROBADO,41,
72471766,CIENCIA DE DATOS E INTELIGENCIA ARTIFICIAL,Periodo 2024 - 2S,PRIMER SEMESTRE,LEGALIZADA,COMUNICACIÓN EFECTIVA,1,64.0,7.28,6.33,9.0,7.9,APROBADO,41,
72471766,CIENCIA DE DATOS E INTELIGENCIA ARTIFICIAL,Periodo 2024 - 2S,PRIMER SEMESTRE,LEGALIZADA,FUNDAMENTOS DE METODOLOGÍA DE LA INVESTIGACIÓN,1,62.0,7.13,8.19,0.0,7.66,APROBADO,41,
72471766,CIENCIA DE DATOS E INTELIGENCIA ARTIFICIAL,Periodo 2024 - 2S,PRIMER SEMESTRE,LEGALIZADA,PROGRAMACIÓN 1,1,81.0,8.36,7.29,0.0,7.82,APROBADO,41,
72471766,CIENCIA DE DATOS E INTELIGENCIA ARTIFICIAL,Periodo 2025 - 1S,SEGUNDO SEMESTRE,LEGALIZADA,ESTRUCTURA DE DATOS,1,79.0,8.92,8.37,0.0,8.64,APROBADO,41,
72471766,CIENCIA DE DATOS E INTELIGENCIA ARTIFICIAL,Periodo 2025 - 1S,SEGUNDO SEMESTRE,LEGALIZADA,FUNDAMENTOS DE CIENCIA DE DATOS E INTELIGENCIA ARTIFICIAL,1,50.0,9.12,8.13,0.0,8.62,APROBADO,41,
72471766,CIENCIA DE DATOS E INTELIGENCIA ARTIFICIAL,Periodo 2025 - 1S,SEGUNDO SEMESTRE,LEGALIZADA,HABILIDADES PARA LA VIDA,1,67.0,8.39,7.93,0.0,8.16,APROBADO,41,
72471766,CIENCIA DE DATOS E INTELIGENCIA ARTIFICIAL,Periodo 2025 - 1S,SEGUNDO SEMESTRE,LEGALIZADA,PROBABILIDAD Y ESTADÍSTICA,1,69.0,7.76,7.84,0.0,7.8,APROBADO,41,
72471766,CIENCIA DE DATOS E INTELIGENCIA ARTIFICIAL,Periodo 2025 - 1S,SEGUNDO SEMESTRE,LEGALIZADA,PROGRAMACIÓN 2,1,89.0,8.28,8.23,0.0,8.25,APROBADO,41,
72471766,CIENCIA DE DATOS E INTELIGENCIA ARTIFICIAL,Periodo 2025 - 2S,TERCER SEMESTRE,LEGALIZADA,CÁLCULO EN VARIAS VARIABLES,1,93.0,7.19,8.17,0.0,7.68,APROBADO,41,
72471766,CIENCIA DE DATOS E INTELIGENCIA ARTIFICIAL,Periodo 2025 - 2S,TERCER SEMESTRE,LEGALIZADA,CULTURA DIGITAL Y SOCIEDAD,1,87.0,9.62,8.94,0.0,9.28,APROBADO,41,
72471766,CIENCIA DE DATOS E INTELIGENCIA ARTIFICIAL,Periodo 2025 - 2S,TERCER SEMESTRE,LEGALIZADA,DISEÑO EXPERIMENTAL,1,67.0,8.59,8.89,0.0,8.74,APROBADO,41,
72471766,CIENCIA DE DATOS E INTELIGENCIA ARTIFICIAL,Periodo 2025 - 2S,TERCER SEMESTRE,LEGALIZADA,FUNDAMENTOS DE BASE DE DATOS,1,100.0,9.25,9.81,0.0,9.53,APROBADO,41,
72471766,CIENCIA DE DATOS E INTELIGENCIA ARTIFICIAL,Periodo 2025 - 2S,TERCER SEMESTRE,LEGALIZADA,MODELAMIENTO,1,100.0,7.96,8.24,0.0,8.1,APROBADO,41,
72471766,CIENCIA DE DATOS E INTELIGENCIA ARTIFICIAL,Periodo 2026 - 1S,CUARTO SEMESTRE,LEGALIZADA,ADMINISTRACIÓN DE BASES DE DATOS,1,0.0,8.9,0.0,0.0,0.0,,41,
72471766,CIENCIA DE DATOS E INTELIGENCIA ARTIFICIAL,Periodo 2026 - 1S,CUARTO SEMESTRE,LEGALIZADA,MACHINE LEARNING 1,1,0.0,0.0,0.0,0.0,0.0,,41,
72471766,CIENCIA DE DATOS E INTELIGENCIA ARTIFICIAL,Periodo 2026 - 1S,CUARTO SEMESTRE,LEGALIZADA,METAHEURÍSTICAS,1,0.0,0.0,0.0,0.0,0.0,,41,
72471766,CIENCIA DE DATOS E INTELIGENCIA ARTIFICIAL,Periodo 2026 - 1S,CUARTO SEMESTRE,LEGALIZADA,METODOLOGÍAS DE ANALÍTICA DE DATOS,1,0.0,0.0,0.0,0.0,0.0,,41,
72471766,CIENCIA DE DATOS E INTELIGENCIA ARTIFICIAL,Periodo 2026 - 1S,CUARTO SEMESTRE,LEGALIZADA,MÉTODOS NUMÉRICOS Y PROBLEMAS COMPLEJOS,1,0.0,9.83,0.0,0.0,0.0,,41,
87539929,CIENCIA DE DATOS E INTELIGENCIA ARTIFICIAL,Periodo 2024 - 2S,PRIMER SEMESTRE,LEGALIZADA,ÁLGEBRA LINEAL,1,92.0,7.32,7.77,0.0,7.54,APROBADO,41,
87539929,CIENCIA DE DATOS E INTELIGENCIA ARTIFICIAL,Periodo 2024 - 2S,PRIMER SEMESTRE,LEGALIZADA,CÁLCULO EN UNA VARIABLE,1,100.0,7.5,7.14,0.0,7.32,APROBADO,41,
87539929,CIENCIA DE DATOS E INTELIGENCIA ARTIFICIAL,Periodo 2024 - 2S,PRIMER SEMESTRE,LEGALIZADA,COMUNICACIÓN EFECTIVA,1,75.0,7.92,9.01,0.0,8.46,APROBADO,41,
87539929,CIENCIA DE DATOS E INTELIGENCIA ARTIFICIAL,Periodo 2024 - 2S,PRIMER SEMESTRE,LEGALIZADA,FUNDAMENTOS DE METODOLOGÍA DE LA INVESTIGACIÓN,1,92.0,9.13,9.52,0.0,9.32,APROBADO,41,
87539929,CIENCIA DE DATOS E INTELIGENCIA ARTIFICIAL,Periodo 2024 - 2S,PRIMER SEMESTRE,LEGALIZADA,PROGRAMACIÓN 1,1,86.0,8.95,9.46,0.0,9.2,APROBADO,41,
87539929,CIENCIA DE DATOS E INTELIGENCIA ARTIFICIAL,Periodo 2025 - 1S,SEGUNDO SEMESTRE,LEGALIZADA,ESTRUCTURA DE DATOS,1,93.0,9.63,9.73,0.0,9.68,APROBADO,41,
87539929,CIENCIA DE DATOS E INTELIGENCIA ARTIFICIAL,Periodo 2025 - 1S,SEGUNDO SEMESTRE,LEGALIZADA,FUNDAMENTOS DE CIENCIA DE DATOS E INTELIGENCIA ARTIFICIAL,1,88.0,8.66,9.16,0.0,8.91,APROBADO,41,
87539929,CIENCIA DE DATOS E INTELIGENCIA ARTIFICIAL,Periodo 2025 - 1S,SEGUNDO SEMESTRE,LEGALIZADA,HABILIDADES PARA LA VIDA,1,93.0,9.88,9.61,0.0,9.74,APROBADO,41,
87539929,CIENCIA DE DATOS E INTELIGENCIA ARTIFICIAL,Periodo 2025 - 1S,SEGUNDO SEMESTRE,LEGALIZADA,PROBABILIDAD Y ESTADÍSTICA,1,94.0,7.87,8.87,0.0,8.37,APROBADO,41,
87539929,CIENCIA DE DATOS E INTELIGENCIA ARTIFICIAL,Periodo 2025 - 1S,SEGUNDO SEMESTRE,LEGALIZADA,PROGRAMACIÓN 2,1,100.0,9.2,9.44,0.0,9.32,APROBADO,41,
87539929,CIENCIA DE DATOS E INTELIGENCIA ARTIFICIAL,Periodo 2025 - 2S,TERCER SEMESTRE,LEGALIZADA,CÁLCULO EN VARIAS VARIABLES,1,100.0,8.4,9.35,0.0,8.87,APROBADO,41,
87539929,CIENCIA DE DATOS E INTELIGENCIA ARTIFICIAL,Periodo 2025 - 2S,TERCER SEMESTRE,LEGALIZADA,CULTURA DIGITAL Y SOCIEDAD,1,100.0,9.46,9.88,0.0,9.67,APROBADO,41,
87539929,CIENCIA DE DATOS E INTELIGENCIA ARTIFICIAL,Periodo 2025 - 2S,TERCER SEMESTRE,LEGALIZADA,DISEÑO EXPERIMENTAL,1,93.0,9.39,8.15,0.0,8.77,APROBADO,41,
87539929,CIENCIA DE DATOS E INTELIGENCIA ARTIFICIAL,Periodo 2025 - 2S,TERCER SEMESTRE,LEGALIZADA,FUNDAMENTOS DE BASE DE DATOS,1,100.0,8.83,9.58,0.0,9.2,APROBADO,41,
87539929,CIENCIA DE DATOS E INTELIGENCIA ARTIFICIAL,Periodo 2025 - 2S,TERCER SEMESTRE,LEGALIZADA,MODELAMIENTO,1,93.0,8.18,8.04,0.0,8.11,APROBADO,41,
87539929,CIENCIA DE DATOS E INTELIGENCIA ARTIFICIAL,Periodo 2026 - 1S,CUARTO SEMESTRE,LEGALIZADA,ADMINISTRACIÓN DE BASES DE DATOS,1,0.0,8.56,0.0,0.0,0.0,,41,
87539929,CIENCIA DE DATOS E INTELIGENCIA ARTIFICIAL,Periodo 2026 - 1S,CUARTO SEMESTRE,LEGALIZADA,MACHINE LEARNING 1,1,0.0,0.0,0.0,0.0,0.0,,41,
87539929,CIENCIA DE DATOS E INTELIGENCIA ARTIFICIAL,Periodo 2026 - 1S,CUARTO SEMESTRE,LEGALIZADA,METAHEURÍSTICAS,1,0.0,0.0,0.0,0.0,0.0,,41,
87539929,CIENCIA DE DATOS E INTELIGENCIA ARTIFICIAL,Periodo 2026 - 1S,CUARTO SEMESTRE,LEGALIZADA,METODOLOGÍAS DE ANALÍTICA DE DATOS,1,0.0,0.0,0.0,0.0,0.0,,41,
87539929,CIENCIA DE DATOS E INTELIGENCIA ARTIFICIAL,Periodo 2026 - 1S,CUARTO SEMESTRE,LEGALIZADA,MÉTODOS NUMÉRICOS Y PROBLEMAS COMPLEJOS,1,0.0,9.89,0.0,0.0,0.0,,41,
18279866,CIENCIA DE DATOS E INTELIGENCIA ARTIFICIAL,Periodo 2025 - 2S,PRIMER SEMESTRE,LEGALIZADA,ÁLGEBRA LINEAL,1,87.0,4.27,7.16,0.01,2.86,REPROBADO,41,
18279866,CIENCIA DE DATOS E INTELIGENCIA ARTIFICIAL,Periodo 2025 - 2S,PRIMER SEMESTRE,LEGALIZADA,CÁLCULO EN UNA VARIABLE,1,87.0,6.01,5.3,1.0,3.32,REPROBADO,41,
18279866,CIENCIA DE DATOS E INTELIGENCIA ARTIFICIAL,Periodo 2025 - 2S,PRIMER SEMESTRE,LEGALIZADA,COMUNICACIÓN EFECTIVA,1,67.0,3.51,5.49,7.0,5.75,REPROBADO,41,
18279866,CIENCIA DE DATOS E INTELIGENCIA ARTIFICIAL,Periodo 2025 - 2S,PRIMER SEMESTRE,LEGALIZADA,FUNDAMENTOS DE METODOLOGÍA DE LA INVESTIGACIÓN,1,57.0,7.5,7.64,0.0,7.57,APROBADO,41,
18279866,CIENCIA DE DATOS E INTELIGENCIA ARTIFICIAL,Periodo 2025 - 2S,PRIMER SEMESTRE,LEGALIZADA,PROGRAMACIÓN 1,1,79.0,5.25,4.73,9.01,7.0,APROBADO,41,
18279866,CIENCIA DE DATOS E INTELIGENCIA ARTIFICIAL,Periodo 2026 - 1S,PRIMER SEMESTRE,LEGALIZADA,ÁLGEBRA LINEAL,2,0.0,0.0,0.0,0.0,0.0,,41,
18279866,CIENCIA DE DATOS E INTELIGENCIA ARTIFICIAL,Periodo 2026 - 1S,PRIMER SEMESTRE,LEGALIZADA,CÁLCULO EN UNA VARIABLE,2,0.0,0.0,0.0,0.0,0.0,,41,
18279866,CIENCIA DE DATOS E INTELIGENCIA ARTIFICIAL,Periodo 2026 - 1S,PRIMER SEMESTRE,LEGALIZADA,COMUNICACIÓN EFECTIVA,2,0.0,0.0,0.0,0.0,0.0,,41,
48572189,CIENCIA DE DATOS E INTELIGENCIA ARTIFICIAL,Periodo 2024 - 2S,PRIMER SEMESTRE,LEGALIZADA,ÁLGEBRA LINEAL,1,69.0,8.53,8.29,0.0,8.41,APROBADO,41,
48572189,CIENCIA DE DATOS E INTELIGENCIA ARTIFICIAL,Periodo 2024 - 2S,PRIMER SEMESTRE,LEGALIZADA,CÁLCULO EN UNA VARIABLE,1,94.0,7.62,7.02,0.0,7.32,APROBADO,41,
48572189,CIENCIA DE DATOS E INTELIGENCIA ARTIFICIAL,Periodo 2024 - 2S,PRIMER SEMESTRE,LEGALIZADA,COMUNICACIÓN EFECTIVA,1,81.0,8.03,8.03,0.0,8.03,APROBADO,41,
48572189,CIENCIA DE DATOS E INTELIGENCIA ARTIFICIAL,Periodo 2024 - 2S,PRIMER SEMESTRE,LEGALIZADA,FUNDAMENTOS DE METODOLOGÍA DE LA INVESTIGACIÓN,1,83.0,8.6,8.69,0.0,8.64,APROBADO,41,
48572189,CIENCIA DE DATOS E INTELIGENCIA ARTIFICIAL,Periodo 2024 - 2S,PRIMER SEMESTRE,LEGALIZADA,PROGRAMACIÓN 1,1,86.0,7.87,9.02,0.0,8.44,APROBADO,41,
48572189,CIENCIA DE DATOS E INTELIGENCIA ARTIFICIAL,Periodo 2025 - 1S,SEGUNDO SEMESTRE,LEGALIZADA,ESTRUCTURA DE DATOS,1,100.0,9.8,8.83,0.0,9.31,APROBADO,41,
48572189,CIENCIA DE DATOS E INTELIGENCIA ARTIFICIAL,Periodo 2025 - 1S,SEGUNDO SEMESTRE,LEGALIZADA,FUNDAMENTOS DE CIENCIA DE DATOS E INTELIGENCIA ARTIFICIAL,1,100.0,8.46,8.42,0.0,8.44,APROBADO,41,
48572189,CIENCIA DE DATOS E INTELIGENCIA ARTIFICIAL,Periodo 2025 - 1S,SEGUNDO SEMESTRE,LEGALIZADA,HABILIDADES PARA LA VIDA,1,100.0,9.65,8.36,0.0,9.0,APROBADO,41,
48572189,CIENCIA DE DATOS E INTELIGENCIA ARTIFICIAL,Periodo 2025 - 1S,SEGUNDO SEMESTRE,LEGALIZADA,PROBABILIDAD Y ESTADÍSTICA,1,94.0,7.74,8.97,0.0,8.35,APROBADO,41,
48572189,CIENCIA DE DATOS E INTELIGENCIA ARTIFICIAL,Periodo 2025 - 1S,SEGUNDO SEMESTRE,LEGALIZADA,PROGRAMACIÓN 2,1,100.0,9.34,8.6,0.0,8.97,APROBADO,41,
48572189,CIENCIA DE DATOS E INTELIGENCIA ARTIFICIAL,Periodo 2025 - 2S,TERCER SEMESTRE,LEGALIZADA,CÁLCULO EN VARIAS VARIABLES,1,100.0,7.37,8.07,0.0,7.72,APROBADO,41,
48572189,CIENCIA DE DATOS E INTELIGENCIA ARTIFICIAL,Periodo 2025 - 2S,TERCER SEMESTRE,LEGALIZADA,CULTURA DIGITAL Y SOCIEDAD,1,100.0,8.67,9.25,0.0,8.96,APROBADO,41,
48572189,CIENCIA DE DATOS E INTELIGENCIA ARTIFICIAL,Periodo 2025 - 2S,TERCER SEMESTRE,LEGALIZADA,DISEÑO EXPERIMENTAL,1,93.0,9.09,9.13,0.0,9.11,APROBADO,41,
48572189,CIENCIA DE DATOS E INTELIGENCIA ARTIFICIAL,Periodo 2025 - 2S,TERCER SEMESTRE,LEGALIZADA,FUNDAMENTOS DE BASE DE DATOS,1,100.0,8.67,9.19,0.0,8.93,APROBADO,41,
48572189,CIENCIA DE DATOS E INTELIGENCIA ARTIFICIAL,Periodo 2025 - 2S,TERCER SEMESTRE,LEGALIZADA,MODELAMIENTO,1,100.0,7.98,7.94,0.0,7.96,APROBADO,41,
48572189,CIENCIA DE DATOS E INTELIGENCIA ARTIFICIAL,Periodo 2026 - 1S,CUARTO SEMESTRE,LEGALIZADA,ADMINISTRACIÓN DE BASES DE DATOS,1,0.0,8.24,0.0,0.0,0.0,,41,
48572189,CIENCIA DE DATOS E INTELIGENCIA ARTIFICIAL,Periodo 2026 - 1S,CUARTO SEMESTRE,LEGALIZADA,MACHINE LEARNING 1,1,0.0,0.0,0.0,0.0,0.0,,41,
48572189,CIENCIA DE DATOS E INTELIGENCIA ARTIFICIAL,Periodo 2026 - 1S,CUARTO SEMESTRE,LEGALIZADA,METAHEURÍSTICAS,1,0.0,0.0,0.0,0.0,0.0,,41,
48572189,CIENCIA DE DATOS E INTELIGENCIA ARTIFICIAL,Periodo 2026 - 1S,CUARTO SEMESTRE,LEGALIZADA,METODOLOGÍAS DE ANALÍTICA DE DATOS,1,0.0,0.0,0.0,0.0,0.0,,41,
48572189,CIENCIA DE DATOS E INTELIGENCIA ARTIFICIAL,Periodo 2026 - 1S,CUARTO SEMESTRE,LEGALIZADA,MÉTODOS NUMÉRICOS Y PROBLEMAS COMPLEJOS,1,0.0,9.26,0.0,0.0,0.0,,41,
30106803,CIENCIA DE DATOS E INTELIGENCIA ARTIFICIAL,Periodo 2024 - 2S,PRIMER SEMESTRE,LEGALIZADA,ÁLGEBRA LINEAL,1,100.0,9.16,9.47,0.0,9.31,APROBADO,41,
30106803,CIENCIA DE DATOS E INTELIGENCIA ARTIFICIAL,Periodo 2024 - 2S,PRIMER SEMESTRE,LEGALIZADA,CÁLCULO EN UNA VARIABLE,1,100.0,9.52,9.26,0.0,9.39,APROBADO,41,
30106803,CIENCIA DE DATOS E INTELIGENCIA ARTIFICIAL,Periodo 2024 - 2S,PRIMER SEMESTRE,LEGALIZADA,COMUNICACIÓN EFECTIVA,1,100.0,8.63,9.4,0.0,9.01,APROBADO,41,
30106803,CIENCIA DE DATOS E INTELIGENCIA ARTIFICIAL,Periodo 2024 - 2S,PRIMER SEMESTRE,LEGALIZADA,FUNDAMENTOS DE METODOLOGÍA DE LA INVESTIGACIÓN,1,69.0,8.41,9.36,0.0,8.88,APROBADO,41,
30106803,CIENCIA DE DATOS E INTELIGENCIA ARTIFICIAL,Periodo 2024 - 2S,PRIMER SEMESTRE,LEGALIZADA,PROGRAMACIÓN 1,1,100.0,9.57,9.64,0.0,9.6,APROBADO,41,
30106803,CIENCIA DE DATOS E INTELIGENCIA ARTIFICIAL,Periodo 2025 - 1S,SEGUNDO SEMESTRE,LEGALIZADA,ESTRUCTURA DE DATOS,1,100.0,9.49,9.77,0.0,9.63,APROBADO,41,
30106803,CIENCIA DE DATOS E INTELIGENCIA ARTIFICIAL,Periodo 2025 - 1S,SEGUNDO SEMESTRE,LEGALIZADA,FUNDAMENTOS DE CIENCIA DE DATOS E INTELIGENCIA ARTIFICIAL,1,100.0,9.45,9.56,0.0,9.5,APROBADO,41,
30106803,CIENCIA DE DATOS E INTELIGENCIA ARTIFICIAL,Periodo 2025 - 1S,SEGUNDO SEMESTRE,LEGALIZADA,HABILIDADES PARA LA VIDA,1,100.0,9.71,9.78,0.0,9.74,APROBADO,41,
30106803,CIENCIA DE DATOS E INTELIGENCIA ARTIFICIAL,Periodo 2025 - 1S,SEGUNDO SEMESTRE,LEGALIZADA,PROBABILIDAD Y ESTADÍSTICA,1,92.0,8.99,9.36,0.0,9.17,APROBADO,41,
30106803,CIENCIA DE DATOS E INTELIGENCIA ARTIFICIAL,Periodo 2025 - 1S,SEGUNDO SEMESTRE,LEGALIZADA,PROGRAMACIÓN 2,1,100.0,7.85,9.71,0.0,8.78,APROBADO,41,
30106803,CIENCIA DE DATOS E INTELIGENCIA ARTIFICIAL,Periodo 2025 - 2S,TERCER SEMESTRE,LEGALIZADA,CÁLCULO EN VARIAS VARIABLES,1,100.0,8.51,9.81,0.0,9.16,APROBADO,41,
30106803,CIENCIA DE DATOS E INTELIGENCIA ARTIFICIAL,Periodo 2025 - 2S,TERCER SEMESTRE,LEGALIZADA,CULTURA DIGITAL Y SOCIEDAD,1,100.0,9.51,9.92,0.0,9.71,APROBADO,41,
30106803,CIENCIA DE DATOS E INTELIGENCIA ARTIFICIAL,Periodo 2025 - 2S,TERCER SEMESTRE,LEGALIZADA,DISEÑO EXPERIMENTAL,1,93.0,10.0,10.0,0.0,10.0,APROBADO,41,
30106803,CIENCIA DE DATOS E INTELIGENCIA ARTIFICIAL,Periodo 2025 - 2S,TERCER SEMESTRE,LEGALIZADA,FUNDAMENTOS DE BASE DE DATOS,1,100.0,9.12,8.95,0.0,9.03,APROBADO,41,
30106803,CIENCIA DE DATOS E INTELIGENCIA ARTIFICIAL,Periodo 2025 - 2S,TERCER SEMESTRE,LEGALIZADA,MODELAMIENTO,1,100.0,9.11,9.75,0.0,9.43,APROBADO,41,
30106803,CIENCIA DE DATOS E INTELIGENCIA ARTIFICIAL,Periodo 2026 - 1S,CUARTO SEMESTRE,LEGALIZADA,ADMINISTRACIÓN DE BASES DE DATOS,1,0.0,8.86,0.0,0.0,0.0,,41,
30106803,CIENCIA DE DATOS E INTELIGENCIA ARTIFICIAL,Periodo 2026 - 1S,CUARTO SEMESTRE,LEGALIZADA,MACHINE LEARNING 1,1,0.0,0.0,0.0,0.0,0.0,,41,
30106803,CIENCIA DE DATOS E INTELIGENCIA ARTIFICIAL,Periodo 2026 - 1S,CUARTO SEMESTRE,LEGALIZADA,METAHEURÍSTICAS,1,0.0,0.0,0.0,0.0,0.0,,41,
30106803,CIENCIA DE DATOS E INTELIGENCIA ARTIFICIAL,Periodo 2026 - 1S,CUARTO SEMESTRE,LEGALIZADA,METODOLOGÍAS DE ANALÍTICA DE DATOS,1,0.0,0.0,0.0,0.0,0.0,,41,
30106803,CIENCIA DE DATOS E INTELIGENCIA ARTIFICIAL,Periodo 2026 - 1S,CUARTO SEMESTRE,LEGALIZADA,MÉTODOS NUMÉRICOS Y PROBLEMAS COMPLEJOS,1,0.0,9.75,0.0,0.0,0.0,,41,
3692871,CIENCIA DE DATOS E INTELIGENCIA ARTIFICIAL,Periodo 2025 - 1S,PRIMER SEMESTRE,LEGALIZADA,ÁLGEBRA LINEAL,1,63.0,6.27,8.24,0.0,7.25,APROBADO,41,
3692871,CIENCIA DE DATOS E INTELIGENCIA ARTIFICIAL,Periodo 2025 - 1S,PRIMER SEMESTRE,LEGALIZADA,CÁLCULO EN UNA VARIABLE,1,81.0,5.89,5.6,5.5,5.62,REPROBADO,41,
3692871,CIENCIA DE DATOS E INTELIGENCIA ARTIFICIAL,Periodo 2025 - 1S,PRIMER SEMESTRE,LEGALIZADA,COMUNICACIÓN EFECTIVA,1,69.0,6.84,7.97,0.0,7.4,APROBADO,41,
3692871,CIENCIA DE DATOS E INTELIGENCIA ARTIFICIAL,Periodo 2025 - 1S,PRIMER SEMESTRE,LEGALIZADA,FUNDAMENTOS DE METODOLOGÍA DE LA INVESTIGACIÓN,1,100.0,7.19,8.33,0.0,7.76,APROBADO,41,
3692871,CIENCIA DE DATOS E INTELIGENCIA ARTIFICIAL,Periodo 2025 - 1S,PRIMER SEMESTRE,LEGALIZADA,PROGRAMACIÓN 1,1,79.0,4.58,6.12,9.0,7.17,APROBADO,41,
3692871,CIENCIA DE DATOS E INTELIGENCIA ARTIFICIAL,Periodo 2025 - 2S,PRIMER SEMESTRE,LEGALIZADA,CÁLCULO EN UNA VARIABLE,2,73.0,7.21,8.91,0.0,8.06,APROBADO,41,
87827169,CIENCIA DE DATOS E INTELIGENCIA ARTIFICIAL,Periodo 2024 - 2S,PRIMER SEMESTRE,LEGALIZADA,ÁLGEBRA LINEAL,1,92.0,7.71,7.97,0.0,7.84,APROBADO,41,
87827169,CIENCIA DE DATOS E INTELIGENCIA ARTIFICIAL,Periodo 2024 - 2S,PRIMER SEMESTRE,LEGALIZADA,CÁLCULO EN UNA VARIABLE,1,94.0,7.47,8.05,0.0,7.76,APROBADO,41,
87827169,CIENCIA DE DATOS E INTELIGENCIA ARTIFICIAL,Periodo 2024 - 2S,PRIMER SEMESTRE,LEGALIZADA,COMUNICACIÓN EFECTIVA,1,86.0,8.23,8.51,0.0,8.37,APROBADO,41,2.0
87827169,CIENCIA DE DATOS E INTELIGENCIA ARTIFICIAL,Periodo 2024 - 2S,PRIMER SEMESTRE,LEGALIZADA,FUNDAMENTOS DE METODOLOGÍA DE LA INVESTIGACIÓN,1,77.0,8.8,9.25,0.0,9.02,APROBADO,41,
87827169,CIENCIA DE DATOS E INTELIGENCIA ARTIFICIAL,Periodo 2024 - 2S,PRIMER SEMESTRE,LEGALIZADA,PROGRAMACIÓN 1,1,94.0,5.6,6.97,7.25,6.76,REPROBADO,41,
87827169,CIENCIA DE DATOS E INTELIGENCIA ARTIFICIAL,Periodo 2025 - 1S,SEGUNDO SEMESTRE,LEGALIZADA,ESTRUCTURA DE DATOS,1,93.0,8.83,8.28,0.0,8.55,APROBADO,41,
87827169,CIENCIA DE DATOS E INTELIGENCIA ARTIFICIAL,Periodo 2025 - 1S,SEGUNDO SEMESTRE,LEGALIZADA,FUNDAMENTOS DE CIENCIA DE DATOS E INTELIGENCIA ARTIFICIAL,1,94.0,9.46,8.53,0.0,8.99,APROBADO,41,
87827169,CIENCIA DE DATOS E INTELIGENCIA ARTIFICIAL,Periodo 2025 - 1S,SEGUNDO SEMESTRE,LEGALIZADA,PROBABILIDAD Y ESTADÍSTICA,1,92.0,8.27,9.01,0.0,8.64,APROBADO,41,
87827169,CIENCIA DE DATOS E INTELIGENCIA ARTIFICIAL,Periodo 2025 - 1S,SEGUNDO SEMESTRE,LEGALIZADA,PROGRAMACIÓN 1,2,100.0,8.72,8.09,0.0,8.4,APROBADO,41,
87827169,CIENCIA DE DATOS E INTELIGENCIA ARTIFICIAL,Periodo 2025 - 2S,SEGUNDO SEMESTRE,LEGALIZADA,HABILIDADES PARA LA VIDA,1,85.0,9.2,8.95,0.0,9.07,APROBADO,41,
87827169,CIENCIA DE DATOS E INTELIGENCIA ARTIFICIAL,Periodo 2025 - 2S,SEGUNDO SEMESTRE,LEGALIZADA,PROGRAMACIÓN 2,1,100.0,8.9,8.96,0.0,8.93,APROBADO,41,
87827169,CIENCIA DE DATOS E INTELIGENCIA ARTIFICIAL,Periodo 2026 - 1S,TERCER SEMESTRE,LEGALIZADA,CÁLCULO EN VARIAS VARIABLES,1,0.0,0.0,0.0,0.0,0.0,,41,
87827169,CIENCIA DE DATOS E INTELIGENCIA ARTIFICIAL,Periodo 2026 - 1S,TERCER SEMESTRE,LEGALIZADA,CULTURA DIGITAL Y SOCIEDAD,1,0.0,0.0,0.0,0.0,0.0,,41,
87827169,CIENCIA DE DATOS E INTELIGENCIA ARTIFICIAL,Periodo 2026 - 1S,TERCER SEMESTRE,LEGALIZADA,DISEÑO EXPERIMENTAL,1,0.0,9.22,0.0,0.0,0.0,,41,
87827169,CIENCIA DE DATOS E INTELIGENCIA ARTIFICIAL,Periodo 2026 - 1S,TERCER SEMESTRE,LEGALIZADA,FUNDAMENTOS DE BASE DE DATOS,1,0.0,0.0,0.0,0.0,0.0,,41,
87827169,CIENCIA DE DATOS E INTELIGENCIA ARTIFICIAL,Periodo 2026 - 1S,TERCER SEMESTRE,LEGALIZADA,MODELAMIENTO,1,0.0,0.0,0.0,0.0,0.0,,41,
16781673,CIENCIA DE DATOS E INTELIGENCIA ARTIFICIAL,Periodo 2024 - 2S,PRIMER SEMESTRE,LEGALIZADA,ÁLGEBRA LINEAL,1,83.0,6.3,8.71,0.0,7.5,APROBADO,41,
16781673,CIENCIA DE DATOS E INTELIGENCIA ARTIFICIAL,Periodo 2024 - 2S,PRIMER SEMESTRE,LEGALIZADA,CÁLCULO EN UNA VARIABLE,1,88.0,6.11,7.4,7.3,7.02,APROBADO,41,
16781673,CIENCIA DE DATOS E INTELIGENCIA ARTIFICIAL,Periodo 2024 - 2S,PRIMER SEMESTRE,LEGALIZADA,COMUNICACIÓN EFECTIVA,1,57.0,6.97,8.54,0.0,7.75,APROBADO,41,
16781673,CIENCIA DE DATOS E INTELIGENCIA ARTIFICIAL,Periodo 2024 - 2S,PRIMER SEMESTRE,LEGALIZADA,FUNDAMENTOS DE METODOLOGÍA DE LA INVESTIGACIÓN,1,85.0,7.89,9.51,0.0,8.7,APROBADO,41,
16781673,CIENCIA DE DATOS E INTELIGENCIA ARTIFICIAL,Periodo 2024 - 2S,PRIMER SEMESTRE,LEGALIZADA,PROGRAMACIÓN 1,1,88.0,7.03,6.48,7.5,7.12,APROBADO,41,
16781673,CIENCIA DE DATOS E INTELIGENCIA ARTIFICIAL,Periodo 2025 - 1S,SEGUNDO SEMESTRE,LEGALIZADA,ESTRUCTURA DE DATOS,1,93.0,9.09,9.68,0.0,9.38,APROBADO,41,
16781673,CIENCIA DE DATOS E INTELIGENCIA ARTIFICIAL,Periodo 2025 - 1S,SEGUNDO SEMESTRE,LEGALIZADA,FUNDAMENTOS DE CIENCIA DE DATOS E INTELIGENCIA ARTIFICIAL,1,100.0,8.81,8.4,0.0,8.6,APROBADO,41,
16781673,CIENCIA DE DATOS E INTELIGENCIA ARTIFICIAL,Periodo 2025 - 1S,SEGUNDO SEMESTRE,LEGALIZADA,HABILIDADES PARA LA VIDA,1,80.0,9.69,9.12,0.0,9.4,APROBADO,41,
16781673,CIENCIA DE DATOS E INTELIGENCIA ARTIFICIAL,Periodo 2025 - 1S,SEGUNDO SEMESTRE,LEGALIZADA,PROBABILIDAD Y ESTADÍSTICA,1,85.0,8.56,8.53,0.0,8.54,APROBADO,41,
16781673,CIENCIA DE DATOS E INTELIGENCIA ARTIFICIAL,Periodo 2025 - 1S,SEGUNDO SEMESTRE,LEGALIZADA,PROGRAMACIÓN 2,1,100.0,8.15,9.87,0.0,9.01,APROBADO,41,
16781673,CIENCIA DE DATOS E INTELIGENCIA ARTIFICIAL,Periodo 2025 - 2S,TERCER SEMESTRE,LEGALIZADA,CÁLCULO EN VARIAS VARIABLES,1,100.0,7.64,7.94,0.0,7.79,APROBADO,41,
16781673,CIENCIA DE DATOS E INTELIGENCIA ARTIFICIAL,Periodo 2025 - 2S,TERCER SEMESTRE,LEGALIZADA,CULTURA DIGITAL Y SOCIEDAD,1,87.0,9.22,9.74,0.0,9.48,APROBADO,41,
16781673,CIENCIA DE DATOS E INTELIGENCIA ARTIFICIAL,Periodo 2025 - 2S,TERCER SEMESTRE,LEGALIZADA,DISEÑO EXPERIMENTAL,1,73.0,9.2,8.7,0.0,8.95,APROBADO,41,
16781673,CIENCIA DE DATOS E INTELIGENCIA ARTIFICIAL,Periodo 2025 - 2S,TERCER SEMESTRE,LEGALIZADA,FUNDAMENTOS DE BASE DE DATOS,1,94.0,8.34,9.97,0.0,9.15,APROBADO,41,
16781673,CIENCIA DE DATOS E INTELIGENCIA ARTIFICIAL,Periodo 2025 - 2S,TERCER SEMESTRE,LEGALIZADA,MODELAMIENTO,1,93.0,8.37,8.02,0.0,8.19,APROBADO,41,
16781673,CIENCIA DE DATOS E INTELIGENCIA ARTIFICIAL,Periodo 2026 - 1S,CUARTO SEMESTRE,LEGALIZADA,ADMINISTRACIÓN DE BASES DE DATOS,1,0.0,8.15,0.0,0.0,0.0,,41,
16781673,CIENCIA DE DATOS E INTELIGENCIA ARTIFICIAL,Periodo 2026 - 1S,CUARTO SEMESTRE,LEGALIZADA,MACHINE LEARNING 1,1,0.0,0.0,0.0,0.0,0.0,,41,
16781673,CIENCIA DE DATOS E INTELIGENCIA ARTIFICIAL,Periodo 2026 - 1S,CUARTO SEMESTRE,LEGALIZADA,METAHEURÍSTICAS,1,0.0,0.0,0.0,0.0,0.0,,41,
16781673,CIENCIA DE DATOS E INTELIGENCIA ARTIFICIAL,Periodo 2026 - 1S,CUARTO SEMESTRE,LEGALIZADA,METODOLOGÍAS DE ANALÍTICA DE DATOS,1,0.0,0.0,0.0,0.0,0.0,,41,
16781673,CIENCIA DE DATOS E INTELIGENCIA ARTIFICIAL,Periodo 2026 - 1S,CUARTO SEMESTRE,LEGALIZADA,MÉTODOS NUMÉRICOS Y PROBLEMAS COMPLEJOS,1,0.0,8.76,0.0,0.0,0.0,,41,
77536366,CIENCIA DE DATOS E INTELIGENCIA ARTIFICIAL,Periodo 2024 - 2S,PRIMER SEMESTRE,LEGALIZADA,ÁLGEBRA LINEAL,1,85.0,7.26,7.89,0.0,7.57,APROBADO,41,
77536366,CIENCIA DE DATOS E INTELIGENCIA ARTIFICIAL,Periodo 2024 - 2S,PRIMER SEMESTRE,LEGALIZADA,CÁLCULO EN UNA VARIABLE,1,93.0,7.64,7.22,0.0,7.43,APROBADO,41,
77536366,CIENCIA DE DATOS E INTELIGENCIA ARTIFICIAL,Periodo 2024 - 2S,PRIMER SEMESTRE,LEGALIZADA,COMUNICACIÓN EFECTIVA,1,100.0,8.24,9.12,0.0,8.68,APROBADO,41,
77536366,CIENCIA DE DATOS E INTELIGENCIA ARTIFICIAL,Periodo 2024 - 2S,PRIMER SEMESTRE,LEGALIZADA,FUNDAMENTOS DE METODOLOGÍA DE LA INVESTIGACIÓN,1,86.0,8.22,9.83,0.0,9.02,APROBADO,41,
77536366,CIENCIA DE DATOS E INTELIGENCIA ARTIFICIAL,Periodo 2024 - 2S,PRIMER SEMESTRE,LEGALIZADA,PROGRAMACIÓN 1,1,94.0,8.34,8.84,0.0,8.59,APROBADO,41,
77536366,CIENCIA DE DATOS E INTELIGENCIA ARTIFICIAL,Periodo 2025 - 1S,SEGUNDO SEMESTRE,LEGALIZADA,ESTRUCTURA DE DATOS,1,100.0,9.75,9.73,0.0,9.74,APROBADO,41,
77536366,CIENCIA DE DATOS E INTELIGENCIA ARTIFICIAL,Periodo 2025 - 1S,SEGUNDO SEMESTRE,LEGALIZADA,FUNDAMENTOS DE CIENCIA DE DATOS E INTELIGENCIA ARTIFICIAL,1,100.0,9.51,9.88,0.0,9.69,APROBADO,41,
77536366,CIENCIA DE DATOS E INTELIGENCIA ARTIFICIAL,Periodo 2025 - 1S,SEGUNDO SEMESTRE,LEGALIZADA,HABILIDADES PARA LA VIDA,1,100.0,9.65,9.73,0.0,9.69,APROBADO,41,
77536366,CIENCIA DE DATOS E INTELIGENCIA ARTIFICIAL,Periodo 2025 - 1S,SEGUNDO SEMESTRE,LEGALIZADA,PROBABILIDAD Y ESTADÍSTICA,1,100.0,8.13,9.1,0.0,8.61,APROBADO,41,
77536366,CIENCIA DE DATOS E INTELIGENCIA ARTIFICIAL,Periodo 2025 - 1S,SEGUNDO SEMESTRE,LEGALIZADA,PROGRAMACIÓN 2,1,100.0,8.92,9.85,0.0,9.38,APROBADO,41,
77536366,CIENCIA DE DATOS E INTELIGENCIA ARTIFICIAL,Periodo 2025 - 2S,TERCER SEMESTRE,LEGALIZADA,CÁLCULO EN VARIAS VARIABLES,1,100.0,8.24,9.38,0.0,8.81,APROBADO,41,
77536366,CIENCIA DE DATOS E INTELIGENCIA ARTIFICIAL,Periodo 2025 - 2S,TERCER SEMESTRE,LEGALIZADA,CULTURA DIGITAL Y SOCIEDAD,1,100.0,9.26,9.71,0.0,9.48,APROBADO,41,
77536366,CIENCIA DE DATOS E INTELIGENCIA ARTIFICIAL,Periodo 2025 - 2S,TERCER SEMESTRE,LEGALIZADA,DISEÑO EXPERIMENTAL,1,93.0,9.23,8.75,0.0,8.99,APROBADO,41,
77536366,CIENCIA DE DATOS E INTELIGENCIA ARTIFICIAL,Periodo 2025 - 2S,TERCER SEMESTRE,LEGALIZADA,FUNDAMENTOS DE BASE DE DATOS,1,100.0,8.83,9.43,0.0,9.13,APROBADO,41,
77536366,CIENCIA DE DATOS E INTELIGENCIA ARTIFICIAL,Periodo 2025 - 2S,TERCER SEMESTRE,LEGALIZADA,MODELAMIENTO,1,100.0,8.91,8.21,0.0,8.56,APROBADO,41,
77536366,CIENCIA DE DATOS E INTELIGENCIA ARTIFICIAL,Periodo 2026 - 1S,CUARTO SEMESTRE,LEGALIZADA,ADMINISTRACIÓN DE BASES DE DATOS,1,0.0,9.11,0.0,0.0,0.0,,41,
77536366,CIENCIA DE DATOS E INTELIGENCIA ARTIFICIAL,Periodo 2026 - 1S,CUARTO SEMESTRE,LEGALIZADA,MACHINE LEARNING 1,1,0.0,0.0,0.0,0.0,0.0,,41,
77536366,CIENCIA DE DATOS E INTELIGENCIA ARTIFICIAL,Periodo 2026 - 1S,CUARTO SEMESTRE,LEGALIZADA,METAHEURÍSTICAS,1,0.0,0.0,0.0,0.0,0.0,,41,
77536366,CIENCIA DE DATOS E INTELIGENCIA ARTIFICIAL,Periodo 2026 - 1S,CUARTO SEMESTRE,LEGALIZADA,METODOLOGÍAS DE ANALÍTICA DE DATOS,1,0.0,0.0,0.0,0.0,0.0,,41,
77536366,CIENCIA DE DATOS E INTELIGENCIA ARTIFICIAL,Periodo 2026 - 1S,CUARTO SEMESTRE,LEGALIZADA,MÉTODOS NUMÉRICOS Y PROBLEMAS COMPLEJOS,1,0.0,9.84,0.0,0.0,0.0,,41,
57715544,CIENCIA DE DATOS E INTELIGENCIA ARTIFICIAL,Periodo 2025 - 1S,PRIMER SEMESTRE,LEGALIZADA,ÁLGEBRA LINEAL,1,81.0,7.1,8.16,0.0,7.63,APROBADO,41,
57715544,CIENCIA DE DATOS E INTELIGENCIA ARTIFICIAL,Periodo 2025 - 1S,PRIMER SEMESTRE,LEGALIZADA,CÁLCULO EN UNA VARIABLE,1,100.0,6.6,6.33,0.0,6.46,REPROBADO,41,
57715544,CIENCIA DE DATOS E INTELIGENCIA ARTIFICIAL,Periodo 2025 - 1S,PRIMER SEMESTRE,LEGALIZADA,COMUNICACIÓN EFECTIVA,1,88.0,6.54,7.03,6.5,6.64,REPROBADO,41,
57715544,CIENCIA DE DATOS E INTELIGENCIA ARTIFICIAL,Periodo 2025 - 1S,PRIMER SEMESTRE,LEGALIZADA,FUNDAMENTOS DE METODOLOGÍA DE LA INVESTIGACIÓN,1,100.0,6.02,6.74,7.65,7.01,APROBADO,41,
57715544,CIENCIA DE DATOS E INTELIGENCIA ARTIFICIAL,Periodo 2025 - 1S,PRIMER SEMESTRE,LEGALIZADA,PROGRAMACIÓN 1,1,100.0,5.55,6.75,7.0,6.57,REPROBADO,41,
57715544,CIENCIA DE DATOS E INTELIGENCIA ARTIFICIAL,Periodo 2025 - 2S,PRIMER SEMESTRE,LEGALIZADA,CÁLCULO EN UNA VARIABLE,2,93.0,7.64,6.72,0.0,7.18,APROBADO,41,
57715544,CIENCIA DE DATOS E INTELIGENCIA ARTIFICIAL,Periodo 2025 - 2S,PRIMER SEMESTRE,LEGALIZADA,COMUNICACIÓN EFECTIVA,2,73.0,6.17,6.31,8.0,7.12,APROBADO,41,
57715544,CIENCIA DE DATOS E INTELIGENCIA ARTIFICIAL,Periodo 2025 - 2S,PRIMER SEMESTRE,LEGALIZADA,PROGRAMACIÓN 1,2,100.0,6.53,7.23,8.0,7.44,APROBADO,41,
57715544,CIENCIA DE DATOS E INTELIGENCIA ARTIFICIAL,Periodo 2026 - 1S,SEGUNDO SEMESTRE,LEGALIZADA,ESTRUCTURA DE DATOS,1,0.0,3.79,0.0,0.0,0.0,,41,
57715544,CIENCIA DE DATOS E INTELIGENCIA ARTIFICIAL,Periodo 2026 - 1S,SEGUNDO SEMESTRE,LEGALIZADA,FUNDAMENTOS DE CIENCIA DE DATOS E INTELIGENCIA ARTIFICIAL,1,0.0,5.22,0.0,0.0,0.0,,41,
57715544,CIENCIA DE DATOS E INTELIGENCIA ARTIFICIAL,Periodo 2026 - 1S,SEGUNDO SEMESTRE,LEGALIZADA,HABILIDADES PARA LA VIDA,1,0.0,0.0,0.0,0.0,0.0,,41,
57715544,CIENCIA DE DATOS E INTELIGENCIA ARTIFICIAL,Periodo 2026 - 1S,SEGUNDO SEMESTRE,LEGALIZADA,PROBABILIDAD Y ESTADÍSTICA,1,0.0,0.0,0.0,0.0,0.0,,41,
57715544,CIENCIA DE DATOS E INTELIGENCIA ARTIFICIAL,Periodo 2026 - 1S,SEGUNDO SEMESTRE,LEGALIZADA,PROGRAMACIÓN 2,1,0.0,4.39,0.0,0.0,0.0,,41,
28543477,CIENCIA DE DATOS E INTELIGENCIA ARTIFICIAL,Periodo 2025 - 1S,PRIMER SEMESTRE,LEGALIZADA,ÁLGEBRA LINEAL,1,86.0,5.29,7.03,6.0,6.08,REPROBADO,41,
28543477,CIENCIA DE DATOS E INTELIGENCIA ARTIFICIAL,Periodo 2025 - 1S,PRIMER SEMESTRE,LEGALIZADA,CÁLCULO EN UNA VARIABLE,1,93.0,6.48,6.41,3.0,4.72,REPROBADO,41,
28543477,CIENCIA DE DATOS E INTELIGENCIA ARTIFICIAL,Periodo 2025 - 1S,PRIMER SEMESTRE,LEGALIZADA,COMUNICACIÓN EFECTIVA,1,100.0,7.9,8.25,0.0,8.07,APROBADO,41,
28543477,CIENCIA DE DATOS E INTELIGENCIA ARTIFICIAL,Periodo 2025 - 1S,PRIMER SEMESTRE,LEGALIZADA,FUNDAMENTOS DE METODOLOGÍA DE LA INVESTIGACIÓN,1,100.0,9.25,9.21,0.0,9.23,APROBADO,41,
28543477,CIENCIA DE DATOS E INTELIGENCIA ARTIFICIAL,Periodo 2025 - 1S,PRIMER SEMESTRE,LEGALIZADA,PROGRAMACIÓN 1,1,94.0,5.74,6.37,4.0,5.02,REPROBADO,41,
28543477,CIENCIA DE DATOS E INTELIGENCIA ARTIFICIAL,Periodo 2025 - 2S,PRIMER SEMESTRE,LEGALIZADA,ÁLGEBRA LINEAL,2,87.0,6.97,7.98,0.0,7.47,APROBADO,41,
28543477,CIENCIA DE DATOS E INTELIGENCIA ARTIFICIAL,Periodo 2025 - 2S,PRIMER SEMESTRE,LEGALIZADA,CÁLCULO EN UNA VARIABLE,2,93.0,5.97,7.48,4.75,5.73,REPROBADO,41,
28543477,CIENCIA DE DATOS E INTELIGENCIA ARTIFICIAL,Periodo 2025 - 2S,PRIMER SEMESTRE,LEGALIZADA,PROGRAMACIÓN 1,2,86.0,6.88,7.12,0.0,7.0,APROBADO,41,
21255411,CIENCIA DE DATOS E INTELIGENCIA ARTIFICIAL,Periodo 2024 - 2S,PRIMER SEMESTRE,LEGALIZADA,ÁLGEBRA LINEAL,1,75.0,8.29,8.11,0.0,8.2,APROBADO,41,
21255411,CIENCIA DE DATOS E INTELIGENCIA ARTIFICIAL,Periodo 2024 - 2S,PRIMER SEMESTRE,LEGALIZADA,CÁLCULO EN UNA VARIABLE,1,94.0,9.26,5.95,0.0,7.6,APROBADO,41,
21255411,CIENCIA DE DATOS E INTELIGENCIA ARTIFICIAL,Periodo 2024 - 2S,PRIMER SEMESTRE,LEGALIZADA,COMUNICACIÓN EFECTIVA,1,64.0,7.6,8.43,0.0,8.01,APROBADO,41,
21255411,CIENCIA DE DATOS E INTELIGENCIA ARTIFICIAL,Periodo 2024 - 2S,PRIMER SEMESTRE,LEGALIZADA,FUNDAMENTOS DE METODOLOGÍA DE LA INVESTIGACIÓN,1,54.0,8.61,8.51,0.0,8.56,APROBADO,41,
21255411,CIENCIA DE DATOS E INTELIGENCIA ARTIFICIAL,Periodo 2024 - 2S,PRIMER SEMESTRE,LEGALIZADA,PROGRAMACIÓN 1,1,94.0,9.01,8.57,0.0,8.79,APROBADO,41,
21255411,CIENCIA DE DATOS E INTELIGENCIA ARTIFICIAL,Periodo 2025 - 1S,SEGUNDO SEMESTRE,LEGALIZADA,ESTRUCTURA DE DATOS,1,71.0,8.33,8.46,0.0,8.39,APROBADO,41,
21255411,CIENCIA DE DATOS E INTELIGENCIA ARTIFICIAL,Periodo 2025 - 1S,SEGUNDO SEMESTRE,LEGALIZADA,FUNDAMENTOS DE CIENCIA DE DATOS E INTELIGENCIA ARTIFICIAL,1,69.0,8.13,8.3,0.0,8.21,APROBADO,41,
21255411,CIENCIA DE DATOS E INTELIGENCIA ARTIFICIAL,Periodo 2025 - 1S,SEGUNDO SEMESTRE,LEGALIZADA,HABILIDADES PARA LA VIDA,1,80.0,9.36,9.03,0.0,9.19,APROBADO,41,
21255411,CIENCIA DE DATOS E INTELIGENCIA ARTIFICIAL,Periodo 2025 - 1S,SEGUNDO SEMESTRE,LEGALIZADA,PROBABILIDAD Y ESTADÍSTICA,1,62.0,8.26,8.62,0.0,8.44,APROBADO,41,
21255411,CIENCIA DE DATOS E INTELIGENCIA ARTIFICIAL,Periodo 2025 - 1S,SEGUNDO SEMESTRE,LEGALIZADA,PROGRAMACIÓN 2,1,100.0,9.72,8.13,0.0,8.92,APROBADO,41,
21255411,CIENCIA DE DATOS E INTELIGENCIA ARTIFICIAL,Periodo 2025 - 2S,TERCER SEMESTRE,LEGALIZADA,CÁLCULO EN VARIAS VARIABLES,1,87.0,7.94,7.62,0.0,7.78,APROBADO,41,
21255411,CIENCIA DE DATOS E INTELIGENCIA ARTIFICIAL,Periodo 2025 - 2S,TERCER SEMESTRE,LEGALIZADA,CULTURA DIGITAL Y SOCIEDAD,1,93.0,8.5,9.95,0.0,9.22,APROBADO,41,
21255411,CIENCIA DE DATOS E INTELIGENCIA ARTIFICIAL,Periodo 2025 - 2S,TERCER SEMESTRE,LEGALIZADA,DISEÑO EXPERIMENTAL,1,73.0,9.18,8.33,0.0,8.75,APROBADO,41,
21255411,CIENCIA DE DATOS E INTELIGENCIA ARTIFICIAL,Periodo 2025 - 2S,TERCER SEMESTRE,LEGALIZADA,FUNDAMENTOS DE BASE DE DATOS,1,81.0,7.82,8.51,0.0,8.16,APROBADO,41,
21255411,CIENCIA DE DATOS E INTELIGENCIA ARTIFICIAL,Periodo 2025 - 2S,TERCER SEMESTRE,LEGALIZADA,MODELAMIENTO,1,93.0,6.53,6.78,7.4,7.02,APROBADO,41,
21255411,CIENCIA DE DATOS E INTELIGENCIA ARTIFICIAL,Periodo 2026 - 1S,CUARTO SEMESTRE,LEGALIZADA,ADMINISTRACIÓN DE BASES DE DATOS,1,0.0,7.98,0.0,0.0,0.0,,41,
21255411,CIENCIA DE DATOS E INTELIGENCIA ARTIFICIAL,Periodo 2026 - 1S,CUARTO SEMESTRE,LEGALIZADA,MACHINE LEARNING 1,1,0.0,0.0,0.0,0.0,0.0,,41,
21255411,CIENCIA DE DATOS E INTELIGENCIA ARTIFICIAL,Periodo 2026 - 1S,CUARTO SEMESTRE,LEGALIZADA,METAHEURÍSTICAS,1,0.0,0.0,0.0,0.0,0.0,,41,
21255411,CIENCIA DE DATOS E INTELIGENCIA ARTIFICIAL,Periodo 2026 - 1S,CUARTO SEMESTRE,LEGALIZADA,METODOLOGÍAS DE ANALÍTICA DE DATOS,1,0.0,0.0,0.0,0.0,0.0,,41,
21255411,CIENCIA DE DATOS E INTELIGENCIA ARTIFICIAL,Periodo 2026 - 1S,CUARTO SEMESTRE,LEGALIZADA,MÉTODOS NUMÉRICOS Y PROBLEMAS COMPLEJOS,1,0.0,9.4,0.0,0.0,0.0,,41,
3908721,CIENCIA DE DATOS E INTELIGENCIA ARTIFICIAL,Periodo 2024 - 2S,PRIMER SEMESTRE,LEGALIZADA,ÁLGEBRA LINEAL,1,77.0,8.89,8.37,0.0,8.63,APROBADO,41,
3908721,CIENCIA DE DATOS E INTELIGENCIA ARTIFICIAL,Periodo 2024 - 2S,PRIMER SEMESTRE,LEGALIZADA,CÁLCULO EN UNA VARIABLE,1,86.0,7.53,5.82,4.75,5.71,REPROBADO,41,
3908721,CIENCIA DE DATOS E INTELIGENCIA ARTIFICIAL,Periodo 2024 - 2S,PRIMER SEMESTRE,LEGALIZADA,COMUNICACIÓN EFECTIVA,1,50.0,6.55,8.82,0.0,7.68,APROBADO,41,
3908721,CIENCIA DE DATOS E INTELIGENCIA ARTIFICIAL,Periodo 2024 - 2S,PRIMER SEMESTRE,LEGALIZADA,FUNDAMENTOS DE METODOLOGÍA DE LA INVESTIGACIÓN,1,57.0,9.62,9.08,0.0,9.35,APROBADO,41,
3908721,CIENCIA DE DATOS E INTELIGENCIA ARTIFICIAL,Periodo 2024 - 2S,PRIMER SEMESTRE,LEGALIZADA,PROGRAMACIÓN 1,1,63.0,8.69,8.86,0.0,8.77,APROBADO,41,
3908721,CIENCIA DE DATOS E INTELIGENCIA ARTIFICIAL,Periodo 2025 - 1S,SEGUNDO SEMESTRE,LEGALIZADA,CÁLCULO EN UNA VARIABLE,2,71.0,8.83,7.85,0.0,8.34,APROBADO,41,
3908721,CIENCIA DE DATOS E INTELIGENCIA ARTIFICIAL,Periodo 2025 - 1S,SEGUNDO SEMESTRE,LEGALIZADA,FUNDAMENTOS DE CIENCIA DE DATOS E INTELIGENCIA ARTIFICIAL,1,56.0,8.18,7.98,0.0,8.08,APROBADO,41,
3908721,CIENCIA DE DATOS E INTELIGENCIA ARTIFICIAL,Periodo 2025 - 1S,SEGUNDO SEMESTRE,LEGALIZADA,HABILIDADES PARA LA VIDA,1,71.0,9.85,9.22,0.0,9.53,APROBADO,41,
3908721,CIENCIA DE DATOS E INTELIGENCIA ARTIFICIAL,Periodo 2025 - 1S,SEGUNDO SEMESTRE,LEGALIZADA,PROBABILIDAD Y ESTADÍSTICA,1,69.0,8.83,8.8,0.0,8.81,APROBADO,41,
3908721,CIENCIA DE DATOS E INTELIGENCIA ARTIFICIAL,Periodo 2025 - 2S,SEGUNDO SEMESTRE,LEGALIZADA,ESTRUCTURA DE DATOS,1,75.0,7.65,8.0,0.0,7.82,APROBADO,41,
3908721,CIENCIA DE DATOS E INTELIGENCIA ARTIFICIAL,Periodo 2025 - 2S,SEGUNDO SEMESTRE,LEGALIZADA,PROGRAMACIÓN 2,1,100.0,8.99,9.56,0.0,9.27,APROBADO,41,
3908721,CIENCIA DE DATOS E INTELIGENCIA ARTIFICIAL,Periodo 2026 - 1S,TERCER SEMESTRE,LEGALIZADA,CÁLCULO EN VARIAS VARIABLES,1,0.0,0.0,0.0,0.0,0.0,,41,
3908721,CIENCIA DE DATOS E INTELIGENCIA ARTIFICIAL,Periodo 2026 - 1S,TERCER SEMESTRE,LEGALIZADA,CULTURA DIGITAL Y SOCIEDAD,1,0.0,0.0,0.0,0.0,0.0,,41,
3908721,CIENCIA DE DATOS E INTELIGENCIA ARTIFICIAL,Periodo 2026 - 1S,TERCER SEMESTRE,LEGALIZADA,DISEÑO EXPERIMENTAL,1,0.0,9.08,0.0,0.0,0.0,,41,
3908721,CIENCIA DE DATOS E INTELIGENCIA ARTIFICIAL,Periodo 2026 - 1S,TERCER SEMESTRE,LEGALIZADA,FUNDAMENTOS DE BASE DE DATOS,1,0.0,0.0,0.0,0.0,0.0,,41,
3908721,CIENCIA DE DATOS E INTELIGENCIA ARTIFICIAL,Periodo 2026 - 1S,TERCER SEMESTRE,LEGALIZADA,MODELAMIENTO,1,0.0,0.0,0.0,0.0,0.0,,41,
55798503,CIENCIA DE DATOS E INTELIGENCIA ARTIFICIAL,Periodo 2024 - 2S,PRIMER SEMESTRE,LEGALIZADA,ÁLGEBRA LINEAL,1,85.0,8.48,7.55,0.0,8.01,APROBADO,41,
55798503,CIENCIA DE DATOS E INTELIGENCIA ARTIFICIAL,Periodo 2024 - 2S,PRIMER SEMESTRE,LEGALIZADA,CÁLCULO EN UNA VARIABLE,1,100.0,9.04,9.19,0.0,9.11,APROBADO,41,
55798503,CIENCIA DE DATOS E INTELIGENCIA ARTIFICIAL,Periodo 2024 - 2S,PRIMER SEMESTRE,LEGALIZADA,COMUNICACIÓN EFECTIVA,1,100.0,7.93,9.27,0.0,8.6,APROBADO,41,
55798503,CIENCIA DE DATOS E INTELIGENCIA ARTIFICIAL,Periodo 2024 - 2S,PRIMER SEMESTRE,LEGALIZADA,FUNDAMENTOS DE METODOLOGÍA DE LA INVESTIGACIÓN,1,83.0,8.57,9.08,0.0,8.82,APROBADO,41,
55798503,CIENCIA DE DATOS E INTELIGENCIA ARTIFICIAL,Periodo 2024 - 2S,PRIMER SEMESTRE,LEGALIZADA,PROGRAMACIÓN 1,1,100.0,8.35,8.98,0.0,8.66,APROBADO,41,
55798503,CIENCIA DE DATOS E INTELIGENCIA ARTIFICIAL,Periodo 2025 - 1S,SEGUNDO SEMESTRE,LEGALIZADA,ESTRUCTURA DE DATOS,1,100.0,9.78,9.69,0.0,9.73,APROBADO,41,
55798503,CIENCIA DE DATOS E INTELIGENCIA ARTIFICIAL,Periodo 2025 - 1S,SEGUNDO SEMESTRE,LEGALIZADA,FUNDAMENTOS DE CIENCIA DE DATOS E INTELIGENCIA ARTIFICIAL,1,81.0,9.74,9.26,0.0,9.5,APROBADO,41,
55798503,CIENCIA DE DATOS E INTELIGENCIA ARTIFICIAL,Periodo 2025 - 1S,SEGUNDO SEMESTRE,LEGALIZADA,HABILIDADES PARA LA VIDA,1,100.0,9.45,9.47,0.0,9.46,APROBADO,41,
55798503,CIENCIA DE DATOS E INTELIGENCIA ARTIFICIAL,Periodo 2025 - 1S,SEGUNDO SEMESTRE,LEGALIZADA,PROBABILIDAD Y ESTADÍSTICA,1,100.0,8.06,8.81,0.0,8.43,APROBADO,41,
55798503,CIENCIA DE DATOS E INTELIGENCIA ARTIFICIAL,Periodo 2025 - 1S,SEGUNDO SEMESTRE,LEGALIZADA,PROGRAMACIÓN 2,1,100.0,9.73,9.26,0.0,9.49,APROBADO,41,
55798503,CIENCIA DE DATOS E INTELIGENCIA ARTIFICIAL,Periodo 2025 - 2S,TERCER SEMESTRE,LEGALIZADA,CÁLCULO EN VARIAS VARIABLES,1,100.0,8.5,9.5,0.0,9.0,APROBADO,41,
55798503,CIENCIA DE DATOS E INTELIGENCIA ARTIFICIAL,Periodo 2025 - 2S,TERCER SEMESTRE,LEGALIZADA,CULTURA DIGITAL Y SOCIEDAD,1,100.0,9.39,9.71,0.0,9.55,APROBADO,41,
55798503,CIENCIA DE DATOS E INTELIGENCIA ARTIFICIAL,Periodo 2025 - 2S,TERCER SEMESTRE,LEGALIZADA,DISEÑO EXPERIMENTAL,1,93.0,9.53,8.07,0.0,8.8,APROBADO,41,
55798503,CIENCIA DE DATOS E INTELIGENCIA ARTIFICIAL,Periodo 2025 - 2S,TERCER SEMESTRE,LEGALIZADA,FUNDAMENTOS DE BASE DE DATOS,1,100.0,9.0,9.9,0.0,9.45,APROBADO,41,
55798503,CIENCIA DE DATOS E INTELIGENCIA ARTIFICIAL,Periodo 2025 - 2S,TERCER SEMESTRE,LEGALIZADA,MODELAMIENTO,1,100.0,8.98,9.02,0.0,9.0,APROBADO,41,
55798503,CIENCIA DE DATOS E INTELIGENCIA ARTIFICIAL,Periodo 2026 - 1S,CUARTO SEMESTRE,LEGALIZADA,ADMINISTRACIÓN DE BASES DE DATOS,1,0.0,8.97,0.0,0.0,0.0,,41,
55798503,CIENCIA DE DATOS E INTELIGENCIA ARTIFICIAL,Periodo 2026 - 1S,CUARTO SEMESTRE,LEGALIZADA,MACHINE LEARNING 1,1,0.0,0.0,0.0,0.0,0.0,,41,
55798503,CIENCIA DE DATOS E INTELIGENCIA ARTIFICIAL,Periodo 2026 - 1S,CUARTO SEMESTRE,LEGALIZADA,METAHEURÍSTICAS,1,0.0,0.0,0.0,0.0,0.0,,41,
55798503,CIENCIA DE DATOS E INTELIGENCIA ARTIFICIAL,Periodo 2026 - 1S,CUARTO SEMESTRE,LEGALIZADA,METODOLOGÍAS DE ANALÍTICA DE DATOS,1,0.0,0.0,0.0,0.0,0.0,,41,
55798503,CIENCIA DE DATOS E INTELIGENCIA ARTIFICIAL,Periodo 2026 - 1S,CUARTO SEMESTRE,LEGALIZADA,MÉTODOS NUMÉRICOS Y PROBLEMAS COMPLEJOS,1,0.0,9.99,0.0,0.0,0.0,,41,
11878678,CIENCIA DE DATOS E INTELIGENCIA ARTIFICIAL,Periodo 2024 - 2S,PRIMER SEMESTRE,LEGALIZADA,ÁLGEBRA LINEAL,1,69.0,8.93,7.06,0.0,7.99,APROBADO,41,
11878678,CIENCIA DE DATOS E INTELIGENCIA ARTIFICIAL,Periodo 2024 - 2S,PRIMER SEMESTRE,LEGALIZADA,CÁLCULO EN UNA VARIABLE,1,86.0,8.4,7.31,0.0,7.85,APROBADO,41,
11878678,CIENCIA DE DATOS E INTELIGENCIA ARTIFICIAL,Periodo 2024 - 2S,PRIMER SEMESTRE,LEGALIZADA,COMUNICACIÓN EFECTIVA,1,50.0,8.59,7.29,0.0,7.94,APROBADO,41,
11878678,CIENCIA DE DATOS E INTELIGENCIA ARTIFICIAL,Periodo 2024 - 2S,PRIMER SEMESTRE,LEGALIZADA,FUNDAMENTOS DE METODOLOGÍA DE LA INVESTIGACIÓN,1,86.0,8.25,8.93,0.0,8.59,APROBADO,41,
11878678,CIENCIA DE DATOS E INTELIGENCIA ARTIFICIAL,Periodo 2024 - 2S,PRIMER SEMESTRE,LEGALIZADA,PROGRAMACIÓN 1,1,88.0,8.83,8.11,0.0,8.47,APROBADO,41,
11878678,CIENCIA DE DATOS E INTELIGENCIA ARTIFICIAL,Periodo 2025 - 1S,SEGUNDO SEMESTRE,LEGALIZADA,ESTRUCTURA DE DATOS,1,86.0,9.6,8.34,0.0,8.97,APROBADO,41,
11878678,CIENCIA DE DATOS E INTELIGENCIA ARTIFICIAL,Periodo 2025 - 1S,SEGUNDO SEMESTRE,LEGALIZADA,FUNDAMENTOS DE CIENCIA DE DATOS E INTELIGENCIA ARTIFICIAL,1,88.0,7.52,7.92,0.0,7.72,APROBADO,41,
11878678,CIENCIA DE DATOS E INTELIGENCIA ARTIFICIAL,Periodo 2025 - 1S,SEGUNDO SEMESTRE,LEGALIZADA,HABILIDADES PARA LA VIDA,1,80.0,7.88,7.8,0.0,7.84,APROBADO,41,
11878678,CIENCIA DE DATOS E INTELIGENCIA ARTIFICIAL,Periodo 2025 - 1S,SEGUNDO SEMESTRE,LEGALIZADA,PROBABILIDAD Y ESTADÍSTICA,1,77.0,9.05,8.4,0.0,8.72,APROBADO,41,
11878678,CIENCIA DE DATOS E INTELIGENCIA ARTIFICIAL,Periodo 2025 - 1S,SEGUNDO SEMESTRE,LEGALIZADA,PROGRAMACIÓN 2,1,100.0,7.06,7.07,0.0,7.06,APROBADO,41,
11878678,CIENCIA DE DATOS E INTELIGENCIA ARTIFICIAL,Periodo 2025 - 2S,TERCER SEMESTRE,LEGALIZADA,CÁLCULO EN VARIAS VARIABLES,1,100.0,7.62,8.68,0.0,8.15,APROBADO,41,
11878678,CIENCIA DE DATOS E INTELIGENCIA ARTIFICIAL,Periodo 2025 - 2S,TERCER SEMESTRE,LEGALIZADA,CULTURA DIGITAL Y SOCIEDAD,1,80.0,8.32,8.24,0.0,8.28,APROBADO,41,
11878678,CIENCIA DE DATOS E INTELIGENCIA ARTIFICIAL,Periodo 2025 - 2S,TERCER SEMESTRE,LEGALIZADA,DISEÑO EXPERIMENTAL,1,67.0,6.7,8.46,0.0,7.58,APROBADO,41,
11878678,CIENCIA DE DATOS E INTELIGENCIA ARTIFICIAL,Periodo 2025 - 2S,TERCER SEMESTRE,LEGALIZADA,FUNDAMENTOS DE BASE DE DATOS,1,100.0,9.21,9.61,0.0,9.41,APROBADO,41,
11878678,CIENCIA DE DATOS E INTELIGENCIA ARTIFICIAL,Periodo 2025 - 2S,TERCER SEMESTRE,LEGALIZADA,MODELAMIENTO,1,100.0,8.59,8.11,0.0,8.35,APROBADO,41,
11878678,CIENCIA DE DATOS E INTELIGENCIA ARTIFICIAL,Periodo 2026 - 1S,CUARTO SEMESTRE,LEGALIZADA,ADMINISTRACIÓN DE BASES DE DATOS,1,0.0,7.89,0.0,0.0,0.0,,41,
11878678,CIENCIA DE DATOS E INTELIGENCIA ARTIFICIAL,Periodo 2026 - 1S,CUARTO SEMESTRE,LEGALIZADA,MACHINE LEARNING 1,1,0.0,0.0,0.0,0.0,0.0,,41,
11878678,CIENCIA DE DATOS E INTELIGENCIA ARTIFICIAL,Periodo 2026 - 1S,CUARTO SEMESTRE,LEGALIZADA,METAHEURÍSTICAS,1,0.0,0.0,0.0,0.0,0.0,,41,
11878678,CIENCIA DE DATOS E INTELIGENCIA ARTIFICIAL,Periodo 2026 - 1S,CUARTO SEMESTRE,LEGALIZADA,METODOLOGÍAS DE ANALÍTICA DE DATOS,1,0.0,0.0,0.0,0.0,0.0,,41,
11878678,CIENCIA DE DATOS E INTELIGENCIA ARTIFICIAL,Periodo 2026 - 1S,CUARTO SEMESTRE,LEGALIZADA,MÉTODOS NUMÉRICOS Y PROBLEMAS COMPLEJOS,1,0.0,8.56,0.0,0.0,0.0,,41,
51306271,CIENCIA DE DATOS E INTELIGENCIA ARTIFICIAL,Periodo 2024 - 2S,PRIMER SEMESTRE,LEGALIZADA,ÁLGEBRA LINEAL,1,69.0,8.5,7.54,0.0,8.02,APROBADO,41,
51306271,CIENCIA DE DATOS E INTELIGENCIA ARTIFICIAL,Periodo 2024 - 2S,PRIMER SEMESTRE,LEGALIZADA,CÁLCULO EN UNA VARIABLE,1,100.0,8.76,7.23,0.0,7.99,APROBADO,41,
51306271,CIENCIA DE DATOS E INTELIGENCIA ARTIFICIAL,Periodo 2024 - 2S,PRIMER SEMESTRE,LEGALIZADA,COMUNICACIÓN EFECTIVA,1,71.0,8.1,7.58,0.0,7.84,APROBADO,41,
51306271,CIENCIA DE DATOS E INTELIGENCIA ARTIFICIAL,Periodo 2024 - 2S,PRIMER SEMESTRE,LEGALIZADA,FUNDAMENTOS DE METODOLOGÍA DE LA INVESTIGACIÓN,1,86.0,8.85,9.21,0.0,9.03,APROBADO,41,
51306271,CIENCIA DE DATOS E INTELIGENCIA ARTIFICIAL,Periodo 2024 - 2S,PRIMER SEMESTRE,LEGALIZADA,PROGRAMACIÓN 1,1,81.0,9.12,7.58,0.0,8.35,APROBADO,41,
51306271,CIENCIA DE DATOS E INTELIGENCIA ARTIFICIAL,Periodo 2025 - 1S,SEGUNDO SEMESTRE,LEGALIZADA,ESTRUCTURA DE DATOS,1,93.0,8.76,7.97,0.0,8.36,APROBADO,41,
51306271,CIENCIA DE DATOS E INTELIGENCIA ARTIFICIAL,Periodo 2025 - 1S,SEGUNDO SEMESTRE,LEGALIZADA,FUNDAMENTOS DE CIENCIA DE DATOS E INTELIGENCIA ARTIFICIAL,1,81.0,6.98,7.88,0.0,7.43,APROBADO,41,
51306271,CIENCIA DE DATOS E INTELIGENCIA ARTIFICIAL,Periodo 2025 - 1S,SEGUNDO SEMESTRE,LEGALIZADA,HABILIDADES PARA LA VIDA,1,93.0,7.5,9.77,0.0,8.63,APROBADO,41,
51306271,CIENCIA DE DATOS E INTELIGENCIA ARTIFICIAL,Periodo 2025 - 1S,SEGUNDO SEMESTRE,LEGALIZADA,PROBABILIDAD Y ESTADÍSTICA,1,77.0,8.62,8.31,0.0,8.46,APROBADO,41,
51306271,CIENCIA DE DATOS E INTELIGENCIA ARTIFICIAL,Periodo 2025 - 1S,SEGUNDO SEMESTRE,LEGALIZADA,PROGRAMACIÓN 2,1,89.0,9.35,8.98,0.0,9.16,APROBADO,41,
51306271,CIENCIA DE DATOS E INTELIGENCIA ARTIFICIAL,Periodo 2025 - 2S,TERCER SEMESTRE,LEGALIZADA,CÁLCULO EN VARIAS VARIABLES,1,100.0,8.44,9.12,0.0,8.78,APROBADO,41,
51306271,CIENCIA DE DATOS E INTELIGENCIA ARTIFICIAL,Periodo 2025 - 2S,TERCER SEMESTRE,LEGALIZADA,CULTURA DIGITAL Y SOCIEDAD,1,87.0,9.22,9.53,0.0,9.37,APROBADO,41,
51306271,CIENCIA DE DATOS E INTELIGENCIA ARTIFICIAL,Periodo 2025 - 2S,TERCER SEMESTRE,LEGALIZADA,DISEÑO EXPERIMENTAL,1,80.0,7.67,8.22,0.0,7.94,APROBADO,41,
51306271,CIENCIA DE DATOS E INTELIGENCIA ARTIFICIAL,Periodo 2025 - 2S,TERCER SEMESTRE,LEGALIZADA,FUNDAMENTOS DE BASE DE DATOS,1,94.0,9.17,8.28,0.0,8.72,APROBADO,41,
51306271,CIENCIA DE DATOS E INTELIGENCIA ARTIFICIAL,Periodo 2025 - 2S,TERCER SEMESTRE,LEGALIZADA,MODELAMIENTO,1,100.0,8.37,7.86,0.0,8.11,APROBADO,41,
51306271,CIENCIA DE DATOS E INTELIGENCIA ARTIFICIAL,Periodo 2026 - 1S,CUARTO SEMESTRE,LEGALIZADA,ADMINISTRACIÓN DE BASES DE DATOS,1,0.0,8.56,0.0,0.0,0.0,,41,
51306271,CIENCIA DE DATOS E INTELIGENCIA ARTIFICIAL,Periodo 2026 - 1S,CUARTO SEMESTRE,LEGALIZADA,MACHINE LEARNING 1,1,0.0,0.0,0.0,0.0,0.0,,41,
51306271,CIENCIA DE DATOS E INTELIGENCIA ARTIFICIAL,Periodo 2026 - 1S,CUARTO SEMESTRE,LEGALIZADA,METAHEURÍSTICAS,1,0.0,0.0,0.0,0.0,0.0,,41,
51306271,CIENCIA DE DATOS E INTELIGENCIA ARTIFICIAL,Periodo 2026 - 1S,CUARTO SEMESTRE,LEGALIZADA,METODOLOGÍAS DE ANALÍTICA DE DATOS,1,0.0,0.0,0.0,0.0,0.0,,41,
51306271,CIENCIA DE DATOS E INTELIGENCIA ARTIFICIAL,Periodo 2026 - 1S,CUARTO SEMESTRE,LEGALIZADA,MÉTODOS NUMÉRICOS Y PROBLEMAS COMPLEJOS,1,0.0,8.11,0.0,0.0,0.0,,41,
42214698,CIENCIA DE DATOS E INTELIGENCIA ARTIFICIAL,Periodo 2024 - 2S,PRIMER SEMESTRE,LEGALIZADA,ÁLGEBRA LINEAL,1,85.0,8.4,6.78,0.0,7.59,APROBADO,41,
42214698,CIENCIA DE DATOS E INTELIGENCIA ARTIFICIAL,Periodo 2024 - 2S,PRIMER SEMESTRE,LEGALIZADA,CÁLCULO EN UNA VARIABLE,1,100.0,8.62,7.68,0.0,8.15,APROBADO,41,
42214698,CIENCIA DE DATOS E INTELIGENCIA ARTIFICIAL,Periodo 2024 - 2S,PRIMER SEMESTRE,LEGALIZADA,COMUNICACIÓN EFECTIVA,1,75.0,8.79,8.1,0.0,8.44,APROBADO,41,
42214698,CIENCIA DE DATOS E INTELIGENCIA ARTIFICIAL,Periodo 2024 - 2S,PRIMER SEMESTRE,LEGALIZADA,FUNDAMENTOS DE METODOLOGÍA DE LA INVESTIGACIÓN,1,83.0,9.06,7.88,0.0,8.47,APROBADO,41,
42214698,CIENCIA DE DATOS E INTELIGENCIA ARTIFICIAL,Periodo 2024 - 2S,PRIMER SEMESTRE,LEGALIZADA,PROGRAMACIÓN 1,1,100.0,8.93,9.29,0.0,9.11,APROBADO,41,
42214698,CIENCIA DE DATOS E INTELIGENCIA ARTIFICIAL,Periodo 2025 - 1S,SEGUNDO SEMESTRE,LEGALIZADA,ESTRUCTURA DE DATOS,1,100.0,9.48,8.57,0.0,9.02,APROBADO,41,
42214698,CIENCIA DE DATOS E INTELIGENCIA ARTIFICIAL,Periodo 2025 - 1S,SEGUNDO SEMESTRE,LEGALIZADA,FUNDAMENTOS DE CIENCIA DE DATOS E INTELIGENCIA ARTIFICIAL,1,100.0,9.16,8.76,0.0,8.96,APROBADO,41,
42214698,CIENCIA DE DATOS E INTELIGENCIA ARTIFICIAL,Periodo 2025 - 1S,SEGUNDO SEMESTRE,LEGALIZADA,HABILIDADES PARA LA VIDA,1,100.0,9.69,8.72,0.0,9.2,APROBADO,41,
42214698,CIENCIA DE DATOS E INTELIGENCIA ARTIFICIAL,Periodo 2025 - 1S,SEGUNDO SEMESTRE,LEGALIZADA,PROBABILIDAD Y ESTADÍSTICA,1,100.0,8.17,9.22,0.0,8.69,APROBADO,41,
42214698,CIENCIA DE DATOS E INTELIGENCIA ARTIFICIAL,Periodo 2025 - 1S,SEGUNDO SEMESTRE,LEGALIZADA,PROGRAMACIÓN 2,1,100.0,9.83,9.46,0.0,9.64,APROBADO,41,
42214698,CIENCIA DE DATOS E INTELIGENCIA ARTIFICIAL,Periodo 2025 - 2S,TERCER SEMESTRE,LEGALIZADA,CÁLCULO EN VARIAS VARIABLES,1,100.0,7.48,8.75,0.0,8.11,APROBADO,41,
42214698,CIENCIA DE DATOS E INTELIGENCIA ARTIFICIAL,Periodo 2025 - 2S,TERCER SEMESTRE,LEGALIZADA,CULTURA DIGITAL Y SOCIEDAD,1,100.0,9.51,9.6,0.0,9.55,APROBADO,41,
42214698,CIENCIA DE DATOS E INTELIGENCIA ARTIFICIAL,Periodo 2025 - 2S,TERCER SEMESTRE,LEGALIZADA,DISEÑO EXPERIMENTAL,1,93.0,9.11,8.34,0.0,8.72,APROBADO,41,
42214698,CIENCIA DE DATOS E INTELIGENCIA ARTIFICIAL,Periodo 2025 - 2S,TERCER SEMESTRE,LEGALIZADA,FUNDAMENTOS DE BASE DE DATOS,1,100.0,9.41,8.98,0.0,9.19,APROBADO,41,
42214698,CIENCIA DE DATOS E INTELIGENCIA ARTIFICIAL,Periodo 2025 - 2S,TERCER SEMESTRE,LEGALIZADA,MODELAMIENTO,1,100.0,8.7,7.92,0.0,8.31,APROBADO,41,
42214698,CIENCIA DE DATOS E INTELIGENCIA ARTIFICIAL,Periodo 2026 - 1S,CUARTO SEMESTRE,LEGALIZADA,ADMINISTRACIÓN DE BASES DE DATOS,1,0.0,8.69,0.0,0.0,0.0,,41,
42214698,CIENCIA DE DATOS E INTELIGENCIA ARTIFICIAL,Periodo 2026 - 1S,CUARTO SEMESTRE,LEGALIZADA,MACHINE LEARNING 1,1,0.0,0.0,0.0,0.0,0.0,,41,
42214698,CIENCIA DE DATOS E INTELIGENCIA ARTIFICIAL,Periodo 2026 - 1S,CUARTO SEMESTRE,LEGALIZADA,METAHEURÍSTICAS,1,0.0,0.0,0.0,0.0,0.0,,41,
42214698,CIENCIA DE DATOS E INTELIGENCIA ARTIFICIAL,Periodo 2026 - 1S,CUARTO SEMESTRE,LEGALIZADA,METODOLOGÍAS DE ANALÍTICA DE DATOS,1,0.0,0.0,0.0,0.0,0.0,,41,
42214698,CIENCIA DE DATOS E INTELIGENCIA ARTIFICIAL,Periodo 2026 - 1S,CUARTO SEMESTRE,LEGALIZADA,MÉTODOS NUMÉRICOS Y PROBLEMAS COMPLEJOS,1,0.0,9.8,0.0,0.0,0.0,,41,
43673716,CIENCIA DE DATOS E INTELIGENCIA ARTIFICIAL,Periodo 2024 - 2S,PRIMER SEMESTRE,LEGALIZADA,ÁLGEBRA LINEAL,1,8.0,0.62,0.02,0.0,0.32,REPROBADO,41,
43673716,CIENCIA DE DATOS E INTELIGENCIA ARTIFICIAL,Periodo 2024 - 2S,PRIMER SEMESTRE,LEGALIZADA,CÁLCULO EN UNA VARIABLE,1,29.0,2.06,0.0,0.0,1.03,REPROBADO,41,
43673716,CIENCIA DE DATOS E INTELIGENCIA ARTIFICIAL,Periodo 2024 - 2S,PRIMER SEMESTRE,LEGALIZADA,COMUNICACIÓN EFECTIVA,1,29.0,0.9,0.03,0.0,0.46,REPROBADO,41,
43673716,CIENCIA DE DATOS E INTELIGENCIA ARTIFICIAL,Periodo 2024 - 2S,PRIMER SEMESTRE,LEGALIZADA,FUNDAMENTOS DE METODOLOGÍA DE LA INVESTIGACIÓN,1,57.0,0.0,0.0,0.0,0.0,REPROBADO,41,
43673716,CIENCIA DE DATOS E INTELIGENCIA ARTIFICIAL,Periodo 2024 - 2S,PRIMER SEMESTRE,LEGALIZADA,PROGRAMACIÓN 1,1,31.0,1.15,0.3,0.0,0.72,REPROBADO,41,
43673716,CIENCIA DE DATOS E INTELIGENCIA ARTIFICIAL,Periodo 2025 - 2S,PRIMER SEMESTRE,LEGALIZADA,ÁLGEBRA LINEAL,2,33.0,3.0,0.03,0.0,1.51,REPROBADO,41,
43673716,CIENCIA DE DATOS E INTELIGENCIA ARTIFICIAL,Periodo 2025 - 2S,PRIMER SEMESTRE,LEGALIZADA,CÁLCULO EN UNA VARIABLE,2,47.0,2.26,0.0,0.0,1.13,REPROBADO,41,
43673716,CIENCIA DE DATOS E INTELIGENCIA ARTIFICIAL,Periodo 2025 - 2S,PRIMER SEMESTRE,LEGALIZADA,COMUNICACIÓN EFECTIVA,2,29.0,0.75,0.0,0.0,0.37,REPROBADO,41,
43673716,CIENCIA DE DATOS E INTELIGENCIA ARTIFICIAL,Periodo 2025 - 2S,PRIMER SEMESTRE,LEGALIZADA,FUNDAMENTOS DE METODOLOGÍA DE LA INVESTIGACIÓN,2,15.0,1.62,0.0,0.0,0.81,REPROBADO,41,
43673716,CIENCIA DE DATOS E INTELIGENCIA ARTIFICIAL,Periodo 2025 - 2S,PRIMER SEMESTRE,LEGALIZADA,PROGRAMACIÓN 1,2,27.0,1.77,0.0,0.0,0.88,REPROBADO,41,
24458806,CIENCIA DE DATOS E INTELIGENCIA ARTIFICIAL,Periodo 2024 - 2S,PRIMER SEMESTRE,LEGALIZADA,ÁLGEBRA LINEAL,1,85.0,7.72,7.74,0.0,7.73,APROBADO,41,
24458806,CIENCIA DE DATOS E INTELIGENCIA ARTIFICIAL,Periodo 2024 - 2S,PRIMER SEMESTRE,LEGALIZADA,CÁLCULO EN UNA VARIABLE,1,100.0,6.9,6.76,7.2,7.01,APROBADO,41,
24458806,CIENCIA DE DATOS E INTELIGENCIA ARTIFICIAL,Periodo 2024 - 2S,PRIMER SEMESTRE,LEGALIZADA,COMUNICACIÓN EFECTIVA,1,94.0,8.35,8.97,0.0,8.66,APROBADO,41,
24458806,CIENCIA DE DATOS E INTELIGENCIA ARTIFICIAL,Periodo 2024 - 2S,PRIMER SEMESTRE,LEGALIZADA,FUNDAMENTOS DE METODOLOGÍA DE LA INVESTIGACIÓN,1,58.0,8.59,8.93,0.0,8.76,APROBADO,41,
24458806,CIENCIA DE DATOS E INTELIGENCIA ARTIFICIAL,Periodo 2024 - 2S,PRIMER SEMESTRE,LEGALIZADA,PROGRAMACIÓN 1,1,93.0,7.65,8.88,0.0,8.26,APROBADO,41,
24458806,CIENCIA DE DATOS E INTELIGENCIA ARTIFICIAL,Periodo 2025 - 1S,SEGUNDO SEMESTRE,LEGALIZADA,ESTRUCTURA DE DATOS,1,93.0,8.51,8.81,0.0,8.66,APROBADO,41,
24458806,CIENCIA DE DATOS E INTELIGENCIA ARTIFICIAL,Periodo 2025 - 1S,SEGUNDO SEMESTRE,LEGALIZADA,FUNDAMENTOS DE CIENCIA DE DATOS E INTELIGENCIA ARTIFICIAL,1,81.0,8.66,9.62,0.0,9.14,APROBADO,41,
24458806,CIENCIA DE DATOS E INTELIGENCIA ARTIFICIAL,Periodo 2025 - 1S,SEGUNDO SEMESTRE,LEGALIZADA,HABILIDADES PARA LA VIDA,1,93.0,8.84,9.4,0.0,9.12,APROBADO,41,
24458806,CIENCIA DE DATOS E INTELIGENCIA ARTIFICIAL,Periodo 2025 - 1S,SEGUNDO SEMESTRE,LEGALIZADA,PROBABILIDAD Y ESTADÍSTICA,1,81.0,7.83,8.52,0.0,8.17,APROBADO,41,
24458806,CIENCIA DE DATOS E INTELIGENCIA ARTIFICIAL,Periodo 2025 - 1S,SEGUNDO SEMESTRE,LEGALIZADA,PROGRAMACIÓN 2,1,100.0,8.1,8.8,0.0,8.45,APROBADO,41,
24458806,CIENCIA DE DATOS E INTELIGENCIA ARTIFICIAL,Periodo 2025 - 2S,TERCER SEMESTRE,RETIRO,CÁLCULO EN VARIAS VARIABLES,1,0.0,0.0,0.0,0.0,0.0,RETIRO,41,
24458806,CIENCIA DE DATOS E INTELIGENCIA ARTIFICIAL,Periodo 2025 - 2S,TERCER SEMESTRE,RETIRO,CULTURA DIGITAL Y SOCIEDAD,1,0.0,0.0,0.0,0.0,0.0,RETIRO,41,
24458806,CIENCIA DE DATOS E INTELIGENCIA ARTIFICIAL,Periodo 2025 - 2S,TERCER SEMESTRE,RETIRO,DISEÑO EXPERIMENTAL,1,0.0,0.0,0.0,0.0,0.0,RETIRO,41,
24458806,CIENCIA DE DATOS E INTELIGENCIA ARTIFICIAL,Periodo 2025 - 2S,TERCER SEMESTRE,RETIRO,FUNDAMENTOS DE BASE DE DATOS,1,0.0,0.0,0.0,0.0,0.0,RETIRO,41,
24458806,CIENCIA DE DATOS E INTELIGENCIA ARTIFICIAL,Periodo 2025 - 2S,TERCER SEMESTRE,RETIRO,MODELAMIENTO,1,0.0,0.0,0.0,0.0,0.0,RETIRO,41,
5527279,CIENCIA DE DATOS E INTELIGENCIA ARTIFICIAL,Periodo 2024 - 2S,PRIMER SEMESTRE,LEGALIZADA,ÁLGEBRA LINEAL,1,62.0,8.55,7.54,0.0,8.04,APROBADO,41,
5527279,CIENCIA DE DATOS E INTELIGENCIA ARTIFICIAL,Periodo 2024 - 2S,PRIMER SEMESTRE,LEGALIZADA,CÁLCULO EN UNA VARIABLE,1,88.0,8.42,8.21,0.0,8.31,APROBADO,41,
5527279,CIENCIA DE DATOS E INTELIGENCIA ARTIFICIAL,Periodo 2024 - 2S,PRIMER SEMESTRE,LEGALIZADA,COMUNICACIÓN EFECTIVA,1,63.0,8.66,8.48,0.0,8.57,APROBADO,41,
5527279,CIENCIA DE DATOS E INTELIGENCIA ARTIFICIAL,Periodo 2024 - 2S,PRIMER SEMESTRE,LEGALIZADA,FUNDAMENTOS DE METODOLOGÍA DE LA INVESTIGACIÓN,1,92.0,8.43,9.18,0.0,8.8,APROBADO,41,
5527279,CIENCIA DE DATOS E INTELIGENCIA ARTIFICIAL,Periodo 2024 - 2S,PRIMER SEMESTRE,LEGALIZADA,PROGRAMACIÓN 1,1,79.0,8.01,7.52,0.0,7.76,APROBADO,41,
5527279,CIENCIA DE DATOS E INTELIGENCIA ARTIFICIAL,Periodo 2025 - 1S,SEGUNDO SEMESTRE,LEGALIZADA,ESTRUCTURA DE DATOS,1,93.0,9.41,9.51,0.0,9.46,APROBADO,41,
5527279,CIENCIA DE DATOS E INTELIGENCIA ARTIFICIAL,Periodo 2025 - 1S,SEGUNDO SEMESTRE,LEGALIZADA,FUNDAMENTOS DE CIENCIA DE DATOS E INTELIGENCIA ARTIFICIAL,1,88.0,9.44,9.19,0.0,9.31,APROBADO,41,
5527279,CIENCIA DE DATOS E INTELIGENCIA ARTIFICIAL,Periodo 2025 - 1S,SEGUNDO SEMESTRE,LEGALIZADA,HABILIDADES PARA LA VIDA,1,100.0,9.66,9.94,0.0,9.8,APROBADO,41,
5527279,CIENCIA DE DATOS E INTELIGENCIA ARTIFICIAL,Periodo 2025 - 1S,SEGUNDO SEMESTRE,LEGALIZADA,PROBABILIDAD Y ESTADÍSTICA,1,94.0,9.05,8.83,0.0,8.94,APROBADO,41,
5527279,CIENCIA DE DATOS E INTELIGENCIA ARTIFICIAL,Periodo 2025 - 1S,SEGUNDO SEMESTRE,LEGALIZADA,PROGRAMACIÓN 2,1,100.0,8.62,8.79,0.0,8.7,APROBADO,41,
5527279,CIENCIA DE DATOS E INTELIGENCIA ARTIFICIAL,Periodo 2025 - 2S,TERCER SEMESTRE,LEGALIZADA,CÁLCULO EN VARIAS VARIABLES,1,80.0,7.49,8.85,0.0,8.17,APROBADO,41,
5527279,CIENCIA DE DATOS E INTELIGENCIA ARTIFICIAL,Periodo 2025 - 2S,TERCER SEMESTRE,LEGALIZADA,CULTURA DIGITAL Y SOCIEDAD,1,93.0,9.76,9.7,0.0,9.73,APROBADO,41,
5527279,CIENCIA DE DATOS E INTELIGENCIA ARTIFICIAL,Periodo 2025 - 2S,TERCER SEMESTRE,LEGALIZADA,DISEÑO EXPERIMENTAL,1,80.0,9.35,9.2,0.0,9.27,APROBADO,41,
5527279,CIENCIA DE DATOS E INTELIGENCIA ARTIFICIAL,Periodo 2025 - 2S,TERCER SEMESTRE,LEGALIZADA,FUNDAMENTOS DE BASE DE DATOS,1,100.0,9.21,8.88,0.0,9.04,APROBADO,41,
5527279,CIENCIA DE DATOS E INTELIGENCIA ARTIFICIAL,Periodo 2025 - 2S,TERCER SEMESTRE,LEGALIZADA,MODELAMIENTO,1,100.0,8.63,8.39,0.0,8.51,APROBADO,41,
5527279,CIENCIA DE DATOS E INTELIGENCIA ARTIFICIAL,Periodo 2026 - 1S,CUARTO SEMESTRE,LEGALIZADA,ADMINISTRACIÓN DE BASES DE DATOS,1,0.0,8.41,0.0,0.0,0.0,,41,
5527279,CIENCIA DE DATOS E INTELIGENCIA ARTIFICIAL,Periodo 2026 - 1S,CUARTO SEMESTRE,LEGALIZADA,MACHINE LEARNING 1,1,0.0,0.0,0.0,0.0,0.0,,41,
5527279,CIENCIA DE DATOS E INTELIGENCIA ARTIFICIAL,Periodo 2026 - 1S,CUARTO SEMESTRE,LEGALIZADA,METAHEURÍSTICAS,1,0.0,0.0,0.0,0.0,0.0,,41,
5527279,CIENCIA DE DATOS E INTELIGENCIA ARTIFICIAL,Periodo 2026 - 1S,CUARTO SEMESTRE,LEGALIZADA,METODOLOGÍAS DE ANALÍTICA DE DATOS,1,0.0,0.0,0.0,0.0,0.0,,41,
5527279,CIENCIA DE DATOS E INTELIGENCIA ARTIFICIAL,Periodo 2026 - 1S,CUARTO SEMESTRE,LEGALIZADA,MÉTODOS NUMÉRICOS Y PROBLEMAS COMPLEJOS,1,0.0,9.66,0.0,0.0,0.0,,41,
47890768,CIENCIA DE DATOS E INTELIGENCIA ARTIFICIAL,Periodo 2025 - 2S,PRIMER SEMESTRE,LEGALIZADA,ÁLGEBRA LINEAL,1,87.0,6.71,7.28,0.01,3.5,REPROBADO,41,
47890768,CIENCIA DE DATOS E INTELIGENCIA ARTIFICIAL,Periodo 2025 - 2S,PRIMER SEMESTRE,LEGALIZADA,CÁLCULO EN UNA VARIABLE,1,87.0,5.19,3.95,0.0,4.57,REPROBADO,41,
47890768,CIENCIA DE DATOS E INTELIGENCIA ARTIFICIAL,Periodo 2025 - 2S,PRIMER SEMESTRE,LEGALIZADA,COMUNICACIÓN EFECTIVA,1,73.0,2.64,4.32,0.0,3.48,REPROBADO,41,
47890768,CIENCIA DE DATOS E INTELIGENCIA ARTIFICIAL,Periodo 2025 - 2S,PRIMER SEMESTRE,LEGALIZADA,FUNDAMENTOS DE METODOLOGÍA DE LA INVESTIGACIÓN,1,71.0,4.9,7.98,7.8,7.12,APROBADO,41,
47890768,CIENCIA DE DATOS E INTELIGENCIA ARTIFICIAL,Periodo 2025 - 2S,PRIMER SEMESTRE,LEGALIZADA,PROGRAMACIÓN 1,1,86.0,3.59,3.41,0.0,3.5,REPROBADO,41,
47890768,CIENCIA DE DATOS E INTELIGENCIA ARTIFICIAL,Periodo 2026 - 1S,PRIMER SEMESTRE,LEGALIZADA,ÁLGEBRA LINEAL,2,0.0,0.0,0.0,0.0,0.0,,41,
47890768,CIENCIA DE DATOS E INTELIGENCIA ARTIFICIAL,Periodo 2026 - 1S,PRIMER SEMESTRE,LEGALIZADA,CÁLCULO EN UNA VARIABLE,2,0.0,0.0,0.0,0.0,0.0,,41,
47890768,CIENCIA DE DATOS E INTELIGENCIA ARTIFICIAL,Periodo 2026 - 1S,PRIMER SEMESTRE,LEGALIZADA,COMUNICACIÓN EFECTIVA,2,0.0,0.0,0.0,0.0,0.0,,41,
47890768,CIENCIA DE DATOS E INTELIGENCIA ARTIFICIAL,Periodo 2026 - 1S,PRIMER SEMESTRE,LEGALIZADA,PROGRAMACIÓN 1,2,0.0,3.18,0.0,0.0,0.0,,41,
45927157,CIENCIA DE DATOS E INTELIGENCIA ARTIFICIAL,Periodo 2024 - 2S,PRIMER SEMESTRE,LEGALIZADA,ÁLGEBRA LINEAL,1,62.0,7.14,7.74,0.0,7.44,APROBADO,41,
45927157,CIENCIA DE DATOS E INTELIGENCIA ARTIFICIAL,Periodo 2024 - 2S,PRIMER SEMESTRE,LEGALIZADA,CÁLCULO EN UNA VARIABLE,1,86.0,7.73,7.64,0.0,7.68,APROBADO,41,
45927157,CIENCIA DE DATOS E INTELIGENCIA ARTIFICIAL,Periodo 2024 - 2S,PRIMER SEMESTRE,LEGALIZADA,COMUNICACIÓN EFECTIVA,1,64.0,7.78,8.29,0.0,8.03,APROBADO,41,
45927157,CIENCIA DE DATOS E INTELIGENCIA ARTIFICIAL,Periodo 2024 - 2S,PRIMER SEMESTRE,LEGALIZADA,FUNDAMENTOS DE METODOLOGÍA DE LA INVESTIGACIÓN,1,71.0,7.08,7.69,0.0,7.38,APROBADO,41,
45927157,CIENCIA DE DATOS E INTELIGENCIA ARTIFICIAL,Periodo 2024 - 2S,PRIMER SEMESTRE,LEGALIZADA,PROGRAMACIÓN 1,1,75.0,7.49,5.76,8.5,7.56,APROBADO,41,
45927157,CIENCIA DE DATOS E INTELIGENCIA ARTIFICIAL,Periodo 2025 - 1S,SEGUNDO SEMESTRE,LEGALIZADA,ESTRUCTURA DE DATOS,1,93.0,9.39,8.66,0.0,9.02,APROBADO,41,
45927157,CIENCIA DE DATOS E INTELIGENCIA ARTIFICIAL,Periodo 2025 - 1S,SEGUNDO SEMESTRE,LEGALIZADA,FUNDAMENTOS DE CIENCIA DE DATOS E INTELIGENCIA ARTIFICIAL,1,88.0,7.98,8.79,0.0,8.38,APROBADO,41,
45927157,CIENCIA DE DATOS E INTELIGENCIA ARTIFICIAL,Periodo 2025 - 1S,SEGUNDO SEMESTRE,LEGALIZADA,HABILIDADES PARA LA VIDA,1,93.0,9.61,9.12,0.0,9.36,APROBADO,41,
45927157,CIENCIA DE DATOS E INTELIGENCIA ARTIFICIAL,Periodo 2025 - 1S,SEGUNDO SEMESTRE,LEGALIZADA,PROBABILIDAD Y ESTADÍSTICA,1,69.0,8.17,8.8,0.0,8.48,APROBADO,41,
45927157,CIENCIA DE DATOS E INTELIGENCIA ARTIFICIAL,Periodo 2025 - 1S,SEGUNDO SEMESTRE,LEGALIZADA,PROGRAMACIÓN 2,1,100.0,8.23,7.79,0.0,8.01,APROBADO,41,
45927157,CIENCIA DE DATOS E INTELIGENCIA ARTIFICIAL,Periodo 2025 - 2S,TERCER SEMESTRE,LEGALIZADA,CÁLCULO EN VARIAS VARIABLES,1,53.0,4.37,0.0,0.0,2.18,REPROBADO,41,
45927157,CIENCIA DE DATOS E INTELIGENCIA ARTIFICIAL,Periodo 2025 - 2S,TERCER SEMESTRE,LEGALIZADA,CULTURA DIGITAL Y SOCIEDAD,1,73.0,4.35,0.77,0.0,2.56,REPROBADO,41,
45927157,CIENCIA DE DATOS E INTELIGENCIA ARTIFICIAL,Periodo 2025 - 2S,TERCER SEMESTRE,LEGALIZADA,DISEÑO EXPERIMENTAL,1,33.0,3.4,3.0,0.0,3.2,REPROBADO,41,
45927157,CIENCIA DE DATOS E INTELIGENCIA ARTIFICIAL,Periodo 2025 - 2S,TERCER SEMESTRE,LEGALIZADA,FUNDAMENTOS DE BASE DE DATOS,1,81.0,3.32,0.77,0.0,2.04,REPROBADO,41,
45927157,CIENCIA DE DATOS E INTELIGENCIA ARTIFICIAL,Periodo 2025 - 2S,TERCER SEMESTRE,LEGALIZADA,MODELAMIENTO,1,67.0,2.85,0.0,0.0,1.42,REPROBADO,41,
63998466,CIENCIA DE DATOS E INTELIGENCIA ARTIFICIAL,Periodo 2025 - 1S,PRIMER SEMESTRE,LEGALIZADA,ÁLGEBRA LINEAL,1,94.0,6.35,7.31,5.75,6.29,REPROBADO,41,
63998466,CIENCIA DE DATOS E INTELIGENCIA ARTIFICIAL,Periodo 2025 - 1S,PRIMER SEMESTRE,LEGALIZADA,CÁLCULO EN UNA VARIABLE,1,86.0,7.94,6.77,0.0,7.35,APROBADO,41,
63998466,CIENCIA DE DATOS E INTELIGENCIA ARTIFICIAL,Periodo 2025 - 1S,PRIMER SEMESTRE,LEGALIZADA,COMUNICACIÓN EFECTIVA,1,86.0,7.62,8.21,0.0,7.91,APROBADO,41,
63998466,CIENCIA DE DATOS E INTELIGENCIA ARTIFICIAL,Periodo 2025 - 1S,PRIMER SEMESTRE,LEGALIZADA,FUNDAMENTOS DE METODOLOGÍA DE LA INVESTIGACIÓN,1,100.0,8.63,9.0,0.0,8.81,APROBADO,41,
63998466,CIENCIA DE DATOS E INTELIGENCIA ARTIFICIAL,Periodo 2025 - 1S,PRIMER SEMESTRE,LEGALIZADA,PROGRAMACIÓN 1,1,94.0,6.31,7.89,0.0,7.1,APROBADO,41,
63998466,CIENCIA DE DATOS E INTELIGENCIA ARTIFICIAL,Periodo 2025 - 2S,SEGUNDO SEMESTRE,LEGALIZADA,ÁLGEBRA LINEAL,2,100.0,8.87,8.59,0.0,8.73,APROBADO,41,
63998466,CIENCIA DE DATOS E INTELIGENCIA ARTIFICIAL,Periodo 2025 - 2S,SEGUNDO SEMESTRE,LEGALIZADA,ESTRUCTURA DE DATOS,1,0.0,0.0,0.0,0.0,0.0,RETIRO,41,
63998466,CIENCIA DE DATOS E INTELIGENCIA ARTIFICIAL,Periodo 2025 - 2S,SEGUNDO SEMESTRE,LEGALIZADA,HABILIDADES PARA LA VIDA,1,0.0,0.0,0.0,0.0,0.0,RETIRO,41,
63998466,CIENCIA DE DATOS E INTELIGENCIA ARTIFICIAL,Periodo 2025 - 2S,SEGUNDO SEMESTRE,LEGALIZADA,PROGRAMACIÓN 2,1,0.0,0.0,0.0,0.0,0.0,RETIRO,41,
63998466,CIENCIA DE DATOS E INTELIGENCIA ARTIFICIAL,Periodo 2026 - 1S,SEGUNDO SEMESTRE,LEGALIZADA,ESTRUCTURA DE DATOS,1,0.0,6.0,0.0,0.0,0.0,,41,
63998466,CIENCIA DE DATOS E INTELIGENCIA ARTIFICIAL,Periodo 2026 - 1S,SEGUNDO SEMESTRE,LEGALIZADA,FUNDAMENTOS DE CIENCIA DE DATOS E INTELIGENCIA ARTIFICIAL,1,0.0,0.0,0.0,0.0,0.0,,41,
63998466,CIENCIA DE DATOS E INTELIGENCIA ARTIFICIAL,Periodo 2026 - 1S,SEGUNDO SEMESTRE,LEGALIZADA,HABILIDADES PARA LA VIDA,1,0.0,0.0,0.0,0.0,0.0,,41,
63998466,CIENCIA DE DATOS E INTELIGENCIA ARTIFICIAL,Periodo 2026 - 1S,SEGUNDO SEMESTRE,LEGALIZADA,PROBABILIDAD Y ESTADÍSTICA,1,0.0,0.0,0.0,0.0,0.0,,41,
63998466,CIENCIA DE DATOS E INTELIGENCIA ARTIFICIAL,Periodo 2026 - 1S,SEGUNDO SEMESTRE,LEGALIZADA,PROGRAMACIÓN 2,1,0.0,6.26,0.0,0.0,0.0,,41,
63475147,CIENCIA DE DATOS E INTELIGENCIA ARTIFICIAL,Periodo 2025 - 1S,PRIMER SEMESTRE,LEGALIZADA,ÁLGEBRA LINEAL,1,50.0,9.08,8.58,0.0,8.83,APROBADO,41,
63475147,CIENCIA DE DATOS E INTELIGENCIA ARTIFICIAL,Periodo 2025 - 1S,PRIMER SEMESTRE,LEGALIZADA,CÁLCULO EN UNA VARIABLE,1,88.0,8.55,6.37,0.0,7.46,APROBADO,41,
63475147,CIENCIA DE DATOS E INTELIGENCIA ARTIFICIAL,Periodo 2025 - 1S,PRIMER SEMESTRE,LEGALIZADA,COMUNICACIÓN EFECTIVA,1,81.0,8.89,8.7,0.0,8.79,APROBADO,41,
63475147,CIENCIA DE DATOS E INTELIGENCIA ARTIFICIAL,Periodo 2025 - 1S,PRIMER SEMESTRE,LEGALIZADA,FUNDAMENTOS DE METODOLOGÍA DE LA INVESTIGACIÓN,1,100.0,9.06,7.52,0.0,8.29,APROBADO,41,
63475147,CIENCIA DE DATOS E INTELIGENCIA ARTIFICIAL,Periodo 2025 - 1S,PRIMER SEMESTRE,LEGALIZADA,PROGRAMACIÓN 1,1,79.0,8.91,9.19,0.0,9.05,APROBADO,41,
63475147,CIENCIA DE DATOS E INTELIGENCIA ARTIFICIAL,Periodo 2025 - 2S,SEGUNDO SEMESTRE,LEGALIZADA,ESTRUCTURA DE DATOS,1,92.0,7.51,8.28,0.0,7.89,APROBADO,41,
63475147,CIENCIA DE DATOS E INTELIGENCIA ARTIFICIAL,Periodo 2025 - 2S,SEGUNDO SEMESTRE,LEGALIZADA,FUNDAMENTOS DE CIENCIA DE DATOS E INTELIGENCIA ARTIFICIAL,1,67.0,6.45,8.42,0.0,7.43,APROBADO,41,
63475147,CIENCIA DE DATOS E INTELIGENCIA ARTIFICIAL,Periodo 2025 - 2S,SEGUNDO SEMESTRE,LEGALIZADA,HABILIDADES PARA LA VIDA,1,77.0,8.2,8.41,0.0,8.3,APROBADO,41,
63475147,CIENCIA DE DATOS E INTELIGENCIA ARTIFICIAL,Periodo 2025 - 2S,SEGUNDO SEMESTRE,LEGALIZADA,PROBABILIDAD Y ESTADÍSTICA,1,63.0,8.46,9.51,0.0,8.98,APROBADO,41,
63475147,CIENCIA DE DATOS E INTELIGENCIA ARTIFICIAL,Periodo 2025 - 2S,SEGUNDO SEMESTRE,LEGALIZADA,PROGRAMACIÓN 2,1,92.0,8.61,8.71,0.0,8.66,APROBADO,41,
63475147,CIENCIA DE DATOS E INTELIGENCIA ARTIFICIAL,Periodo 2026 - 1S,TERCER SEMESTRE,LEGALIZADA,CÁLCULO EN VARIAS VARIABLES,1,0.0,0.0,0.0,0.0,0.0,,41,
63475147,CIENCIA DE DATOS E INTELIGENCIA ARTIFICIAL,Periodo 2026 - 1S,TERCER SEMESTRE,LEGALIZADA,CULTURA DIGITAL Y SOCIEDAD,1,0.0,0.0,0.0,0.0,0.0,,41,
63475147,CIENCIA DE DATOS E INTELIGENCIA ARTIFICIAL,Periodo 2026 - 1S,TERCER SEMESTRE,LEGALIZADA,DISEÑO EXPERIMENTAL,1,0.0,9.33,0.0,0.0,0.0,,41,
63475147,CIENCIA DE DATOS E INTELIGENCIA ARTIFICIAL,Periodo 2026 - 1S,TERCER SEMESTRE,LEGALIZADA,FUNDAMENTOS DE BASE DE DATOS,1,0.0,0.0,0.0,0.0,0.0,,41,
63475147,CIENCIA DE DATOS E INTELIGENCIA ARTIFICIAL,Periodo 2026 - 1S,TERCER SEMESTRE,LEGALIZADA,MODELAMIENTO,1,0.0,0.0,0.0,0.0,0.0,,41,
19952906,CIENCIA DE DATOS E INTELIGENCIA ARTIFICIAL,Periodo 2025 - 1S,PRIMER SEMESTRE,LEGALIZADA,ÁLGEBRA LINEAL,1,81.0,8.73,8.64,0.0,8.68,APROBADO,41,
19952906,CIENCIA DE DATOS E INTELIGENCIA ARTIFICIAL,Periodo 2025 - 1S,PRIMER SEMESTRE,LEGALIZADA,CÁLCULO EN UNA VARIABLE,1,94.0,8.13,8.31,0.0,8.22,APROBADO,41,
19952906,CIENCIA DE DATOS E INTELIGENCIA ARTIFICIAL,Periodo 2025 - 1S,PRIMER SEMESTRE,LEGALIZADA,COMUNICACIÓN EFECTIVA,1,81.0,8.46,7.97,0.0,8.21,APROBADO,41,
19952906,CIENCIA DE DATOS E INTELIGENCIA ARTIFICIAL,Periodo 2025 - 1S,PRIMER SEMESTRE,LEGALIZADA,FUNDAMENTOS DE METODOLOGÍA DE LA INVESTIGACIÓN,1,100.0,9.75,9.63,0.0,9.69,APROBADO,41,
19952906,CIENCIA DE DATOS E INTELIGENCIA ARTIFICIAL,Periodo 2025 - 1S,PRIMER SEMESTRE,LEGALIZADA,PROGRAMACIÓN 1,1,100.0,7.58,7.9,0.0,7.74,APROBADO,41,
19952906,CIENCIA DE DATOS E INTELIGENCIA ARTIFICIAL,Periodo 2025 - 2S,SEGUNDO SEMESTRE,LEGALIZADA,ESTRUCTURA DE DATOS,1,75.0,9.6,9.62,0.0,9.61,APROBADO,41,
19952906,CIENCIA DE DATOS E INTELIGENCIA ARTIFICIAL,Periodo 2025 - 2S,SEGUNDO SEMESTRE,LEGALIZADA,FUNDAMENTOS DE CIENCIA DE DATOS E INTELIGENCIA ARTIFICIAL,1,92.0,6.35,8.47,0.0,7.41,APROBADO,41,
19952906,CIENCIA DE DATOS E INTELIGENCIA ARTIFICIAL,Periodo 2025 - 2S,SEGUNDO SEMESTRE,LEGALIZADA,HABILIDADES PARA LA VIDA,1,77.0,8.43,8.68,0.0,8.55,APROBADO,41,
19952906,CIENCIA DE DATOS E INTELIGENCIA ARTIFICIAL,Periodo 2025 - 2S,SEGUNDO SEMESTRE,LEGALIZADA,PROBABILIDAD Y ESTADÍSTICA,1,81.0,8.77,8.8,0.0,8.78,APROBADO,41,
19952906,CIENCIA DE DATOS E INTELIGENCIA ARTIFICIAL,Periodo 2025 - 2S,SEGUNDO SEMESTRE,LEGALIZADA,PROGRAMACIÓN 2,1,85.0,8.38,9.51,0.0,8.94,APROBADO,41,
19952906,CIENCIA DE DATOS E INTELIGENCIA ARTIFICIAL,Periodo 2026 - 1S,TERCER SEMESTRE,LEGALIZADA,CÁLCULO EN VARIAS VARIABLES,1,0.0,0.0,0.0,0.0,0.0,,41,
19952906,CIENCIA DE DATOS E INTELIGENCIA ARTIFICIAL,Periodo 2026 - 1S,TERCER SEMESTRE,LEGALIZADA,CULTURA DIGITAL Y SOCIEDAD,1,0.0,0.0,0.0,0.0,0.0,,41,
19952906,CIENCIA DE DATOS E INTELIGENCIA ARTIFICIAL,Periodo 2026 - 1S,TERCER SEMESTRE,LEGALIZADA,DISEÑO EXPERIMENTAL,1,0.0,7.62,0.0,0.0,0.0,,41,
19952906,CIENCIA DE DATOS E INTELIGENCIA ARTIFICIAL,Periodo 2026 - 1S,TERCER SEMESTRE,LEGALIZADA,FUNDAMENTOS DE BASE DE DATOS,1,0.0,0.0,0.0,0.0,0.0,,41,
19952906,CIENCIA DE DATOS E INTELIGENCIA ARTIFICIAL,Periodo 2026 - 1S,TERCER SEMESTRE,LEGALIZADA,MODELAMIENTO,1,0.0,0.0,0.0,0.0,0.0,,41,
56716363,CIENCIA DE DATOS E INTELIGENCIA ARTIFICIAL,Periodo 2025 - 1S,PRIMER SEMESTRE,LEGALIZADA,ÁLGEBRA LINEAL,1,81.0,8.25,8.04,0.0,8.14,APROBADO,41,
56716363,CIENCIA DE DATOS E INTELIGENCIA ARTIFICIAL,Periodo 2025 - 1S,PRIMER SEMESTRE,LEGALIZADA,CÁLCULO EN UNA VARIABLE,1,94.0,7.92,6.41,0.0,7.16,APROBADO,41,
56716363,CIENCIA DE DATOS E INTELIGENCIA ARTIFICIAL,Periodo 2025 - 1S,PRIMER SEMESTRE,LEGALIZADA,COMUNICACIÓN EFECTIVA,1,81.0,7.86,8.58,0.0,8.22,APROBADO,41,
56716363,CIENCIA DE DATOS E INTELIGENCIA ARTIFICIAL,Periodo 2025 - 1S,PRIMER SEMESTRE,LEGALIZADA,FUNDAMENTOS DE METODOLOGÍA DE LA INVESTIGACIÓN,1,100.0,9.22,9.27,0.0,9.24,APROBADO,41,
56716363,CIENCIA DE DATOS E INTELIGENCIA ARTIFICIAL,Periodo 2025 - 1S,PRIMER SEMESTRE,LEGALIZADA,PROGRAMACIÓN 1,1,93.0,7.43,7.79,0.0,7.61,APROBADO,41,
56716363,CIENCIA DE DATOS E INTELIGENCIA ARTIFICIAL,Periodo 2025 - 2S,SEGUNDO SEMESTRE,LEGALIZADA,ESTRUCTURA DE DATOS,1,100.0,9.53,9.32,0.0,9.42,APROBADO,41,
56716363,CIENCIA DE DATOS E INTELIGENCIA ARTIFICIAL,Periodo 2025 - 2S,SEGUNDO SEMESTRE,LEGALIZADA,FUNDAMENTOS DE CIENCIA DE DATOS E INTELIGENCIA ARTIFICIAL,1,100.0,8.7,9.36,0.0,9.03,APROBADO,41,
56716363,CIENCIA DE DATOS E INTELIGENCIA ARTIFICIAL,Periodo 2025 - 2S,SEGUNDO SEMESTRE,LEGALIZADA,HABILIDADES PARA LA VIDA,1,100.0,8.84,8.75,0.0,8.79,APROBADO,41,
56716363,CIENCIA DE DATOS E INTELIGENCIA ARTIFICIAL,Periodo 2025 - 2S,SEGUNDO SEMESTRE,LEGALIZADA,PROBABILIDAD Y ESTADÍSTICA,1,94.0,9.17,9.29,0.0,9.23,APROBADO,41,
56716363,CIENCIA DE DATOS E INTELIGENCIA ARTIFICIAL,Periodo 2025 - 2S,SEGUNDO SEMESTRE,LEGALIZADA,PROGRAMACIÓN 2,1,100.0,9.12,9.36,0.0,9.24,APROBADO,41,
56716363,CIENCIA DE DATOS E INTELIGENCIA ARTIFICIAL,Periodo 2026 - 1S,TERCER SEMESTRE,LEGALIZADA,CÁLCULO EN VARIAS VARIABLES,1,0.0,0.0,0.0,0.0,0.0,,41,
56716363,CIENCIA DE DATOS E INTELIGENCIA ARTIFICIAL,Periodo 2026 - 1S,TERCER SEMESTRE,LEGALIZADA,CULTURA DIGITAL Y SOCIEDAD,1,0.0,0.0,0.0,0.0,0.0,,41,
56716363,CIENCIA DE DATOS E INTELIGENCIA ARTIFICIAL,Periodo 2026 - 1S,TERCER SEMESTRE,LEGALIZADA,DISEÑO EXPERIMENTAL,1,0.0,9.55,0.0,0.0,0.0,,41,
56716363,CIENCIA DE DATOS E INTELIGENCIA ARTIFICIAL,Periodo 2026 - 1S,TERCER SEMESTRE,LEGALIZADA,FUNDAMENTOS DE BASE DE DATOS,1,0.0,0.0,0.0,0.0,0.0,,41,
56716363,CIENCIA DE DATOS E INTELIGENCIA ARTIFICIAL,Periodo 2026 - 1S,TERCER SEMESTRE,LEGALIZADA,MODELAMIENTO,1,0.0,0.0,0.0,0.0,0.0,,41,
99238305,CIENCIA DE DATOS E INTELIGENCIA ARTIFICIAL,Periodo 2025 - 1S,PRIMER SEMESTRE,LEGALIZADA,ÁLGEBRA LINEAL,1,100.0,7.37,9.72,0.0,8.54,APROBADO,41,
99238305,CIENCIA DE DATOS E INTELIGENCIA ARTIFICIAL,Periodo 2025 - 1S,PRIMER SEMESTRE,LEGALIZADA,CÁLCULO EN UNA VARIABLE,1,93.0,9.67,8.71,0.0,9.19,APROBADO,41,
99238305,CIENCIA DE DATOS E INTELIGENCIA ARTIFICIAL,Periodo 2025 - 1S,PRIMER SEMESTRE,LEGALIZADA,COMUNICACIÓN EFECTIVA,1,100.0,9.65,9.74,0.0,9.69,APROBADO,41,
99238305,CIENCIA DE DATOS E INTELIGENCIA ARTIFICIAL,Periodo 2025 - 1S,PRIMER SEMESTRE,LEGALIZADA,FUNDAMENTOS DE METODOLOGÍA DE LA INVESTIGACIÓN,1,100.0,9.47,9.7,0.0,9.58,APROBADO,41,
99238305,CIENCIA DE DATOS E INTELIGENCIA ARTIFICIAL,Periodo 2025 - 1S,PRIMER SEMESTRE,LEGALIZADA,PROGRAMACIÓN 1,1,94.0,8.68,9.16,0.0,8.92,APROBADO,41,
99238305,CIENCIA DE DATOS E INTELIGENCIA ARTIFICIAL,Periodo 2025 - 2S,SEGUNDO SEMESTRE,LEGALIZADA,ESTRUCTURA DE DATOS,1,93.0,9.47,9.55,0.0,9.51,APROBADO,41,
99238305,CIENCIA DE DATOS E INTELIGENCIA ARTIFICIAL,Periodo 2025 - 2S,SEGUNDO SEMESTRE,LEGALIZADA,FUNDAMENTOS DE CIENCIA DE DATOS E INTELIGENCIA ARTIFICIAL,1,100.0,9.34,9.64,0.0,9.49,APROBADO,41,
99238305,CIENCIA DE DATOS E INTELIGENCIA ARTIFICIAL,Periodo 2025 - 2S,SEGUNDO SEMESTRE,LEGALIZADA,HABILIDADES PARA LA VIDA,1,100.0,9.2,9.05,0.0,9.12,APROBADO,41,
99238305,CIENCIA DE DATOS E INTELIGENCIA ARTIFICIAL,Periodo 2025 - 2S,SEGUNDO SEMESTRE,LEGALIZADA,PROBABILIDAD Y ESTADÍSTICA,1,94.0,8.97,9.29,0.0,9.13,APROBADO,41,
99238305,CIENCIA DE DATOS E INTELIGENCIA ARTIFICIAL,Periodo 2025 - 2S,SEGUNDO SEMESTRE,LEGALIZADA,PROGRAMACIÓN 2,1,100.0,9.11,9.82,0.0,9.46,APROBADO,41,
99238305,CIENCIA DE DATOS E INTELIGENCIA ARTIFICIAL,Periodo 2026 - 1S,TERCER SEMESTRE,LEGALIZADA,CÁLCULO EN VARIAS VARIABLES,1,0.0,0.0,0.0,0.0,0.0,,41,
99238305,CIENCIA DE DATOS E INTELIGENCIA ARTIFICIAL,Periodo 2026 - 1S,TERCER SEMESTRE,LEGALIZADA,CULTURA DIGITAL Y SOCIEDAD,1,0.0,0.0,0.0,0.0,0.0,,41,
99238305,CIENCIA DE DATOS E INTELIGENCIA ARTIFICIAL,Periodo 2026 - 1S,TERCER SEMESTRE,LEGALIZADA,DISEÑO EXPERIMENTAL,1,0.0,8.31,0.0,0.0,0.0,,41,
99238305,CIENCIA DE DATOS E INTELIGENCIA ARTIFICIAL,Periodo 2026 - 1S,TERCER SEMESTRE,LEGALIZADA,FUNDAMENTOS DE BASE DE DATOS,1,0.0,0.0,0.0,0.0,0.0,,41,
99238305,CIENCIA DE DATOS E INTELIGENCIA ARTIFICIAL,Periodo 2026 - 1S,TERCER SEMESTRE,LEGALIZADA,MODELAMIENTO,1,0.0,0.0,0.0,0.0,0.0,,41,
77963464,CIENCIA DE DATOS E INTELIGENCIA ARTIFICIAL,Periodo 2025 - 1S,PRIMER SEMESTRE,LEGALIZADA,ÁLGEBRA LINEAL,1,100.0,9.24,8.01,0.0,8.62,APROBADO,41,
77963464,CIENCIA DE DATOS E INTELIGENCIA ARTIFICIAL,Periodo 2025 - 1S,PRIMER SEMESTRE,LEGALIZADA,CÁLCULO EN UNA VARIABLE,1,86.0,7.65,7.56,0.0,7.6,APROBADO,41,
77963464,CIENCIA DE DATOS E INTELIGENCIA ARTIFICIAL,Periodo 2025 - 1S,PRIMER SEMESTRE,LEGALIZADA,COMUNICACIÓN EFECTIVA,1,93.0,8.57,8.33,0.0,8.45,APROBADO,41,
77963464,CIENCIA DE DATOS E INTELIGENCIA ARTIFICIAL,Periodo 2025 - 1S,PRIMER SEMESTRE,LEGALIZADA,FUNDAMENTOS DE METODOLOGÍA DE LA INVESTIGACIÓN,1,100.0,9.53,9.18,0.0,9.35,APROBADO,41,
77963464,CIENCIA DE DATOS E INTELIGENCIA ARTIFICIAL,Periodo 2025 - 1S,PRIMER SEMESTRE,LEGALIZADA,PROGRAMACIÓN 1,1,94.0,8.79,6.98,0.0,7.88,APROBADO,41,
77963464,CIENCIA DE DATOS E INTELIGENCIA ARTIFICIAL,Periodo 2025 - 2S,SEGUNDO SEMESTRE,LEGALIZADA,ESTRUCTURA DE DATOS,1,100.0,8.91,8.91,0.0,8.91,APROBADO,41,
77963464,CIENCIA DE DATOS E INTELIGENCIA ARTIFICIAL,Periodo 2025 - 2S,SEGUNDO SEMESTRE,LEGALIZADA,FUNDAMENTOS DE CIENCIA DE DATOS E INTELIGENCIA ARTIFICIAL,1,93.0,9.29,9.33,0.0,9.31,APROBADO,41,
77963464,CIENCIA DE DATOS E INTELIGENCIA ARTIFICIAL,Periodo 2025 - 2S,SEGUNDO SEMESTRE,LEGALIZADA,HABILIDADES PARA LA VIDA,1,92.0,8.8,9.12,0.0,8.96,APROBADO,41,
77963464,CIENCIA DE DATOS E INTELIGENCIA ARTIFICIAL,Periodo 2025 - 2S,SEGUNDO SEMESTRE,LEGALIZADA,PROBABILIDAD Y ESTADÍSTICA,1,93.0,7.89,8.9,0.0,8.39,APROBADO,41,
77963464,CIENCIA DE DATOS E INTELIGENCIA ARTIFICIAL,Periodo 2025 - 2S,SEGUNDO SEMESTRE,LEGALIZADA,PROGRAMACIÓN 2,1,100.0,9.02,9.78,0.0,9.4,APROBADO,41,
77963464,CIENCIA DE DATOS E INTELIGENCIA ARTIFICIAL,Periodo 2026 - 1S,TERCER SEMESTRE,LEGALIZADA,CÁLCULO EN VARIAS VARIABLES,1,0.0,0.0,0.0,0.0,0.0,,41,
77963464,CIENCIA DE DATOS E INTELIGENCIA ARTIFICIAL,Periodo 2026 - 1S,TERCER SEMESTRE,LEGALIZADA,CULTURA DIGITAL Y SOCIEDAD,1,0.0,0.0,0.0,0.0,0.0,,41,
77963464,CIENCIA DE DATOS E INTELIGENCIA ARTIFICIAL,Periodo 2026 - 1S,TERCER SEMESTRE,LEGALIZADA,DISEÑO EXPERIMENTAL,1,0.0,8.9,0.0,0.0,0.0,,41,
77963464,CIENCIA DE DATOS E INTELIGENCIA ARTIFICIAL,Periodo 2026 - 1S,TERCER SEMESTRE,LEGALIZADA,FUNDAMENTOS DE BASE DE DATOS,1,0.0,0.0,0.0,0.0,0.0,,41,
77963464,CIENCIA DE DATOS E INTELIGENCIA ARTIFICIAL,Periodo 2026 - 1S,TERCER SEMESTRE,LEGALIZADA,MODELAMIENTO,1,0.0,0.0,0.0,0.0,0.0,,41,
99261287,CIENCIA DE DATOS E INTELIGENCIA ARTIFICIAL,Periodo 2025 - 2S,PRIMER SEMESTRE,LEGALIZADA,ÁLGEBRA LINEAL,1,73.0,7.52,8.26,0.0,7.89,APROBADO,41,
99261287,CIENCIA DE DATOS E INTELIGENCIA ARTIFICIAL,Periodo 2025 - 2S,PRIMER SEMESTRE,LEGALIZADA,CÁLCULO EN UNA VARIABLE,1,94.0,5.71,7.34,3.5,5.01,REPROBADO,41,
99261287,CIENCIA DE DATOS E INTELIGENCIA ARTIFICIAL,Periodo 2025 - 2S,PRIMER SEMESTRE,LEGALIZADA,COMUNICACIÓN EFECTIVA,1,73.0,4.61,5.93,8.0,6.63,REPROBADO,41,
99261287,CIENCIA DE DATOS E INTELIGENCIA ARTIFICIAL,Periodo 2025 - 2S,PRIMER SEMESTRE,LEGALIZADA,FUNDAMENTOS DE METODOLOGÍA DE LA INVESTIGACIÓN,1,100.0,9.13,8.07,0.0,8.6,APROBADO,41,
99261287,CIENCIA DE DATOS E INTELIGENCIA ARTIFICIAL,Periodo 2025 - 2S,PRIMER SEMESTRE,LEGALIZADA,PROGRAMACIÓN 1,1,79.0,5.85,4.75,7.0,6.15,REPROBADO,41,
99261287,CIENCIA DE DATOS E INTELIGENCIA ARTIFICIAL,Periodo 2026 - 1S,PRIMER SEMESTRE,LEGALIZADA,CÁLCULO EN UNA VARIABLE,2,0.0,0.0,0.0,0.0,0.0,,41,
99261287,CIENCIA DE DATOS E INTELIGENCIA ARTIFICIAL,Periodo 2026 - 1S,PRIMER SEMESTRE,LEGALIZADA,COMUNICACIÓN EFECTIVA,2,0.0,0.0,0.0,0.0,0.0,,41,
99261287,CIENCIA DE DATOS E INTELIGENCIA ARTIFICIAL,Periodo 2026 - 1S,PRIMER SEMESTRE,LEGALIZADA,PROGRAMACIÓN 1,2,0.0,8.55,0.0,0.0,0.0,,41,
67604717,CIENCIA DE DATOS E INTELIGENCIA ARTIFICIAL,Periodo 2025 - 1S,PRIMER SEMESTRE,LEGALIZADA,ÁLGEBRA LINEAL,1,94.0,9.56,9.81,0.0,9.68,APROBADO,41,
67604717,CIENCIA DE DATOS E INTELIGENCIA ARTIFICIAL,Periodo 2025 - 1S,PRIMER SEMESTRE,LEGALIZADA,CÁLCULO EN UNA VARIABLE,1,100.0,10.0,9.7,0.0,9.85,APROBADO,41,
67604717,CIENCIA DE DATOS E INTELIGENCIA ARTIFICIAL,Periodo 2025 - 1S,PRIMER SEMESTRE,LEGALIZADA,COMUNICACIÓN EFECTIVA,1,100.0,9.34,9.77,0.0,9.55,APROBADO,41,
67604717,CIENCIA DE DATOS E INTELIGENCIA ARTIFICIAL,Periodo 2025 - 1S,PRIMER SEMESTRE,LEGALIZADA,FUNDAMENTOS DE METODOLOGÍA DE LA INVESTIGACIÓN,1,100.0,9.97,9.9,0.0,9.93,APROBADO,41,
67604717,CIENCIA DE DATOS E INTELIGENCIA ARTIFICIAL,Periodo 2025 - 1S,PRIMER SEMESTRE,LEGALIZADA,PROGRAMACIÓN 1,1,100.0,9.93,9.44,0.0,9.68,APROBADO,41,
67604717,CIENCIA DE DATOS E INTELIGENCIA ARTIFICIAL,Periodo 2025 - 2S,SEGUNDO SEMESTRE,LEGALIZADA,ESTRUCTURA DE DATOS,1,100.0,9.85,9.78,0.0,9.81,APROBADO,41,
67604717,CIENCIA DE DATOS E INTELIGENCIA ARTIFICIAL,Periodo 2025 - 2S,SEGUNDO SEMESTRE,LEGALIZADA,FUNDAMENTOS DE CIENCIA DE DATOS E INTELIGENCIA ARTIFICIAL,1,100.0,9.82,9.94,0.0,9.88,APROBADO,41,
67604717,CIENCIA DE DATOS E INTELIGENCIA ARTIFICIAL,Periodo 2025 - 2S,SEGUNDO SEMESTRE,LEGALIZADA,HABILIDADES PARA LA VIDA,1,92.0,9.96,9.93,0.0,9.94,APROBADO,41,
67604717,CIENCIA DE DATOS E INTELIGENCIA ARTIFICIAL,Periodo 2025 - 2S,SEGUNDO SEMESTRE,LEGALIZADA,PROBABILIDAD Y ESTADÍSTICA,1,100.0,9.71,9.98,0.0,9.84,APROBADO,41,
67604717,CIENCIA DE DATOS E INTELIGENCIA ARTIFICIAL,Periodo 2025 - 2S,SEGUNDO SEMESTRE,LEGALIZADA,PROGRAMACIÓN 2,1,92.0,9.93,9.77,0.0,9.85,APROBADO,41,
67604717,CIENCIA DE DATOS E INTELIGENCIA ARTIFICIAL,Periodo 2026 - 1S,TERCER SEMESTRE,LEGALIZADA,CÁLCULO EN VARIAS VARIABLES,1,0.0,0.0,0.0,0.0,0.0,,41,
67604717,CIENCIA DE DATOS E INTELIGENCIA ARTIFICIAL,Periodo 2026 - 1S,TERCER SEMESTRE,LEGALIZADA,CULTURA DIGITAL Y SOCIEDAD,1,0.0,0.0,0.0,0.0,0.0,,41,
67604717,CIENCIA DE DATOS E INTELIGENCIA ARTIFICIAL,Periodo 2026 - 1S,TERCER SEMESTRE,LEGALIZADA,DISEÑO EXPERIMENTAL,1,0.0,9.87,0.0,0.0,0.0,,41,
67604717,CIENCIA DE DATOS E INTELIGENCIA ARTIFICIAL,Periodo 2026 - 1S,TERCER SEMESTRE,LEGALIZADA,FUNDAMENTOS DE BASE DE DATOS,1,0.0,0.0,0.0,0.0,0.0,,41,
67604717,CIENCIA DE DATOS E INTELIGENCIA ARTIFICIAL,Periodo 2026 - 1S,TERCER SEMESTRE,LEGALIZADA,MODELAMIENTO,1,0.0,0.0,0.0,0.0,0.0,,41,
94413557,CIENCIA DE DATOS E INTELIGENCIA ARTIFICIAL,Periodo 2025 - 1S,PRIMER SEMESTRE,LEGALIZADA,ÁLGEBRA LINEAL,1,100.0,7.26,9.31,0.0,8.28,APROBADO,41,
94413557,CIENCIA DE DATOS E INTELIGENCIA ARTIFICIAL,Periodo 2025 - 1S,PRIMER SEMESTRE,LEGALIZADA,CÁLCULO EN UNA VARIABLE,1,93.0,8.97,7.79,0.0,8.38,APROBADO,41,
94413557,CIENCIA DE DATOS E INTELIGENCIA ARTIFICIAL,Periodo 2025 - 1S,PRIMER SEMESTRE,LEGALIZADA,COMUNICACIÓN EFECTIVA,1,93.0,9.62,9.53,0.0,9.57,APROBADO,41,
94413557,CIENCIA DE DATOS E INTELIGENCIA ARTIFICIAL,Periodo 2025 - 1S,PRIMER SEMESTRE,LEGALIZADA,FUNDAMENTOS DE METODOLOGÍA DE LA INVESTIGACIÓN,1,92.0,9.23,9.23,0.0,9.23,APROBADO,41,
94413557,CIENCIA DE DATOS E INTELIGENCIA ARTIFICIAL,Periodo 2025 - 1S,PRIMER SEMESTRE,LEGALIZADA,PROGRAMACIÓN 1,1,94.0,9.13,7.64,0.0,8.38,APROBADO,41,
94413557,CIENCIA DE DATOS E INTELIGENCIA ARTIFICIAL,Periodo 2025 - 2S,SEGUNDO SEMESTRE,LEGALIZADA,ESTRUCTURA DE DATOS,1,100.0,9.6,9.51,0.0,9.55,APROBADO,41,
94413557,CIENCIA DE DATOS E INTELIGENCIA ARTIFICIAL,Periodo 2025 - 2S,SEGUNDO SEMESTRE,LEGALIZADA,FUNDAMENTOS DE CIENCIA DE DATOS E INTELIGENCIA ARTIFICIAL,1,100.0,9.27,9.53,0.0,9.4,APROBADO,41,
94413557,CIENCIA DE DATOS E INTELIGENCIA ARTIFICIAL,Periodo 2025 - 2S,SEGUNDO SEMESTRE,LEGALIZADA,HABILIDADES PARA LA VIDA,1,100.0,9.33,9.18,0.0,9.25,APROBADO,41,
94413557,CIENCIA DE DATOS E INTELIGENCIA ARTIFICIAL,Periodo 2025 - 2S,SEGUNDO SEMESTRE,LEGALIZADA,PROBABILIDAD Y ESTADÍSTICA,1,100.0,8.96,8.89,0.0,8.92,APROBADO,41,
94413557,CIENCIA DE DATOS E INTELIGENCIA ARTIFICIAL,Periodo 2025 - 2S,SEGUNDO SEMESTRE,LEGALIZADA,PROGRAMACIÓN 2,1,100.0,8.42,9.76,0.0,9.09,APROBADO,41,
94413557,CIENCIA DE DATOS E INTELIGENCIA ARTIFICIAL,Periodo 2026 - 1S,TERCER SEMESTRE,LEGALIZADA,CÁLCULO EN VARIAS VARIABLES,1,0.0,0.0,0.0,0.0,0.0,,41,
94413557,CIENCIA DE DATOS E INTELIGENCIA ARTIFICIAL,Periodo 2026 - 1S,TERCER SEMESTRE,LEGALIZADA,CULTURA DIGITAL Y SOCIEDAD,1,0.0,0.0,0.0,0.0,0.0,,41,
94413557,CIENCIA DE DATOS E INTELIGENCIA ARTIFICIAL,Periodo 2026 - 1S,TERCER SEMESTRE,LEGALIZADA,DISEÑO EXPERIMENTAL,1,0.0,8.97,0.0,0.0,0.0,,41,
94413557,CIENCIA DE DATOS E INTELIGENCIA ARTIFICIAL,Periodo 2026 - 1S,TERCER SEMESTRE,LEGALIZADA,FUNDAMENTOS DE BASE DE DATOS,1,0.0,0.0,0.0,0.0,0.0,,41,
94413557,CIENCIA DE DATOS E INTELIGENCIA ARTIFICIAL,Periodo 2026 - 1S,TERCER SEMESTRE,LEGALIZADA,MODELAMIENTO,1,0.0,0.0,0.0,0.0,0.0,,41,
13753606,CIENCIA DE DATOS E INTELIGENCIA ARTIFICIAL,Periodo 2025 - 1S,PRIMER SEMESTRE,LEGALIZADA,ÁLGEBRA LINEAL,1,93.0,7.34,9.24,0.0,8.29,APROBADO,41,
13753606,CIENCIA DE DATOS E INTELIGENCIA ARTIFICIAL,Periodo 2025 - 1S,PRIMER SEMESTRE,LEGALIZADA,CÁLCULO EN UNA VARIABLE,1,100.0,8.1,8.61,0.0,8.35,APROBADO,41,
13753606,CIENCIA DE DATOS E INTELIGENCIA ARTIFICIAL,Periodo 2025 - 1S,PRIMER SEMESTRE,LEGALIZADA,COMUNICACIÓN EFECTIVA,1,93.0,9.2,8.49,0.0,8.84,APROBADO,41,
13753606,CIENCIA DE DATOS E INTELIGENCIA ARTIFICIAL,Periodo 2025 - 1S,PRIMER SEMESTRE,LEGALIZADA,FUNDAMENTOS DE METODOLOGÍA DE LA INVESTIGACIÓN,1,100.0,9.53,9.53,0.0,9.53,APROBADO,41,
13753606,CIENCIA DE DATOS E INTELIGENCIA ARTIFICIAL,Periodo 2025 - 1S,PRIMER SEMESTRE,LEGALIZADA,PROGRAMACIÓN 1,1,94.0,9.39,7.94,0.0,8.66,APROBADO,41,
13753606,CIENCIA DE DATOS E INTELIGENCIA ARTIFICIAL,Periodo 2025 - 2S,SEGUNDO SEMESTRE,LEGALIZADA,ESTRUCTURA DE DATOS,1,100.0,8.4,8.17,0.0,8.28,APROBADO,41,
13753606,CIENCIA DE DATOS E INTELIGENCIA ARTIFICIAL,Periodo 2025 - 2S,SEGUNDO SEMESTRE,LEGALIZADA,FUNDAMENTOS DE CIENCIA DE DATOS E INTELIGENCIA ARTIFICIAL,1,93.0,9.03,9.78,0.0,9.4,APROBADO,41,
13753606,CIENCIA DE DATOS E INTELIGENCIA ARTIFICIAL,Periodo 2025 - 2S,SEGUNDO SEMESTRE,LEGALIZADA,HABILIDADES PARA LA VIDA,1,77.0,9.62,9.24,0.0,9.43,APROBADO,41,
13753606,CIENCIA DE DATOS E INTELIGENCIA ARTIFICIAL,Periodo 2025 - 2S,SEGUNDO SEMESTRE,LEGALIZADA,PROBABILIDAD Y ESTADÍSTICA,1,100.0,9.39,9.09,0.0,9.24,APROBADO,41,
13753606,CIENCIA DE DATOS E INTELIGENCIA ARTIFICIAL,Periodo 2025 - 2S,SEGUNDO SEMESTRE,LEGALIZADA,PROGRAMACIÓN 2,1,100.0,8.4,9.79,0.0,9.09,APROBADO,41,
13753606,CIENCIA DE DATOS E INTELIGENCIA ARTIFICIAL,Periodo 2026 - 1S,TERCER SEMESTRE,LEGALIZADA,CÁLCULO EN VARIAS VARIABLES,1,0.0,0.0,0.0,0.0,0.0,,41,
13753606,CIENCIA DE DATOS E INTELIGENCIA ARTIFICIAL,Periodo 2026 - 1S,TERCER SEMESTRE,LEGALIZADA,CULTURA DIGITAL Y SOCIEDAD,1,0.0,0.0,0.0,0.0,0.0,,41,
13753606,CIENCIA DE DATOS E INTELIGENCIA ARTIFICIAL,Periodo 2026 - 1S,TERCER SEMESTRE,LEGALIZADA,DISEÑO EXPERIMENTAL,1,0.0,9.61,0.0,0.0,0.0,,41,
13753606,CIENCIA DE DATOS E INTELIGENCIA ARTIFICIAL,Periodo 2026 - 1S,TERCER SEMESTRE,LEGALIZADA,FUNDAMENTOS DE BASE DE DATOS,1,0.0,0.0,0.0,0.0,0.0,,41,
13753606,CIENCIA DE DATOS E INTELIGENCIA ARTIFICIAL,Periodo 2026 - 1S,TERCER SEMESTRE,LEGALIZADA,MODELAMIENTO,1,0.0,0.0,0.0,0.0,0.0,,41,
89597392,CIENCIA DE DATOS E INTELIGENCIA ARTIFICIAL,Periodo 2025 - 1S,PRIMER SEMESTRE,LEGALIZADA,ÁLGEBRA LINEAL,1,100.0,8.05,9.21,0.0,8.63,APROBADO,41,
89597392,CIENCIA DE DATOS E INTELIGENCIA ARTIFICIAL,Periodo 2025 - 1S,PRIMER SEMESTRE,LEGALIZADA,CÁLCULO EN UNA VARIABLE,1,93.0,8.25,8.04,0.0,8.14,APROBADO,41,
89597392,CIENCIA DE DATOS E INTELIGENCIA ARTIFICIAL,Periodo 2025 - 1S,PRIMER SEMESTRE,LEGALIZADA,COMUNICACIÓN EFECTIVA,1,100.0,8.88,9.52,0.0,9.2,APROBADO,41,
89597392,CIENCIA DE DATOS E INTELIGENCIA ARTIFICIAL,Periodo 2025 - 1S,PRIMER SEMESTRE,LEGALIZADA,FUNDAMENTOS DE METODOLOGÍA DE LA INVESTIGACIÓN,1,100.0,9.35,8.6,0.0,8.97,APROBADO,41,
89597392,CIENCIA DE DATOS E INTELIGENCIA ARTIFICIAL,Periodo 2025 - 1S,PRIMER SEMESTRE,LEGALIZADA,PROGRAMACIÓN 1,1,100.0,9.28,8.89,0.0,9.08,APROBADO,41,
89597392,CIENCIA DE DATOS E INTELIGENCIA ARTIFICIAL,Periodo 2025 - 2S,SEGUNDO SEMESTRE,LEGALIZADA,ESTRUCTURA DE DATOS,1,93.0,9.46,9.46,0.0,9.46,APROBADO,41,
89597392,CIENCIA DE DATOS E INTELIGENCIA ARTIFICIAL,Periodo 2025 - 2S,SEGUNDO SEMESTRE,LEGALIZADA,FUNDAMENTOS DE CIENCIA DE DATOS E INTELIGENCIA ARTIFICIAL,1,93.0,9.21,9.61,0.0,9.41,APROBADO,41,
89597392,CIENCIA DE DATOS E INTELIGENCIA ARTIFICIAL,Periodo 2025 - 2S,SEGUNDO SEMESTRE,LEGALIZADA,HABILIDADES PARA LA VIDA,1,93.0,9.43,9.38,0.0,9.4,APROBADO,41,
89597392,CIENCIA DE DATOS E INTELIGENCIA ARTIFICIAL,Periodo 2025 - 2S,SEGUNDO SEMESTRE,LEGALIZADA,PROBABILIDAD Y ESTADÍSTICA,1,100.0,8.69,9.38,0.0,9.03,APROBADO,41,
89597392,CIENCIA DE DATOS E INTELIGENCIA ARTIFICIAL,Periodo 2025 - 2S,SEGUNDO SEMESTRE,LEGALIZADA,PROGRAMACIÓN 2,1,100.0,8.45,8.99,0.0,8.72,APROBADO,41,
89597392,CIENCIA DE DATOS E INTELIGENCIA ARTIFICIAL,Periodo 2026 - 1S,TERCER SEMESTRE,LEGALIZADA,CÁLCULO EN VARIAS VARIABLES,1,0.0,0.0,0.0,0.0,0.0,,41,
89597392,CIENCIA DE DATOS E INTELIGENCIA ARTIFICIAL,Periodo 2026 - 1S,TERCER SEMESTRE,LEGALIZADA,CULTURA DIGITAL Y SOCIEDAD,1,0.0,0.0,0.0,0.0,0.0,,41,
89597392,CIENCIA DE DATOS E INTELIGENCIA ARTIFICIAL,Periodo 2026 - 1S,TERCER SEMESTRE,LEGALIZADA,DISEÑO EXPERIMENTAL,1,0.0,9.56,0.0,0.0,0.0,,41,
89597392,CIENCIA DE DATOS E INTELIGENCIA ARTIFICIAL,Periodo 2026 - 1S,TERCER SEMESTRE,LEGALIZADA,FUNDAMENTOS DE BASE DE DATOS,1,0.0,0.0,0.0,0.0,0.0,,41,
89597392,CIENCIA DE DATOS E INTELIGENCIA ARTIFICIAL,Periodo 2026 - 1S,TERCER SEMESTRE,LEGALIZADA,MODELAMIENTO,1,0.0,0.0,0.0,0.0,0.0,,41,
51079111,CIENCIA DE DATOS E INTELIGENCIA ARTIFICIAL,Periodo 2025 - 1S,PRIMER SEMESTRE,LEGALIZADA,ÁLGEBRA LINEAL,1,94.0,8.29,9.36,0.0,8.82,APROBADO,41,
51079111,CIENCIA DE DATOS E INTELIGENCIA ARTIFICIAL,Periodo 2025 - 1S,PRIMER SEMESTRE,LEGALIZADA,CÁLCULO EN UNA VARIABLE,1,93.0,8.39,8.24,0.0,8.31,APROBADO,41,
51079111,CIENCIA DE DATOS E INTELIGENCIA ARTIFICIAL,Periodo 2025 - 1S,PRIMER SEMESTRE,LEGALIZADA,COMUNICACIÓN EFECTIVA,1,93.0,8.65,8.74,0.0,8.69,APROBADO,41,
51079111,CIENCIA DE DATOS E INTELIGENCIA ARTIFICIAL,Periodo 2025 - 1S,PRIMER SEMESTRE,LEGALIZADA,FUNDAMENTOS DE METODOLOGÍA DE LA INVESTIGACIÓN,1,100.0,8.29,8.68,0.0,8.48,APROBADO,41,
51079111,CIENCIA DE DATOS E INTELIGENCIA ARTIFICIAL,Periodo 2025 - 1S,PRIMER SEMESTRE,LEGALIZADA,PROGRAMACIÓN 1,1,88.0,8.27,7.91,0.0,8.09,APROBADO,41,
51079111,CIENCIA DE DATOS E INTELIGENCIA ARTIFICIAL,Periodo 2025 - 2S,SEGUNDO SEMESTRE,LEGALIZADA,ESTRUCTURA DE DATOS,1,100.0,9.42,9.5,0.0,9.46,APROBADO,41,
51079111,CIENCIA DE DATOS E INTELIGENCIA ARTIFICIAL,Periodo 2025 - 2S,SEGUNDO SEMESTRE,LEGALIZADA,FUNDAMENTOS DE CIENCIA DE DATOS E INTELIGENCIA ARTIFICIAL,1,86.0,9.44,9.26,0.0,9.35,APROBADO,41,
51079111,CIENCIA DE DATOS E INTELIGENCIA ARTIFICIAL,Periodo 2025 - 2S,SEGUNDO SEMESTRE,LEGALIZADA,HABILIDADES PARA LA VIDA,1,86.0,8.25,8.28,0.0,8.26,APROBADO,41,
51079111,CIENCIA DE DATOS E INTELIGENCIA ARTIFICIAL,Periodo 2025 - 2S,SEGUNDO SEMESTRE,LEGALIZADA,PROBABILIDAD Y ESTADÍSTICA,1,94.0,9.22,8.63,0.0,8.92,APROBADO,41,
51079111,CIENCIA DE DATOS E INTELIGENCIA ARTIFICIAL,Periodo 2025 - 2S,SEGUNDO SEMESTRE,LEGALIZADA,PROGRAMACIÓN 2,1,100.0,8.6,9.63,0.0,9.11,APROBADO,41,
51079111,CIENCIA DE DATOS E INTELIGENCIA ARTIFICIAL,Periodo 2026 - 1S,TERCER SEMESTRE,LEGALIZADA,CÁLCULO EN VARIAS VARIABLES,1,0.0,0.0,0.0,0.0,0.0,,41,
51079111,CIENCIA DE DATOS E INTELIGENCIA ARTIFICIAL,Periodo 2026 - 1S,TERCER SEMESTRE,LEGALIZADA,CULTURA DIGITAL Y SOCIEDAD,1,0.0,0.0,0.0,0.0,0.0,,41,
51079111,CIENCIA DE DATOS E INTELIGENCIA ARTIFICIAL,Periodo 2026 - 1S,TERCER SEMESTRE,LEGALIZADA,DISEÑO EXPERIMENTAL,1,0.0,8.55,0.0,0.0,0.0,,41,
51079111,CIENCIA DE DATOS E INTELIGENCIA ARTIFICIAL,Periodo 2026 - 1S,TERCER SEMESTRE,LEGALIZADA,FUNDAMENTOS DE BASE DE DATOS,1,0.0,0.0,0.0,0.0,0.0,,41,
51079111,CIENCIA DE DATOS E INTELIGENCIA ARTIFICIAL,Periodo 2026 - 1S,TERCER SEMESTRE,LEGALIZADA,MODELAMIENTO,1,0.0,0.0,0.0,0.0,0.0,,41,
51951959,CIENCIA DE DATOS E INTELIGENCIA ARTIFICIAL,Periodo 2025 - 2S,PRIMER SEMESTRE,LEGALIZADA,ÁLGEBRA LINEAL,1,93.0,7.59,8.23,0.0,7.91,APROBADO,41,
51951959,CIENCIA DE DATOS E INTELIGENCIA ARTIFICIAL,Periodo 2025 - 2S,PRIMER SEMESTRE,LEGALIZADA,CÁLCULO EN UNA VARIABLE,1,93.0,7.33,7.79,0.0,7.56,APROBADO,41,
51951959,CIENCIA DE DATOS E INTELIGENCIA ARTIFICIAL,Periodo 2025 - 2S,PRIMER SEMESTRE,LEGALIZADA,COMUNICACIÓN EFECTIVA,1,93.0,8.9,8.37,0.0,8.63,APROBADO,41,
51951959,CIENCIA DE DATOS E INTELIGENCIA ARTIFICIAL,Periodo 2025 - 2S,PRIMER SEMESTRE,LEGALIZADA,FUNDAMENTOS DE METODOLOGÍA DE LA INVESTIGACIÓN,1,85.0,9.45,8.7,0.0,9.07,APROBADO,41,
51951959,CIENCIA DE DATOS E INTELIGENCIA ARTIFICIAL,Periodo 2025 - 2S,PRIMER SEMESTRE,LEGALIZADA,PROGRAMACIÓN 1,1,100.0,8.21,7.81,0.0,8.01,APROBADO,41,
51951959,CIENCIA DE DATOS E INTELIGENCIA ARTIFICIAL,Periodo 2026 - 1S,SEGUNDO SEMESTRE,LEGALIZADA,ESTRUCTURA DE DATOS,1,0.0,8.7,0.0,0.0,0.0,,41,
51951959,CIENCIA DE DATOS E INTELIGENCIA ARTIFICIAL,Periodo 2026 - 1S,SEGUNDO SEMESTRE,LEGALIZADA,FUNDAMENTOS DE CIENCIA DE DATOS E INTELIGENCIA ARTIFICIAL,1,0.0,0.0,0.0,0.0,0.0,,41,
51951959,CIENCIA DE DATOS E INTELIGENCIA ARTIFICIAL,Periodo 2026 - 1S,SEGUNDO SEMESTRE,LEGALIZADA,HABILIDADES PARA LA VIDA,1,0.0,0.0,0.0,0.0,0.0,,41,
51951959,CIENCIA DE DATOS E INTELIGENCIA ARTIFICIAL,Periodo 2026 - 1S,SEGUNDO SEMESTRE,LEGALIZADA,PROBABILIDAD Y ESTADÍSTICA,1,0.0,0.0,0.0,0.0,0.0,,41,
51951959,CIENCIA DE DATOS E INTELIGENCIA ARTIFICIAL,Periodo 2026 - 1S,SEGUNDO SEMESTRE,LEGALIZADA,PROGRAMACIÓN 2,1,0.0,8.71,0.0,0.0,0.0,,41,
64697894,CIENCIA DE DATOS E INTELIGENCIA ARTIFICIAL,Periodo 2025 - 1S,PRIMER SEMESTRE,LEGALIZADA,ÁLGEBRA LINEAL,1,100.0,9.28,9.66,0.0,9.47,APROBADO,41,
64697894,CIENCIA DE DATOS E INTELIGENCIA ARTIFICIAL,Periodo 2025 - 1S,PRIMER SEMESTRE,LEGALIZADA,CÁLCULO EN UNA VARIABLE,1,100.0,7.91,7.42,0.0,7.66,APROBADO,41,
64697894,CIENCIA DE DATOS E INTELIGENCIA ARTIFICIAL,Periodo 2025 - 1S,PRIMER SEMESTRE,LEGALIZADA,COMUNICACIÓN EFECTIVA,1,93.0,9.14,9.39,0.0,9.26,APROBADO,41,
64697894,CIENCIA DE DATOS E INTELIGENCIA ARTIFICIAL,Periodo 2025 - 1S,PRIMER SEMESTRE,LEGALIZADA,FUNDAMENTOS DE METODOLOGÍA DE LA INVESTIGACIÓN,1,100.0,9.82,9.62,0.0,9.72,APROBADO,41,
64697894,CIENCIA DE DATOS E INTELIGENCIA ARTIFICIAL,Periodo 2025 - 1S,PRIMER SEMESTRE,LEGALIZADA,PROGRAMACIÓN 1,1,100.0,8.49,8.38,0.0,8.43,APROBADO,41,
64697894,CIENCIA DE DATOS E INTELIGENCIA ARTIFICIAL,Periodo 2025 - 2S,SEGUNDO SEMESTRE,LEGALIZADA,ESTRUCTURA DE DATOS,1,75.0,8.74,8.74,0.0,8.74,APROBADO,41,
64697894,CIENCIA DE DATOS E INTELIGENCIA ARTIFICIAL,Periodo 2025 - 2S,SEGUNDO SEMESTRE,LEGALIZADA,FUNDAMENTOS DE CIENCIA DE DATOS E INTELIGENCIA ARTIFICIAL,1,93.0,9.03,8.17,0.0,8.6,APROBADO,41,
64697894,CIENCIA DE DATOS E INTELIGENCIA ARTIFICIAL,Periodo 2025 - 2S,SEGUNDO SEMESTRE,LEGALIZADA,HABILIDADES PARA LA VIDA,1,54.0,8.72,8.86,0.0,8.79,APROBADO,41,
64697894,CIENCIA DE DATOS E INTELIGENCIA ARTIFICIAL,Periodo 2025 - 2S,SEGUNDO SEMESTRE,LEGALIZADA,PROBABILIDAD Y ESTADÍSTICA,1,87.0,9.29,8.78,0.0,9.03,APROBADO,41,
64697894,CIENCIA DE DATOS E INTELIGENCIA ARTIFICIAL,Periodo 2025 - 2S,SEGUNDO SEMESTRE,LEGALIZADA,PROGRAMACIÓN 2,1,100.0,7.98,8.81,0.0,8.39,APROBADO,41,
64697894,CIENCIA DE DATOS E INTELIGENCIA ARTIFICIAL,Periodo 2026 - 1S,TERCER SEMESTRE,LEGALIZADA,CÁLCULO EN VARIAS VARIABLES,1,0.0,0.0,0.0,0.0,0.0,,41,
64697894,CIENCIA DE DATOS E INTELIGENCIA ARTIFICIAL,Periodo 2026 - 1S,TERCER SEMESTRE,LEGALIZADA,CULTURA DIGITAL Y SOCIEDAD,1,0.0,0.0,0.0,0.0,0.0,,41,
64697894,CIENCIA DE DATOS E INTELIGENCIA ARTIFICIAL,Periodo 2026 - 1S,TERCER SEMESTRE,LEGALIZADA,DISEÑO EXPERIMENTAL,1,0.0,9.2,0.0,0.0,0.0,,41,
64697894,CIENCIA DE DATOS E INTELIGENCIA ARTIFICIAL,Periodo 2026 - 1S,TERCER SEMESTRE,LEGALIZADA,FUNDAMENTOS DE BASE DE DATOS,1,0.0,0.0,0.0,0.0,0.0,,41,
64697894,CIENCIA DE DATOS E INTELIGENCIA ARTIFICIAL,Periodo 2026 - 1S,TERCER SEMESTRE,LEGALIZADA,MODELAMIENTO,1,0.0,0.0,0.0,0.0,0.0,,41,
29514840,CIENCIA DE DATOS E INTELIGENCIA ARTIFICIAL,Periodo 2025 - 1S,PRIMER SEMESTRE,LEGALIZADA,ÁLGEBRA LINEAL,1,100.0,8.32,9.47,0.0,8.89,APROBADO,41,
29514840,CIENCIA DE DATOS E INTELIGENCIA ARTIFICIAL,Periodo 2025 - 1S,PRIMER SEMESTRE,LEGALIZADA,CÁLCULO EN UNA VARIABLE,1,93.0,7.64,8.23,0.0,7.93,APROBADO,41,
29514840,CIENCIA DE DATOS E INTELIGENCIA ARTIFICIAL,Periodo 2025 - 1S,PRIMER SEMESTRE,LEGALIZADA,COMUNICACIÓN EFECTIVA,1,100.0,9.27,8.75,0.0,9.01,APROBADO,41,
29514840,CIENCIA DE DATOS E INTELIGENCIA ARTIFICIAL,Periodo 2025 - 1S,PRIMER SEMESTRE,LEGALIZADA,FUNDAMENTOS DE METODOLOGÍA DE LA INVESTIGACIÓN,1,100.0,9.77,9.57,0.0,9.67,APROBADO,41,
29514840,CIENCIA DE DATOS E INTELIGENCIA ARTIFICIAL,Periodo 2025 - 1S,PRIMER SEMESTRE,LEGALIZADA,PROGRAMACIÓN 1,1,100.0,8.1,7.8,0.0,7.95,APROBADO,41,
29514840,CIENCIA DE DATOS E INTELIGENCIA ARTIFICIAL,Periodo 2025 - 2S,SEGUNDO SEMESTRE,LEGALIZADA,ESTRUCTURA DE DATOS,1,92.0,8.45,8.35,0.0,8.4,APROBADO,41,
29514840,CIENCIA DE DATOS E INTELIGENCIA ARTIFICIAL,Periodo 2025 - 2S,SEGUNDO SEMESTRE,LEGALIZADA,FUNDAMENTOS DE CIENCIA DE DATOS E INTELIGENCIA ARTIFICIAL,1,100.0,8.59,9.14,0.0,8.86,APROBADO,41,
29514840,CIENCIA DE DATOS E INTELIGENCIA ARTIFICIAL,Periodo 2025 - 2S,SEGUNDO SEMESTRE,LEGALIZADA,HABILIDADES PARA LA VIDA,1,92.0,8.85,9.19,0.0,9.02,APROBADO,41,
29514840,CIENCIA DE DATOS E INTELIGENCIA ARTIFICIAL,Periodo 2025 - 2S,SEGUNDO SEMESTRE,LEGALIZADA,PROBABILIDAD Y ESTADÍSTICA,1,100.0,9.28,8.88,0.0,9.08,APROBADO,41,
29514840,CIENCIA DE DATOS E INTELIGENCIA ARTIFICIAL,Periodo 2025 - 2S,SEGUNDO SEMESTRE,LEGALIZADA,PROGRAMACIÓN 2,1,100.0,9.28,9.5,0.0,9.39,APROBADO,41,
29514840,CIENCIA DE DATOS E INTELIGENCIA ARTIFICIAL,Periodo 2026 - 1S,TERCER SEMESTRE,LEGALIZADA,CÁLCULO EN VARIAS VARIABLES,1,0.0,0.0,0.0,0.0,0.0,,41,
29514840,CIENCIA DE DATOS E INTELIGENCIA ARTIFICIAL,Periodo 2026 - 1S,TERCER SEMESTRE,LEGALIZADA,CULTURA DIGITAL Y SOCIEDAD,1,0.0,0.0,0.0,0.0,0.0,,41,
29514840,CIENCIA DE DATOS E INTELIGENCIA ARTIFICIAL,Periodo 2026 - 1S,TERCER SEMESTRE,LEGALIZADA,DISEÑO EXPERIMENTAL,1,0.0,8.46,0.0,0.0,0.0,,41,
29514840,CIENCIA DE DATOS E INTELIGENCIA ARTIFICIAL,Periodo 2026 - 1S,TERCER SEMESTRE,LEGALIZADA,FUNDAMENTOS DE BASE DE DATOS,1,0.0,0.0,0.0,0.0,0.0,,41,
29514840,CIENCIA DE DATOS E INTELIGENCIA ARTIFICIAL,Periodo 2026 - 1S,TERCER SEMESTRE,LEGALIZADA,MODELAMIENTO,1,0.0,0.0,0.0,0.0,0.0,,41,
26198390,CIENCIA DE DATOS E INTELIGENCIA ARTIFICIAL,Periodo 2025 - 1S,PRIMER SEMESTRE,LEGALIZADA,ÁLGEBRA LINEAL,1,88.0,6.71,7.01,2.5,4.68,REPROBADO,41,
26198390,CIENCIA DE DATOS E INTELIGENCIA ARTIFICIAL,Periodo 2025 - 1S,PRIMER SEMESTRE,LEGALIZADA,CÁLCULO EN UNA VARIABLE,1,93.0,7.36,6.68,0.0,7.02,APROBADO,41,
26198390,CIENCIA DE DATOS E INTELIGENCIA ARTIFICIAL,Periodo 2025 - 1S,PRIMER SEMESTRE,LEGALIZADA,COMUNICACIÓN EFECTIVA,1,100.0,8.96,9.18,0.0,9.07,APROBADO,41,
26198390,CIENCIA DE DATOS E INTELIGENCIA ARTIFICIAL,Periodo 2025 - 1S,PRIMER SEMESTRE,LEGALIZADA,FUNDAMENTOS DE METODOLOGÍA DE LA INVESTIGACIÓN,1,100.0,8.78,9.62,0.0,9.2,APROBADO,41,
26198390,CIENCIA DE DATOS E INTELIGENCIA ARTIFICIAL,Periodo 2025 - 1S,PRIMER SEMESTRE,LEGALIZADA,PROGRAMACIÓN 1,1,88.0,7.2,7.45,0.0,7.32,APROBADO,41,
26198390,CIENCIA DE DATOS E INTELIGENCIA ARTIFICIAL,Periodo 2025 - 2S,SEGUNDO SEMESTRE,LEGALIZADA,ÁLGEBRA LINEAL,2,100.0,7.27,7.55,0.0,7.41,APROBADO,41,
26198390,CIENCIA DE DATOS E INTELIGENCIA ARTIFICIAL,Periodo 2025 - 2S,SEGUNDO SEMESTRE,LEGALIZADA,ESTRUCTURA DE DATOS,1,100.0,9.5,9.53,0.0,9.51,APROBADO,41,
26198390,CIENCIA DE DATOS E INTELIGENCIA ARTIFICIAL,Periodo 2025 - 2S,SEGUNDO SEMESTRE,LEGALIZADA,HABILIDADES PARA LA VIDA,1,100.0,9.21,8.05,0.0,8.63,APROBADO,41,
26198390,CIENCIA DE DATOS E INTELIGENCIA ARTIFICIAL,Periodo 2025 - 2S,SEGUNDO SEMESTRE,LEGALIZADA,PROGRAMACIÓN 2,1,100.0,8.11,9.59,0.0,8.85,APROBADO,41,
26198390,CIENCIA DE DATOS E INTELIGENCIA ARTIFICIAL,Periodo 2026 - 1S,SEGUNDO SEMESTRE,LEGALIZADA,FUNDAMENTOS DE CIENCIA DE DATOS E INTELIGENCIA ARTIFICIAL,1,0.0,0.0,0.0,0.0,0.0,,41,
26198390,CIENCIA DE DATOS E INTELIGENCIA ARTIFICIAL,Periodo 2026 - 1S,SEGUNDO SEMESTRE,LEGALIZADA,PROBABILIDAD Y ESTADÍSTICA,1,0.0,0.0,0.0,0.0,0.0,,41,
68736986,CIENCIA DE DATOS E INTELIGENCIA ARTIFICIAL,Periodo 2025 - 1S,PRIMER SEMESTRE,LEGALIZADA,ÁLGEBRA LINEAL,1,88.0,6.47,6.56,0.01,3.26,REPROBADO,41,
68736986,CIENCIA DE DATOS E INTELIGENCIA ARTIFICIAL,Periodo 2025 - 1S,PRIMER SEMESTRE,LEGALIZADA,CÁLCULO EN UNA VARIABLE,1,81.0,6.69,6.27,1.0,3.74,REPROBADO,41,
68736986,CIENCIA DE DATOS E INTELIGENCIA ARTIFICIAL,Periodo 2025 - 1S,PRIMER SEMESTRE,LEGALIZADA,COMUNICACIÓN EFECTIVA,1,100.0,7.47,7.97,0.0,7.72,APROBADO,41,
68736986,CIENCIA DE DATOS E INTELIGENCIA ARTIFICIAL,Periodo 2025 - 1S,PRIMER SEMESTRE,LEGALIZADA,FUNDAMENTOS DE METODOLOGÍA DE LA INVESTIGACIÓN,1,100.0,9.68,9.81,0.0,9.74,APROBADO,41,
68736986,CIENCIA DE DATOS E INTELIGENCIA ARTIFICIAL,Periodo 2025 - 1S,PRIMER SEMESTRE,LEGALIZADA,PROGRAMACIÓN 1,1,86.0,6.02,6.89,0.0,6.45,REPROBADO,41,
68736986,CIENCIA DE DATOS E INTELIGENCIA ARTIFICIAL,Periodo 2025 - 2S,PRIMER SEMESTRE,LEGALIZADA,ÁLGEBRA LINEAL,2,80.0,7.07,8.96,0.0,8.01,APROBADO,41,
68736986,CIENCIA DE DATOS E INTELIGENCIA ARTIFICIAL,Periodo 2025 - 2S,PRIMER SEMESTRE,LEGALIZADA,CÁLCULO EN UNA VARIABLE,2,73.0,4.99,6.63,1.0,3.4,REPROBADO,41,
68736986,CIENCIA DE DATOS E INTELIGENCIA ARTIFICIAL,Periodo 2025 - 2S,PRIMER SEMESTRE,LEGALIZADA,PROGRAMACIÓN 1,2,79.0,6.66,7.06,8.0,7.43,APROBADO,41,
34867172,CIENCIA DE DATOS E INTELIGENCIA ARTIFICIAL,Periodo 2025 - 1S,PRIMER SEMESTRE,LEGALIZADA,ÁLGEBRA LINEAL,1,93.0,7.39,9.06,0.0,8.22,APROBADO,41,
34867172,CIENCIA DE DATOS E INTELIGENCIA ARTIFICIAL,Periodo 2025 - 1S,PRIMER SEMESTRE,LEGALIZADA,CÁLCULO EN UNA VARIABLE,1,100.0,8.15,8.67,0.0,8.41,APROBADO,41,
34867172,CIENCIA DE DATOS E INTELIGENCIA ARTIFICIAL,Periodo 2025 - 1S,PRIMER SEMESTRE,LEGALIZADA,COMUNICACIÓN EFECTIVA,1,100.0,8.66,9.55,0.0,9.1,APROBADO,41,
34867172,CIENCIA DE DATOS E INTELIGENCIA ARTIFICIAL,Periodo 2025 - 1S,PRIMER SEMESTRE,LEGALIZADA,FUNDAMENTOS DE METODOLOGÍA DE LA INVESTIGACIÓN,1,100.0,9.62,9.43,0.0,9.52,APROBADO,41,
34867172,CIENCIA DE DATOS E INTELIGENCIA ARTIFICIAL,Periodo 2025 - 1S,PRIMER SEMESTRE,LEGALIZADA,PROGRAMACIÓN 1,1,100.0,8.5,8.41,0.0,8.45,APROBADO,41,
34867172,CIENCIA DE DATOS E INTELIGENCIA ARTIFICIAL,Periodo 2025 - 2S,SEGUNDO SEMESTRE,LEGALIZADA,ESTRUCTURA DE DATOS,1,100.0,8.36,8.52,0.0,8.44,APROBADO,41,
34867172,CIENCIA DE DATOS E INTELIGENCIA ARTIFICIAL,Periodo 2025 - 2S,SEGUNDO SEMESTRE,LEGALIZADA,FUNDAMENTOS DE CIENCIA DE DATOS E INTELIGENCIA ARTIFICIAL,1,100.0,9.43,9.28,0.0,9.35,APROBADO,41,
34867172,CIENCIA DE DATOS E INTELIGENCIA ARTIFICIAL,Periodo 2025 - 2S,SEGUNDO SEMESTRE,LEGALIZADA,HABILIDADES PARA LA VIDA,1,92.0,9.3,9.04,0.0,9.17,APROBADO,41,
34867172,CIENCIA DE DATOS E INTELIGENCIA ARTIFICIAL,Periodo 2025 - 2S,SEGUNDO SEMESTRE,LEGALIZADA,PROBABILIDAD Y ESTADÍSTICA,1,100.0,9.04,9.21,0.0,9.12,APROBADO,41,
34867172,CIENCIA DE DATOS E INTELIGENCIA ARTIFICIAL,Periodo 2025 - 2S,SEGUNDO SEMESTRE,LEGALIZADA,PROGRAMACIÓN 2,1,100.0,9.34,9.5,0.0,9.42,APROBADO,41,
34867172,CIENCIA DE DATOS E INTELIGENCIA ARTIFICIAL,Periodo 2026 - 1S,TERCER SEMESTRE,LEGALIZADA,CÁLCULO EN VARIAS VARIABLES,1,0.0,0.0,0.0,0.0,0.0,,41,
34867172,CIENCIA DE DATOS E INTELIGENCIA ARTIFICIAL,Periodo 2026 - 1S,TERCER SEMESTRE,LEGALIZADA,CULTURA DIGITAL Y SOCIEDAD,1,0.0,0.0,0.0,0.0,0.0,,41,
34867172,CIENCIA DE DATOS E INTELIGENCIA ARTIFICIAL,Periodo 2026 - 1S,TERCER SEMESTRE,LEGALIZADA,DISEÑO EXPERIMENTAL,1,0.0,8.15,0.0,0.0,0.0,,41,
34867172,CIENCIA DE DATOS E INTELIGENCIA ARTIFICIAL,Periodo 2026 - 1S,TERCER SEMESTRE,LEGALIZADA,FUNDAMENTOS DE BASE DE DATOS,1,0.0,0.0,0.0,0.0,0.0,,41,
34867172,CIENCIA DE DATOS E INTELIGENCIA ARTIFICIAL,Periodo 2026 - 1S,TERCER SEMESTRE,LEGALIZADA,MODELAMIENTO,1,0.0,0.0,0.0,0.0,0.0,,41,
37534795,CIENCIA DE DATOS E INTELIGENCIA ARTIFICIAL,Periodo 2025 - 1S,PRIMER SEMESTRE,LEGALIZADA,ÁLGEBRA LINEAL,1,100.0,8.42,9.32,0.0,8.87,APROBADO,41,
37534795,CIENCIA DE DATOS E INTELIGENCIA ARTIFICIAL,Periodo 2025 - 1S,PRIMER SEMESTRE,LEGALIZADA,CÁLCULO EN UNA VARIABLE,1,93.0,10.0,9.98,0.0,9.99,APROBADO,41,
37534795,CIENCIA DE DATOS E INTELIGENCIA ARTIFICIAL,Periodo 2025 - 1S,PRIMER SEMESTRE,LEGALIZADA,COMUNICACIÓN EFECTIVA,1,93.0,9.32,9.89,0.0,9.6,APROBADO,41,
37534795,CIENCIA DE DATOS E INTELIGENCIA ARTIFICIAL,Periodo 2025 - 1S,PRIMER SEMESTRE,LEGALIZADA,FUNDAMENTOS DE METODOLOGÍA DE LA INVESTIGACIÓN,1,100.0,9.88,9.88,0.0,9.88,APROBADO,41,
37534795,CIENCIA DE DATOS E INTELIGENCIA ARTIFICIAL,Periodo 2025 - 1S,PRIMER SEMESTRE,LEGALIZADA,PROGRAMACIÓN 1,1,100.0,9.67,9.1,0.0,9.38,APROBADO,41,
37534795,CIENCIA DE DATOS E INTELIGENCIA ARTIFICIAL,Periodo 2025 - 2S,SEGUNDO SEMESTRE,LEGALIZADA,ESTRUCTURA DE DATOS,1,100.0,9.43,9.62,0.0,9.52,APROBADO,41,
37534795,CIENCIA DE DATOS E INTELIGENCIA ARTIFICIAL,Periodo 2025 - 2S,SEGUNDO SEMESTRE,LEGALIZADA,FUNDAMENTOS DE CIENCIA DE DATOS E INTELIGENCIA ARTIFICIAL,1,100.0,9.71,9.5,0.0,9.6,APROBADO,41,
37534795,CIENCIA DE DATOS E INTELIGENCIA ARTIFICIAL,Periodo 2025 - 2S,SEGUNDO SEMESTRE,LEGALIZADA,HABILIDADES PARA LA VIDA,1,100.0,9.75,9.43,0.0,9.59,APROBADO,41,
37534795,CIENCIA DE DATOS E INTELIGENCIA ARTIFICIAL,Periodo 2025 - 2S,SEGUNDO SEMESTRE,LEGALIZADA,PROBABILIDAD Y ESTADÍSTICA,1,100.0,9.5,9.8,0.0,9.65,APROBADO,41,
37534795,CIENCIA DE DATOS E INTELIGENCIA ARTIFICIAL,Periodo 2025 - 2S,SEGUNDO SEMESTRE,LEGALIZADA,PROGRAMACIÓN 2,1,100.0,9.45,10.0,0.0,9.72,APROBADO,41,
37534795,CIENCIA DE DATOS E INTELIGENCIA ARTIFICIAL,Periodo 2026 - 1S,TERCER SEMESTRE,RETIRO,CÁLCULO EN VARIAS VARIABLES,1,0.0,0.0,0.0,0.0,0.0,RETIRO,41,
37534795,CIENCIA DE DATOS E INTELIGENCIA ARTIFICIAL,Periodo 2026 - 1S,TERCER SEMESTRE,RETIRO,CULTURA DIGITAL Y SOCIEDAD,1,0.0,0.0,0.0,0.0,0.0,RETIRO,41,
37534795,CIENCIA DE DATOS E INTELIGENCIA ARTIFICIAL,Periodo 2026 - 1S,TERCER SEMESTRE,RETIRO,DISEÑO EXPERIMENTAL,1,0.0,0.0,0.0,0.0,0.0,RETIRO,41,
37534795,CIENCIA DE DATOS E INTELIGENCIA ARTIFICIAL,Periodo 2026 - 1S,TERCER SEMESTRE,RETIRO,FUNDAMENTOS DE BASE DE DATOS,1,0.0,0.0,0.0,0.0,0.0,RETIRO,41,
37534795,CIENCIA DE DATOS E INTELIGENCIA ARTIFICIAL,Periodo 2026 - 1S,TERCER SEMESTRE,RETIRO,MODELAMIENTO,1,0.0,0.0,0.0,0.0,0.0,RETIRO,41,
16366865,CIENCIA DE DATOS E INTELIGENCIA ARTIFICIAL,Periodo 2025 - 1S,PRIMER SEMESTRE,LEGALIZADA,ÁLGEBRA LINEAL,1,94.0,6.73,7.99,0.0,7.36,APROBADO,41,
16366865,CIENCIA DE DATOS E INTELIGENCIA ARTIFICIAL,Periodo 2025 - 1S,PRIMER SEMESTRE,LEGALIZADA,CÁLCULO EN UNA VARIABLE,1,88.0,7.23,5.82,0.0,6.52,REPROBADO,41,
16366865,CIENCIA DE DATOS E INTELIGENCIA ARTIFICIAL,Periodo 2025 - 1S,PRIMER SEMESTRE,LEGALIZADA,COMUNICACIÓN EFECTIVA,1,81.0,8.71,6.2,0.0,7.45,APROBADO,41,
16366865,CIENCIA DE DATOS E INTELIGENCIA ARTIFICIAL,Periodo 2025 - 1S,PRIMER SEMESTRE,LEGALIZADA,FUNDAMENTOS DE METODOLOGÍA DE LA INVESTIGACIÓN,1,100.0,9.12,7.55,0.0,8.33,APROBADO,41,
16366865,CIENCIA DE DATOS E INTELIGENCIA ARTIFICIAL,Periodo 2025 - 1S,PRIMER SEMESTRE,LEGALIZADA,PROGRAMACIÓN 1,1,100.0,7.19,7.6,0.0,7.39,APROBADO,41,
16366865,CIENCIA DE DATOS E INTELIGENCIA ARTIFICIAL,Periodo 2025 - 2S,PRIMER SEMESTRE,LEGALIZADA,CÁLCULO EN UNA VARIABLE,2,100.0,8.29,8.93,0.0,8.61,APROBADO,41,
16366865,CIENCIA DE DATOS E INTELIGENCIA ARTIFICIAL,Periodo 2026 - 1S,SEGUNDO SEMESTRE,LEGALIZADA,ESTRUCTURA DE DATOS,1,0.0,7.63,0.0,0.0,0.0,,41,
16366865,CIENCIA DE DATOS E INTELIGENCIA ARTIFICIAL,Periodo 2026 - 1S,SEGUNDO SEMESTRE,LEGALIZADA,FUNDAMENTOS DE CIENCIA DE DATOS E INTELIGENCIA ARTIFICIAL,1,0.0,8.13,0.0,0.0,0.0,,41,
16366865,CIENCIA DE DATOS E INTELIGENCIA ARTIFICIAL,Periodo 2026 - 1S,SEGUNDO SEMESTRE,LEGALIZADA,HABILIDADES PARA LA VIDA,1,0.0,0.0,0.0,0.0,0.0,,41,
16366865,CIENCIA DE DATOS E INTELIGENCIA ARTIFICIAL,Periodo 2026 - 1S,SEGUNDO SEMESTRE,LEGALIZADA,PROBABILIDAD Y ESTADÍSTICA,1,0.0,0.0,0.0,0.0,0.0,,41,
16366865,CIENCIA DE DATOS E INTELIGENCIA ARTIFICIAL,Periodo 2026 - 1S,SEGUNDO SEMESTRE,LEGALIZADA,PROGRAMACIÓN 2,1,0.0,7.66,0.0,0.0,0.0,,41,
33881420,CIENCIA DE DATOS E INTELIGENCIA ARTIFICIAL,Periodo 2025 - 1S,PRIMER SEMESTRE,LEGALIZADA,ÁLGEBRA LINEAL,1,100.0,7.27,7.82,0.0,7.54,APROBADO,41,
33881420,CIENCIA DE DATOS E INTELIGENCIA ARTIFICIAL,Periodo 2025 - 1S,PRIMER SEMESTRE,LEGALIZADA,CÁLCULO EN UNA VARIABLE,1,93.0,7.79,7.52,0.0,7.65,APROBADO,41,
33881420,CIENCIA DE DATOS E INTELIGENCIA ARTIFICIAL,Periodo 2025 - 1S,PRIMER SEMESTRE,LEGALIZADA,COMUNICACIÓN EFECTIVA,1,100.0,8.99,8.86,0.0,8.92,APROBADO,41,
33881420,CIENCIA DE DATOS E INTELIGENCIA ARTIFICIAL,Periodo 2025 - 1S,PRIMER SEMESTRE,LEGALIZADA,FUNDAMENTOS DE METODOLOGÍA DE LA INVESTIGACIÓN,1,100.0,9.64,9.58,0.0,9.61,APROBADO,41,
33881420,CIENCIA DE DATOS E INTELIGENCIA ARTIFICIAL,Periodo 2025 - 1S,PRIMER SEMESTRE,LEGALIZADA,PROGRAMACIÓN 1,1,100.0,8.41,6.9,0.0,7.65,APROBADO,41,
33881420,CIENCIA DE DATOS E INTELIGENCIA ARTIFICIAL,Periodo 2025 - 2S,SEGUNDO SEMESTRE,LEGALIZADA,ESTRUCTURA DE DATOS,1,100.0,8.79,8.79,0.0,8.79,APROBADO,41,
33881420,CIENCIA DE DATOS E INTELIGENCIA ARTIFICIAL,Periodo 2025 - 2S,SEGUNDO SEMESTRE,LEGALIZADA,FUNDAMENTOS DE CIENCIA DE DATOS E INTELIGENCIA ARTIFICIAL,1,93.0,8.78,8.93,0.0,8.85,APROBADO,41,
33881420,CIENCIA DE DATOS E INTELIGENCIA ARTIFICIAL,Periodo 2025 - 2S,SEGUNDO SEMESTRE,LEGALIZADA,HABILIDADES PARA LA VIDA,1,92.0,9.35,8.92,0.0,9.13,APROBADO,41,
33881420,CIENCIA DE DATOS E INTELIGENCIA ARTIFICIAL,Periodo 2025 - 2S,SEGUNDO SEMESTRE,LEGALIZADA,PROBABILIDAD Y ESTADÍSTICA,1,100.0,8.95,9.12,0.0,9.03,APROBADO,41,
33881420,CIENCIA DE DATOS E INTELIGENCIA ARTIFICIAL,Periodo 2025 - 2S,SEGUNDO SEMESTRE,LEGALIZADA,PROGRAMACIÓN 2,1,100.0,9.22,9.46,0.0,9.34,APROBADO,41,
33881420,CIENCIA DE DATOS E INTELIGENCIA ARTIFICIAL,Periodo 2026 - 1S,TERCER SEMESTRE,LEGALIZADA,CÁLCULO EN VARIAS VARIABLES,1,0.0,0.0,0.0,0.0,0.0,,41,
33881420,CIENCIA DE DATOS E INTELIGENCIA ARTIFICIAL,Periodo 2026 - 1S,TERCER SEMESTRE,LEGALIZADA,CULTURA DIGITAL Y SOCIEDAD,1,0.0,0.0,0.0,0.0,0.0,,41,
33881420,CIENCIA DE DATOS E INTELIGENCIA ARTIFICIAL,Periodo 2026 - 1S,TERCER SEMESTRE,LEGALIZADA,DISEÑO EXPERIMENTAL,1,0.0,8.26,0.0,0.0,0.0,,41,
33881420,CIENCIA DE DATOS E INTELIGENCIA ARTIFICIAL,Periodo 2026 - 1S,TERCER SEMESTRE,LEGALIZADA,FUNDAMENTOS DE BASE DE DATOS,1,0.0,0.0,0.0,0.0,0.0,,41,
33881420,CIENCIA DE DATOS E INTELIGENCIA ARTIFICIAL,Periodo 2026 - 1S,TERCER SEMESTRE,LEGALIZADA,MODELAMIENTO,1,0.0,0.0,0.0,0.0,0.0,,41,
92156719,CIENCIA DE DATOS E INTELIGENCIA ARTIFICIAL,Periodo 2025 - 1S,PRIMER SEMESTRE,LEGALIZADA,ÁLGEBRA LINEAL,1,88.0,6.25,8.78,0.0,7.51,APROBADO,41,
92156719,CIENCIA DE DATOS E INTELIGENCIA ARTIFICIAL,Periodo 2025 - 1S,PRIMER SEMESTRE,LEGALIZADA,CÁLCULO EN UNA VARIABLE,1,86.0,7.81,6.69,0.0,7.25,APROBADO,41,
92156719,CIENCIA DE DATOS E INTELIGENCIA ARTIFICIAL,Periodo 2025 - 1S,PRIMER SEMESTRE,LEGALIZADA,COMUNICACIÓN EFECTIVA,1,71.0,7.91,8.68,0.0,8.29,APROBADO,41,
92156719,CIENCIA DE DATOS E INTELIGENCIA ARTIFICIAL,Periodo 2025 - 1S,PRIMER SEMESTRE,LEGALIZADA,FUNDAMENTOS DE METODOLOGÍA DE LA INVESTIGACIÓN,1,100.0,8.14,7.24,0.0,7.69,APROBADO,41,
92156719,CIENCIA DE DATOS E INTELIGENCIA ARTIFICIAL,Periodo 2025 - 1S,PRIMER SEMESTRE,LEGALIZADA,PROGRAMACIÓN 1,1,100.0,6.86,8.81,0.0,7.83,APROBADO,41,
92156719,CIENCIA DE DATOS E INTELIGENCIA ARTIFICIAL,Periodo 2025 - 2S,SEGUNDO SEMESTRE,LEGALIZADA,ESTRUCTURA DE DATOS,1,79.0,9.43,9.53,0.0,9.48,APROBADO,41,
92156719,CIENCIA DE DATOS E INTELIGENCIA ARTIFICIAL,Periodo 2025 - 2S,SEGUNDO SEMESTRE,LEGALIZADA,FUNDAMENTOS DE CIENCIA DE DATOS E INTELIGENCIA ARTIFICIAL,1,64.0,6.94,8.47,0.0,7.7,APROBADO,41,
92156719,CIENCIA DE DATOS E INTELIGENCIA ARTIFICIAL,Periodo 2025 - 2S,SEGUNDO SEMESTRE,LEGALIZADA,HABILIDADES PARA LA VIDA,1,64.0,5.28,5.24,9.0,7.13,APROBADO,41,
92156719,CIENCIA DE DATOS E INTELIGENCIA ARTIFICIAL,Periodo 2025 - 2S,SEGUNDO SEMESTRE,LEGALIZADA,PROBABILIDAD Y ESTADÍSTICA,1,69.0,4.51,9.3,7.5,7.2,APROBADO,41,
92156719,CIENCIA DE DATOS E INTELIGENCIA ARTIFICIAL,Periodo 2025 - 2S,SEGUNDO SEMESTRE,LEGALIZADA,PROGRAMACIÓN 2,1,100.0,7.36,9.53,0.0,8.44,APROBADO,41,
92156719,CIENCIA DE DATOS E INTELIGENCIA ARTIFICIAL,Periodo 2026 - 1S,TERCER SEMESTRE,LEGALIZADA,CÁLCULO EN VARIAS VARIABLES,1,0.0,0.0,0.0,0.0,0.0,,41,
92156719,CIENCIA DE DATOS E INTELIGENCIA ARTIFICIAL,Periodo 2026 - 1S,TERCER SEMESTRE,LEGALIZADA,CULTURA DIGITAL Y SOCIEDAD,1,0.0,0.0,0.0,0.0,0.0,,41,
92156719,CIENCIA DE DATOS E INTELIGENCIA ARTIFICIAL,Periodo 2026 - 1S,TERCER SEMESTRE,LEGALIZADA,DISEÑO EXPERIMENTAL,1,0.0,6.61,0.0,0.0,0.0,,41,
92156719,CIENCIA DE DATOS E INTELIGENCIA ARTIFICIAL,Periodo 2026 - 1S,TERCER SEMESTRE,LEGALIZADA,FUNDAMENTOS DE BASE DE DATOS,1,0.0,0.0,0.0,0.0,0.0,,41,
92156719,CIENCIA DE DATOS E INTELIGENCIA ARTIFICIAL,Periodo 2026 - 1S,TERCER SEMESTRE,LEGALIZADA,MODELAMIENTO,1,0.0,0.0,0.0,0.0,0.0,,41,
5750062,CIENCIA DE DATOS E INTELIGENCIA ARTIFICIAL,Periodo 2025 - 1S,PRIMER SEMESTRE,LEGALIZADA,ÁLGEBRA LINEAL,1,86.0,9.06,9.41,0.0,9.23,APROBADO,41,
5750062,CIENCIA DE DATOS E INTELIGENCIA ARTIFICIAL,Periodo 2025 - 1S,PRIMER SEMESTRE,LEGALIZADA,CÁLCULO EN UNA VARIABLE,1,86.0,9.0,9.0,0.0,9.0,APROBADO,41,
5750062,CIENCIA DE DATOS E INTELIGENCIA ARTIFICIAL,Periodo 2025 - 1S,PRIMER SEMESTRE,LEGALIZADA,COMUNICACIÓN EFECTIVA,1,86.0,8.61,8.41,0.0,8.51,APROBADO,41,
5750062,CIENCIA DE DATOS E INTELIGENCIA ARTIFICIAL,Periodo 2025 - 1S,PRIMER SEMESTRE,LEGALIZADA,FUNDAMENTOS DE METODOLOGÍA DE LA INVESTIGACIÓN,1,92.0,9.84,9.57,0.0,9.7,APROBADO,41,
5750062,CIENCIA DE DATOS E INTELIGENCIA ARTIFICIAL,Periodo 2025 - 1S,PRIMER SEMESTRE,LEGALIZADA,PROGRAMACIÓN 1,1,88.0,8.52,8.97,0.0,8.74,APROBADO,41,
5750062,CIENCIA DE DATOS E INTELIGENCIA ARTIFICIAL,Periodo 2025 - 2S,SEGUNDO SEMESTRE,LEGALIZADA,ESTRUCTURA DE DATOS,1,100.0,9.54,9.54,0.0,9.54,APROBADO,41,
5750062,CIENCIA DE DATOS E INTELIGENCIA ARTIFICIAL,Periodo 2025 - 2S,SEGUNDO SEMESTRE,LEGALIZADA,FUNDAMENTOS DE CIENCIA DE DATOS E INTELIGENCIA ARTIFICIAL,1,71.0,8.34,9.22,0.0,8.78,APROBADO,41,
5750062,CIENCIA DE DATOS E INTELIGENCIA ARTIFICIAL,Periodo 2025 - 2S,SEGUNDO SEMESTRE,LEGALIZADA,HABILIDADES PARA LA VIDA,1,62.0,9.51,9.11,0.0,9.31,APROBADO,41,
5750062,CIENCIA DE DATOS E INTELIGENCIA ARTIFICIAL,Periodo 2025 - 2S,SEGUNDO SEMESTRE,LEGALIZADA,PROBABILIDAD Y ESTADÍSTICA,1,80.0,9.03,9.27,0.0,9.15,APROBADO,41,
5750062,CIENCIA DE DATOS E INTELIGENCIA ARTIFICIAL,Periodo 2025 - 2S,SEGUNDO SEMESTRE,LEGALIZADA,PROGRAMACIÓN 2,1,92.0,7.3,10.0,0.0,8.65,APROBADO,41,
5750062,CIENCIA DE DATOS E INTELIGENCIA ARTIFICIAL,Periodo 2026 - 1S,TERCER SEMESTRE,LEGALIZADA,CÁLCULO EN VARIAS VARIABLES,1,0.0,0.0,0.0,0.0,0.0,,41,
5750062,CIENCIA DE DATOS E INTELIGENCIA ARTIFICIAL,Periodo 2026 - 1S,TERCER SEMESTRE,LEGALIZADA,CULTURA DIGITAL Y SOCIEDAD,1,0.0,0.0,0.0,0.0,0.0,,41,
5750062,CIENCIA DE DATOS E INTELIGENCIA ARTIFICIAL,Periodo 2026 - 1S,TERCER SEMESTRE,LEGALIZADA,DISEÑO EXPERIMENTAL,1,0.0,8.41,0.0,0.0,0.0,,41,
5750062,CIENCIA DE DATOS E INTELIGENCIA ARTIFICIAL,Periodo 2026 - 1S,TERCER SEMESTRE,LEGALIZADA,FUNDAMENTOS DE BASE DE DATOS,1,0.0,0.0,0.0,0.0,0.0,,41,
5750062,CIENCIA DE DATOS E INTELIGENCIA ARTIFICIAL,Periodo 2026 - 1S,TERCER SEMESTRE,LEGALIZADA,MODELAMIENTO,1,0.0,0.0,0.0,0.0,0.0,,41,
12918569,CIENCIA DE DATOS E INTELIGENCIA ARTIFICIAL,Periodo 2025 - 1S,PRIMER SEMESTRE,LEGALIZADA,ÁLGEBRA LINEAL,1,93.0,9.33,9.68,0.0,9.5,APROBADO,41,
12918569,CIENCIA DE DATOS E INTELIGENCIA ARTIFICIAL,Periodo 2025 - 1S,PRIMER SEMESTRE,LEGALIZADA,CÁLCULO EN UNA VARIABLE,1,100.0,8.64,9.2,0.0,8.92,APROBADO,41,
12918569,CIENCIA DE DATOS E INTELIGENCIA ARTIFICIAL,Periodo 2025 - 1S,PRIMER SEMESTRE,LEGALIZADA,COMUNICACIÓN EFECTIVA,1,93.0,9.28,9.24,0.0,9.26,APROBADO,41,
12918569,CIENCIA DE DATOS E INTELIGENCIA ARTIFICIAL,Periodo 2025 - 1S,PRIMER SEMESTRE,LEGALIZADA,FUNDAMENTOS DE METODOLOGÍA DE LA INVESTIGACIÓN,1,100.0,9.89,9.61,0.0,9.75,APROBADO,41,
12918569,CIENCIA DE DATOS E INTELIGENCIA ARTIFICIAL,Periodo 2025 - 1S,PRIMER SEMESTRE,LEGALIZADA,PROGRAMACIÓN 1,1,94.0,9.26,8.6,0.0,8.93,APROBADO,41,
12918569,CIENCIA DE DATOS E INTELIGENCIA ARTIFICIAL,Periodo 2025 - 2S,SEGUNDO SEMESTRE,LEGALIZADA,ESTRUCTURA DE DATOS,1,92.0,8.44,8.42,0.0,8.43,APROBADO,41,
12918569,CIENCIA DE DATOS E INTELIGENCIA ARTIFICIAL,Periodo 2025 - 2S,SEGUNDO SEMESTRE,LEGALIZADA,FUNDAMENTOS DE CIENCIA DE DATOS E INTELIGENCIA ARTIFICIAL,1,86.0,9.32,8.5,0.0,8.91,APROBADO,41,
12918569,CIENCIA DE DATOS E INTELIGENCIA ARTIFICIAL,Periodo 2025 - 2S,SEGUNDO SEMESTRE,LEGALIZADA,HABILIDADES PARA LA VIDA,1,77.0,9.48,8.88,0.0,9.18,APROBADO,41,
12918569,CIENCIA DE DATOS E INTELIGENCIA ARTIFICIAL,Periodo 2025 - 2S,SEGUNDO SEMESTRE,LEGALIZADA,PROBABILIDAD Y ESTADÍSTICA,1,87.0,9.37,9.21,0.0,9.29,APROBADO,41,
12918569,CIENCIA DE DATOS E INTELIGENCIA ARTIFICIAL,Periodo 2025 - 2S,SEGUNDO SEMESTRE,LEGALIZADA,PROGRAMACIÓN 2,1,100.0,9.16,9.45,0.0,9.3,APROBADO,41,
12918569,CIENCIA DE DATOS E INTELIGENCIA ARTIFICIAL,Periodo 2026 - 1S,TERCER SEMESTRE,LEGALIZADA,CÁLCULO EN VARIAS VARIABLES,1,0.0,0.0,0.0,0.0,0.0,,41,
12918569,CIENCIA DE DATOS E INTELIGENCIA ARTIFICIAL,Periodo 2026 - 1S,TERCER SEMESTRE,LEGALIZADA,CULTURA DIGITAL Y SOCIEDAD,1,0.0,0.0,0.0,0.0,0.0,,41,
12918569,CIENCIA DE DATOS E INTELIGENCIA ARTIFICIAL,Periodo 2026 - 1S,TERCER SEMESTRE,LEGALIZADA,DISEÑO EXPERIMENTAL,1,0.0,9.68,0.0,0.0,0.0,,41,
12918569,CIENCIA DE DATOS E INTELIGENCIA ARTIFICIAL,Periodo 2026 - 1S,TERCER SEMESTRE,LEGALIZADA,FUNDAMENTOS DE BASE DE DATOS,1,0.0,0.0,0.0,0.0,0.0,,41,
12918569,CIENCIA DE DATOS E INTELIGENCIA ARTIFICIAL,Periodo 2026 - 1S,TERCER SEMESTRE,LEGALIZADA,MODELAMIENTO,1,0.0,0.0,0.0,0.0,0.0,,41,
81609634,CIENCIA DE DATOS E INTELIGENCIA ARTIFICIAL,Periodo 2025 - 1S,PRIMER SEMESTRE,LEGALIZADA,ÁLGEBRA LINEAL,1,64.0,8.52,6.99,0.0,7.75,APROBADO,41,
81609634,CIENCIA DE DATOS E INTELIGENCIA ARTIFICIAL,Periodo 2025 - 1S,PRIMER SEMESTRE,LEGALIZADA,CÁLCULO EN UNA VARIABLE,1,93.0,8.2,7.99,0.0,8.09,APROBADO,41,
81609634,CIENCIA DE DATOS E INTELIGENCIA ARTIFICIAL,Periodo 2025 - 1S,PRIMER SEMESTRE,LEGALIZADA,COMUNICACIÓN EFECTIVA,1,71.0,7.22,6.03,9.5,8.06,APROBADO,41,
81609634,CIENCIA DE DATOS E INTELIGENCIA ARTIFICIAL,Periodo 2025 - 1S,PRIMER SEMESTRE,LEGALIZADA,FUNDAMENTOS DE METODOLOGÍA DE LA INVESTIGACIÓN,1,85.0,9.58,8.48,0.0,9.03,APROBADO,41,
81609634,CIENCIA DE DATOS E INTELIGENCIA ARTIFICIAL,Periodo 2025 - 1S,PRIMER SEMESTRE,LEGALIZADA,PROGRAMACIÓN 1,1,69.0,8.49,8.41,0.0,8.45,APROBADO,41,
81609634,CIENCIA DE DATOS E INTELIGENCIA ARTIFICIAL,Periodo 2025 - 2S,SEGUNDO SEMESTRE,LEGALIZADA,ESTRUCTURA DE DATOS,1,92.0,8.38,8.33,0.0,8.35,APROBADO,41,
81609634,CIENCIA DE DATOS E INTELIGENCIA ARTIFICIAL,Periodo 2025 - 2S,SEGUNDO SEMESTRE,LEGALIZADA,FUNDAMENTOS DE CIENCIA DE DATOS E INTELIGENCIA ARTIFICIAL,1,43.0,8.1,8.54,0.0,8.32,REPROBADO,41,
81609634,CIENCIA DE DATOS E INTELIGENCIA ARTIFICIAL,Periodo 2025 - 2S,SEGUNDO SEMESTRE,LEGALIZADA,HABILIDADES PARA LA VIDA,1,62.0,8.83,7.92,0.0,8.37,APROBADO,41,
81609634,CIENCIA DE DATOS E INTELIGENCIA ARTIFICIAL,Periodo 2025 - 2S,SEGUNDO SEMESTRE,LEGALIZADA,PROBABILIDAD Y ESTADÍSTICA,1,93.0,8.72,8.96,0.0,8.84,APROBADO,41,
81609634,CIENCIA DE DATOS E INTELIGENCIA ARTIFICIAL,Periodo 2025 - 2S,SEGUNDO SEMESTRE,LEGALIZADA,PROGRAMACIÓN 2,1,92.0,8.23,9.64,0.0,8.93,APROBADO,41,
81609634,CIENCIA DE DATOS E INTELIGENCIA ARTIFICIAL,Periodo 2026 - 1S,TERCER SEMESTRE,LEGALIZADA,CÁLCULO EN VARIAS VARIABLES,1,0.0,0.0,0.0,0.0,0.0,,41,
81609634,CIENCIA DE DATOS E INTELIGENCIA ARTIFICIAL,Periodo 2026 - 1S,TERCER SEMESTRE,LEGALIZADA,FUNDAMENTOS DE BASE DE DATOS,1,0.0,0.0,0.0,0.0,0.0,,41,
81609634,CIENCIA DE DATOS E INTELIGENCIA ARTIFICIAL,Periodo 2026 - 1S,TERCER SEMESTRE,LEGALIZADA,FUNDAMENTOS DE CIENCIA DE DATOS E INTELIGENCIA ARTIFICIAL,2,0.0,0.0,0.0,0.0,0.0,,41,
81609634,CIENCIA DE DATOS E INTELIGENCIA ARTIFICIAL,Periodo 2026 - 1S,TERCER SEMESTRE,LEGALIZADA,MODELAMIENTO,1,0.0,0.0,0.0,0.0,0.0,,41,
2588760,CIENCIA DE DATOS E INTELIGENCIA ARTIFICIAL,Periodo 2025 - 1S,PRIMER SEMESTRE,LEGALIZADA,ÁLGEBRA LINEAL,1,75.0,8.38,7.26,0.0,7.82,APROBADO,41,
2588760,CIENCIA DE DATOS E INTELIGENCIA ARTIFICIAL,Periodo 2025 - 1S,PRIMER SEMESTRE,LEGALIZADA,CÁLCULO EN UNA VARIABLE,1,71.0,6.91,7.3,0.0,7.1,APROBADO,41,
2588760,CIENCIA DE DATOS E INTELIGENCIA ARTIFICIAL,Periodo 2025 - 1S,PRIMER SEMESTRE,LEGALIZADA,COMUNICACIÓN EFECTIVA,1,79.0,8.16,7.88,0.0,8.02,APROBADO,41,
2588760,CIENCIA DE DATOS E INTELIGENCIA ARTIFICIAL,Periodo 2025 - 1S,PRIMER SEMESTRE,LEGALIZADA,FUNDAMENTOS DE METODOLOGÍA DE LA INVESTIGACIÓN,1,100.0,7.92,8.13,0.0,8.02,APROBADO,41,
2588760,CIENCIA DE DATOS E INTELIGENCIA ARTIFICIAL,Periodo 2025 - 1S,PRIMER SEMESTRE,LEGALIZADA,PROGRAMACIÓN 1,1,69.0,8.12,6.51,0.0,7.31,APROBADO,41,
2588760,CIENCIA DE DATOS E INTELIGENCIA ARTIFICIAL,Periodo 2025 - 2S,SEGUNDO SEMESTRE,LEGALIZADA,ESTRUCTURA DE DATOS,1,71.0,8.21,9.25,0.0,8.73,APROBADO,41,
2588760,CIENCIA DE DATOS E INTELIGENCIA ARTIFICIAL,Periodo 2025 - 2S,SEGUNDO SEMESTRE,LEGALIZADA,FUNDAMENTOS DE CIENCIA DE DATOS E INTELIGENCIA ARTIFICIAL,1,71.0,8.68,9.6,0.0,9.14,APROBADO,41,
2588760,CIENCIA DE DATOS E INTELIGENCIA ARTIFICIAL,Periodo 2025 - 2S,SEGUNDO SEMESTRE,LEGALIZADA,HABILIDADES PARA LA VIDA,1,50.0,7.86,8.19,0.0,8.02,APROBADO,41,
2588760,CIENCIA DE DATOS E INTELIGENCIA ARTIFICIAL,Periodo 2025 - 2S,SEGUNDO SEMESTRE,LEGALIZADA,PROBABILIDAD Y ESTADÍSTICA,1,69.0,8.87,9.23,0.0,9.05,APROBADO,41,
2588760,CIENCIA DE DATOS E INTELIGENCIA ARTIFICIAL,Periodo 2025 - 2S,SEGUNDO SEMESTRE,LEGALIZADA,PROGRAMACIÓN 2,1,92.0,6.3,9.63,0.0,7.96,APROBADO,41,
2588760,CIENCIA DE DATOS E INTELIGENCIA ARTIFICIAL,Periodo 2026 - 1S,TERCER SEMESTRE,LEGALIZADA,CÁLCULO EN VARIAS VARIABLES,1,0.0,0.0,0.0,0.0,0.0,,41,
2588760,CIENCIA DE DATOS E INTELIGENCIA ARTIFICIAL,Periodo 2026 - 1S,TERCER SEMESTRE,LEGALIZADA,CULTURA DIGITAL Y SOCIEDAD,1,0.0,0.0,0.0,0.0,0.0,,41,
2588760,CIENCIA DE DATOS E INTELIGENCIA ARTIFICIAL,Periodo 2026 - 1S,TERCER SEMESTRE,LEGALIZADA,DISEÑO EXPERIMENTAL,1,0.0,8.23,0.0,0.0,0.0,,41,
2588760,CIENCIA DE DATOS E INTELIGENCIA ARTIFICIAL,Periodo 2026 - 1S,TERCER SEMESTRE,LEGALIZADA,FUNDAMENTOS DE BASE DE DATOS,1,0.0,0.0,0.0,0.0,0.0,,41,
2588760,CIENCIA DE DATOS E INTELIGENCIA ARTIFICIAL,Periodo 2026 - 1S,TERCER SEMESTRE,LEGALIZADA,MODELAMIENTO,1,0.0,0.0,0.0,0.0,0.0,,41,
6981113,CIENCIA DE DATOS E INTELIGENCIA ARTIFICIAL,Periodo 2025 - 1S,PRIMER SEMESTRE,LEGALIZADA,ÁLGEBRA LINEAL,1,38.0,7.18,7.36,0.0,7.27,REPROBADO,41,
6981113,CIENCIA DE DATOS E INTELIGENCIA ARTIFICIAL,Periodo 2025 - 1S,PRIMER SEMESTRE,LEGALIZADA,CÁLCULO EN UNA VARIABLE,1,63.0,7.2,6.84,0.0,7.02,APROBADO,41,
6981113,CIENCIA DE DATOS E INTELIGENCIA ARTIFICIAL,Periodo 2025 - 1S,PRIMER SEMESTRE,LEGALIZADA,COMUNICACIÓN EFECTIVA,1,56.0,6.96,9.01,0.0,7.98,APROBADO,41,
6981113,CIENCIA DE DATOS E INTELIGENCIA ARTIFICIAL,Periodo 2025 - 1S,PRIMER SEMESTRE,LEGALIZADA,FUNDAMENTOS DE METODOLOGÍA DE LA INVESTIGACIÓN,1,100.0,5.4,9.69,0.0,7.54,APROBADO,41,
6981113,CIENCIA DE DATOS E INTELIGENCIA ARTIFICIAL,Periodo 2025 - 1S,PRIMER SEMESTRE,LEGALIZADA,PROGRAMACIÓN 1,1,64.0,7.16,8.39,0.0,7.77,APROBADO,41,
6981113,CIENCIA DE DATOS E INTELIGENCIA ARTIFICIAL,Periodo 2025 - 2S,SEGUNDO SEMESTRE,LEGALIZADA,ÁLGEBRA LINEAL,2,27.0,3.35,0.03,0.0,1.69,REPROBADO,41,
6981113,CIENCIA DE DATOS E INTELIGENCIA ARTIFICIAL,Periodo 2025 - 2S,SEGUNDO SEMESTRE,LEGALIZADA,ESTRUCTURA DE DATOS,1,50.0,2.56,0.03,0.0,1.29,REPROBADO,41,
6981113,CIENCIA DE DATOS E INTELIGENCIA ARTIFICIAL,Periodo 2025 - 2S,SEGUNDO SEMESTRE,LEGALIZADA,HABILIDADES PARA LA VIDA,1,15.0,4.3,0.3,0.0,2.3,REPROBADO,41,
6981113,CIENCIA DE DATOS E INTELIGENCIA ARTIFICIAL,Periodo 2025 - 2S,SEGUNDO SEMESTRE,LEGALIZADA,PROGRAMACIÓN 2,1,85.0,0.91,0.15,0.0,0.53,REPROBADO,41,
94708342,CIENCIA DE DATOS E INTELIGENCIA ARTIFICIAL,Periodo 2025 - 1S,PRIMER SEMESTRE,LEGALIZADA,ÁLGEBRA LINEAL,1,100.0,8.47,8.55,0.0,8.51,APROBADO,41,
94708342,CIENCIA DE DATOS E INTELIGENCIA ARTIFICIAL,Periodo 2025 - 1S,PRIMER SEMESTRE,LEGALIZADA,CÁLCULO EN UNA VARIABLE,1,93.0,8.97,9.46,0.0,9.21,APROBADO,41,
94708342,CIENCIA DE DATOS E INTELIGENCIA ARTIFICIAL,Periodo 2025 - 1S,PRIMER SEMESTRE,LEGALIZADA,COMUNICACIÓN EFECTIVA,1,93.0,9.41,9.35,0.0,9.38,APROBADO,41,
94708342,CIENCIA DE DATOS E INTELIGENCIA ARTIFICIAL,Periodo 2025 - 1S,PRIMER SEMESTRE,LEGALIZADA,FUNDAMENTOS DE METODOLOGÍA DE LA INVESTIGACIÓN,1,100.0,9.71,9.34,0.0,9.52,APROBADO,41,
94708342,CIENCIA DE DATOS E INTELIGENCIA ARTIFICIAL,Periodo 2025 - 1S,PRIMER SEMESTRE,LEGALIZADA,PROGRAMACIÓN 1,1,100.0,8.67,8.04,0.0,8.35,APROBADO,41,
94708342,CIENCIA DE DATOS E INTELIGENCIA ARTIFICIAL,Periodo 2025 - 2S,SEGUNDO SEMESTRE,LEGALIZADA,ESTRUCTURA DE DATOS,1,100.0,8.29,8.29,0.0,8.29,APROBADO,41,
94708342,CIENCIA DE DATOS E INTELIGENCIA ARTIFICIAL,Periodo 2025 - 2S,SEGUNDO SEMESTRE,LEGALIZADA,FUNDAMENTOS DE CIENCIA DE DATOS E INTELIGENCIA ARTIFICIAL,1,93.0,9.42,9.44,0.0,9.43,APROBADO,41,
94708342,CIENCIA DE DATOS E INTELIGENCIA ARTIFICIAL,Periodo 2025 - 2S,SEGUNDO SEMESTRE,LEGALIZADA,HABILIDADES PARA LA VIDA,1,92.0,9.52,9.25,0.0,9.38,APROBADO,41,
94708342,CIENCIA DE DATOS E INTELIGENCIA ARTIFICIAL,Periodo 2025 - 2S,SEGUNDO SEMESTRE,LEGALIZADA,PROBABILIDAD Y ESTADÍSTICA,1,100.0,9.18,9.08,0.0,9.13,APROBADO,41,
94708342,CIENCIA DE DATOS E INTELIGENCIA ARTIFICIAL,Periodo 2025 - 2S,SEGUNDO SEMESTRE,LEGALIZADA,PROGRAMACIÓN 2,1,100.0,8.58,8.53,0.0,8.55,APROBADO,41,
94708342,CIENCIA DE DATOS E INTELIGENCIA ARTIFICIAL,Periodo 2026 - 1S,TERCER SEMESTRE,LEGALIZADA,CÁLCULO EN VARIAS VARIABLES,1,0.0,0.0,0.0,0.0,0.0,,41,
94708342,CIENCIA DE DATOS E INTELIGENCIA ARTIFICIAL,Periodo 2026 - 1S,TERCER SEMESTRE,LEGALIZADA,CULTURA DIGITAL Y SOCIEDAD,1,0.0,0.0,0.0,0.0,0.0,,41,
94708342,CIENCIA DE DATOS E INTELIGENCIA ARTIFICIAL,Periodo 2026 - 1S,TERCER SEMESTRE,LEGALIZADA,DISEÑO EXPERIMENTAL,1,0.0,9.34,0.0,0.0,0.0,,41,
94708342,CIENCIA DE DATOS E INTELIGENCIA ARTIFICIAL,Periodo 2026 - 1S,TERCER SEMESTRE,LEGALIZADA,FUNDAMENTOS DE BASE DE DATOS,1,0.0,0.0,0.0,0.0,0.0,,41,
94708342,CIENCIA DE DATOS E INTELIGENCIA ARTIFICIAL,Periodo 2026 - 1S,TERCER SEMESTRE,LEGALIZADA,MODELAMIENTO,1,0.0,0.0,0.0,0.0,0.0,,41,
20005216,CIENCIA DE DATOS E INTELIGENCIA ARTIFICIAL,Periodo 2025 - 1S,PRIMER SEMESTRE,LEGALIZADA,ÁLGEBRA LINEAL,1,100.0,9.45,8.81,0.0,9.13,APROBADO,41,
20005216,CIENCIA DE DATOS E INTELIGENCIA ARTIFICIAL,Periodo 2025 - 1S,PRIMER SEMESTRE,LEGALIZADA,CÁLCULO EN UNA VARIABLE,1,100.0,8.4,8.55,0.0,8.47,APROBADO,41,
20005216,CIENCIA DE DATOS E INTELIGENCIA ARTIFICIAL,Periodo 2025 - 1S,PRIMER SEMESTRE,LEGALIZADA,COMUNICACIÓN EFECTIVA,1,100.0,9.63,9.42,0.0,9.52,APROBADO,41,
20005216,CIENCIA DE DATOS E INTELIGENCIA ARTIFICIAL,Periodo 2025 - 1S,PRIMER SEMESTRE,LEGALIZADA,FUNDAMENTOS DE METODOLOGÍA DE LA INVESTIGACIÓN,1,100.0,9.87,9.68,0.0,9.77,APROBADO,41,
20005216,CIENCIA DE DATOS E INTELIGENCIA ARTIFICIAL,Periodo 2025 - 1S,PRIMER SEMESTRE,LEGALIZADA,PROGRAMACIÓN 1,1,100.0,9.45,8.89,0.0,9.17,APROBADO,41,
20005216,CIENCIA DE DATOS E INTELIGENCIA ARTIFICIAL,Periodo 2025 - 2S,SEGUNDO SEMESTRE,LEGALIZADA,ESTRUCTURA DE DATOS,1,100.0,8.93,8.93,0.0,8.93,APROBADO,41,
20005216,CIENCIA DE DATOS E INTELIGENCIA ARTIFICIAL,Periodo 2025 - 2S,SEGUNDO SEMESTRE,LEGALIZADA,FUNDAMENTOS DE CIENCIA DE DATOS E INTELIGENCIA ARTIFICIAL,1,100.0,9.63,9.52,0.0,9.57,APROBADO,41,
20005216,CIENCIA DE DATOS E INTELIGENCIA ARTIFICIAL,Periodo 2025 - 2S,SEGUNDO SEMESTRE,LEGALIZADA,HABILIDADES PARA LA VIDA,1,92.0,9.69,9.4,0.0,9.54,APROBADO,41,
20005216,CIENCIA DE DATOS E INTELIGENCIA ARTIFICIAL,Periodo 2025 - 2S,SEGUNDO SEMESTRE,LEGALIZADA,PROBABILIDAD Y ESTADÍSTICA,1,100.0,9.18,9.28,0.0,9.23,APROBADO,41,
20005216,CIENCIA DE DATOS E INTELIGENCIA ARTIFICIAL,Periodo 2025 - 2S,SEGUNDO SEMESTRE,LEGALIZADA,PROGRAMACIÓN 2,1,100.0,9.6,9.75,0.0,9.67,APROBADO,41,
20005216,CIENCIA DE DATOS E INTELIGENCIA ARTIFICIAL,Periodo 2026 - 1S,TERCER SEMESTRE,LEGALIZADA,CÁLCULO EN VARIAS VARIABLES,1,0.0,0.0,0.0,0.0,0.0,,41,
20005216,CIENCIA DE DATOS E INTELIGENCIA ARTIFICIAL,Periodo 2026 - 1S,TERCER SEMESTRE,LEGALIZADA,CULTURA DIGITAL Y SOCIEDAD,1,0.0,0.0,0.0,0.0,0.0,,41,
20005216,CIENCIA DE DATOS E INTELIGENCIA ARTIFICIAL,Periodo 2026 - 1S,TERCER SEMESTRE,LEGALIZADA,DISEÑO EXPERIMENTAL,1,0.0,9.75,0.0,0.0,0.0,,41,
20005216,CIENCIA DE DATOS E INTELIGENCIA ARTIFICIAL,Periodo 2026 - 1S,TERCER SEMESTRE,LEGALIZADA,FUNDAMENTOS DE BASE DE DATOS,1,0.0,0.0,0.0,0.0,0.0,,41,
20005216,CIENCIA DE DATOS E INTELIGENCIA ARTIFICIAL,Periodo 2026 - 1S,TERCER SEMESTRE,LEGALIZADA,MODELAMIENTO,1,0.0,0.0,0.0,0.0,0.0,,41,
6314328,CIENCIA DE DATOS E INTELIGENCIA ARTIFICIAL,Periodo 2025 - 1S,PRIMER SEMESTRE,LEGALIZADA,ÁLGEBRA LINEAL,1,69.0,6.05,3.49,0.01,2.39,REPROBADO,41,
6314328,CIENCIA DE DATOS E INTELIGENCIA ARTIFICIAL,Periodo 2025 - 1S,PRIMER SEMESTRE,LEGALIZADA,CÁLCULO EN UNA VARIABLE,1,57.0,3.99,3.92,0.0,3.95,REPROBADO,41,
6314328,CIENCIA DE DATOS E INTELIGENCIA ARTIFICIAL,Periodo 2025 - 1S,PRIMER SEMESTRE,LEGALIZADA,COMUNICACIÓN EFECTIVA,1,36.0,5.16,0.49,0.0,2.82,REPROBADO,41,
6314328,CIENCIA DE DATOS E INTELIGENCIA ARTIFICIAL,Periodo 2025 - 1S,PRIMER SEMESTRE,LEGALIZADA,FUNDAMENTOS DE METODOLOGÍA DE LA INVESTIGACIÓN,1,100.0,3.91,0.86,0.0,2.38,REPROBADO,41,
6314328,CIENCIA DE DATOS E INTELIGENCIA ARTIFICIAL,Periodo 2025 - 1S,PRIMER SEMESTRE,LEGALIZADA,PROGRAMACIÓN 1,1,44.0,7.56,0.5,0.0,4.03,REPROBADO,41,
6314328,CIENCIA DE DATOS E INTELIGENCIA ARTIFICIAL,Periodo 2025 - 2S,PRIMER SEMESTRE,LEGALIZADA,ÁLGEBRA LINEAL,2,67.0,6.58,3.53,0.01,2.53,REPROBADO,41,
6314328,CIENCIA DE DATOS E INTELIGENCIA ARTIFICIAL,Periodo 2025 - 2S,PRIMER SEMESTRE,LEGALIZADA,CÁLCULO EN UNA VARIABLE,2,67.0,4.29,6.48,0.0,5.38,REPROBADO,41,
6314328,CIENCIA DE DATOS E INTELIGENCIA ARTIFICIAL,Periodo 2025 - 2S,PRIMER SEMESTRE,LEGALIZADA,COMUNICACIÓN EFECTIVA,2,29.0,0.77,0.56,0.0,0.66,REPROBADO,41,
6314328,CIENCIA DE DATOS E INTELIGENCIA ARTIFICIAL,Periodo 2025 - 2S,PRIMER SEMESTRE,LEGALIZADA,FUNDAMENTOS DE METODOLOGÍA DE LA INVESTIGACIÓN,2,69.0,1.85,4.11,0.0,2.98,REPROBADO,41,
6314328,CIENCIA DE DATOS E INTELIGENCIA ARTIFICIAL,Periodo 2025 - 2S,PRIMER SEMESTRE,LEGALIZADA,PROGRAMACIÓN 1,2,67.0,1.52,1.16,0.0,1.34,REPROBADO,41,
48592583,CIENCIA DE DATOS E INTELIGENCIA ARTIFICIAL,Periodo 2025 - 1S,PRIMER SEMESTRE,LEGALIZADA,ÁLGEBRA LINEAL,1,100.0,8.63,7.99,0.0,8.31,APROBADO,41,
48592583,CIENCIA DE DATOS E INTELIGENCIA ARTIFICIAL,Periodo 2025 - 1S,PRIMER SEMESTRE,LEGALIZADA,CÁLCULO EN UNA VARIABLE,1,93.0,8.14,7.99,0.0,8.06,APROBADO,41,
48592583,CIENCIA DE DATOS E INTELIGENCIA ARTIFICIAL,Periodo 2025 - 1S,PRIMER SEMESTRE,LEGALIZADA,COMUNICACIÓN EFECTIVA,1,100.0,9.1,9.14,0.0,9.12,APROBADO,41,
48592583,CIENCIA DE DATOS E INTELIGENCIA ARTIFICIAL,Periodo 2025 - 1S,PRIMER SEMESTRE,LEGALIZADA,FUNDAMENTOS DE METODOLOGÍA DE LA INVESTIGACIÓN,1,100.0,9.16,9.78,0.0,9.47,APROBADO,41,
48592583,CIENCIA DE DATOS E INTELIGENCIA ARTIFICIAL,Periodo 2025 - 1S,PRIMER SEMESTRE,LEGALIZADA,PROGRAMACIÓN 1,1,94.0,8.21,8.61,0.0,8.41,APROBADO,41,
48592583,CIENCIA DE DATOS E INTELIGENCIA ARTIFICIAL,Periodo 2025 - 2S,SEGUNDO SEMESTRE,LEGALIZADA,ESTRUCTURA DE DATOS,1,93.0,9.37,9.58,0.0,9.47,APROBADO,41,
48592583,CIENCIA DE DATOS E INTELIGENCIA ARTIFICIAL,Periodo 2025 - 2S,SEGUNDO SEMESTRE,LEGALIZADA,FUNDAMENTOS DE CIENCIA DE DATOS E INTELIGENCIA ARTIFICIAL,1,86.0,8.46,8.92,0.0,8.69,APROBADO,41,
48592583,CIENCIA DE DATOS E INTELIGENCIA ARTIFICIAL,Periodo 2025 - 2S,SEGUNDO SEMESTRE,LEGALIZADA,HABILIDADES PARA LA VIDA,1,86.0,9.44,8.62,0.0,9.03,APROBADO,41,
48592583,CIENCIA DE DATOS E INTELIGENCIA ARTIFICIAL,Periodo 2025 - 2S,SEGUNDO SEMESTRE,LEGALIZADA,PROBABILIDAD Y ESTADÍSTICA,1,75.0,8.71,9.11,0.0,8.91,APROBADO,41,
48592583,CIENCIA DE DATOS E INTELIGENCIA ARTIFICIAL,Periodo 2025 - 2S,SEGUNDO SEMESTRE,LEGALIZADA,PROGRAMACIÓN 2,1,100.0,8.37,9.31,0.0,8.84,APROBADO,41,
48592583,CIENCIA DE DATOS E INTELIGENCIA ARTIFICIAL,Periodo 2026 - 1S,TERCER SEMESTRE,LEGALIZADA,CÁLCULO EN VARIAS VARIABLES,1,0.0,0.0,0.0,0.0,0.0,,41,
48592583,CIENCIA DE DATOS E INTELIGENCIA ARTIFICIAL,Periodo 2026 - 1S,TERCER SEMESTRE,LEGALIZADA,CULTURA DIGITAL Y SOCIEDAD,1,0.0,0.0,0.0,0.0,0.0,,41,
48592583,CIENCIA DE DATOS E INTELIGENCIA ARTIFICIAL,Periodo 2026 - 1S,TERCER SEMESTRE,LEGALIZADA,DISEÑO EXPERIMENTAL,1,0.0,8.95,0.0,0.0,0.0,,41,
48592583,CIENCIA DE DATOS E INTELIGENCIA ARTIFICIAL,Periodo 2026 - 1S,TERCER SEMESTRE,LEGALIZADA,FUNDAMENTOS DE BASE DE DATOS,1,0.0,0.0,0.0,0.0,0.0,,41,
48592583,CIENCIA DE DATOS E INTELIGENCIA ARTIFICIAL,Periodo 2026 - 1S,TERCER SEMESTRE,LEGALIZADA,MODELAMIENTO,1,0.0,0.0,0.0,0.0,0.0,,41,
5836741,CIENCIA DE DATOS E INTELIGENCIA ARTIFICIAL,Periodo 2025 - 1S,PRIMER SEMESTRE,LEGALIZADA,ÁLGEBRA LINEAL,1,100.0,8.3,8.39,0.0,8.34,APROBADO,41,
5836741,CIENCIA DE DATOS E INTELIGENCIA ARTIFICIAL,Periodo 2025 - 1S,PRIMER SEMESTRE,LEGALIZADA,CÁLCULO EN UNA VARIABLE,1,100.0,8.71,8.13,0.0,8.42,APROBADO,41,
5836741,CIENCIA DE DATOS E INTELIGENCIA ARTIFICIAL,Periodo 2025 - 1S,PRIMER SEMESTRE,LEGALIZADA,COMUNICACIÓN EFECTIVA,1,100.0,8.86,8.28,0.0,8.57,APROBADO,41,
5836741,CIENCIA DE DATOS E INTELIGENCIA ARTIFICIAL,Periodo 2025 - 1S,PRIMER SEMESTRE,LEGALIZADA,FUNDAMENTOS DE METODOLOGÍA DE LA INVESTIGACIÓN,1,100.0,9.67,9.78,0.0,9.72,APROBADO,41,
5836741,CIENCIA DE DATOS E INTELIGENCIA ARTIFICIAL,Periodo 2025 - 1S,PRIMER SEMESTRE,LEGALIZADA,PROGRAMACIÓN 1,1,100.0,8.4,8.12,0.0,8.26,APROBADO,41,
5836741,CIENCIA DE DATOS E INTELIGENCIA ARTIFICIAL,Periodo 2025 - 2S,SEGUNDO SEMESTRE,LEGALIZADA,ESTRUCTURA DE DATOS,1,100.0,8.11,9.49,0.0,8.8,APROBADO,41,
5836741,CIENCIA DE DATOS E INTELIGENCIA ARTIFICIAL,Periodo 2025 - 2S,SEGUNDO SEMESTRE,LEGALIZADA,FUNDAMENTOS DE CIENCIA DE DATOS E INTELIGENCIA ARTIFICIAL,1,0.0,6.25,0.0,0.0,0.0,REPROBADO,41,
5836741,CIENCIA DE DATOS E INTELIGENCIA ARTIFICIAL,Periodo 2025 - 2S,SEGUNDO SEMESTRE,LEGALIZADA,HABILIDADES PARA LA VIDA,1,54.0,9.53,9.43,0.0,9.48,APROBADO,41,
5836741,CIENCIA DE DATOS E INTELIGENCIA ARTIFICIAL,Periodo 2025 - 2S,SEGUNDO SEMESTRE,LEGALIZADA,PROBABILIDAD Y ESTADÍSTICA,1,88.0,8.87,8.8,0.0,8.83,APROBADO,41,
5836741,CIENCIA DE DATOS E INTELIGENCIA ARTIFICIAL,Periodo 2025 - 2S,SEGUNDO SEMESTRE,LEGALIZADA,PROGRAMACIÓN 2,1,92.0,8.04,9.29,0.0,8.66,APROBADO,41,
5836741,CIENCIA DE DATOS E INTELIGENCIA ARTIFICIAL,Periodo 2026 - 1S,SEGUNDO SEMESTRE,LEGALIZADA,CULTURA DIGITAL Y SOCIEDAD,1,0.0,0.0,0.0,0.0,0.0,,41,
5836741,CIENCIA DE DATOS E INTELIGENCIA ARTIFICIAL,Periodo 2026 - 1S,SEGUNDO SEMESTRE,LEGALIZADA,FUNDAMENTOS DE CIENCIA DE DATOS E INTELIGENCIA ARTIFICIAL,2,0.0,8.35,0.0,0.0,0.0,,41,
5836741,CIENCIA DE DATOS E INTELIGENCIA ARTIFICIAL,Periodo 2026 - 1S,SEGUNDO SEMESTRE,LEGALIZADA,MODELAMIENTO,1,0.0,0.0,0.0,0.0,0.0,,41,
31792507,CIENCIA DE DATOS E INTELIGENCIA ARTIFICIAL,Periodo 2025 - 1S,PRIMER SEMESTRE,LEGALIZADA,ÁLGEBRA LINEAL,1,88.0,7.72,7.18,0.0,7.45,APROBADO,41,
31792507,CIENCIA DE DATOS E INTELIGENCIA ARTIFICIAL,Periodo 2025 - 1S,PRIMER SEMESTRE,LEGALIZADA,CÁLCULO EN UNA VARIABLE,1,94.0,8.78,7.2,0.0,7.99,APROBADO,41,
31792507,CIENCIA DE DATOS E INTELIGENCIA ARTIFICIAL,Periodo 2025 - 1S,PRIMER SEMESTRE,LEGALIZADA,COMUNICACIÓN EFECTIVA,1,81.0,8.81,9.29,0.0,9.05,APROBADO,41,
31792507,CIENCIA DE DATOS E INTELIGENCIA ARTIFICIAL,Periodo 2025 - 1S,PRIMER SEMESTRE,LEGALIZADA,FUNDAMENTOS DE METODOLOGÍA DE LA INVESTIGACIÓN,1,100.0,9.15,8.92,0.0,9.03,APROBADO,41,
31792507,CIENCIA DE DATOS E INTELIGENCIA ARTIFICIAL,Periodo 2025 - 1S,PRIMER SEMESTRE,LEGALIZADA,PROGRAMACIÓN 1,1,93.0,7.97,7.75,0.0,7.86,APROBADO,41,
31792507,CIENCIA DE DATOS E INTELIGENCIA ARTIFICIAL,Periodo 2025 - 2S,SEGUNDO SEMESTRE,LEGALIZADA,ESTRUCTURA DE DATOS,1,83.0,9.1,9.35,0.0,9.22,APROBADO,41,
31792507,CIENCIA DE DATOS E INTELIGENCIA ARTIFICIAL,Periodo 2025 - 2S,SEGUNDO SEMESTRE,LEGALIZADA,FUNDAMENTOS DE CIENCIA DE DATOS E INTELIGENCIA ARTIFICIAL,1,83.0,8.77,9.01,0.0,8.89,APROBADO,41,
31792507,CIENCIA DE DATOS E INTELIGENCIA ARTIFICIAL,Periodo 2025 - 2S,SEGUNDO SEMESTRE,LEGALIZADA,HABILIDADES PARA LA VIDA,1,69.0,9.6,9.09,0.0,9.34,APROBADO,41,
31792507,CIENCIA DE DATOS E INTELIGENCIA ARTIFICIAL,Periodo 2025 - 2S,SEGUNDO SEMESTRE,LEGALIZADA,PROBABILIDAD Y ESTADÍSTICA,1,88.0,9.17,9.21,0.0,9.19,APROBADO,41,
31792507,CIENCIA DE DATOS E INTELIGENCIA ARTIFICIAL,Periodo 2025 - 2S,SEGUNDO SEMESTRE,LEGALIZADA,PROGRAMACIÓN 2,1,100.0,9.0,9.08,0.0,9.04,APROBADO,41,
31792507,CIENCIA DE DATOS E INTELIGENCIA ARTIFICIAL,Periodo 2026 - 1S,TERCER SEMESTRE,LEGALIZADA,CÁLCULO EN VARIAS VARIABLES,1,0.0,0.0,0.0,0.0,0.0,,41,
31792507,CIENCIA DE DATOS E INTELIGENCIA ARTIFICIAL,Periodo 2026 - 1S,TERCER SEMESTRE,LEGALIZADA,CULTURA DIGITAL Y SOCIEDAD,1,0.0,0.0,0.0,0.0,0.0,,41,
31792507,CIENCIA DE DATOS E INTELIGENCIA ARTIFICIAL,Periodo 2026 - 1S,TERCER SEMESTRE,LEGALIZADA,DISEÑO EXPERIMENTAL,1,0.0,9.34,0.0,0.0,0.0,,41,
31792507,CIENCIA DE DATOS E INTELIGENCIA ARTIFICIAL,Periodo 2026 - 1S,TERCER SEMESTRE,LEGALIZADA,FUNDAMENTOS DE BASE DE DATOS,1,0.0,0.0,0.0,0.0,0.0,,41,
31792507,CIENCIA DE DATOS E INTELIGENCIA ARTIFICIAL,Periodo 2026 - 1S,TERCER SEMESTRE,LEGALIZADA,MODELAMIENTO,1,0.0,0.0,0.0,0.0,0.0,,41,
13692628,CIENCIA DE DATOS E INTELIGENCIA ARTIFICIAL,Periodo 2025 - 1S,PRIMER SEMESTRE,LEGALIZADA,ÁLGEBRA LINEAL,1,88.0,6.31,8.92,0.0,7.61,APROBADO,41,
13692628,CIENCIA DE DATOS E INTELIGENCIA ARTIFICIAL,Periodo 2025 - 1S,PRIMER SEMESTRE,LEGALIZADA,CÁLCULO EN UNA VARIABLE,1,100.0,7.38,7.47,0.0,7.42,APROBADO,41,
13692628,CIENCIA DE DATOS E INTELIGENCIA ARTIFICIAL,Periodo 2025 - 1S,PRIMER SEMESTRE,LEGALIZADA,COMUNICACIÓN EFECTIVA,1,94.0,8.11,8.53,0.0,8.32,APROBADO,41,
13692628,CIENCIA DE DATOS E INTELIGENCIA ARTIFICIAL,Periodo 2025 - 1S,PRIMER SEMESTRE,LEGALIZADA,FUNDAMENTOS DE METODOLOGÍA DE LA INVESTIGACIÓN,1,100.0,9.19,8.61,0.0,8.9,APROBADO,41,
13692628,CIENCIA DE DATOS E INTELIGENCIA ARTIFICIAL,Periodo 2025 - 1S,PRIMER SEMESTRE,LEGALIZADA,PROGRAMACIÓN 1,1,93.0,6.45,6.75,9.0,7.8,APROBADO,41,
13692628,CIENCIA DE DATOS E INTELIGENCIA ARTIFICIAL,Periodo 2025 - 2S,SEGUNDO SEMESTRE,LEGALIZADA,ESTRUCTURA DE DATOS,1,92.0,8.24,9.5,0.0,8.87,APROBADO,41,
13692628,CIENCIA DE DATOS E INTELIGENCIA ARTIFICIAL,Periodo 2025 - 2S,SEGUNDO SEMESTRE,LEGALIZADA,FUNDAMENTOS DE CIENCIA DE DATOS E INTELIGENCIA ARTIFICIAL,1,92.0,8.34,8.06,0.0,8.2,APROBADO,41,
13692628,CIENCIA DE DATOS E INTELIGENCIA ARTIFICIAL,Periodo 2025 - 2S,SEGUNDO SEMESTRE,LEGALIZADA,HABILIDADES PARA LA VIDA,1,100.0,9.18,8.75,0.0,8.96,APROBADO,41,
13692628,CIENCIA DE DATOS E INTELIGENCIA ARTIFICIAL,Periodo 2025 - 2S,SEGUNDO SEMESTRE,LEGALIZADA,PROBABILIDAD Y ESTADÍSTICA,1,94.0,8.21,8.0,0.0,8.1,APROBADO,41,
13692628,CIENCIA DE DATOS E INTELIGENCIA ARTIFICIAL,Periodo 2025 - 2S,SEGUNDO SEMESTRE,LEGALIZADA,PROGRAMACIÓN 2,1,100.0,8.42,9.4,0.0,8.91,APROBADO,41,
13692628,CIENCIA DE DATOS E INTELIGENCIA ARTIFICIAL,Periodo 2026 - 1S,TERCER SEMESTRE,LEGALIZADA,CÁLCULO EN VARIAS VARIABLES,1,0.0,0.0,0.0,0.0,0.0,,41,
13692628,CIENCIA DE DATOS E INTELIGENCIA ARTIFICIAL,Periodo 2026 - 1S,TERCER SEMESTRE,LEGALIZADA,CULTURA DIGITAL Y SOCIEDAD,1,0.0,0.0,0.0,0.0,0.0,,41,
13692628,CIENCIA DE DATOS E INTELIGENCIA ARTIFICIAL,Periodo 2026 - 1S,TERCER SEMESTRE,LEGALIZADA,DISEÑO EXPERIMENTAL,1,0.0,8.88,0.0,0.0,0.0,,41,
13692628,CIENCIA DE DATOS E INTELIGENCIA ARTIFICIAL,Periodo 2026 - 1S,TERCER SEMESTRE,LEGALIZADA,FUNDAMENTOS DE BASE DE DATOS,1,0.0,0.0,0.0,0.0,0.0,,41,
13692628,CIENCIA DE DATOS E INTELIGENCIA ARTIFICIAL,Periodo 2026 - 1S,TERCER SEMESTRE,LEGALIZADA,MODELAMIENTO,1,0.0,0.0,0.0,0.0,0.0,,41,
41496300,CIENCIA DE DATOS E INTELIGENCIA ARTIFICIAL,Periodo 2025 - 1S,PRIMER SEMESTRE,LEGALIZADA,ÁLGEBRA LINEAL,1,94.0,7.5,8.59,0.0,8.04,APROBADO,41,
41496300,CIENCIA DE DATOS E INTELIGENCIA ARTIFICIAL,Periodo 2025 - 1S,PRIMER SEMESTRE,LEGALIZADA,CÁLCULO EN UNA VARIABLE,1,93.0,7.95,8.27,0.0,8.11,APROBADO,41,
41496300,CIENCIA DE DATOS E INTELIGENCIA ARTIFICIAL,Periodo 2025 - 1S,PRIMER SEMESTRE,LEGALIZADA,COMUNICACIÓN EFECTIVA,1,100.0,9.0,9.01,0.0,9.0,APROBADO,41,
41496300,CIENCIA DE DATOS E INTELIGENCIA ARTIFICIAL,Periodo 2025 - 1S,PRIMER SEMESTRE,LEGALIZADA,FUNDAMENTOS DE METODOLOGÍA DE LA INVESTIGACIÓN,1,100.0,8.61,9.83,0.0,9.22,APROBADO,41,
41496300,CIENCIA DE DATOS E INTELIGENCIA ARTIFICIAL,Periodo 2025 - 1S,PRIMER SEMESTRE,LEGALIZADA,PROGRAMACIÓN 1,1,94.0,8.71,8.14,0.0,8.42,APROBADO,41,
41496300,CIENCIA DE DATOS E INTELIGENCIA ARTIFICIAL,Periodo 2025 - 2S,SEGUNDO SEMESTRE,LEGALIZADA,ESTRUCTURA DE DATOS,1,100.0,9.59,9.49,0.0,9.54,APROBADO,41,
41496300,CIENCIA DE DATOS E INTELIGENCIA ARTIFICIAL,Periodo 2025 - 2S,SEGUNDO SEMESTRE,LEGALIZADA,FUNDAMENTOS DE CIENCIA DE DATOS E INTELIGENCIA ARTIFICIAL,1,100.0,9.23,9.71,0.0,9.47,APROBADO,41,
41496300,CIENCIA DE DATOS E INTELIGENCIA ARTIFICIAL,Periodo 2025 - 2S,SEGUNDO SEMESTRE,LEGALIZADA,HABILIDADES PARA LA VIDA,1,93.0,9.43,8.65,0.0,9.04,APROBADO,41,
41496300,CIENCIA DE DATOS E INTELIGENCIA ARTIFICIAL,Periodo 2025 - 2S,SEGUNDO SEMESTRE,LEGALIZADA,PROBABILIDAD Y ESTADÍSTICA,1,94.0,9.36,9.16,0.0,9.26,APROBADO,41,
41496300,CIENCIA DE DATOS E INTELIGENCIA ARTIFICIAL,Periodo 2025 - 2S,SEGUNDO SEMESTRE,LEGALIZADA,PROGRAMACIÓN 2,1,100.0,8.59,9.67,0.0,9.13,APROBADO,41,
41496300,CIENCIA DE DATOS E INTELIGENCIA ARTIFICIAL,Periodo 2026 - 1S,TERCER SEMESTRE,LEGALIZADA,CÁLCULO EN VARIAS VARIABLES,1,0.0,0.0,0.0,0.0,0.0,,41,
41496300,CIENCIA DE DATOS E INTELIGENCIA ARTIFICIAL,Periodo 2026 - 1S,TERCER SEMESTRE,LEGALIZADA,CULTURA DIGITAL Y SOCIEDAD,1,0.0,0.0,0.0,0.0,0.0,,41,
41496300,CIENCIA DE DATOS E INTELIGENCIA ARTIFICIAL,Periodo 2026 - 1S,TERCER SEMESTRE,LEGALIZADA,DISEÑO EXPERIMENTAL,1,0.0,9.28,0.0,0.0,0.0,,41,
41496300,CIENCIA DE DATOS E INTELIGENCIA ARTIFICIAL,Periodo 2026 - 1S,TERCER SEMESTRE,LEGALIZADA,FUNDAMENTOS DE BASE DE DATOS,1,0.0,0.0,0.0,0.0,0.0,,41,
41496300,CIENCIA DE DATOS E INTELIGENCIA ARTIFICIAL,Periodo 2026 - 1S,TERCER SEMESTRE,LEGALIZADA,MODELAMIENTO,1,0.0,0.0,0.0,0.0,0.0,,41,
67456593,CIENCIA DE DATOS E INTELIGENCIA ARTIFICIAL,Periodo 2025 - 1S,PRIMER SEMESTRE,LEGALIZADA,ÁLGEBRA LINEAL,1,93.0,7.12,9.08,0.0,8.1,APROBADO,41,
67456593,CIENCIA DE DATOS E INTELIGENCIA ARTIFICIAL,Periodo 2025 - 1S,PRIMER SEMESTRE,LEGALIZADA,CÁLCULO EN UNA VARIABLE,1,100.0,7.39,7.07,0.0,7.23,APROBADO,41,
67456593,CIENCIA DE DATOS E INTELIGENCIA ARTIFICIAL,Periodo 2025 - 1S,PRIMER SEMESTRE,LEGALIZADA,COMUNICACIÓN EFECTIVA,1,86.0,8.75,9.06,0.0,8.9,APROBADO,41,
67456593,CIENCIA DE DATOS E INTELIGENCIA ARTIFICIAL,Periodo 2025 - 1S,PRIMER SEMESTRE,LEGALIZADA,FUNDAMENTOS DE METODOLOGÍA DE LA INVESTIGACIÓN,1,100.0,9.66,9.51,0.0,9.58,APROBADO,41,
67456593,CIENCIA DE DATOS E INTELIGENCIA ARTIFICIAL,Periodo 2025 - 1S,PRIMER SEMESTRE,LEGALIZADA,PROGRAMACIÓN 1,1,94.0,7.23,8.49,0.0,7.86,APROBADO,41,
67456593,CIENCIA DE DATOS E INTELIGENCIA ARTIFICIAL,Periodo 2025 - 2S,SEGUNDO SEMESTRE,RETIRO,ESTRUCTURA DE DATOS,1,0.0,0.0,0.0,0.0,0.0,RETIRO,41,
67456593,CIENCIA DE DATOS E INTELIGENCIA ARTIFICIAL,Periodo 2025 - 2S,SEGUNDO SEMESTRE,RETIRO,FUNDAMENTOS DE CIENCIA DE DATOS E INTELIGENCIA ARTIFICIAL,1,0.0,0.0,0.0,0.0,0.0,RETIRO,41,
67456593,CIENCIA DE DATOS E INTELIGENCIA ARTIFICIAL,Periodo 2025 - 2S,SEGUNDO SEMESTRE,RETIRO,HABILIDADES PARA LA VIDA,1,0.0,0.0,0.0,0.0,0.0,RETIRO,41,
67456593,CIENCIA DE DATOS E INTELIGENCIA ARTIFICIAL,Periodo 2025 - 2S,SEGUNDO SEMESTRE,RETIRO,PROBABILIDAD Y ESTADÍSTICA,1,0.0,0.0,0.0,0.0,0.0,RETIRO,41,
67456593,CIENCIA DE DATOS E INTELIGENCIA ARTIFICIAL,Periodo 2025 - 2S,SEGUNDO SEMESTRE,RETIRO,PROGRAMACIÓN 2,1,0.0,0.0,0.0,0.0,0.0,RETIRO,41,
67456593,CIENCIA DE DATOS E INTELIGENCIA ARTIFICIAL,Periodo 2026 - 1S,SEGUNDO SEMESTRE,LEGALIZADA,ESTRUCTURA DE DATOS,1,0.0,6.83,0.0,0.0,0.0,,41,
67456593,CIENCIA DE DATOS E INTELIGENCIA ARTIFICIAL,Periodo 2026 - 1S,SEGUNDO SEMESTRE,LEGALIZADA,FUNDAMENTOS DE CIENCIA DE DATOS E INTELIGENCIA ARTIFICIAL,1,0.0,9.14,0.0,0.0,0.0,,41,
67456593,CIENCIA DE DATOS E INTELIGENCIA ARTIFICIAL,Periodo 2026 - 1S,SEGUNDO SEMESTRE,LEGALIZADA,HABILIDADES PARA LA VIDA,1,0.0,0.0,0.0,0.0,0.0,,41,
67456593,CIENCIA DE DATOS E INTELIGENCIA ARTIFICIAL,Periodo 2026 - 1S,SEGUNDO SEMESTRE,LEGALIZADA,PROBABILIDAD Y ESTADÍSTICA,1,0.0,0.0,0.0,0.0,0.0,,41,
67456593,CIENCIA DE DATOS E INTELIGENCIA ARTIFICIAL,Periodo 2026 - 1S,SEGUNDO SEMESTRE,LEGALIZADA,PROGRAMACIÓN 2,1,0.0,8.97,0.0,0.0,0.0,,41,
41893870,CIENCIA DE DATOS E INTELIGENCIA ARTIFICIAL,Periodo 2025 - 1S,PRIMER SEMESTRE,LEGALIZADA,ÁLGEBRA LINEAL,1,100.0,8.68,8.19,0.0,8.43,APROBADO,41,
41893870,CIENCIA DE DATOS E INTELIGENCIA ARTIFICIAL,Periodo 2025 - 1S,PRIMER SEMESTRE,LEGALIZADA,CÁLCULO EN UNA VARIABLE,1,100.0,7.46,8.81,0.0,8.13,APROBADO,41,
41893870,CIENCIA DE DATOS E INTELIGENCIA ARTIFICIAL,Periodo 2025 - 1S,PRIMER SEMESTRE,LEGALIZADA,COMUNICACIÓN EFECTIVA,1,100.0,9.3,9.66,0.0,9.48,APROBADO,41,
41893870,CIENCIA DE DATOS E INTELIGENCIA ARTIFICIAL,Periodo 2025 - 1S,PRIMER SEMESTRE,LEGALIZADA,FUNDAMENTOS DE METODOLOGÍA DE LA INVESTIGACIÓN,1,100.0,9.77,9.66,0.0,9.71,APROBADO,41,
41893870,CIENCIA DE DATOS E INTELIGENCIA ARTIFICIAL,Periodo 2025 - 1S,PRIMER SEMESTRE,LEGALIZADA,PROGRAMACIÓN 1,1,100.0,7.98,8.35,0.0,8.16,APROBADO,41,
41893870,CIENCIA DE DATOS E INTELIGENCIA ARTIFICIAL,Periodo 2025 - 2S,SEGUNDO SEMESTRE,LEGALIZADA,ESTRUCTURA DE DATOS,1,100.0,8.81,8.48,0.0,8.64,APROBADO,41,
41893870,CIENCIA DE DATOS E INTELIGENCIA ARTIFICIAL,Periodo 2025 - 2S,SEGUNDO SEMESTRE,LEGALIZADA,FUNDAMENTOS DE CIENCIA DE DATOS E INTELIGENCIA ARTIFICIAL,1,100.0,9.71,9.9,0.0,9.8,APROBADO,41,
41893870,CIENCIA DE DATOS E INTELIGENCIA ARTIFICIAL,Periodo 2025 - 2S,SEGUNDO SEMESTRE,LEGALIZADA,HABILIDADES PARA LA VIDA,1,92.0,9.7,9.13,0.0,9.41,APROBADO,41,
41893870,CIENCIA DE DATOS E INTELIGENCIA ARTIFICIAL,Periodo 2025 - 2S,SEGUNDO SEMESTRE,LEGALIZADA,PROBABILIDAD Y ESTADÍSTICA,1,93.0,9.41,9.76,0.0,9.58,APROBADO,41,
41893870,CIENCIA DE DATOS E INTELIGENCIA ARTIFICIAL,Periodo 2025 - 2S,SEGUNDO SEMESTRE,LEGALIZADA,PROGRAMACIÓN 2,1,100.0,9.67,9.94,0.0,9.8,APROBADO,41,
41893870,CIENCIA DE DATOS E INTELIGENCIA ARTIFICIAL,Periodo 2026 - 1S,TERCER SEMESTRE,LEGALIZADA,CÁLCULO EN VARIAS VARIABLES,1,0.0,0.0,0.0,0.0,0.0,,41,
41893870,CIENCIA DE DATOS E INTELIGENCIA ARTIFICIAL,Periodo 2026 - 1S,TERCER SEMESTRE,LEGALIZADA,CULTURA DIGITAL Y SOCIEDAD,1,0.0,0.0,0.0,0.0,0.0,,41,
41893870,CIENCIA DE DATOS E INTELIGENCIA ARTIFICIAL,Periodo 2026 - 1S,TERCER SEMESTRE,LEGALIZADA,DISEÑO EXPERIMENTAL,1,0.0,9.63,0.0,0.0,0.0,,41,
41893870,CIENCIA DE DATOS E INTELIGENCIA ARTIFICIAL,Periodo 2026 - 1S,TERCER SEMESTRE,LEGALIZADA,FUNDAMENTOS DE BASE DE DATOS,1,0.0,0.0,0.0,0.0,0.0,,41,
41893870,CIENCIA DE DATOS E INTELIGENCIA ARTIFICIAL,Periodo 2026 - 1S,TERCER SEMESTRE,LEGALIZADA,MODELAMIENTO,1,0.0,0.0,0.0,0.0,0.0,,41,
40307559,CIENCIA DE DATOS E INTELIGENCIA ARTIFICIAL,Periodo 2025 - 1S,PRIMER SEMESTRE,LEGALIZADA,ÁLGEBRA LINEAL,1,93.0,9.65,9.24,0.0,9.44,APROBADO,41,
40307559,CIENCIA DE DATOS E INTELIGENCIA ARTIFICIAL,Periodo 2025 - 1S,PRIMER SEMESTRE,LEGALIZADA,CÁLCULO EN UNA VARIABLE,1,93.0,9.22,7.59,0.0,8.4,APROBADO,41,
40307559,CIENCIA DE DATOS E INTELIGENCIA ARTIFICIAL,Periodo 2025 - 1S,PRIMER SEMESTRE,LEGALIZADA,COMUNICACIÓN EFECTIVA,1,93.0,9.53,9.26,0.0,9.39,APROBADO,41,
40307559,CIENCIA DE DATOS E INTELIGENCIA ARTIFICIAL,Periodo 2025 - 1S,PRIMER SEMESTRE,LEGALIZADA,FUNDAMENTOS DE METODOLOGÍA DE LA INVESTIGACIÓN,1,100.0,9.74,9.68,0.0,9.71,APROBADO,41,
40307559,CIENCIA DE DATOS E INTELIGENCIA ARTIFICIAL,Periodo 2025 - 1S,PRIMER SEMESTRE,LEGALIZADA,PROGRAMACIÓN 1,1,94.0,9.29,8.82,0.0,9.05,APROBADO,41,
40307559,CIENCIA DE DATOS E INTELIGENCIA ARTIFICIAL,Periodo 2025 - 2S,SEGUNDO SEMESTRE,LEGALIZADA,ESTRUCTURA DE DATOS,1,100.0,8.85,8.85,0.0,8.85,APROBADO,41,
40307559,CIENCIA DE DATOS E INTELIGENCIA ARTIFICIAL,Periodo 2025 - 2S,SEGUNDO SEMESTRE,LEGALIZADA,FUNDAMENTOS DE CIENCIA DE DATOS E INTELIGENCIA ARTIFICIAL,1,100.0,9.39,9.63,0.0,9.51,APROBADO,41,
40307559,CIENCIA DE DATOS E INTELIGENCIA ARTIFICIAL,Periodo 2025 - 2S,SEGUNDO SEMESTRE,LEGALIZADA,HABILIDADES PARA LA VIDA,1,85.0,8.95,9.45,0.0,9.2,APROBADO,41,
40307559,CIENCIA DE DATOS E INTELIGENCIA ARTIFICIAL,Periodo 2025 - 2S,SEGUNDO SEMESTRE,LEGALIZADA,PROBABILIDAD Y ESTADÍSTICA,1,100.0,8.92,9.19,0.0,9.05,APROBADO,41,
40307559,CIENCIA DE DATOS E INTELIGENCIA ARTIFICIAL,Periodo 2025 - 2S,SEGUNDO SEMESTRE,LEGALIZADA,PROGRAMACIÓN 2,1,100.0,9.36,9.77,0.0,9.56,APROBADO,41,
40307559,CIENCIA DE DATOS E INTELIGENCIA ARTIFICIAL,Periodo 2026 - 1S,TERCER SEMESTRE,LEGALIZADA,CÁLCULO EN VARIAS VARIABLES,1,0.0,0.0,0.0,0.0,0.0,,41,
40307559,CIENCIA DE DATOS E INTELIGENCIA ARTIFICIAL,Periodo 2026 - 1S,TERCER SEMESTRE,LEGALIZADA,CULTURA DIGITAL Y SOCIEDAD,1,0.0,0.0,0.0,0.0,0.0,,41,
40307559,CIENCIA DE DATOS E INTELIGENCIA ARTIFICIAL,Periodo 2026 - 1S,TERCER SEMESTRE,LEGALIZADA,DISEÑO EXPERIMENTAL,1,0.0,9.68,0.0,0.0,0.0,,41,
40307559,CIENCIA DE DATOS E INTELIGENCIA ARTIFICIAL,Periodo 2026 - 1S,TERCER SEMESTRE,LEGALIZADA,FUNDAMENTOS DE BASE DE DATOS,1,0.0,0.0,0.0,0.0,0.0,,41,
40307559,CIENCIA DE DATOS E INTELIGENCIA ARTIFICIAL,Periodo 2026 - 1S,TERCER SEMESTRE,LEGALIZADA,MODELAMIENTO,1,0.0,0.0,0.0,0.0,0.0,,41,
56004692,CIENCIA DE DATOS E INTELIGENCIA ARTIFICIAL,Periodo 2025 - 1S,PRIMER SEMESTRE,LEGALIZADA,ÁLGEBRA LINEAL,1,100.0,8.15,7.76,0.0,7.95,APROBADO,41,
56004692,CIENCIA DE DATOS E INTELIGENCIA ARTIFICIAL,Periodo 2025 - 1S,PRIMER SEMESTRE,LEGALIZADA,CÁLCULO EN UNA VARIABLE,1,93.0,8.62,7.73,0.0,8.17,APROBADO,41,
56004692,CIENCIA DE DATOS E INTELIGENCIA ARTIFICIAL,Periodo 2025 - 1S,PRIMER SEMESTRE,LEGALIZADA,COMUNICACIÓN EFECTIVA,1,100.0,9.04,9.42,0.0,9.23,APROBADO,41,
56004692,CIENCIA DE DATOS E INTELIGENCIA ARTIFICIAL,Periodo 2025 - 1S,PRIMER SEMESTRE,LEGALIZADA,FUNDAMENTOS DE METODOLOGÍA DE LA INVESTIGACIÓN,1,100.0,9.14,8.64,0.0,8.89,APROBADO,41,
56004692,CIENCIA DE DATOS E INTELIGENCIA ARTIFICIAL,Periodo 2025 - 1S,PRIMER SEMESTRE,LEGALIZADA,PROGRAMACIÓN 1,1,100.0,8.63,8.45,0.0,8.54,APROBADO,41,
56004692,CIENCIA DE DATOS E INTELIGENCIA ARTIFICIAL,Periodo 2025 - 2S,SEGUNDO SEMESTRE,LEGALIZADA,ESTRUCTURA DE DATOS,1,86.0,9.52,9.55,0.0,9.53,APROBADO,41,
56004692,CIENCIA DE DATOS E INTELIGENCIA ARTIFICIAL,Periodo 2025 - 2S,SEGUNDO SEMESTRE,LEGALIZADA,FUNDAMENTOS DE CIENCIA DE DATOS E INTELIGENCIA ARTIFICIAL,1,50.0,8.54,8.86,0.0,8.7,APROBADO,41,
56004692,CIENCIA DE DATOS E INTELIGENCIA ARTIFICIAL,Periodo 2025 - 2S,SEGUNDO SEMESTRE,LEGALIZADA,HABILIDADES PARA LA VIDA,1,93.0,8.65,7.43,0.0,8.04,APROBADO,41,
56004692,CIENCIA DE DATOS E INTELIGENCIA ARTIFICIAL,Periodo 2025 - 2S,SEGUNDO SEMESTRE,LEGALIZADA,PROBABILIDAD Y ESTADÍSTICA,1,94.0,7.83,8.89,0.0,8.36,APROBADO,41,
56004692,CIENCIA DE DATOS E INTELIGENCIA ARTIFICIAL,Periodo 2025 - 2S,SEGUNDO SEMESTRE,LEGALIZADA,PROGRAMACIÓN 2,1,92.0,7.68,9.65,0.0,8.66,APROBADO,41,
56004692,CIENCIA DE DATOS E INTELIGENCIA ARTIFICIAL,Periodo 2026 - 1S,TERCER SEMESTRE,LEGALIZADA,CÁLCULO EN VARIAS VARIABLES,1,0.0,0.0,0.0,0.0,0.0,,41,
56004692,CIENCIA DE DATOS E INTELIGENCIA ARTIFICIAL,Periodo 2026 - 1S,TERCER SEMESTRE,LEGALIZADA,CULTURA DIGITAL Y SOCIEDAD,1,0.0,0.0,0.0,0.0,0.0,,41,
56004692,CIENCIA DE DATOS E INTELIGENCIA ARTIFICIAL,Periodo 2026 - 1S,TERCER SEMESTRE,LEGALIZADA,DISEÑO EXPERIMENTAL,1,0.0,9.03,0.0,0.0,0.0,,41,
56004692,CIENCIA DE DATOS E INTELIGENCIA ARTIFICIAL,Periodo 2026 - 1S,TERCER SEMESTRE,LEGALIZADA,FUNDAMENTOS DE BASE DE DATOS,1,0.0,0.0,0.0,0.0,0.0,,41,
56004692,CIENCIA DE DATOS E INTELIGENCIA ARTIFICIAL,Periodo 2026 - 1S,TERCER SEMESTRE,LEGALIZADA,MODELAMIENTO,1,0.0,0.0,0.0,0.0,0.0,,41,
18202424,CIENCIA DE DATOS E INTELIGENCIA ARTIFICIAL,Periodo 2025 - 1S,PRIMER SEMESTRE,LEGALIZADA,ÁLGEBRA LINEAL,1,100.0,8.03,9.28,0.0,8.65,APROBADO,41,
18202424,CIENCIA DE DATOS E INTELIGENCIA ARTIFICIAL,Periodo 2025 - 1S,PRIMER SEMESTRE,LEGALIZADA,CÁLCULO EN UNA VARIABLE,1,100.0,7.53,7.17,0.0,7.35,APROBADO,41,
18202424,CIENCIA DE DATOS E INTELIGENCIA ARTIFICIAL,Periodo 2025 - 1S,PRIMER SEMESTRE,LEGALIZADA,COMUNICACIÓN EFECTIVA,1,93.0,7.62,8.95,0.0,8.28,APROBADO,41,
18202424,CIENCIA DE DATOS E INTELIGENCIA ARTIFICIAL,Periodo 2025 - 1S,PRIMER SEMESTRE,LEGALIZADA,FUNDAMENTOS DE METODOLOGÍA DE LA INVESTIGACIÓN,1,100.0,9.82,9.68,0.0,9.75,APROBADO,41,
18202424,CIENCIA DE DATOS E INTELIGENCIA ARTIFICIAL,Periodo 2025 - 1S,PRIMER SEMESTRE,LEGALIZADA,PROGRAMACIÓN 1,1,94.0,7.19,7.21,0.0,7.2,APROBADO,41,
18202424,CIENCIA DE DATOS E INTELIGENCIA ARTIFICIAL,Periodo 2025 - 2S,SEGUNDO SEMESTRE,LEGALIZADA,ESTRUCTURA DE DATOS,1,92.0,8.98,8.98,0.0,8.98,APROBADO,41,
18202424,CIENCIA DE DATOS E INTELIGENCIA ARTIFICIAL,Periodo 2025 - 2S,SEGUNDO SEMESTRE,LEGALIZADA,FUNDAMENTOS DE CIENCIA DE DATOS E INTELIGENCIA ARTIFICIAL,1,64.0,9.52,8.99,0.0,9.25,APROBADO,41,
18202424,CIENCIA DE DATOS E INTELIGENCIA ARTIFICIAL,Periodo 2025 - 2S,SEGUNDO SEMESTRE,LEGALIZADA,HABILIDADES PARA LA VIDA,1,85.0,9.28,9.36,0.0,9.32,APROBADO,41,
18202424,CIENCIA DE DATOS E INTELIGENCIA ARTIFICIAL,Periodo 2025 - 2S,SEGUNDO SEMESTRE,LEGALIZADA,PROBABILIDAD Y ESTADÍSTICA,1,80.0,9.31,9.48,0.0,9.39,APROBADO,41,
18202424,CIENCIA DE DATOS E INTELIGENCIA ARTIFICIAL,Periodo 2025 - 2S,SEGUNDO SEMESTRE,LEGALIZADA,PROGRAMACIÓN 2,1,92.0,9.04,10.0,0.0,9.52,APROBADO,41,
18202424,CIENCIA DE DATOS E INTELIGENCIA ARTIFICIAL,Periodo 2026 - 1S,TERCER SEMESTRE,LEGALIZADA,CÁLCULO EN VARIAS VARIABLES,1,0.0,0.0,0.0,0.0,0.0,,41,
18202424,CIENCIA DE DATOS E INTELIGENCIA ARTIFICIAL,Periodo 2026 - 1S,TERCER SEMESTRE,LEGALIZADA,CULTURA DIGITAL Y SOCIEDAD,1,0.0,0.0,0.0,0.0,0.0,,41,
18202424,CIENCIA DE DATOS E INTELIGENCIA ARTIFICIAL,Periodo 2026 - 1S,TERCER SEMESTRE,LEGALIZADA,DISEÑO EXPERIMENTAL,1,0.0,9.28,0.0,0.0,0.0,,41,
18202424,CIENCIA DE DATOS E INTELIGENCIA ARTIFICIAL,Periodo 2026 - 1S,TERCER SEMESTRE,LEGALIZADA,FUNDAMENTOS DE BASE DE DATOS,1,0.0,0.0,0.0,0.0,0.0,,41,
18202424,CIENCIA DE DATOS E INTELIGENCIA ARTIFICIAL,Periodo 2026 - 1S,TERCER SEMESTRE,LEGALIZADA,MODELAMIENTO,1,0.0,0.0,0.0,0.0,0.0,,41,
66215188,CIENCIA DE DATOS E INTELIGENCIA ARTIFICIAL,Periodo 2025 - 1S,PRIMER SEMESTRE,LEGALIZADA,ÁLGEBRA LINEAL,1,100.0,7.74,8.09,0.0,7.91,APROBADO,41,
66215188,CIENCIA DE DATOS E INTELIGENCIA ARTIFICIAL,Periodo 2025 - 1S,PRIMER SEMESTRE,LEGALIZADA,CÁLCULO EN UNA VARIABLE,1,93.0,8.28,7.15,0.0,7.71,APROBADO,41,
66215188,CIENCIA DE DATOS E INTELIGENCIA ARTIFICIAL,Periodo 2025 - 1S,PRIMER SEMESTRE,LEGALIZADA,COMUNICACIÓN EFECTIVA,1,93.0,8.67,9.24,0.0,8.95,APROBADO,41,
66215188,CIENCIA DE DATOS E INTELIGENCIA ARTIFICIAL,Periodo 2025 - 1S,PRIMER SEMESTRE,LEGALIZADA,FUNDAMENTOS DE METODOLOGÍA DE LA INVESTIGACIÓN,1,100.0,8.91,8.63,0.0,8.77,APROBADO,41,
66215188,CIENCIA DE DATOS E INTELIGENCIA ARTIFICIAL,Periodo 2025 - 1S,PRIMER SEMESTRE,LEGALIZADA,PROGRAMACIÓN 1,1,100.0,8.32,8.09,0.0,8.2,APROBADO,41,
66215188,CIENCIA DE DATOS E INTELIGENCIA ARTIFICIAL,Periodo 2025 - 2S,SEGUNDO SEMESTRE,LEGALIZADA,ESTRUCTURA DE DATOS,1,100.0,8.52,9.43,0.0,8.97,APROBADO,41,
66215188,CIENCIA DE DATOS E INTELIGENCIA ARTIFICIAL,Periodo 2025 - 2S,SEGUNDO SEMESTRE,LEGALIZADA,FUNDAMENTOS DE CIENCIA DE DATOS E INTELIGENCIA ARTIFICIAL,1,93.0,9.51,9.41,0.0,9.46,APROBADO,41,
66215188,CIENCIA DE DATOS E INTELIGENCIA ARTIFICIAL,Periodo 2025 - 2S,SEGUNDO SEMESTRE,LEGALIZADA,HABILIDADES PARA LA VIDA,1,100.0,8.91,8.84,0.0,8.87,APROBADO,41,
66215188,CIENCIA DE DATOS E INTELIGENCIA ARTIFICIAL,Periodo 2025 - 2S,SEGUNDO SEMESTRE,LEGALIZADA,PROBABILIDAD Y ESTADÍSTICA,1,94.0,8.68,10.0,0.0,9.34,APROBADO,41,
66215188,CIENCIA DE DATOS E INTELIGENCIA ARTIFICIAL,Periodo 2025 - 2S,SEGUNDO SEMESTRE,LEGALIZADA,PROGRAMACIÓN 2,1,92.0,8.29,9.78,0.0,9.03,APROBADO,41,
66215188,CIENCIA DE DATOS E INTELIGENCIA ARTIFICIAL,Periodo 2026 - 1S,TERCER SEMESTRE,LEGALIZADA,CÁLCULO EN VARIAS VARIABLES,1,0.0,0.0,0.0,0.0,0.0,,41,
66215188,CIENCIA DE DATOS E INTELIGENCIA ARTIFICIAL,Periodo 2026 - 1S,TERCER SEMESTRE,LEGALIZADA,CULTURA DIGITAL Y SOCIEDAD,1,0.0,0.0,0.0,0.0,0.0,,41,
66215188,CIENCIA DE DATOS E INTELIGENCIA ARTIFICIAL,Periodo 2026 - 1S,TERCER SEMESTRE,LEGALIZADA,DISEÑO EXPERIMENTAL,1,0.0,8.88,0.0,0.0,0.0,,41,
66215188,CIENCIA DE DATOS E INTELIGENCIA ARTIFICIAL,Periodo 2026 - 1S,TERCER SEMESTRE,LEGALIZADA,FUNDAMENTOS DE BASE DE DATOS,1,0.0,0.0,0.0,0.0,0.0,,41,
66215188,CIENCIA DE DATOS E INTELIGENCIA ARTIFICIAL,Periodo 2026 - 1S,TERCER SEMESTRE,LEGALIZADA,MODELAMIENTO,1,0.0,0.0,0.0,0.0,0.0,,41,
47072476,CIENCIA DE DATOS E INTELIGENCIA ARTIFICIAL,Periodo 2025 - 1S,PRIMER SEMESTRE,LEGALIZADA,ÁLGEBRA LINEAL,1,100.0,7.67,8.6,0.0,8.13,APROBADO,41,
47072476,CIENCIA DE DATOS E INTELIGENCIA ARTIFICIAL,Periodo 2025 - 1S,PRIMER SEMESTRE,LEGALIZADA,CÁLCULO EN UNA VARIABLE,1,93.0,9.15,7.99,0.0,8.57,APROBADO,41,
47072476,CIENCIA DE DATOS E INTELIGENCIA ARTIFICIAL,Periodo 2025 - 1S,PRIMER SEMESTRE,LEGALIZADA,COMUNICACIÓN EFECTIVA,1,100.0,9.0,8.66,0.0,8.83,APROBADO,41,
47072476,CIENCIA DE DATOS E INTELIGENCIA ARTIFICIAL,Periodo 2025 - 1S,PRIMER SEMESTRE,LEGALIZADA,FUNDAMENTOS DE METODOLOGÍA DE LA INVESTIGACIÓN,1,100.0,9.2,8.52,0.0,8.86,APROBADO,41,
47072476,CIENCIA DE DATOS E INTELIGENCIA ARTIFICIAL,Periodo 2025 - 1S,PRIMER SEMESTRE,LEGALIZADA,PROGRAMACIÓN 1,1,100.0,6.83,8.05,0.0,7.44,APROBADO,41,
47072476,CIENCIA DE DATOS E INTELIGENCIA ARTIFICIAL,Periodo 2025 - 2S,SEGUNDO SEMESTRE,LEGALIZADA,ESTRUCTURA DE DATOS,1,100.0,9.28,9.49,0.0,9.38,APROBADO,41,
47072476,CIENCIA DE DATOS E INTELIGENCIA ARTIFICIAL,Periodo 2025 - 2S,SEGUNDO SEMESTRE,LEGALIZADA,FUNDAMENTOS DE CIENCIA DE DATOS E INTELIGENCIA ARTIFICIAL,1,86.0,8.72,9.04,0.0,8.88,APROBADO,41,
47072476,CIENCIA DE DATOS E INTELIGENCIA ARTIFICIAL,Periodo 2025 - 2S,SEGUNDO SEMESTRE,LEGALIZADA,HABILIDADES PARA LA VIDA,1,86.0,8.22,8.08,0.0,8.15,APROBADO,41,
47072476,CIENCIA DE DATOS E INTELIGENCIA ARTIFICIAL,Periodo 2025 - 2S,SEGUNDO SEMESTRE,LEGALIZADA,PROBABILIDAD Y ESTADÍSTICA,1,94.0,7.59,9.42,0.0,8.5,APROBADO,41,
47072476,CIENCIA DE DATOS E INTELIGENCIA ARTIFICIAL,Periodo 2025 - 2S,SEGUNDO SEMESTRE,LEGALIZADA,PROGRAMACIÓN 2,1,100.0,8.01,9.48,0.0,8.74,APROBADO,41,
47072476,CIENCIA DE DATOS E INTELIGENCIA ARTIFICIAL,Periodo 2026 - 1S,TERCER SEMESTRE,LEGALIZADA,CÁLCULO EN VARIAS VARIABLES,1,0.0,0.0,0.0,0.0,0.0,,41,
47072476,CIENCIA DE DATOS E INTELIGENCIA ARTIFICIAL,Periodo 2026 - 1S,TERCER SEMESTRE,LEGALIZADA,CULTURA DIGITAL Y SOCIEDAD,1,0.0,0.0,0.0,0.0,0.0,,41,
47072476,CIENCIA DE DATOS E INTELIGENCIA ARTIFICIAL,Periodo 2026 - 1S,TERCER SEMESTRE,LEGALIZADA,DISEÑO EXPERIMENTAL,1,0.0,8.46,0.0,0.0,0.0,,41,
47072476,CIENCIA DE DATOS E INTELIGENCIA ARTIFICIAL,Periodo 2026 - 1S,TERCER SEMESTRE,LEGALIZADA,FUNDAMENTOS DE BASE DE DATOS,1,0.0,0.0,0.0,0.0,0.0,,41,
47072476,CIENCIA DE DATOS E INTELIGENCIA ARTIFICIAL,Periodo 2026 - 1S,TERCER SEMESTRE,LEGALIZADA,MODELAMIENTO,1,0.0,0.0,0.0,0.0,0.0,,41,
50287870,CIENCIA DE DATOS E INTELIGENCIA ARTIFICIAL,Periodo 2025 - 1S,PRIMER SEMESTRE,LEGALIZADA,ÁLGEBRA LINEAL,1,100.0,7.03,8.71,0.0,7.87,APROBADO,41,
50287870,CIENCIA DE DATOS E INTELIGENCIA ARTIFICIAL,Periodo 2025 - 1S,PRIMER SEMESTRE,LEGALIZADA,CÁLCULO EN UNA VARIABLE,1,93.0,9.0,7.89,0.0,8.44,APROBADO,41,
50287870,CIENCIA DE DATOS E INTELIGENCIA ARTIFICIAL,Periodo 2025 - 1S,PRIMER SEMESTRE,LEGALIZADA,COMUNICACIÓN EFECTIVA,1,71.0,9.06,9.24,0.0,9.15,APROBADO,41,
50287870,CIENCIA DE DATOS E INTELIGENCIA ARTIFICIAL,Periodo 2025 - 1S,PRIMER SEMESTRE,LEGALIZADA,FUNDAMENTOS DE METODOLOGÍA DE LA INVESTIGACIÓN,1,100.0,8.88,8.45,0.0,8.66,APROBADO,41,
50287870,CIENCIA DE DATOS E INTELIGENCIA ARTIFICIAL,Periodo 2025 - 1S,PRIMER SEMESTRE,LEGALIZADA,PROGRAMACIÓN 1,1,75.0,8.84,7.73,0.0,8.28,APROBADO,41,
50287870,CIENCIA DE DATOS E INTELIGENCIA ARTIFICIAL,Periodo 2025 - 2S,SEGUNDO SEMESTRE,LEGALIZADA,ESTRUCTURA DE DATOS,1,93.0,9.48,9.52,0.0,9.5,APROBADO,41,
50287870,CIENCIA DE DATOS E INTELIGENCIA ARTIFICIAL,Periodo 2025 - 2S,SEGUNDO SEMESTRE,LEGALIZADA,FUNDAMENTOS DE CIENCIA DE DATOS E INTELIGENCIA ARTIFICIAL,1,93.0,9.52,9.77,0.0,9.64,APROBADO,41,
50287870,CIENCIA DE DATOS E INTELIGENCIA ARTIFICIAL,Periodo 2025 - 2S,SEGUNDO SEMESTRE,LEGALIZADA,HABILIDADES PARA LA VIDA,1,57.0,9.48,9.08,0.0,9.28,APROBADO,41,
50287870,CIENCIA DE DATOS E INTELIGENCIA ARTIFICIAL,Periodo 2025 - 2S,SEGUNDO SEMESTRE,LEGALIZADA,PROBABILIDAD Y ESTADÍSTICA,1,75.0,9.16,8.99,0.0,9.07,APROBADO,41,
50287870,CIENCIA DE DATOS E INTELIGENCIA ARTIFICIAL,Periodo 2025 - 2S,SEGUNDO SEMESTRE,LEGALIZADA,PROGRAMACIÓN 2,1,100.0,7.43,9.95,0.0,8.69,APROBADO,41,
50287870,CIENCIA DE DATOS E INTELIGENCIA ARTIFICIAL,Periodo 2026 - 1S,TERCER SEMESTRE,LEGALIZADA,CÁLCULO EN VARIAS VARIABLES,1,0.0,0.0,0.0,0.0,0.0,,41,
50287870,CIENCIA DE DATOS E INTELIGENCIA ARTIFICIAL,Periodo 2026 - 1S,TERCER SEMESTRE,LEGALIZADA,CULTURA DIGITAL Y SOCIEDAD,1,0.0,0.0,0.0,0.0,0.0,,41,
50287870,CIENCIA DE DATOS E INTELIGENCIA ARTIFICIAL,Periodo 2026 - 1S,TERCER SEMESTRE,LEGALIZADA,DISEÑO EXPERIMENTAL,1,0.0,9.63,0.0,0.0,0.0,,41,
50287870,CIENCIA DE DATOS E INTELIGENCIA ARTIFICIAL,Periodo 2026 - 1S,TERCER SEMESTRE,LEGALIZADA,FUNDAMENTOS DE BASE DE DATOS,1,0.0,0.0,0.0,0.0,0.0,,41,
50287870,CIENCIA DE DATOS E INTELIGENCIA ARTIFICIAL,Periodo 2026 - 1S,TERCER SEMESTRE,LEGALIZADA,MODELAMIENTO,1,0.0,0.0,0.0,0.0,0.0,,41,
17716993,CIENCIA DE DATOS E INTELIGENCIA ARTIFICIAL,Periodo 2025 - 1S,PRIMER SEMESTRE,LEGALIZADA,ÁLGEBRA LINEAL,1,75.0,9.68,9.5,0.0,9.59,APROBADO,41,
17716993,CIENCIA DE DATOS E INTELIGENCIA ARTIFICIAL,Periodo 2025 - 1S,PRIMER SEMESTRE,LEGALIZADA,CÁLCULO EN UNA VARIABLE,1,81.0,9.93,9.69,0.0,9.81,APROBADO,41,
17716993,CIENCIA DE DATOS E INTELIGENCIA ARTIFICIAL,Periodo 2025 - 1S,PRIMER SEMESTRE,LEGALIZADA,COMUNICACIÓN EFECTIVA,1,50.0,9.87,8.61,0.0,9.24,APROBADO,41,
17716993,CIENCIA DE DATOS E INTELIGENCIA ARTIFICIAL,Periodo 2025 - 1S,PRIMER SEMESTRE,LEGALIZADA,FUNDAMENTOS DE METODOLOGÍA DE LA INVESTIGACIÓN,1,100.0,9.84,9.75,0.0,9.79,APROBADO,41,
17716993,CIENCIA DE DATOS E INTELIGENCIA ARTIFICIAL,Periodo 2025 - 1S,PRIMER SEMESTRE,LEGALIZADA,PROGRAMACIÓN 1,1,79.0,8.25,8.42,0.0,8.33,APROBADO,41,
17716993,CIENCIA DE DATOS E INTELIGENCIA ARTIFICIAL,Periodo 2025 - 2S,SEGUNDO SEMESTRE,LEGALIZADA,ESTRUCTURA DE DATOS,1,100.0,8.69,9.69,0.0,9.19,APROBADO,41,
17716993,CIENCIA DE DATOS E INTELIGENCIA ARTIFICIAL,Periodo 2025 - 2S,SEGUNDO SEMESTRE,LEGALIZADA,FUNDAMENTOS DE CIENCIA DE DATOS E INTELIGENCIA ARTIFICIAL,1,83.0,9.6,8.61,0.0,9.1,APROBADO,41,
17716993,CIENCIA DE DATOS E INTELIGENCIA ARTIFICIAL,Periodo 2025 - 2S,SEGUNDO SEMESTRE,LEGALIZADA,HABILIDADES PARA LA VIDA,1,77.0,9.74,9.34,0.0,9.54,APROBADO,41,
17716993,CIENCIA DE DATOS E INTELIGENCIA ARTIFICIAL,Periodo 2025 - 2S,SEGUNDO SEMESTRE,LEGALIZADA,PROBABILIDAD Y ESTADÍSTICA,1,81.0,9.12,9.18,0.0,9.15,APROBADO,41,
17716993,CIENCIA DE DATOS E INTELIGENCIA ARTIFICIAL,Periodo 2025 - 2S,SEGUNDO SEMESTRE,LEGALIZADA,PROGRAMACIÓN 2,1,85.0,8.77,9.78,0.0,9.27,APROBADO,41,
17716993,CIENCIA DE DATOS E INTELIGENCIA ARTIFICIAL,Periodo 2026 - 1S,TERCER SEMESTRE,LEGALIZADA,CÁLCULO EN VARIAS VARIABLES,1,0.0,0.0,0.0,0.0,0.0,,41,
17716993,CIENCIA DE DATOS E INTELIGENCIA ARTIFICIAL,Periodo 2026 - 1S,TERCER SEMESTRE,LEGALIZADA,CULTURA DIGITAL Y SOCIEDAD,1,0.0,0.0,0.0,0.0,0.0,,41,
17716993,CIENCIA DE DATOS E INTELIGENCIA ARTIFICIAL,Periodo 2026 - 1S,TERCER SEMESTRE,LEGALIZADA,DISEÑO EXPERIMENTAL,1,0.0,9.02,0.0,0.0,0.0,,41,
17716993,CIENCIA DE DATOS E INTELIGENCIA ARTIFICIAL,Periodo 2026 - 1S,TERCER SEMESTRE,LEGALIZADA,FUNDAMENTOS DE BASE DE DATOS,1,0.0,0.0,0.0,0.0,0.0,,41,
17716993,CIENCIA DE DATOS E INTELIGENCIA ARTIFICIAL,Periodo 2026 - 1S,TERCER SEMESTRE,LEGALIZADA,MODELAMIENTO,1,0.0,0.0,0.0,0.0,0.0,,41,
18060860,CIENCIA DE DATOS E INTELIGENCIA ARTIFICIAL,Periodo 2025 - 1S,PRIMER SEMESTRE,LEGALIZADA,ÁLGEBRA LINEAL,1,100.0,7.48,9.19,0.0,8.33,APROBADO,41,
18060860,CIENCIA DE DATOS E INTELIGENCIA ARTIFICIAL,Periodo 2025 - 1S,PRIMER SEMESTRE,LEGALIZADA,CÁLCULO EN UNA VARIABLE,1,93.0,8.48,7.01,0.0,7.74,APROBADO,41,
18060860,CIENCIA DE DATOS E INTELIGENCIA ARTIFICIAL,Periodo 2025 - 1S,PRIMER SEMESTRE,LEGALIZADA,COMUNICACIÓN EFECTIVA,1,100.0,8.94,8.69,0.0,8.81,APROBADO,41,
18060860,CIENCIA DE DATOS E INTELIGENCIA ARTIFICIAL,Periodo 2025 - 1S,PRIMER SEMESTRE,LEGALIZADA,FUNDAMENTOS DE METODOLOGÍA DE LA INVESTIGACIÓN,1,100.0,9.29,8.88,0.0,9.08,APROBADO,41,
18060860,CIENCIA DE DATOS E INTELIGENCIA ARTIFICIAL,Periodo 2025 - 1S,PRIMER SEMESTRE,LEGALIZADA,PROGRAMACIÓN 1,1,100.0,9.31,8.94,0.0,9.12,APROBADO,41,
18060860,CIENCIA DE DATOS E INTELIGENCIA ARTIFICIAL,Periodo 2025 - 2S,SEGUNDO SEMESTRE,LEGALIZADA,ESTRUCTURA DE DATOS,1,100.0,9.57,9.55,0.0,9.56,APROBADO,41,
18060860,CIENCIA DE DATOS E INTELIGENCIA ARTIFICIAL,Periodo 2025 - 2S,SEGUNDO SEMESTRE,LEGALIZADA,FUNDAMENTOS DE CIENCIA DE DATOS E INTELIGENCIA ARTIFICIAL,1,100.0,9.49,9.39,0.0,9.44,APROBADO,41,
18060860,CIENCIA DE DATOS E INTELIGENCIA ARTIFICIAL,Periodo 2025 - 2S,SEGUNDO SEMESTRE,LEGALIZADA,HABILIDADES PARA LA VIDA,1,100.0,9.27,9.33,0.0,9.3,APROBADO,41,
18060860,CIENCIA DE DATOS E INTELIGENCIA ARTIFICIAL,Periodo 2025 - 2S,SEGUNDO SEMESTRE,LEGALIZADA,PROBABILIDAD Y ESTADÍSTICA,1,100.0,9.01,8.84,0.0,8.92,APROBADO,41,
18060860,CIENCIA DE DATOS E INTELIGENCIA ARTIFICIAL,Periodo 2025 - 2S,SEGUNDO SEMESTRE,LEGALIZADA,PROGRAMACIÓN 2,1,100.0,8.97,9.5,0.0,9.23,APROBADO,41,
18060860,CIENCIA DE DATOS E INTELIGENCIA ARTIFICIAL,Periodo 2026 - 1S,TERCER SEMESTRE,LEGALIZADA,CÁLCULO EN VARIAS VARIABLES,1,0.0,0.0,0.0,0.0,0.0,,41,
18060860,CIENCIA DE DATOS E INTELIGENCIA ARTIFICIAL,Periodo 2026 - 1S,TERCER SEMESTRE,LEGALIZADA,CULTURA DIGITAL Y SOCIEDAD,1,0.0,0.0,0.0,0.0,0.0,,41,
18060860,CIENCIA DE DATOS E INTELIGENCIA ARTIFICIAL,Periodo 2026 - 1S,TERCER SEMESTRE,LEGALIZADA,DISEÑO EXPERIMENTAL,1,0.0,9.58,0.0,0.0,0.0,,41,
18060860,CIENCIA DE DATOS E INTELIGENCIA ARTIFICIAL,Periodo 2026 - 1S,TERCER SEMESTRE,LEGALIZADA,FUNDAMENTOS DE BASE DE DATOS,1,0.0,0.0,0.0,0.0,0.0,,41,
18060860,CIENCIA DE DATOS E INTELIGENCIA ARTIFICIAL,Periodo 2026 - 1S,TERCER SEMESTRE,LEGALIZADA,MODELAMIENTO,1,0.0,0.0,0.0,0.0,0.0,,41,
69552981,CIENCIA DE DATOS E INTELIGENCIA ARTIFICIAL,Periodo 2025 - 1S,PRIMER SEMESTRE,LEGALIZADA,ÁLGEBRA LINEAL,1,79.0,8.62,8.78,0.0,8.7,APROBADO,41,
69552981,CIENCIA DE DATOS E INTELIGENCIA ARTIFICIAL,Periodo 2025 - 1S,PRIMER SEMESTRE,LEGALIZADA,CÁLCULO EN UNA VARIABLE,1,86.0,7.32,7.17,0.0,7.24,APROBADO,41,
69552981,CIENCIA DE DATOS E INTELIGENCIA ARTIFICIAL,Periodo 2025 - 1S,PRIMER SEMESTRE,LEGALIZADA,COMUNICACIÓN EFECTIVA,1,86.0,8.53,9.09,0.0,8.81,APROBADO,41,
69552981,CIENCIA DE DATOS E INTELIGENCIA ARTIFICIAL,Periodo 2025 - 1S,PRIMER SEMESTRE,LEGALIZADA,FUNDAMENTOS DE METODOLOGÍA DE LA INVESTIGACIÓN,1,100.0,9.27,9.33,0.0,9.3,APROBADO,41,
69552981,CIENCIA DE DATOS E INTELIGENCIA ARTIFICIAL,Periodo 2025 - 1S,PRIMER SEMESTRE,LEGALIZADA,PROGRAMACIÓN 1,1,94.0,8.31,6.94,0.0,7.62,APROBADO,41,
69552981,CIENCIA DE DATOS E INTELIGENCIA ARTIFICIAL,Periodo 2025 - 2S,SEGUNDO SEMESTRE,LEGALIZADA,ESTRUCTURA DE DATOS,1,100.0,9.16,9.16,0.0,9.16,APROBADO,41,
69552981,CIENCIA DE DATOS E INTELIGENCIA ARTIFICIAL,Periodo 2025 - 2S,SEGUNDO SEMESTRE,LEGALIZADA,FUNDAMENTOS DE CIENCIA DE DATOS E INTELIGENCIA ARTIFICIAL,1,93.0,8.45,8.35,0.0,8.4,APROBADO,41,
69552981,CIENCIA DE DATOS E INTELIGENCIA ARTIFICIAL,Periodo 2025 - 2S,SEGUNDO SEMESTRE,LEGALIZADA,HABILIDADES PARA LA VIDA,1,92.0,8.76,8.49,0.0,8.62,APROBADO,41,
69552981,CIENCIA DE DATOS E INTELIGENCIA ARTIFICIAL,Periodo 2025 - 2S,SEGUNDO SEMESTRE,LEGALIZADA,PROBABILIDAD Y ESTADÍSTICA,1,100.0,8.96,8.11,0.0,8.53,APROBADO,41,
69552981,CIENCIA DE DATOS E INTELIGENCIA ARTIFICIAL,Periodo 2025 - 2S,SEGUNDO SEMESTRE,LEGALIZADA,PROGRAMACIÓN 2,1,100.0,8.66,8.9,0.0,8.78,APROBADO,41,
69552981,CIENCIA DE DATOS E INTELIGENCIA ARTIFICIAL,Periodo 2026 - 1S,TERCER SEMESTRE,LEGALIZADA,CÁLCULO EN VARIAS VARIABLES,1,0.0,0.0,0.0,0.0,0.0,,41,
69552981,CIENCIA DE DATOS E INTELIGENCIA ARTIFICIAL,Periodo 2026 - 1S,TERCER SEMESTRE,LEGALIZADA,CULTURA DIGITAL Y SOCIEDAD,1,0.0,0.0,0.0,0.0,0.0,,41,
69552981,CIENCIA DE DATOS E INTELIGENCIA ARTIFICIAL,Periodo 2026 - 1S,TERCER SEMESTRE,LEGALIZADA,DISEÑO EXPERIMENTAL,1,0.0,8.62,0.0,0.0,0.0,,41,
69552981,CIENCIA DE DATOS E INTELIGENCIA ARTIFICIAL,Periodo 2026 - 1S,TERCER SEMESTRE,LEGALIZADA,FUNDAMENTOS DE BASE DE DATOS,1,0.0,0.0,0.0,0.0,0.0,,41,
69552981,CIENCIA DE DATOS E INTELIGENCIA ARTIFICIAL,Periodo 2026 - 1S,TERCER SEMESTRE,LEGALIZADA,MODELAMIENTO,1,0.0,0.0,0.0,0.0,0.0,,41,
94004046,CIENCIA DE DATOS E INTELIGENCIA ARTIFICIAL,Periodo 2025 - 1S,PRIMER SEMESTRE,LEGALIZADA,ÁLGEBRA LINEAL,1,93.0,8.32,8.06,0.0,8.19,APROBADO,41,
94004046,CIENCIA DE DATOS E INTELIGENCIA ARTIFICIAL,Periodo 2025 - 1S,PRIMER SEMESTRE,LEGALIZADA,CÁLCULO EN UNA VARIABLE,1,86.0,6.22,6.67,7.7,7.07,APROBADO,41,
94004046,CIENCIA DE DATOS E INTELIGENCIA ARTIFICIAL,Periodo 2025 - 1S,PRIMER SEMESTRE,LEGALIZADA,COMUNICACIÓN EFECTIVA,1,71.0,6.96,8.67,0.0,7.81,APROBADO,41,
94004046,CIENCIA DE DATOS E INTELIGENCIA ARTIFICIAL,Periodo 2025 - 1S,PRIMER SEMESTRE,LEGALIZADA,FUNDAMENTOS DE METODOLOGÍA DE LA INVESTIGACIÓN,1,100.0,8.96,9.43,0.0,9.19,APROBADO,41,
94004046,CIENCIA DE DATOS E INTELIGENCIA ARTIFICIAL,Periodo 2025 - 1S,PRIMER SEMESTRE,LEGALIZADA,PROGRAMACIÓN 1,1,88.0,6.67,6.67,10.0,8.33,APROBADO,41,
94004046,CIENCIA DE DATOS E INTELIGENCIA ARTIFICIAL,Periodo 2025 - 2S,SEGUNDO SEMESTRE,RETIRO,ESTRUCTURA DE DATOS,1,0.0,0.0,0.0,0.0,0.0,RETIRO,41,
94004046,CIENCIA DE DATOS E INTELIGENCIA ARTIFICIAL,Periodo 2025 - 2S,SEGUNDO SEMESTRE,RETIRO,FUNDAMENTOS DE CIENCIA DE DATOS E INTELIGENCIA ARTIFICIAL,1,0.0,0.0,0.0,0.0,0.0,RETIRO,41,
94004046,CIENCIA DE DATOS E INTELIGENCIA ARTIFICIAL,Periodo 2025 - 2S,SEGUNDO SEMESTRE,RETIRO,HABILIDADES PARA LA VIDA,1,0.0,0.0,0.0,0.0,0.0,RETIRO,41,
94004046,CIENCIA DE DATOS E INTELIGENCIA ARTIFICIAL,Periodo 2025 - 2S,SEGUNDO SEMESTRE,RETIRO,PROBABILIDAD Y ESTADÍSTICA,1,0.0,0.0,0.0,0.0,0.0,RETIRO,41,
94004046,CIENCIA DE DATOS E INTELIGENCIA ARTIFICIAL,Periodo 2025 - 2S,SEGUNDO SEMESTRE,RETIRO,PROGRAMACIÓN 2,1,0.0,0.0,0.0,0.0,0.0,RETIRO,41,
94004046,CIENCIA DE DATOS E INTELIGENCIA ARTIFICIAL,Periodo 2026 - 1S,SEGUNDO SEMESTRE,LEGALIZADA,ESTRUCTURA DE DATOS,1,0.0,8.1,0.0,0.0,0.0,,41,
94004046,CIENCIA DE DATOS E INTELIGENCIA ARTIFICIAL,Periodo 2026 - 1S,SEGUNDO SEMESTRE,LEGALIZADA,FUNDAMENTOS DE CIENCIA DE DATOS E INTELIGENCIA ARTIFICIAL,1,0.0,0.0,0.0,0.0,0.0,,41,
94004046,CIENCIA DE DATOS E INTELIGENCIA ARTIFICIAL,Periodo 2026 - 1S,SEGUNDO SEMESTRE,LEGALIZADA,HABILIDADES PARA LA VIDA,1,0.0,0.0,0.0,0.0,0.0,,41,
94004046,CIENCIA DE DATOS E INTELIGENCIA ARTIFICIAL,Periodo 2026 - 1S,SEGUNDO SEMESTRE,LEGALIZADA,PROBABILIDAD Y ESTADÍSTICA,1,0.0,0.0,0.0,0.0,0.0,,41,
94004046,CIENCIA DE DATOS E INTELIGENCIA ARTIFICIAL,Periodo 2026 - 1S,SEGUNDO SEMESTRE,LEGALIZADA,PROGRAMACIÓN 2,1,0.0,7.3,0.0,0.0,0.0,,41,
59600007,CIENCIA DE DATOS E INTELIGENCIA ARTIFICIAL,Periodo 2025 - 1S,PRIMER SEMESTRE,LEGALIZADA,ÁLGEBRA LINEAL,1,71.0,7.6,7.68,0.0,7.64,APROBADO,41,
59600007,CIENCIA DE DATOS E INTELIGENCIA ARTIFICIAL,Periodo 2025 - 1S,PRIMER SEMESTRE,LEGALIZADA,CÁLCULO EN UNA VARIABLE,1,86.0,8.25,7.92,0.0,8.08,APROBADO,41,
59600007,CIENCIA DE DATOS E INTELIGENCIA ARTIFICIAL,Periodo 2025 - 1S,PRIMER SEMESTRE,LEGALIZADA,COMUNICACIÓN EFECTIVA,1,79.0,6.64,9.12,0.0,7.88,APROBADO,41,
59600007,CIENCIA DE DATOS E INTELIGENCIA ARTIFICIAL,Periodo 2025 - 1S,PRIMER SEMESTRE,LEGALIZADA,FUNDAMENTOS DE METODOLOGÍA DE LA INVESTIGACIÓN,1,85.0,8.58,9.71,0.0,9.14,APROBADO,41,
59600007,CIENCIA DE DATOS E INTELIGENCIA ARTIFICIAL,Periodo 2025 - 1S,PRIMER SEMESTRE,LEGALIZADA,PROGRAMACIÓN 1,1,69.0,7.86,7.2,0.0,7.53,APROBADO,41,
59600007,CIENCIA DE DATOS E INTELIGENCIA ARTIFICIAL,Periodo 2025 - 2S,SEGUNDO SEMESTRE,LEGALIZADA,ESTRUCTURA DE DATOS,1,75.0,8.35,8.17,0.0,8.26,APROBADO,41,
59600007,CIENCIA DE DATOS E INTELIGENCIA ARTIFICIAL,Periodo 2025 - 2S,SEGUNDO SEMESTRE,LEGALIZADA,FUNDAMENTOS DE CIENCIA DE DATOS E INTELIGENCIA ARTIFICIAL,1,57.0,8.42,8.74,0.0,8.58,APROBADO,41,
59600007,CIENCIA DE DATOS E INTELIGENCIA ARTIFICIAL,Periodo 2025 - 2S,SEGUNDO SEMESTRE,LEGALIZADA,HABILIDADES PARA LA VIDA,1,54.0,9.03,8.76,0.0,8.89,APROBADO,41,
59600007,CIENCIA DE DATOS E INTELIGENCIA ARTIFICIAL,Periodo 2025 - 2S,SEGUNDO SEMESTRE,LEGALIZADA,PROBABILIDAD Y ESTADÍSTICA,1,73.0,8.67,8.41,0.0,8.54,APROBADO,41,
59600007,CIENCIA DE DATOS E INTELIGENCIA ARTIFICIAL,Periodo 2025 - 2S,SEGUNDO SEMESTRE,LEGALIZADA,PROGRAMACIÓN 2,1,92.0,7.09,8.91,0.0,8.0,APROBADO,41,
59600007,CIENCIA DE DATOS E INTELIGENCIA ARTIFICIAL,Periodo 2026 - 1S,TERCER SEMESTRE,LEGALIZADA,CÁLCULO EN VARIAS VARIABLES,1,0.0,0.0,0.0,0.0,0.0,,41,
59600007,CIENCIA DE DATOS E INTELIGENCIA ARTIFICIAL,Periodo 2026 - 1S,TERCER SEMESTRE,LEGALIZADA,CULTURA DIGITAL Y SOCIEDAD,1,0.0,0.0,0.0,0.0,0.0,,41,
59600007,CIENCIA DE DATOS E INTELIGENCIA ARTIFICIAL,Periodo 2026 - 1S,TERCER SEMESTRE,LEGALIZADA,DISEÑO EXPERIMENTAL,1,0.0,9.21,0.0,0.0,0.0,,41,
59600007,CIENCIA DE DATOS E INTELIGENCIA ARTIFICIAL,Periodo 2026 - 1S,TERCER SEMESTRE,LEGALIZADA,FUNDAMENTOS DE BASE DE DATOS,1,0.0,0.0,0.0,0.0,0.0,,41,
59600007,CIENCIA DE DATOS E INTELIGENCIA ARTIFICIAL,Periodo 2026 - 1S,TERCER SEMESTRE,LEGALIZADA,MODELAMIENTO,1,0.0,0.0,0.0,0.0,0.0,,41,
56727744,CIENCIA DE DATOS E INTELIGENCIA ARTIFICIAL,Periodo 2025 - 1S,PRIMER SEMESTRE,LEGALIZADA,ÁLGEBRA LINEAL,1,100.0,9.22,9.26,0.0,9.24,APROBADO,41,
56727744,CIENCIA DE DATOS E INTELIGENCIA ARTIFICIAL,Periodo 2025 - 1S,PRIMER SEMESTRE,LEGALIZADA,CÁLCULO EN UNA VARIABLE,1,93.0,7.85,8.12,0.0,7.98,APROBADO,41,
56727744,CIENCIA DE DATOS E INTELIGENCIA ARTIFICIAL,Periodo 2025 - 1S,PRIMER SEMESTRE,LEGALIZADA,COMUNICACIÓN EFECTIVA,1,93.0,9.52,8.86,0.0,9.19,APROBADO,41,
56727744,CIENCIA DE DATOS E INTELIGENCIA ARTIFICIAL,Periodo 2025 - 1S,PRIMER SEMESTRE,LEGALIZADA,FUNDAMENTOS DE METODOLOGÍA DE LA INVESTIGACIÓN,1,100.0,9.66,9.68,0.0,9.67,APROBADO,41,
56727744,CIENCIA DE DATOS E INTELIGENCIA ARTIFICIAL,Periodo 2025 - 1S,PRIMER SEMESTRE,LEGALIZADA,PROGRAMACIÓN 1,1,81.0,4.79,7.87,9.0,7.66,APROBADO,41,
56727744,CIENCIA DE DATOS E INTELIGENCIA ARTIFICIAL,Periodo 2025 - 2S,SEGUNDO SEMESTRE,LEGALIZADA,ESTRUCTURA DE DATOS,1,92.0,8.62,8.62,0.0,8.62,APROBADO,41,
56727744,CIENCIA DE DATOS E INTELIGENCIA ARTIFICIAL,Periodo 2025 - 2S,SEGUNDO SEMESTRE,LEGALIZADA,FUNDAMENTOS DE CIENCIA DE DATOS E INTELIGENCIA ARTIFICIAL,1,86.0,9.31,8.37,0.0,8.84,APROBADO,41,
56727744,CIENCIA DE DATOS E INTELIGENCIA ARTIFICIAL,Periodo 2025 - 2S,SEGUNDO SEMESTRE,LEGALIZADA,HABILIDADES PARA LA VIDA,1,69.0,9.01,9.16,0.0,9.08,APROBADO,41,
56727744,CIENCIA DE DATOS E INTELIGENCIA ARTIFICIAL,Periodo 2025 - 2S,SEGUNDO SEMESTRE,LEGALIZADA,PROBABILIDAD Y ESTADÍSTICA,1,93.0,8.63,9.08,0.0,8.85,APROBADO,41,
56727744,CIENCIA DE DATOS E INTELIGENCIA ARTIFICIAL,Periodo 2025 - 2S,SEGUNDO SEMESTRE,LEGALIZADA,PROGRAMACIÓN 2,1,100.0,9.59,9.9,0.0,9.74,APROBADO,41,
56727744,CIENCIA DE DATOS E INTELIGENCIA ARTIFICIAL,Periodo 2026 - 1S,TERCER SEMESTRE,LEGALIZADA,CÁLCULO EN VARIAS VARIABLES,1,0.0,0.0,0.0,0.0,0.0,,41,
56727744,CIENCIA DE DATOS E INTELIGENCIA ARTIFICIAL,Periodo 2026 - 1S,TERCER SEMESTRE,LEGALIZADA,CULTURA DIGITAL Y SOCIEDAD,1,0.0,0.0,0.0,0.0,0.0,,41,
56727744,CIENCIA DE DATOS E INTELIGENCIA ARTIFICIAL,Periodo 2026 - 1S,TERCER SEMESTRE,LEGALIZADA,DISEÑO EXPERIMENTAL,1,0.0,9.18,0.0,0.0,0.0,,41,
56727744,CIENCIA DE DATOS E INTELIGENCIA ARTIFICIAL,Periodo 2026 - 1S,TERCER SEMESTRE,LEGALIZADA,FUNDAMENTOS DE BASE DE DATOS,1,0.0,0.0,0.0,0.0,0.0,,41,
56727744,CIENCIA DE DATOS E INTELIGENCIA ARTIFICIAL,Periodo 2026 - 1S,TERCER SEMESTRE,LEGALIZADA,MODELAMIENTO,1,0.0,0.0,0.0,0.0,0.0,,41,
63275821,CIENCIA DE DATOS E INTELIGENCIA ARTIFICIAL,Periodo 2025 - 1S,PRIMER SEMESTRE,LEGALIZADA,ÁLGEBRA LINEAL,1,100.0,9.06,8.23,0.0,8.64,APROBADO,41,
63275821,CIENCIA DE DATOS E INTELIGENCIA ARTIFICIAL,Periodo 2025 - 1S,PRIMER SEMESTRE,LEGALIZADA,CÁLCULO EN UNA VARIABLE,1,93.0,7.97,8.47,0.0,8.22,APROBADO,41,
63275821,CIENCIA DE DATOS E INTELIGENCIA ARTIFICIAL,Periodo 2025 - 1S,PRIMER SEMESTRE,LEGALIZADA,COMUNICACIÓN EFECTIVA,1,86.0,9.1,9.42,0.0,9.26,APROBADO,41,
63275821,CIENCIA DE DATOS E INTELIGENCIA ARTIFICIAL,Periodo 2025 - 1S,PRIMER SEMESTRE,LEGALIZADA,FUNDAMENTOS DE METODOLOGÍA DE LA INVESTIGACIÓN,1,100.0,9.07,9.59,0.0,9.33,APROBADO,41,
63275821,CIENCIA DE DATOS E INTELIGENCIA ARTIFICIAL,Periodo 2025 - 1S,PRIMER SEMESTRE,LEGALIZADA,PROGRAMACIÓN 1,1,94.0,8.02,7.88,0.0,7.95,APROBADO,41,
63275821,CIENCIA DE DATOS E INTELIGENCIA ARTIFICIAL,Periodo 2025 - 2S,SEGUNDO SEMESTRE,LEGALIZADA,ESTRUCTURA DE DATOS,1,100.0,9.59,9.53,0.0,9.56,APROBADO,41,
63275821,CIENCIA DE DATOS E INTELIGENCIA ARTIFICIAL,Periodo 2025 - 2S,SEGUNDO SEMESTRE,LEGALIZADA,FUNDAMENTOS DE CIENCIA DE DATOS E INTELIGENCIA ARTIFICIAL,1,93.0,9.43,9.32,0.0,9.37,APROBADO,41,
63275821,CIENCIA DE DATOS E INTELIGENCIA ARTIFICIAL,Periodo 2025 - 2S,SEGUNDO SEMESTRE,LEGALIZADA,HABILIDADES PARA LA VIDA,1,79.0,9.51,8.71,0.0,9.11,APROBADO,41,
63275821,CIENCIA DE DATOS E INTELIGENCIA ARTIFICIAL,Periodo 2025 - 2S,SEGUNDO SEMESTRE,LEGALIZADA,PROBABILIDAD Y ESTADÍSTICA,1,88.0,9.36,9.07,0.0,9.21,APROBADO,41,
63275821,CIENCIA DE DATOS E INTELIGENCIA ARTIFICIAL,Periodo 2025 - 2S,SEGUNDO SEMESTRE,LEGALIZADA,PROGRAMACIÓN 2,1,100.0,8.8,9.74,0.0,9.27,APROBADO,41,
63275821,CIENCIA DE DATOS E INTELIGENCIA ARTIFICIAL,Periodo 2026 - 1S,TERCER SEMESTRE,LEGALIZADA,CÁLCULO EN VARIAS VARIABLES,1,0.0,0.0,0.0,0.0,0.0,,41,
63275821,CIENCIA DE DATOS E INTELIGENCIA ARTIFICIAL,Periodo 2026 - 1S,TERCER SEMESTRE,LEGALIZADA,CULTURA DIGITAL Y SOCIEDAD,1,0.0,0.0,0.0,0.0,0.0,,41,
63275821,CIENCIA DE DATOS E INTELIGENCIA ARTIFICIAL,Periodo 2026 - 1S,TERCER SEMESTRE,LEGALIZADA,DISEÑO EXPERIMENTAL,1,0.0,8.67,0.0,0.0,0.0,,41,
63275821,CIENCIA DE DATOS E INTELIGENCIA ARTIFICIAL,Periodo 2026 - 1S,TERCER SEMESTRE,LEGALIZADA,FUNDAMENTOS DE BASE DE DATOS,1,0.0,0.0,0.0,0.0,0.0,,41,
63275821,CIENCIA DE DATOS E INTELIGENCIA ARTIFICIAL,Periodo 2026 - 1S,TERCER SEMESTRE,LEGALIZADA,MODELAMIENTO,1,0.0,0.0,0.0,0.0,0.0,,41,
82156906,CIENCIA DE DATOS E INTELIGENCIA ARTIFICIAL,Periodo 2025 - 1S,PRIMER SEMESTRE,LEGALIZADA,ÁLGEBRA LINEAL,1,100.0,9.17,9.66,0.0,9.41,APROBADO,41,
82156906,CIENCIA DE DATOS E INTELIGENCIA ARTIFICIAL,Periodo 2025 - 1S,PRIMER SEMESTRE,LEGALIZADA,CÁLCULO EN UNA VARIABLE,1,100.0,8.42,7.23,0.0,7.82,APROBADO,41,
82156906,CIENCIA DE DATOS E INTELIGENCIA ARTIFICIAL,Periodo 2025 - 1S,PRIMER SEMESTRE,LEGALIZADA,COMUNICACIÓN EFECTIVA,1,93.0,9.16,9.46,0.0,9.31,APROBADO,41,
82156906,CIENCIA DE DATOS E INTELIGENCIA ARTIFICIAL,Periodo 2025 - 1S,PRIMER SEMESTRE,LEGALIZADA,FUNDAMENTOS DE METODOLOGÍA DE LA INVESTIGACIÓN,1,100.0,9.63,7.11,0.0,8.37,APROBADO,41,
82156906,CIENCIA DE DATOS E INTELIGENCIA ARTIFICIAL,Periodo 2025 - 1S,PRIMER SEMESTRE,LEGALIZADA,PROGRAMACIÓN 1,1,100.0,7.59,7.99,0.0,7.79,APROBADO,41,
82156906,CIENCIA DE DATOS E INTELIGENCIA ARTIFICIAL,Periodo 2025 - 2S,SEGUNDO SEMESTRE,LEGALIZADA,ESTRUCTURA DE DATOS,1,83.0,8.91,8.91,0.0,8.91,APROBADO,41,
82156906,CIENCIA DE DATOS E INTELIGENCIA ARTIFICIAL,Periodo 2025 - 2S,SEGUNDO SEMESTRE,LEGALIZADA,FUNDAMENTOS DE CIENCIA DE DATOS E INTELIGENCIA ARTIFICIAL,1,71.0,8.04,8.98,0.0,8.51,APROBADO,41,
82156906,CIENCIA DE DATOS E INTELIGENCIA ARTIFICIAL,Periodo 2025 - 2S,SEGUNDO SEMESTRE,LEGALIZADA,HABILIDADES PARA LA VIDA,1,92.0,9.65,9.48,0.0,9.56,APROBADO,41,
82156906,CIENCIA DE DATOS E INTELIGENCIA ARTIFICIAL,Periodo 2025 - 2S,SEGUNDO SEMESTRE,LEGALIZADA,PROBABILIDAD Y ESTADÍSTICA,1,93.0,9.34,9.06,0.0,9.2,APROBADO,41,
82156906,CIENCIA DE DATOS E INTELIGENCIA ARTIFICIAL,Periodo 2025 - 2S,SEGUNDO SEMESTRE,LEGALIZADA,PROGRAMACIÓN 2,1,100.0,9.25,9.39,0.0,9.32,APROBADO,41,
82156906,CIENCIA DE DATOS E INTELIGENCIA ARTIFICIAL,Periodo 2026 - 1S,TERCER SEMESTRE,LEGALIZADA,CÁLCULO EN VARIAS VARIABLES,1,0.0,0.0,0.0,0.0,0.0,,41,
82156906,CIENCIA DE DATOS E INTELIGENCIA ARTIFICIAL,Periodo 2026 - 1S,TERCER SEMESTRE,LEGALIZADA,CULTURA DIGITAL Y SOCIEDAD,1,0.0,0.0,0.0,0.0,0.0,,41,
82156906,CIENCIA DE DATOS E INTELIGENCIA ARTIFICIAL,Periodo 2026 - 1S,TERCER SEMESTRE,LEGALIZADA,DISEÑO EXPERIMENTAL,1,0.0,8.36,0.0,0.0,0.0,,41,
82156906,CIENCIA DE DATOS E INTELIGENCIA ARTIFICIAL,Periodo 2026 - 1S,TERCER SEMESTRE,LEGALIZADA,FUNDAMENTOS DE BASE DE DATOS,1,0.0,0.0,0.0,0.0,0.0,,41,
82156906,CIENCIA DE DATOS E INTELIGENCIA ARTIFICIAL,Periodo 2026 - 1S,TERCER SEMESTRE,LEGALIZADA,MODELAMIENTO,1,0.0,0.0,0.0,0.0,0.0,,41,
78597735,CIENCIA DE DATOS E INTELIGENCIA ARTIFICIAL,Periodo 2025 - 1S,PRIMER SEMESTRE,LEGALIZADA,ÁLGEBRA LINEAL,1,88.0,7.37,7.96,0.0,7.66,APROBADO,41,
78597735,CIENCIA DE DATOS E INTELIGENCIA ARTIFICIAL,Periodo 2025 - 1S,PRIMER SEMESTRE,LEGALIZADA,CÁLCULO EN UNA VARIABLE,1,75.0,7.11,7.83,0.0,7.47,APROBADO,41,
78597735,CIENCIA DE DATOS E INTELIGENCIA ARTIFICIAL,Periodo 2025 - 1S,PRIMER SEMESTRE,LEGALIZADA,COMUNICACIÓN EFECTIVA,1,75.0,8.53,8.65,0.0,8.59,APROBADO,41,
78597735,CIENCIA DE DATOS E INTELIGENCIA ARTIFICIAL,Periodo 2025 - 1S,PRIMER SEMESTRE,LEGALIZADA,FUNDAMENTOS DE METODOLOGÍA DE LA INVESTIGACIÓN,1,100.0,9.18,9.18,0.0,9.18,APROBADO,41,
78597735,CIENCIA DE DATOS E INTELIGENCIA ARTIFICIAL,Periodo 2025 - 1S,PRIMER SEMESTRE,LEGALIZADA,PROGRAMACIÓN 1,1,57.0,8.22,7.16,0.0,7.69,APROBADO,41,
78597735,CIENCIA DE DATOS E INTELIGENCIA ARTIFICIAL,Periodo 2025 - 2S,SEGUNDO SEMESTRE,LEGALIZADA,ESTRUCTURA DE DATOS,1,83.0,7.98,8.4,0.0,8.19,APROBADO,41,
78597735,CIENCIA DE DATOS E INTELIGENCIA ARTIFICIAL,Periodo 2025 - 2S,SEGUNDO SEMESTRE,LEGALIZADA,FUNDAMENTOS DE CIENCIA DE DATOS E INTELIGENCIA ARTIFICIAL,1,92.0,8.86,7.79,0.0,8.32,APROBADO,41,
78597735,CIENCIA DE DATOS E INTELIGENCIA ARTIFICIAL,Periodo 2025 - 2S,SEGUNDO SEMESTRE,LEGALIZADA,HABILIDADES PARA LA VIDA,1,69.0,8.21,7.78,0.0,7.99,APROBADO,41,
78597735,CIENCIA DE DATOS E INTELIGENCIA ARTIFICIAL,Periodo 2025 - 2S,SEGUNDO SEMESTRE,LEGALIZADA,PROBABILIDAD Y ESTADÍSTICA,1,63.0,8.82,9.27,0.0,9.04,APROBADO,41,
78597735,CIENCIA DE DATOS E INTELIGENCIA ARTIFICIAL,Periodo 2025 - 2S,SEGUNDO SEMESTRE,LEGALIZADA,PROGRAMACIÓN 2,1,100.0,7.29,9.56,0.0,8.42,APROBADO,41,
78597735,CIENCIA DE DATOS E INTELIGENCIA ARTIFICIAL,Periodo 2026 - 1S,TERCER SEMESTRE,LEGALIZADA,CÁLCULO EN VARIAS VARIABLES,1,0.0,0.0,0.0,0.0,0.0,,41,
78597735,CIENCIA DE DATOS E INTELIGENCIA ARTIFICIAL,Periodo 2026 - 1S,TERCER SEMESTRE,LEGALIZADA,CULTURA DIGITAL Y SOCIEDAD,1,0.0,0.0,0.0,0.0,0.0,,41,
78597735,CIENCIA DE DATOS E INTELIGENCIA ARTIFICIAL,Periodo 2026 - 1S,TERCER SEMESTRE,LEGALIZADA,DISEÑO EXPERIMENTAL,1,0.0,8.13,0.0,0.0,0.0,,41,
78597735,CIENCIA DE DATOS E INTELIGENCIA ARTIFICIAL,Periodo 2026 - 1S,TERCER SEMESTRE,LEGALIZADA,FUNDAMENTOS DE BASE DE DATOS,1,0.0,0.0,0.0,0.0,0.0,,41,
78597735,CIENCIA DE DATOS E INTELIGENCIA ARTIFICIAL,Periodo 2026 - 1S,TERCER SEMESTRE,LEGALIZADA,MODELAMIENTO,1,0.0,0.0,0.0,0.0,0.0,,41,
12503931,CIENCIA DE DATOS E INTELIGENCIA ARTIFICIAL,Periodo 2025 - 1S,PRIMER SEMESTRE,LEGALIZADA,ÁLGEBRA LINEAL,1,63.0,6.33,9.57,0.0,7.95,APROBADO,41,
12503931,CIENCIA DE DATOS E INTELIGENCIA ARTIFICIAL,Periodo 2025 - 1S,PRIMER SEMESTRE,LEGALIZADA,CÁLCULO EN UNA VARIABLE,1,63.0,6.69,6.91,6.25,6.52,REPROBADO,41,
12503931,CIENCIA DE DATOS E INTELIGENCIA ARTIFICIAL,Periodo 2025 - 1S,PRIMER SEMESTRE,LEGALIZADA,COMUNICACIÓN EFECTIVA,1,75.0,7.13,8.54,0.0,7.83,APROBADO,41,
12503931,CIENCIA DE DATOS E INTELIGENCIA ARTIFICIAL,Periodo 2025 - 1S,PRIMER SEMESTRE,LEGALIZADA,FUNDAMENTOS DE METODOLOGÍA DE LA INVESTIGACIÓN,1,100.0,8.73,8.72,0.0,8.72,APROBADO,41,
12503931,CIENCIA DE DATOS E INTELIGENCIA ARTIFICIAL,Periodo 2025 - 1S,PRIMER SEMESTRE,LEGALIZADA,PROGRAMACIÓN 1,1,93.0,7.35,7.81,0.0,7.58,APROBADO,41,
12503931,CIENCIA DE DATOS E INTELIGENCIA ARTIFICIAL,Periodo 2025 - 2S,PRIMER SEMESTRE,LEGALIZADA,CÁLCULO EN UNA VARIABLE,2,100.0,9.12,8.18,0.0,8.65,APROBADO,41,
12503931,CIENCIA DE DATOS E INTELIGENCIA ARTIFICIAL,Periodo 2026 - 1S,SEGUNDO SEMESTRE,LEGALIZADA,ESTRUCTURA DE DATOS,1,0.0,8.04,0.0,0.0,0.0,,41,
12503931,CIENCIA DE DATOS E INTELIGENCIA ARTIFICIAL,Periodo 2026 - 1S,SEGUNDO SEMESTRE,LEGALIZADA,FUNDAMENTOS DE CIENCIA DE DATOS E INTELIGENCIA ARTIFICIAL,1,0.0,6.55,0.0,0.0,0.0,,41,
12503931,CIENCIA DE DATOS E INTELIGENCIA ARTIFICIAL,Periodo 2026 - 1S,SEGUNDO SEMESTRE,LEGALIZADA,HABILIDADES PARA LA VIDA,1,0.0,0.0,0.0,0.0,0.0,,41,
12503931,CIENCIA DE DATOS E INTELIGENCIA ARTIFICIAL,Periodo 2026 - 1S,SEGUNDO SEMESTRE,LEGALIZADA,PROBABILIDAD Y ESTADÍSTICA,1,0.0,0.0,0.0,0.0,0.0,,41,
12503931,CIENCIA DE DATOS E INTELIGENCIA ARTIFICIAL,Periodo 2026 - 1S,SEGUNDO SEMESTRE,LEGALIZADA,PROGRAMACIÓN 2,1,0.0,8.12,0.0,0.0,0.0,,41,
27797248,CIENCIA DE DATOS E INTELIGENCIA ARTIFICIAL,Periodo 2025 - 1S,PRIMER SEMESTRE,LEGALIZADA,ÁLGEBRA LINEAL,1,88.0,8.37,9.09,0.0,8.73,APROBADO,41,
27797248,CIENCIA DE DATOS E INTELIGENCIA ARTIFICIAL,Periodo 2025 - 1S,PRIMER SEMESTRE,LEGALIZADA,CÁLCULO EN UNA VARIABLE,1,94.0,8.87,8.58,0.0,8.72,APROBADO,41,
27797248,CIENCIA DE DATOS E INTELIGENCIA ARTIFICIAL,Periodo 2025 - 1S,PRIMER SEMESTRE,LEGALIZADA,COMUNICACIÓN EFECTIVA,1,100.0,6.76,9.24,0.0,8.0,APROBADO,41,
27797248,CIENCIA DE DATOS E INTELIGENCIA ARTIFICIAL,Periodo 2025 - 1S,PRIMER SEMESTRE,LEGALIZADA,FUNDAMENTOS DE METODOLOGÍA DE LA INVESTIGACIÓN,1,100.0,9.26,8.05,0.0,8.65,APROBADO,41,
27797248,CIENCIA DE DATOS E INTELIGENCIA ARTIFICIAL,Periodo 2025 - 1S,PRIMER SEMESTRE,LEGALIZADA,PROGRAMACIÓN 1,1,93.0,7.5,7.55,0.0,7.52,APROBADO,41,
27797248,CIENCIA DE DATOS E INTELIGENCIA ARTIFICIAL,Periodo 2025 - 2S,SEGUNDO SEMESTRE,LEGALIZADA,ESTRUCTURA DE DATOS,1,100.0,7.87,9.65,0.0,8.76,APROBADO,41,
27797248,CIENCIA DE DATOS E INTELIGENCIA ARTIFICIAL,Periodo 2025 - 2S,SEGUNDO SEMESTRE,LEGALIZADA,FUNDAMENTOS DE CIENCIA DE DATOS E INTELIGENCIA ARTIFICIAL,1,100.0,8.39,8.66,0.0,8.52,APROBADO,41,
27797248,CIENCIA DE DATOS E INTELIGENCIA ARTIFICIAL,Periodo 2025 - 2S,SEGUNDO SEMESTRE,LEGALIZADA,HABILIDADES PARA LA VIDA,1,92.0,8.78,9.66,0.0,9.22,APROBADO,41,
27797248,CIENCIA DE DATOS E INTELIGENCIA ARTIFICIAL,Periodo 2025 - 2S,SEGUNDO SEMESTRE,LEGALIZADA,PROBABILIDAD Y ESTADÍSTICA,1,100.0,8.14,9.16,0.0,8.65,APROBADO,41,
27797248,CIENCIA DE DATOS E INTELIGENCIA ARTIFICIAL,Periodo 2025 - 2S,SEGUNDO SEMESTRE,LEGALIZADA,PROGRAMACIÓN 2,1,100.0,8.15,8.98,0.0,8.56,APROBADO,41,
27797248,CIENCIA DE DATOS E INTELIGENCIA ARTIFICIAL,Periodo 2026 - 1S,TERCER SEMESTRE,LEGALIZADA,CÁLCULO EN VARIAS VARIABLES,1,0.0,0.0,0.0,0.0,0.0,,41,
27797248,CIENCIA DE DATOS E INTELIGENCIA ARTIFICIAL,Periodo 2026 - 1S,TERCER SEMESTRE,LEGALIZADA,CULTURA DIGITAL Y SOCIEDAD,1,0.0,0.0,0.0,0.0,0.0,,41,
27797248,CIENCIA DE DATOS E INTELIGENCIA ARTIFICIAL,Periodo 2026 - 1S,TERCER SEMESTRE,LEGALIZADA,DISEÑO EXPERIMENTAL,1,0.0,9.9,0.0,0.0,0.0,,41,
27797248,CIENCIA DE DATOS E INTELIGENCIA ARTIFICIAL,Periodo 2026 - 1S,TERCER SEMESTRE,LEGALIZADA,FUNDAMENTOS DE BASE DE DATOS,1,0.0,0.0,0.0,0.0,0.0,,41,
27797248,CIENCIA DE DATOS E INTELIGENCIA ARTIFICIAL,Periodo 2026 - 1S,TERCER SEMESTRE,LEGALIZADA,MODELAMIENTO,1,0.0,0.0,0.0,0.0,0.0,,41,
38317554,CIENCIA DE DATOS E INTELIGENCIA ARTIFICIAL,Periodo 2025 - 1S,PRIMER SEMESTRE,LEGALIZADA,ÁLGEBRA LINEAL,1,88.0,7.61,8.06,0.0,7.83,APROBADO,41,
38317554,CIENCIA DE DATOS E INTELIGENCIA ARTIFICIAL,Periodo 2025 - 1S,PRIMER SEMESTRE,LEGALIZADA,CÁLCULO EN UNA VARIABLE,1,63.0,7.45,7.64,0.0,7.54,APROBADO,41,
38317554,CIENCIA DE DATOS E INTELIGENCIA ARTIFICIAL,Periodo 2025 - 1S,PRIMER SEMESTRE,LEGALIZADA,COMUNICACIÓN EFECTIVA,1,56.0,8.42,9.05,0.0,8.73,APROBADO,41,
38317554,CIENCIA DE DATOS E INTELIGENCIA ARTIFICIAL,Periodo 2025 - 1S,PRIMER SEMESTRE,LEGALIZADA,FUNDAMENTOS DE METODOLOGÍA DE LA INVESTIGACIÓN,1,100.0,8.57,9.44,0.0,9.0,APROBADO,41,
38317554,CIENCIA DE DATOS E INTELIGENCIA ARTIFICIAL,Periodo 2025 - 1S,PRIMER SEMESTRE,LEGALIZADA,PROGRAMACIÓN 1,1,93.0,7.67,7.55,0.0,7.61,APROBADO,41,
38317554,CIENCIA DE DATOS E INTELIGENCIA ARTIFICIAL,Periodo 2025 - 2S,SEGUNDO SEMESTRE,LEGALIZADA,ESTRUCTURA DE DATOS,1,83.0,7.62,9.2,0.0,8.41,APROBADO,41,
38317554,CIENCIA DE DATOS E INTELIGENCIA ARTIFICIAL,Periodo 2025 - 2S,SEGUNDO SEMESTRE,LEGALIZADA,FUNDAMENTOS DE CIENCIA DE DATOS E INTELIGENCIA ARTIFICIAL,1,50.0,6.21,7.95,0.0,7.08,APROBADO,41,
38317554,CIENCIA DE DATOS E INTELIGENCIA ARTIFICIAL,Periodo 2025 - 2S,SEGUNDO SEMESTRE,LEGALIZADA,HABILIDADES PARA LA VIDA,1,62.0,9.1,9.18,0.0,9.14,APROBADO,41,
38317554,CIENCIA DE DATOS E INTELIGENCIA ARTIFICIAL,Periodo 2025 - 2S,SEGUNDO SEMESTRE,LEGALIZADA,PROBABILIDAD Y ESTADÍSTICA,1,81.0,8.67,9.43,0.0,9.05,APROBADO,41,
38317554,CIENCIA DE DATOS E INTELIGENCIA ARTIFICIAL,Periodo 2025 - 2S,SEGUNDO SEMESTRE,LEGALIZADA,PROGRAMACIÓN 2,1,100.0,8.3,9.1,0.0,8.7,APROBADO,41,
38317554,CIENCIA DE DATOS E INTELIGENCIA ARTIFICIAL,Periodo 2026 - 1S,TERCER SEMESTRE,LEGALIZADA,CÁLCULO EN VARIAS VARIABLES,1,0.0,0.0,0.0,0.0,0.0,,41,
38317554,CIENCIA DE DATOS E INTELIGENCIA ARTIFICIAL,Periodo 2026 - 1S,TERCER SEMESTRE,LEGALIZADA,CULTURA DIGITAL Y SOCIEDAD,1,0.0,0.0,0.0,0.0,0.0,,41,
38317554,CIENCIA DE DATOS E INTELIGENCIA ARTIFICIAL,Periodo 2026 - 1S,TERCER SEMESTRE,LEGALIZADA,DISEÑO EXPERIMENTAL,1,0.0,8.18,0.0,0.0,0.0,,41,
38317554,CIENCIA DE DATOS E INTELIGENCIA ARTIFICIAL,Periodo 2026 - 1S,TERCER SEMESTRE,LEGALIZADA,FUNDAMENTOS DE BASE DE DATOS,1,0.0,0.0,0.0,0.0,0.0,,41,
38317554,CIENCIA DE DATOS E INTELIGENCIA ARTIFICIAL,Periodo 2026 - 1S,TERCER SEMESTRE,LEGALIZADA,MODELAMIENTO,1,0.0,0.0,0.0,0.0,0.0,,41,
20778794,CIENCIA DE DATOS E INTELIGENCIA ARTIFICIAL,Periodo 2025 - 1S,PRIMER SEMESTRE,LEGALIZADA,ÁLGEBRA LINEAL,1,100.0,8.63,8.98,0.0,8.8,APROBADO,41,
20778794,CIENCIA DE DATOS E INTELIGENCIA ARTIFICIAL,Periodo 2025 - 1S,PRIMER SEMESTRE,LEGALIZADA,CÁLCULO EN UNA VARIABLE,1,93.0,7.56,6.56,0.0,7.06,APROBADO,41,
20778794,CIENCIA DE DATOS E INTELIGENCIA ARTIFICIAL,Periodo 2025 - 1S,PRIMER SEMESTRE,LEGALIZADA,COMUNICACIÓN EFECTIVA,1,93.0,9.25,8.34,0.0,8.79,APROBADO,41,
20778794,CIENCIA DE DATOS E INTELIGENCIA ARTIFICIAL,Periodo 2025 - 1S,PRIMER SEMESTRE,LEGALIZADA,FUNDAMENTOS DE METODOLOGÍA DE LA INVESTIGACIÓN,1,100.0,8.8,9.46,0.0,9.13,APROBADO,41,
20778794,CIENCIA DE DATOS E INTELIGENCIA ARTIFICIAL,Periodo 2025 - 1S,PRIMER SEMESTRE,LEGALIZADA,PROGRAMACIÓN 1,1,94.0,8.56,7.67,0.0,8.11,APROBADO,41,
20778794,CIENCIA DE DATOS E INTELIGENCIA ARTIFICIAL,Periodo 2025 - 2S,SEGUNDO SEMESTRE,LEGALIZADA,ESTRUCTURA DE DATOS,1,83.0,9.05,9.0,0.0,9.02,APROBADO,41,
20778794,CIENCIA DE DATOS E INTELIGENCIA ARTIFICIAL,Periodo 2025 - 2S,SEGUNDO SEMESTRE,LEGALIZADA,FUNDAMENTOS DE CIENCIA DE DATOS E INTELIGENCIA ARTIFICIAL,1,93.0,7.72,7.6,0.0,7.66,APROBADO,41,
20778794,CIENCIA DE DATOS E INTELIGENCIA ARTIFICIAL,Periodo 2025 - 2S,SEGUNDO SEMESTRE,LEGALIZADA,HABILIDADES PARA LA VIDA,1,77.0,8.41,8.23,0.0,8.32,APROBADO,41,
20778794,CIENCIA DE DATOS E INTELIGENCIA ARTIFICIAL,Periodo 2025 - 2S,SEGUNDO SEMESTRE,LEGALIZADA,PROBABILIDAD Y ESTADÍSTICA,1,87.0,9.23,9.06,0.0,9.14,APROBADO,41,
20778794,CIENCIA DE DATOS E INTELIGENCIA ARTIFICIAL,Periodo 2025 - 2S,SEGUNDO SEMESTRE,LEGALIZADA,PROGRAMACIÓN 2,1,92.0,7.72,9.49,0.0,8.6,APROBADO,41,
20778794,CIENCIA DE DATOS E INTELIGENCIA ARTIFICIAL,Periodo 2026 - 1S,TERCER SEMESTRE,LEGALIZADA,CÁLCULO EN VARIAS VARIABLES,1,0.0,0.0,0.0,0.0,0.0,,41,
20778794,CIENCIA DE DATOS E INTELIGENCIA ARTIFICIAL,Periodo 2026 - 1S,TERCER SEMESTRE,LEGALIZADA,CULTURA DIGITAL Y SOCIEDAD,1,0.0,0.0,0.0,0.0,0.0,,41,
20778794,CIENCIA DE DATOS E INTELIGENCIA ARTIFICIAL,Periodo 2026 - 1S,TERCER SEMESTRE,LEGALIZADA,DISEÑO EXPERIMENTAL,1,0.0,8.42,0.0,0.0,0.0,,41,
20778794,CIENCIA DE DATOS E INTELIGENCIA ARTIFICIAL,Periodo 2026 - 1S,TERCER SEMESTRE,LEGALIZADA,FUNDAMENTOS DE BASE DE DATOS,1,0.0,0.0,0.0,0.0,0.0,,41,
20778794,CIENCIA DE DATOS E INTELIGENCIA ARTIFICIAL,Periodo 2026 - 1S,TERCER SEMESTRE,LEGALIZADA,MODELAMIENTO,1,0.0,0.0,0.0,0.0,0.0,,41,
7697554,CIENCIA DE DATOS E INTELIGENCIA ARTIFICIAL,Periodo 2025 - 1S,PRIMER SEMESTRE,LEGALIZADA,ÁLGEBRA LINEAL,1,94.0,8.21,7.2,0.0,7.7,APROBADO,41,
7697554,CIENCIA DE DATOS E INTELIGENCIA ARTIFICIAL,Periodo 2025 - 1S,PRIMER SEMESTRE,LEGALIZADA,CÁLCULO EN UNA VARIABLE,1,94.0,8.28,7.92,0.0,8.1,APROBADO,41,
7697554,CIENCIA DE DATOS E INTELIGENCIA ARTIFICIAL,Periodo 2025 - 1S,PRIMER SEMESTRE,LEGALIZADA,COMUNICACIÓN EFECTIVA,1,88.0,8.1,8.77,0.0,8.43,APROBADO,41,
7697554,CIENCIA DE DATOS E INTELIGENCIA ARTIFICIAL,Periodo 2025 - 1S,PRIMER SEMESTRE,LEGALIZADA,FUNDAMENTOS DE METODOLOGÍA DE LA INVESTIGACIÓN,1,100.0,8.74,8.8,0.0,8.77,APROBADO,41,
7697554,CIENCIA DE DATOS E INTELIGENCIA ARTIFICIAL,Periodo 2025 - 1S,PRIMER SEMESTRE,LEGALIZADA,PROGRAMACIÓN 1,1,100.0,9.32,8.07,0.0,8.69,APROBADO,41,
7697554,CIENCIA DE DATOS E INTELIGENCIA ARTIFICIAL,Periodo 2025 - 2S,SEGUNDO SEMESTRE,LEGALIZADA,ESTRUCTURA DE DATOS,1,100.0,8.01,9.03,0.0,8.52,APROBADO,41,
7697554,CIENCIA DE DATOS E INTELIGENCIA ARTIFICIAL,Periodo 2025 - 2S,SEGUNDO SEMESTRE,LEGALIZADA,FUNDAMENTOS DE CIENCIA DE DATOS E INTELIGENCIA ARTIFICIAL,1,92.0,8.35,7.84,0.0,8.09,APROBADO,41,
7697554,CIENCIA DE DATOS E INTELIGENCIA ARTIFICIAL,Periodo 2025 - 2S,SEGUNDO SEMESTRE,LEGALIZADA,HABILIDADES PARA LA VIDA,1,85.0,9.61,8.91,0.0,9.26,APROBADO,41,
7697554,CIENCIA DE DATOS E INTELIGENCIA ARTIFICIAL,Periodo 2025 - 2S,SEGUNDO SEMESTRE,LEGALIZADA,PROBABILIDAD Y ESTADÍSTICA,1,100.0,9.47,9.31,0.0,9.39,APROBADO,41,
7697554,CIENCIA DE DATOS E INTELIGENCIA ARTIFICIAL,Periodo 2025 - 2S,SEGUNDO SEMESTRE,LEGALIZADA,PROGRAMACIÓN 2,1,100.0,8.6,9.76,0.0,9.18,APROBADO,41,
7697554,CIENCIA DE DATOS E INTELIGENCIA ARTIFICIAL,Periodo 2026 - 1S,TERCER SEMESTRE,LEGALIZADA,CÁLCULO EN VARIAS VARIABLES,1,0.0,0.0,0.0,0.0,0.0,,41,
7697554,CIENCIA DE DATOS E INTELIGENCIA ARTIFICIAL,Periodo 2026 - 1S,TERCER SEMESTRE,LEGALIZADA,CULTURA DIGITAL Y SOCIEDAD,1,0.0,0.0,0.0,0.0,0.0,,41,
7697554,CIENCIA DE DATOS E INTELIGENCIA ARTIFICIAL,Periodo 2026 - 1S,TERCER SEMESTRE,LEGALIZADA,DISEÑO EXPERIMENTAL,1,0.0,9.47,0.0,0.0,0.0,,41,
7697554,CIENCIA DE DATOS E INTELIGENCIA ARTIFICIAL,Periodo 2026 - 1S,TERCER SEMESTRE,LEGALIZADA,FUNDAMENTOS DE BASE DE DATOS,1,0.0,0.0,0.0,0.0,0.0,,41,
7697554,CIENCIA DE DATOS E INTELIGENCIA ARTIFICIAL,Periodo 2026 - 1S,TERCER SEMESTRE,LEGALIZADA,MODELAMIENTO,1,0.0,0.0,0.0,0.0,0.0,,41,
51260573,CIENCIA DE DATOS E INTELIGENCIA ARTIFICIAL,Periodo 2025 - 1S,PRIMER SEMESTRE,LEGALIZADA,ÁLGEBRA LINEAL,1,100.0,9.12,9.64,0.0,9.38,APROBADO,41,
51260573,CIENCIA DE DATOS E INTELIGENCIA ARTIFICIAL,Periodo 2025 - 1S,PRIMER SEMESTRE,LEGALIZADA,CÁLCULO EN UNA VARIABLE,1,100.0,9.03,9.52,0.0,9.27,APROBADO,41,
51260573,CIENCIA DE DATOS E INTELIGENCIA ARTIFICIAL,Periodo 2025 - 1S,PRIMER SEMESTRE,LEGALIZADA,COMUNICACIÓN EFECTIVA,1,100.0,8.65,9.6,0.0,9.12,APROBADO,41,
51260573,CIENCIA DE DATOS E INTELIGENCIA ARTIFICIAL,Periodo 2025 - 1S,PRIMER SEMESTRE,LEGALIZADA,FUNDAMENTOS DE METODOLOGÍA DE LA INVESTIGACIÓN,1,100.0,9.72,9.56,0.0,9.64,APROBADO,41,
51260573,CIENCIA DE DATOS E INTELIGENCIA ARTIFICIAL,Periodo 2025 - 1S,PRIMER SEMESTRE,LEGALIZADA,PROGRAMACIÓN 1,1,100.0,9.6,9.12,0.0,9.36,APROBADO,41,
51260573,CIENCIA DE DATOS E INTELIGENCIA ARTIFICIAL,Periodo 2025 - 2S,SEGUNDO SEMESTRE,LEGALIZADA,ESTRUCTURA DE DATOS,1,100.0,9.07,8.91,0.0,8.99,APROBADO,41,
51260573,CIENCIA DE DATOS E INTELIGENCIA ARTIFICIAL,Periodo 2025 - 2S,SEGUNDO SEMESTRE,LEGALIZADA,FUNDAMENTOS DE CIENCIA DE DATOS E INTELIGENCIA ARTIFICIAL,1,100.0,9.94,9.68,0.0,9.81,APROBADO,41,
51260573,CIENCIA DE DATOS E INTELIGENCIA ARTIFICIAL,Periodo 2025 - 2S,SEGUNDO SEMESTRE,LEGALIZADA,HABILIDADES PARA LA VIDA,1,92.0,9.44,9.3,0.0,9.37,APROBADO,41,
51260573,CIENCIA DE DATOS E INTELIGENCIA ARTIFICIAL,Periodo 2025 - 2S,SEGUNDO SEMESTRE,LEGALIZADA,PROBABILIDAD Y ESTADÍSTICA,1,100.0,9.36,9.22,0.0,9.29,APROBADO,41,
51260573,CIENCIA DE DATOS E INTELIGENCIA ARTIFICIAL,Periodo 2025 - 2S,SEGUNDO SEMESTRE,LEGALIZADA,PROGRAMACIÓN 2,1,100.0,8.96,9.31,0.0,9.13,APROBADO,41,
51260573,CIENCIA DE DATOS E INTELIGENCIA ARTIFICIAL,Periodo 2026 - 1S,TERCER SEMESTRE,LEGALIZADA,CÁLCULO EN VARIAS VARIABLES,1,0.0,0.0,0.0,0.0,0.0,,41,
51260573,CIENCIA DE DATOS E INTELIGENCIA ARTIFICIAL,Periodo 2026 - 1S,TERCER SEMESTRE,LEGALIZADA,CULTURA DIGITAL Y SOCIEDAD,1,0.0,0.0,0.0,0.0,0.0,,41,
51260573,CIENCIA DE DATOS E INTELIGENCIA ARTIFICIAL,Periodo 2026 - 1S,TERCER SEMESTRE,LEGALIZADA,DISEÑO EXPERIMENTAL,1,0.0,9.43,0.0,0.0,0.0,,41,
51260573,CIENCIA DE DATOS E INTELIGENCIA ARTIFICIAL,Periodo 2026 - 1S,TERCER SEMESTRE,LEGALIZADA,FUNDAMENTOS DE BASE DE DATOS,1,0.0,0.0,0.0,0.0,0.0,,41,
51260573,CIENCIA DE DATOS E INTELIGENCIA ARTIFICIAL,Periodo 2026 - 1S,TERCER SEMESTRE,LEGALIZADA,MODELAMIENTO,1,0.0,0.0,0.0,0.0,0.0,,41,
98896109,CIENCIA DE DATOS E INTELIGENCIA ARTIFICIAL,Periodo 2025 - 1S,PRIMER SEMESTRE,LEGALIZADA,ÁLGEBRA LINEAL,1,88.0,6.99,8.08,0.0,7.53,APROBADO,41,
98896109,CIENCIA DE DATOS E INTELIGENCIA ARTIFICIAL,Periodo 2025 - 1S,PRIMER SEMESTRE,LEGALIZADA,CÁLCULO EN UNA VARIABLE,1,100.0,8.45,7.81,0.0,8.13,APROBADO,41,
98896109,CIENCIA DE DATOS E INTELIGENCIA ARTIFICIAL,Periodo 2025 - 1S,PRIMER SEMESTRE,LEGALIZADA,COMUNICACIÓN EFECTIVA,1,88.0,7.38,9.21,0.0,8.29,APROBADO,41,
98896109,CIENCIA DE DATOS E INTELIGENCIA ARTIFICIAL,Periodo 2025 - 1S,PRIMER SEMESTRE,LEGALIZADA,FUNDAMENTOS DE METODOLOGÍA DE LA INVESTIGACIÓN,1,100.0,8.92,8.16,0.0,8.54,APROBADO,41,
98896109,CIENCIA DE DATOS E INTELIGENCIA ARTIFICIAL,Periodo 2025 - 1S,PRIMER SEMESTRE,LEGALIZADA,PROGRAMACIÓN 1,1,86.0,7.08,7.52,0.0,7.3,APROBADO,41,
98896109,CIENCIA DE DATOS E INTELIGENCIA ARTIFICIAL,Periodo 2025 - 2S,SEGUNDO SEMESTRE,LEGALIZADA,ESTRUCTURA DE DATOS,1,92.0,8.7,9.41,0.0,9.05,APROBADO,41,
98896109,CIENCIA DE DATOS E INTELIGENCIA ARTIFICIAL,Periodo 2025 - 2S,SEGUNDO SEMESTRE,LEGALIZADA,FUNDAMENTOS DE CIENCIA DE DATOS E INTELIGENCIA ARTIFICIAL,1,100.0,8.81,8.96,0.0,8.88,APROBADO,41,
98896109,CIENCIA DE DATOS E INTELIGENCIA ARTIFICIAL,Periodo 2025 - 2S,SEGUNDO SEMESTRE,LEGALIZADA,HABILIDADES PARA LA VIDA,1,100.0,8.6,8.99,0.0,8.79,APROBADO,41,
98896109,CIENCIA DE DATOS E INTELIGENCIA ARTIFICIAL,Periodo 2025 - 2S,SEGUNDO SEMESTRE,LEGALIZADA,PROBABILIDAD Y ESTADÍSTICA,1,94.0,7.79,8.81,0.0,8.3,APROBADO,41,
98896109,CIENCIA DE DATOS E INTELIGENCIA ARTIFICIAL,Periodo 2025 - 2S,SEGUNDO SEMESTRE,LEGALIZADA,PROGRAMACIÓN 2,1,100.0,8.69,8.58,0.0,8.63,APROBADO,41,
98896109,CIENCIA DE DATOS E INTELIGENCIA ARTIFICIAL,Periodo 2026 - 1S,TERCER SEMESTRE,LEGALIZADA,CÁLCULO EN VARIAS VARIABLES,1,0.0,0.0,0.0,0.0,0.0,,41,
98896109,CIENCIA DE DATOS E INTELIGENCIA ARTIFICIAL,Periodo 2026 - 1S,TERCER SEMESTRE,LEGALIZADA,CULTURA DIGITAL Y SOCIEDAD,1,0.0,0.0,0.0,0.0,0.0,,41,
98896109,CIENCIA DE DATOS E INTELIGENCIA ARTIFICIAL,Periodo 2026 - 1S,TERCER SEMESTRE,LEGALIZADA,DISEÑO EXPERIMENTAL,1,0.0,8.59,0.0,0.0,0.0,,41,
98896109,CIENCIA DE DATOS E INTELIGENCIA ARTIFICIAL,Periodo 2026 - 1S,TERCER SEMESTRE,LEGALIZADA,FUNDAMENTOS DE BASE DE DATOS,1,0.0,0.0,0.0,0.0,0.0,,41,
98896109,CIENCIA DE DATOS E INTELIGENCIA ARTIFICIAL,Periodo 2026 - 1S,TERCER SEMESTRE,LEGALIZADA,MODELAMIENTO,1,0.0,0.0,0.0,0.0,0.0,,41,
14505120,CIENCIA DE DATOS E INTELIGENCIA ARTIFICIAL,Periodo 2025 - 1S,PRIMER SEMESTRE,LEGALIZADA,ÁLGEBRA LINEAL,1,93.0,7.42,8.84,0.0,8.13,APROBADO,41,
14505120,CIENCIA DE DATOS E INTELIGENCIA ARTIFICIAL,Periodo 2025 - 1S,PRIMER SEMESTRE,LEGALIZADA,CÁLCULO EN UNA VARIABLE,1,100.0,6.65,7.89,0.0,7.27,APROBADO,41,
14505120,CIENCIA DE DATOS E INTELIGENCIA ARTIFICIAL,Periodo 2025 - 1S,PRIMER SEMESTRE,LEGALIZADA,COMUNICACIÓN EFECTIVA,1,79.0,8.41,9.06,0.0,8.73,APROBADO,41,
14505120,CIENCIA DE DATOS E INTELIGENCIA ARTIFICIAL,Periodo 2025 - 1S,PRIMER SEMESTRE,LEGALIZADA,FUNDAMENTOS DE METODOLOGÍA DE LA INVESTIGACIÓN,1,92.0,9.71,9.58,0.0,9.64,APROBADO,41,
14505120,CIENCIA DE DATOS E INTELIGENCIA ARTIFICIAL,Periodo 2025 - 1S,PRIMER SEMESTRE,LEGALIZADA,PROGRAMACIÓN 1,1,94.0,6.53,6.42,10.0,8.23,APROBADO,41,
14505120,CIENCIA DE DATOS E INTELIGENCIA ARTIFICIAL,Periodo 2025 - 2S,SEGUNDO SEMESTRE,LEGALIZADA,ESTRUCTURA DE DATOS,1,75.0,8.18,8.18,0.0,8.18,APROBADO,41,
14505120,CIENCIA DE DATOS E INTELIGENCIA ARTIFICIAL,Periodo 2025 - 2S,SEGUNDO SEMESTRE,LEGALIZADA,FUNDAMENTOS DE CIENCIA DE DATOS E INTELIGENCIA ARTIFICIAL,1,86.0,8.46,8.2,0.0,8.33,APROBADO,41,
14505120,CIENCIA DE DATOS E INTELIGENCIA ARTIFICIAL,Periodo 2025 - 2S,SEGUNDO SEMESTRE,LEGALIZADA,HABILIDADES PARA LA VIDA,1,77.0,8.57,9.3,0.0,8.93,APROBADO,41,
14505120,CIENCIA DE DATOS E INTELIGENCIA ARTIFICIAL,Periodo 2025 - 2S,SEGUNDO SEMESTRE,LEGALIZADA,PROBABILIDAD Y ESTADÍSTICA,1,87.0,9.0,9.13,0.0,9.06,APROBADO,41,
14505120,CIENCIA DE DATOS E INTELIGENCIA ARTIFICIAL,Periodo 2025 - 2S,SEGUNDO SEMESTRE,LEGALIZADA,PROGRAMACIÓN 2,1,100.0,9.17,8.37,0.0,8.77,APROBADO,41,
14505120,CIENCIA DE DATOS E INTELIGENCIA ARTIFICIAL,Periodo 2026 - 1S,TERCER SEMESTRE,LEGALIZADA,CÁLCULO EN VARIAS VARIABLES,1,0.0,0.0,0.0,0.0,0.0,,41,
14505120,CIENCIA DE DATOS E INTELIGENCIA ARTIFICIAL,Periodo 2026 - 1S,TERCER SEMESTRE,LEGALIZADA,CULTURA DIGITAL Y SOCIEDAD,1,0.0,0.0,0.0,0.0,0.0,,41,
14505120,CIENCIA DE DATOS E INTELIGENCIA ARTIFICIAL,Periodo 2026 - 1S,TERCER SEMESTRE,LEGALIZADA,DISEÑO EXPERIMENTAL,1,0.0,8.48,0.0,0.0,0.0,,41,
14505120,CIENCIA DE DATOS E INTELIGENCIA ARTIFICIAL,Periodo 2026 - 1S,TERCER SEMESTRE,LEGALIZADA,FUNDAMENTOS DE BASE DE DATOS,1,0.0,0.0,0.0,0.0,0.0,,41,
14505120,CIENCIA DE DATOS E INTELIGENCIA ARTIFICIAL,Periodo 2026 - 1S,TERCER SEMESTRE,LEGALIZADA,MODELAMIENTO,1,0.0,0.0,0.0,0.0,0.0,,41,
5491912,CIENCIA DE DATOS E INTELIGENCIA ARTIFICIAL,Periodo 2025 - 1S,PRIMER SEMESTRE,LEGALIZADA,ÁLGEBRA LINEAL,1,100.0,8.59,7.21,0.0,7.9,APROBADO,41,
5491912,CIENCIA DE DATOS E INTELIGENCIA ARTIFICIAL,Periodo 2025 - 1S,PRIMER SEMESTRE,LEGALIZADA,CÁLCULO EN UNA VARIABLE,1,93.0,8.77,8.37,0.0,8.57,APROBADO,41,
5491912,CIENCIA DE DATOS E INTELIGENCIA ARTIFICIAL,Periodo 2025 - 1S,PRIMER SEMESTRE,LEGALIZADA,COMUNICACIÓN EFECTIVA,1,100.0,9.17,8.81,0.0,8.99,APROBADO,41,
5491912,CIENCIA DE DATOS E INTELIGENCIA ARTIFICIAL,Periodo 2025 - 1S,PRIMER SEMESTRE,LEGALIZADA,FUNDAMENTOS DE METODOLOGÍA DE LA INVESTIGACIÓN,1,92.0,9.77,8.78,0.0,9.27,APROBADO,41,
5491912,CIENCIA DE DATOS E INTELIGENCIA ARTIFICIAL,Periodo 2025 - 1S,PRIMER SEMESTRE,LEGALIZADA,PROGRAMACIÓN 1,1,94.0,7.72,7.84,0.0,7.78,APROBADO,41,
5491912,CIENCIA DE DATOS E INTELIGENCIA ARTIFICIAL,Periodo 2025 - 2S,SEGUNDO SEMESTRE,LEGALIZADA,ESTRUCTURA DE DATOS,1,100.0,8.15,8.15,0.0,8.15,APROBADO,41,
5491912,CIENCIA DE DATOS E INTELIGENCIA ARTIFICIAL,Periodo 2025 - 2S,SEGUNDO SEMESTRE,LEGALIZADA,FUNDAMENTOS DE CIENCIA DE DATOS E INTELIGENCIA ARTIFICIAL,1,93.0,8.91,8.97,0.0,8.94,APROBADO,41,
5491912,CIENCIA DE DATOS E INTELIGENCIA ARTIFICIAL,Periodo 2025 - 2S,SEGUNDO SEMESTRE,LEGALIZADA,HABILIDADES PARA LA VIDA,1,77.0,8.85,8.86,0.0,8.85,APROBADO,41,
5491912,CIENCIA DE DATOS E INTELIGENCIA ARTIFICIAL,Periodo 2025 - 2S,SEGUNDO SEMESTRE,LEGALIZADA,PROBABILIDAD Y ESTADÍSTICA,1,87.0,8.94,9.32,0.0,9.13,APROBADO,41,
5491912,CIENCIA DE DATOS E INTELIGENCIA ARTIFICIAL,Periodo 2025 - 2S,SEGUNDO SEMESTRE,LEGALIZADA,PROGRAMACIÓN 2,1,100.0,8.62,8.18,0.0,8.4,APROBADO,41,
5491912,CIENCIA DE DATOS E INTELIGENCIA ARTIFICIAL,Periodo 2026 - 1S,TERCER SEMESTRE,LEGALIZADA,CÁLCULO EN VARIAS VARIABLES,1,0.0,0.0,0.0,0.0,0.0,,41,
5491912,CIENCIA DE DATOS E INTELIGENCIA ARTIFICIAL,Periodo 2026 - 1S,TERCER SEMESTRE,LEGALIZADA,CULTURA DIGITAL Y SOCIEDAD,1,0.0,0.0,0.0,0.0,0.0,,41,
5491912,CIENCIA DE DATOS E INTELIGENCIA ARTIFICIAL,Periodo 2026 - 1S,TERCER SEMESTRE,LEGALIZADA,DISEÑO EXPERIMENTAL,1,0.0,9.28,0.0,0.0,0.0,,41,
5491912,CIENCIA DE DATOS E INTELIGENCIA ARTIFICIAL,Periodo 2026 - 1S,TERCER SEMESTRE,LEGALIZADA,FUNDAMENTOS DE BASE DE DATOS,1,0.0,0.0,0.0,0.0,0.0,,41,
5491912,CIENCIA DE DATOS E INTELIGENCIA ARTIFICIAL,Periodo 2026 - 1S,TERCER SEMESTRE,LEGALIZADA,MODELAMIENTO,1,0.0,0.0,0.0,0.0,0.0,,41,
28858551,CIENCIA DE DATOS E INTELIGENCIA ARTIFICIAL,Periodo 2025 - 1S,PRIMER SEMESTRE,LEGALIZADA,ÁLGEBRA LINEAL,1,94.0,9.31,7.96,0.0,8.63,APROBADO,41,
28858551,CIENCIA DE DATOS E INTELIGENCIA ARTIFICIAL,Periodo 2025 - 1S,PRIMER SEMESTRE,LEGALIZADA,CÁLCULO EN UNA VARIABLE,1,93.0,9.08,7.49,0.0,8.28,APROBADO,41,
28858551,CIENCIA DE DATOS E INTELIGENCIA ARTIFICIAL,Periodo 2025 - 1S,PRIMER SEMESTRE,LEGALIZADA,COMUNICACIÓN EFECTIVA,1,79.0,8.88,8.52,0.0,8.7,APROBADO,41,
28858551,CIENCIA DE DATOS E INTELIGENCIA ARTIFICIAL,Periodo 2025 - 1S,PRIMER SEMESTRE,LEGALIZADA,FUNDAMENTOS DE METODOLOGÍA DE LA INVESTIGACIÓN,1,100.0,8.54,9.04,0.0,8.79,APROBADO,41,
28858551,CIENCIA DE DATOS E INTELIGENCIA ARTIFICIAL,Periodo 2025 - 1S,PRIMER SEMESTRE,LEGALIZADA,PROGRAMACIÓN 1,1,94.0,8.29,8.21,0.0,8.25,APROBADO,41,
28858551,CIENCIA DE DATOS E INTELIGENCIA ARTIFICIAL,Periodo 2025 - 2S,SEGUNDO SEMESTRE,LEGALIZADA,ESTRUCTURA DE DATOS,1,100.0,9.34,9.43,0.0,9.38,APROBADO,41,
28858551,CIENCIA DE DATOS E INTELIGENCIA ARTIFICIAL,Periodo 2025 - 2S,SEGUNDO SEMESTRE,LEGALIZADA,FUNDAMENTOS DE CIENCIA DE DATOS E INTELIGENCIA ARTIFICIAL,1,93.0,9.21,8.53,0.0,8.87,APROBADO,41,
28858551,CIENCIA DE DATOS E INTELIGENCIA ARTIFICIAL,Periodo 2025 - 2S,SEGUNDO SEMESTRE,LEGALIZADA,HABILIDADES PARA LA VIDA,1,64.0,8.71,8.79,0.0,8.75,APROBADO,41,
28858551,CIENCIA DE DATOS E INTELIGENCIA ARTIFICIAL,Periodo 2025 - 2S,SEGUNDO SEMESTRE,LEGALIZADA,PROBABILIDAD Y ESTADÍSTICA,1,88.0,8.76,8.96,0.0,8.86,APROBADO,41,
28858551,CIENCIA DE DATOS E INTELIGENCIA ARTIFICIAL,Periodo 2025 - 2S,SEGUNDO SEMESTRE,LEGALIZADA,PROGRAMACIÓN 2,1,100.0,8.54,9.91,0.0,9.22,APROBADO,41,
28858551,CIENCIA DE DATOS E INTELIGENCIA ARTIFICIAL,Periodo 2026 - 1S,TERCER SEMESTRE,LEGALIZADA,CÁLCULO EN VARIAS VARIABLES,1,0.0,0.0,0.0,0.0,0.0,,41,
28858551,CIENCIA DE DATOS E INTELIGENCIA ARTIFICIAL,Periodo 2026 - 1S,TERCER SEMESTRE,LEGALIZADA,CULTURA DIGITAL Y SOCIEDAD,1,0.0,0.0,0.0,0.0,0.0,,41,
28858551,CIENCIA DE DATOS E INTELIGENCIA ARTIFICIAL,Periodo 2026 - 1S,TERCER SEMESTRE,LEGALIZADA,DISEÑO EXPERIMENTAL,1,0.0,9.29,0.0,0.0,0.0,,41,
28858551,CIENCIA DE DATOS E INTELIGENCIA ARTIFICIAL,Periodo 2026 - 1S,TERCER SEMESTRE,LEGALIZADA,FUNDAMENTOS DE BASE DE DATOS,1,0.0,0.0,0.0,0.0,0.0,,41,
28858551,CIENCIA DE DATOS E INTELIGENCIA ARTIFICIAL,Periodo 2026 - 1S,TERCER SEMESTRE,LEGALIZADA,MODELAMIENTO,1,0.0,0.0,0.0,0.0,0.0,,41,
88091051,CIENCIA DE DATOS E INTELIGENCIA ARTIFICIAL,Periodo 2025 - 1S,PRIMER SEMESTRE,LEGALIZADA,ÁLGEBRA LINEAL,1,94.0,7.89,7.87,0.0,7.88,APROBADO,41,
88091051,CIENCIA DE DATOS E INTELIGENCIA ARTIFICIAL,Periodo 2025 - 1S,PRIMER SEMESTRE,LEGALIZADA,CÁLCULO EN UNA VARIABLE,1,100.0,7.33,7.14,0.0,7.23,APROBADO,41,
88091051,CIENCIA DE DATOS E INTELIGENCIA ARTIFICIAL,Periodo 2025 - 1S,PRIMER SEMESTRE,LEGALIZADA,COMUNICACIÓN EFECTIVA,1,94.0,8.73,7.66,0.0,8.19,APROBADO,41,
88091051,CIENCIA DE DATOS E INTELIGENCIA ARTIFICIAL,Periodo 2025 - 1S,PRIMER SEMESTRE,LEGALIZADA,FUNDAMENTOS DE METODOLOGÍA DE LA INVESTIGACIÓN,1,100.0,8.68,7.59,0.0,8.13,APROBADO,41,
88091051,CIENCIA DE DATOS E INTELIGENCIA ARTIFICIAL,Periodo 2025 - 1S,PRIMER SEMESTRE,LEGALIZADA,PROGRAMACIÓN 1,1,93.0,7.37,7.99,0.0,7.68,APROBADO,41,
88091051,CIENCIA DE DATOS E INTELIGENCIA ARTIFICIAL,Periodo 2025 - 2S,SEGUNDO SEMESTRE,LEGALIZADA,ESTRUCTURA DE DATOS,1,92.0,9.34,8.95,0.0,9.14,APROBADO,41,
88091051,CIENCIA DE DATOS E INTELIGENCIA ARTIFICIAL,Periodo 2025 - 2S,SEGUNDO SEMESTRE,LEGALIZADA,FUNDAMENTOS DE CIENCIA DE DATOS E INTELIGENCIA ARTIFICIAL,1,75.0,7.38,8.53,0.0,7.95,APROBADO,41,
88091051,CIENCIA DE DATOS E INTELIGENCIA ARTIFICIAL,Periodo 2025 - 2S,SEGUNDO SEMESTRE,LEGALIZADA,HABILIDADES PARA LA VIDA,1,69.0,9.41,9.43,0.0,9.42,APROBADO,41,
88091051,CIENCIA DE DATOS E INTELIGENCIA ARTIFICIAL,Periodo 2025 - 2S,SEGUNDO SEMESTRE,LEGALIZADA,PROBABILIDAD Y ESTADÍSTICA,1,63.0,8.97,9.51,0.0,9.24,APROBADO,41,
88091051,CIENCIA DE DATOS E INTELIGENCIA ARTIFICIAL,Periodo 2025 - 2S,SEGUNDO SEMESTRE,LEGALIZADA,PROGRAMACIÓN 2,1,100.0,8.48,8.98,0.0,8.73,APROBADO,41,
88091051,CIENCIA DE DATOS E INTELIGENCIA ARTIFICIAL,Periodo 2026 - 1S,TERCER SEMESTRE,LEGALIZADA,CÁLCULO EN VARIAS VARIABLES,1,0.0,0.0,0.0,0.0,0.0,,41,
88091051,CIENCIA DE DATOS E INTELIGENCIA ARTIFICIAL,Periodo 2026 - 1S,TERCER SEMESTRE,LEGALIZADA,CULTURA DIGITAL Y SOCIEDAD,1,0.0,0.0,0.0,0.0,0.0,,41,
88091051,CIENCIA DE DATOS E INTELIGENCIA ARTIFICIAL,Periodo 2026 - 1S,TERCER SEMESTRE,LEGALIZADA,DISEÑO EXPERIMENTAL,1,0.0,8.77,0.0,0.0,0.0,,41,
88091051,CIENCIA DE DATOS E INTELIGENCIA ARTIFICIAL,Periodo 2026 - 1S,TERCER SEMESTRE,LEGALIZADA,FUNDAMENTOS DE BASE DE DATOS,1,0.0,0.0,0.0,0.0,0.0,,41,
88091051,CIENCIA DE DATOS E INTELIGENCIA ARTIFICIAL,Periodo 2026 - 1S,TERCER SEMESTRE,LEGALIZADA,MODELAMIENTO,1,0.0,0.0,0.0,0.0,0.0,,41,
96849726,CIENCIA DE DATOS E INTELIGENCIA ARTIFICIAL,Periodo 2025 - 1S,PRIMER SEMESTRE,LEGALIZADA,ÁLGEBRA LINEAL,1,81.0,6.85,8.88,0.0,7.86,APROBADO,41,
96849726,CIENCIA DE DATOS E INTELIGENCIA ARTIFICIAL,Periodo 2025 - 1S,PRIMER SEMESTRE,LEGALIZADA,CÁLCULO EN UNA VARIABLE,1,94.0,9.12,6.2,0.0,7.66,APROBADO,41,
96849726,CIENCIA DE DATOS E INTELIGENCIA ARTIFICIAL,Periodo 2025 - 1S,PRIMER SEMESTRE,LEGALIZADA,COMUNICACIÓN EFECTIVA,1,88.0,4.97,7.09,9.0,7.51,APROBADO,41,
96849726,CIENCIA DE DATOS E INTELIGENCIA ARTIFICIAL,Periodo 2025 - 1S,PRIMER SEMESTRE,LEGALIZADA,FUNDAMENTOS DE METODOLOGÍA DE LA INVESTIGACIÓN,1,100.0,6.73,6.13,10.0,8.21,APROBADO,41,
96849726,CIENCIA DE DATOS E INTELIGENCIA ARTIFICIAL,Periodo 2025 - 1S,PRIMER SEMESTRE,LEGALIZADA,PROGRAMACIÓN 1,1,86.0,7.71,5.57,8.0,7.32,APROBADO,41,
96849726,CIENCIA DE DATOS E INTELIGENCIA ARTIFICIAL,Periodo 2025 - 2S,SEGUNDO SEMESTRE,LEGALIZADA,ESTRUCTURA DE DATOS,1,92.0,6.06,5.89,8.2,7.08,APROBADO,41,
96849726,CIENCIA DE DATOS E INTELIGENCIA ARTIFICIAL,Periodo 2025 - 2S,SEGUNDO SEMESTRE,LEGALIZADA,FUNDAMENTOS DE CIENCIA DE DATOS E INTELIGENCIA ARTIFICIAL,1,42.0,2.51,0.0,0.0,1.25,REPROBADO,41,
96849726,CIENCIA DE DATOS E INTELIGENCIA ARTIFICIAL,Periodo 2025 - 2S,SEGUNDO SEMESTRE,LEGALIZADA,HABILIDADES PARA LA VIDA,1,100.0,4.61,7.17,9.0,7.44,APROBADO,41,
96849726,CIENCIA DE DATOS E INTELIGENCIA ARTIFICIAL,Periodo 2025 - 2S,SEGUNDO SEMESTRE,LEGALIZADA,PROBABILIDAD Y ESTADÍSTICA,1,81.0,5.73,5.85,8.5,7.14,APROBADO,41,
96849726,CIENCIA DE DATOS E INTELIGENCIA ARTIFICIAL,Periodo 2025 - 2S,SEGUNDO SEMESTRE,LEGALIZADA,PROGRAMACIÓN 2,1,92.0,5.76,4.03,9.2,7.04,APROBADO,41,
96849726,CIENCIA DE DATOS E INTELIGENCIA ARTIFICIAL,Periodo 2026 - 1S,SEGUNDO SEMESTRE,LEGALIZADA,FUNDAMENTOS DE CIENCIA DE DATOS E INTELIGENCIA ARTIFICIAL,2,0.0,4.86,0.0,0.0,0.0,,41,
95484306,CIENCIA DE DATOS E INTELIGENCIA ARTIFICIAL,Periodo 2025 - 1S,PRIMER SEMESTRE,LEGALIZADA,ÁLGEBRA LINEAL,1,100.0,6.71,7.32,0.0,7.01,APROBADO,41,
95484306,CIENCIA DE DATOS E INTELIGENCIA ARTIFICIAL,Periodo 2025 - 1S,PRIMER SEMESTRE,LEGALIZADA,CÁLCULO EN UNA VARIABLE,1,79.0,7.15,6.94,0.0,7.04,APROBADO,41,
95484306,CIENCIA DE DATOS E INTELIGENCIA ARTIFICIAL,Periodo 2025 - 1S,PRIMER SEMESTRE,LEGALIZADA,COMUNICACIÓN EFECTIVA,1,57.0,8.49,7.48,0.0,7.98,APROBADO,41,
95484306,CIENCIA DE DATOS E INTELIGENCIA ARTIFICIAL,Periodo 2025 - 1S,PRIMER SEMESTRE,LEGALIZADA,FUNDAMENTOS DE METODOLOGÍA DE LA INVESTIGACIÓN,1,100.0,9.27,9.46,0.0,9.36,APROBADO,41,
95484306,CIENCIA DE DATOS E INTELIGENCIA ARTIFICIAL,Periodo 2025 - 1S,PRIMER SEMESTRE,LEGALIZADA,PROGRAMACIÓN 1,1,69.0,5.83,7.62,10.0,8.36,APROBADO,41,
95484306,CIENCIA DE DATOS E INTELIGENCIA ARTIFICIAL,Periodo 2025 - 2S,SEGUNDO SEMESTRE,LEGALIZADA,ESTRUCTURA DE DATOS,1,92.0,8.7,8.98,0.0,8.84,APROBADO,41,
95484306,CIENCIA DE DATOS E INTELIGENCIA ARTIFICIAL,Periodo 2025 - 2S,SEGUNDO SEMESTRE,LEGALIZADA,FUNDAMENTOS DE CIENCIA DE DATOS E INTELIGENCIA ARTIFICIAL,1,64.0,6.68,6.51,8.0,7.29,APROBADO,41,
95484306,CIENCIA DE DATOS E INTELIGENCIA ARTIFICIAL,Periodo 2025 - 2S,SEGUNDO SEMESTRE,LEGALIZADA,HABILIDADES PARA LA VIDA,1,85.0,8.28,7.99,0.0,8.13,APROBADO,41,
95484306,CIENCIA DE DATOS E INTELIGENCIA ARTIFICIAL,Periodo 2025 - 2S,SEGUNDO SEMESTRE,LEGALIZADA,PROBABILIDAD Y ESTADÍSTICA,1,80.0,8.11,7.9,0.0,8.0,APROBADO,41,
95484306,CIENCIA DE DATOS E INTELIGENCIA ARTIFICIAL,Periodo 2025 - 2S,SEGUNDO SEMESTRE,LEGALIZADA,PROGRAMACIÓN 2,1,92.0,7.2,7.16,0.0,7.18,APROBADO,41,
95484306,CIENCIA DE DATOS E INTELIGENCIA ARTIFICIAL,Periodo 2026 - 1S,TERCER SEMESTRE,LEGALIZADA,CÁLCULO EN VARIAS VARIABLES,1,0.0,0.0,0.0,0.0,0.0,,41,
95484306,CIENCIA DE DATOS E INTELIGENCIA ARTIFICIAL,Periodo 2026 - 1S,TERCER SEMESTRE,LEGALIZADA,CULTURA DIGITAL Y SOCIEDAD,1,0.0,0.0,0.0,0.0,0.0,,41,
95484306,CIENCIA DE DATOS E INTELIGENCIA ARTIFICIAL,Periodo 2026 - 1S,TERCER SEMESTRE,LEGALIZADA,DISEÑO EXPERIMENTAL,1,0.0,8.22,0.0,0.0,0.0,,41,
95484306,CIENCIA DE DATOS E INTELIGENCIA ARTIFICIAL,Periodo 2026 - 1S,TERCER SEMESTRE,LEGALIZADA,FUNDAMENTOS DE BASE DE DATOS,1,0.0,0.0,0.0,0.0,0.0,,41,
95484306,CIENCIA DE DATOS E INTELIGENCIA ARTIFICIAL,Periodo 2026 - 1S,TERCER SEMESTRE,LEGALIZADA,MODELAMIENTO,1,0.0,0.0,0.0,0.0,0.0,,41,
36433275,CIENCIA DE DATOS E INTELIGENCIA ARTIFICIAL,Periodo 2025 - 1S,PRIMER SEMESTRE,LEGALIZADA,ÁLGEBRA LINEAL,1,88.0,8.34,8.52,0.0,8.43,APROBADO,41,
36433275,CIENCIA DE DATOS E INTELIGENCIA ARTIFICIAL,Periodo 2025 - 1S,PRIMER SEMESTRE,LEGALIZADA,CÁLCULO EN UNA VARIABLE,1,100.0,7.3,7.8,0.0,7.55,APROBADO,41,
36433275,CIENCIA DE DATOS E INTELIGENCIA ARTIFICIAL,Periodo 2025 - 1S,PRIMER SEMESTRE,LEGALIZADA,COMUNICACIÓN EFECTIVA,1,94.0,8.53,8.68,0.0,8.6,APROBADO,41,
36433275,CIENCIA DE DATOS E INTELIGENCIA ARTIFICIAL,Periodo 2025 - 1S,PRIMER SEMESTRE,LEGALIZADA,FUNDAMENTOS DE METODOLOGÍA DE LA INVESTIGACIÓN,1,100.0,8.93,9.5,0.0,9.21,APROBADO,41,
36433275,CIENCIA DE DATOS E INTELIGENCIA ARTIFICIAL,Periodo 2025 - 1S,PRIMER SEMESTRE,LEGALIZADA,PROGRAMACIÓN 1,1,100.0,7.42,7.7,0.0,7.56,APROBADO,41,
36433275,CIENCIA DE DATOS E INTELIGENCIA ARTIFICIAL,Periodo 2025 - 2S,SEGUNDO SEMESTRE,LEGALIZADA,ESTRUCTURA DE DATOS,1,100.0,8.97,9.11,0.0,9.04,APROBADO,41,
36433275,CIENCIA DE DATOS E INTELIGENCIA ARTIFICIAL,Periodo 2025 - 2S,SEGUNDO SEMESTRE,LEGALIZADA,FUNDAMENTOS DE CIENCIA DE DATOS E INTELIGENCIA ARTIFICIAL,1,100.0,8.89,8.46,0.0,8.67,APROBADO,41,
36433275,CIENCIA DE DATOS E INTELIGENCIA ARTIFICIAL,Periodo 2025 - 2S,SEGUNDO SEMESTRE,LEGALIZADA,HABILIDADES PARA LA VIDA,1,77.0,9.37,8.21,0.0,8.79,APROBADO,41,
36433275,CIENCIA DE DATOS E INTELIGENCIA ARTIFICIAL,Periodo 2025 - 2S,SEGUNDO SEMESTRE,LEGALIZADA,PROBABILIDAD Y ESTADÍSTICA,1,100.0,8.53,8.43,0.0,8.48,APROBADO,41,
36433275,CIENCIA DE DATOS E INTELIGENCIA ARTIFICIAL,Periodo 2025 - 2S,SEGUNDO SEMESTRE,LEGALIZADA,PROGRAMACIÓN 2,1,100.0,8.37,8.98,0.0,8.67,APROBADO,41,
36433275,CIENCIA DE DATOS E INTELIGENCIA ARTIFICIAL,Periodo 2026 - 1S,TERCER SEMESTRE,LEGALIZADA,CÁLCULO EN VARIAS VARIABLES,1,0.0,0.0,0.0,0.0,0.0,,41,
36433275,CIENCIA DE DATOS E INTELIGENCIA ARTIFICIAL,Periodo 2026 - 1S,TERCER SEMESTRE,LEGALIZADA,CULTURA DIGITAL Y SOCIEDAD,1,0.0,0.0,0.0,0.0,0.0,,41,
36433275,CIENCIA DE DATOS E INTELIGENCIA ARTIFICIAL,Periodo 2026 - 1S,TERCER SEMESTRE,LEGALIZADA,DISEÑO EXPERIMENTAL,1,0.0,7.77,0.0,0.0,0.0,,41,
36433275,CIENCIA DE DATOS E INTELIGENCIA ARTIFICIAL,Periodo 2026 - 1S,TERCER SEMESTRE,LEGALIZADA,FUNDAMENTOS DE BASE DE DATOS,1,0.0,0.0,0.0,0.0,0.0,,41,
36433275,CIENCIA DE DATOS E INTELIGENCIA ARTIFICIAL,Periodo 2026 - 1S,TERCER SEMESTRE,LEGALIZADA,MODELAMIENTO,1,0.0,0.0,0.0,0.0,0.0,,41,
95192044,CIENCIA DE DATOS E INTELIGENCIA ARTIFICIAL,Periodo 2025 - 1S,PRIMER SEMESTRE,LEGALIZADA,ÁLGEBRA LINEAL,1,100.0,8.07,9.14,0.0,8.6,APROBADO,41,
95192044,CIENCIA DE DATOS E INTELIGENCIA ARTIFICIAL,Periodo 2025 - 1S,PRIMER SEMESTRE,LEGALIZADA,CÁLCULO EN UNA VARIABLE,1,93.0,8.23,8.09,0.0,8.16,APROBADO,41,
95192044,CIENCIA DE DATOS E INTELIGENCIA ARTIFICIAL,Periodo 2025 - 1S,PRIMER SEMESTRE,LEGALIZADA,COMUNICACIÓN EFECTIVA,1,86.0,8.11,9.19,0.0,8.65,APROBADO,41,
95192044,CIENCIA DE DATOS E INTELIGENCIA ARTIFICIAL,Periodo 2025 - 1S,PRIMER SEMESTRE,LEGALIZADA,FUNDAMENTOS DE METODOLOGÍA DE LA INVESTIGACIÓN,1,100.0,9.57,9.49,0.0,9.53,APROBADO,41,
95192044,CIENCIA DE DATOS E INTELIGENCIA ARTIFICIAL,Periodo 2025 - 1S,PRIMER SEMESTRE,LEGALIZADA,PROGRAMACIÓN 1,1,75.0,7.37,8.57,0.0,7.97,APROBADO,41,
95192044,CIENCIA DE DATOS E INTELIGENCIA ARTIFICIAL,Periodo 2025 - 2S,SEGUNDO SEMESTRE,LEGALIZADA,ESTRUCTURA DE DATOS,1,100.0,8.95,8.95,0.0,8.95,APROBADO,41,
95192044,CIENCIA DE DATOS E INTELIGENCIA ARTIFICIAL,Periodo 2025 - 2S,SEGUNDO SEMESTRE,LEGALIZADA,FUNDAMENTOS DE CIENCIA DE DATOS E INTELIGENCIA ARTIFICIAL,1,86.0,8.78,9.18,0.0,8.98,APROBADO,41,
95192044,CIENCIA DE DATOS E INTELIGENCIA ARTIFICIAL,Periodo 2025 - 2S,SEGUNDO SEMESTRE,LEGALIZADA,HABILIDADES PARA LA VIDA,1,85.0,9.38,9.36,0.0,9.37,APROBADO,41,
95192044,CIENCIA DE DATOS E INTELIGENCIA ARTIFICIAL,Periodo 2025 - 2S,SEGUNDO SEMESTRE,LEGALIZADA,PROBABILIDAD Y ESTADÍSTICA,1,87.0,8.98,9.22,0.0,9.1,APROBADO,41,
95192044,CIENCIA DE DATOS E INTELIGENCIA ARTIFICIAL,Periodo 2025 - 2S,SEGUNDO SEMESTRE,LEGALIZADA,PROGRAMACIÓN 2,1,85.0,7.22,9.32,0.0,8.27,APROBADO,41,
95192044,CIENCIA DE DATOS E INTELIGENCIA ARTIFICIAL,Periodo 2026 - 1S,TERCER SEMESTRE,LEGALIZADA,CÁLCULO EN VARIAS VARIABLES,1,0.0,0.0,0.0,0.0,0.0,,41,
95192044,CIENCIA DE DATOS E INTELIGENCIA ARTIFICIAL,Periodo 2026 - 1S,TERCER SEMESTRE,LEGALIZADA,CULTURA DIGITAL Y SOCIEDAD,1,0.0,0.0,0.0,0.0,0.0,,41,
95192044,CIENCIA DE DATOS E INTELIGENCIA ARTIFICIAL,Periodo 2026 - 1S,TERCER SEMESTRE,LEGALIZADA,DISEÑO EXPERIMENTAL,1,0.0,9.06,0.0,0.0,0.0,,41,
95192044,CIENCIA DE DATOS E INTELIGENCIA ARTIFICIAL,Periodo 2026 - 1S,TERCER SEMESTRE,LEGALIZADA,FUNDAMENTOS DE BASE DE DATOS,1,0.0,0.0,0.0,0.0,0.0,,41,
95192044,CIENCIA DE DATOS E INTELIGENCIA ARTIFICIAL,Periodo 2026 - 1S,TERCER SEMESTRE,LEGALIZADA,MODELAMIENTO,1,0.0,0.0,0.0,0.0,0.0,,41,
63477562,CIENCIA DE DATOS E INTELIGENCIA ARTIFICIAL,Periodo 2025 - 1S,PRIMER SEMESTRE,LEGALIZADA,ÁLGEBRA LINEAL,1,93.0,6.61,8.23,0.0,7.42,APROBADO,41,
63477562,CIENCIA DE DATOS E INTELIGENCIA ARTIFICIAL,Periodo 2025 - 1S,PRIMER SEMESTRE,LEGALIZADA,CÁLCULO EN UNA VARIABLE,1,86.0,6.08,8.04,0.0,7.06,APROBADO,41,
63477562,CIENCIA DE DATOS E INTELIGENCIA ARTIFICIAL,Periodo 2025 - 1S,PRIMER SEMESTRE,LEGALIZADA,COMUNICACIÓN EFECTIVA,1,93.0,7.91,7.18,0.0,7.54,APROBADO,41,
63477562,CIENCIA DE DATOS E INTELIGENCIA ARTIFICIAL,Periodo 2025 - 1S,PRIMER SEMESTRE,LEGALIZADA,FUNDAMENTOS DE METODOLOGÍA DE LA INVESTIGACIÓN,1,100.0,9.01,8.19,0.0,8.6,APROBADO,41,
63477562,CIENCIA DE DATOS E INTELIGENCIA ARTIFICIAL,Periodo 2025 - 1S,PRIMER SEMESTRE,LEGALIZADA,PROGRAMACIÓN 1,1,94.0,8.13,7.53,0.0,7.83,APROBADO,41,
63477562,CIENCIA DE DATOS E INTELIGENCIA ARTIFICIAL,Periodo 2025 - 2S,SEGUNDO SEMESTRE,LEGALIZADA,ESTRUCTURA DE DATOS,1,92.0,9.33,9.33,0.0,9.33,APROBADO,41,
63477562,CIENCIA DE DATOS E INTELIGENCIA ARTIFICIAL,Periodo 2025 - 2S,SEGUNDO SEMESTRE,LEGALIZADA,FUNDAMENTOS DE CIENCIA DE DATOS E INTELIGENCIA ARTIFICIAL,1,79.0,6.46,7.82,0.0,7.14,APROBADO,41,
63477562,CIENCIA DE DATOS E INTELIGENCIA ARTIFICIAL,Periodo 2025 - 2S,SEGUNDO SEMESTRE,LEGALIZADA,HABILIDADES PARA LA VIDA,1,62.0,8.03,8.86,0.0,8.44,APROBADO,41,
63477562,CIENCIA DE DATOS E INTELIGENCIA ARTIFICIAL,Periodo 2025 - 2S,SEGUNDO SEMESTRE,LEGALIZADA,PROBABILIDAD Y ESTADÍSTICA,1,73.0,6.99,8.48,0.0,7.73,APROBADO,41,
63477562,CIENCIA DE DATOS E INTELIGENCIA ARTIFICIAL,Periodo 2025 - 2S,SEGUNDO SEMESTRE,LEGALIZADA,PROGRAMACIÓN 2,1,100.0,8.21,8.81,0.0,8.51,APROBADO,41,
63477562,CIENCIA DE DATOS E INTELIGENCIA ARTIFICIAL,Periodo 2026 - 1S,TERCER SEMESTRE,LEGALIZADA,CÁLCULO EN VARIAS VARIABLES,1,0.0,0.0,0.0,0.0,0.0,,41,
63477562,CIENCIA DE DATOS E INTELIGENCIA ARTIFICIAL,Periodo 2026 - 1S,TERCER SEMESTRE,LEGALIZADA,CULTURA DIGITAL Y SOCIEDAD,1,0.0,0.0,0.0,0.0,0.0,,41,
63477562,CIENCIA DE DATOS E INTELIGENCIA ARTIFICIAL,Periodo 2026 - 1S,TERCER SEMESTRE,LEGALIZADA,DISEÑO EXPERIMENTAL,1,0.0,6.95,0.0,0.0,0.0,,41,
63477562,CIENCIA DE DATOS E INTELIGENCIA ARTIFICIAL,Periodo 2026 - 1S,TERCER SEMESTRE,LEGALIZADA,FUNDAMENTOS DE BASE DE DATOS,1,0.0,0.0,0.0,0.0,0.0,,41,
63477562,CIENCIA DE DATOS E INTELIGENCIA ARTIFICIAL,Periodo 2026 - 1S,TERCER SEMESTRE,LEGALIZADA,MODELAMIENTO,1,0.0,0.0,0.0,0.0,0.0,,41,
50948172,CIENCIA DE DATOS E INTELIGENCIA ARTIFICIAL,Periodo 2025 - 1S,PRIMER SEMESTRE,LEGALIZADA,ÁLGEBRA LINEAL,1,63.0,7.29,6.01,6.5,6.57,REPROBADO,41,
50948172,CIENCIA DE DATOS E INTELIGENCIA ARTIFICIAL,Periodo 2025 - 1S,PRIMER SEMESTRE,LEGALIZADA,CÁLCULO EN UNA VARIABLE,1,94.0,6.81,3.62,9.0,7.1,APROBADO,41,
50948172,CIENCIA DE DATOS E INTELIGENCIA ARTIFICIAL,Periodo 2025 - 1S,PRIMER SEMESTRE,LEGALIZADA,COMUNICACIÓN EFECTIVA,1,75.0,7.48,4.87,10.0,8.08,APROBADO,41,
50948172,CIENCIA DE DATOS E INTELIGENCIA ARTIFICIAL,Periodo 2025 - 1S,PRIMER SEMESTRE,LEGALIZADA,FUNDAMENTOS DE METODOLOGÍA DE LA INVESTIGACIÓN,1,100.0,8.11,6.46,0.0,7.28,APROBADO,41,
50948172,CIENCIA DE DATOS E INTELIGENCIA ARTIFICIAL,Periodo 2025 - 1S,PRIMER SEMESTRE,LEGALIZADA,PROGRAMACIÓN 1,1,79.0,8.07,5.78,10.0,8.46,APROBADO,41,
50948172,CIENCIA DE DATOS E INTELIGENCIA ARTIFICIAL,Periodo 2025 - 2S,SEGUNDO SEMESTRE,LEGALIZADA,ÁLGEBRA LINEAL,2,73.0,5.02,7.47,9.2,7.72,APROBADO,41,
50948172,CIENCIA DE DATOS E INTELIGENCIA ARTIFICIAL,Periodo 2025 - 2S,SEGUNDO SEMESTRE,LEGALIZADA,ESTRUCTURA DE DATOS,1,67.0,7.32,8.02,0.0,7.67,APROBADO,41,
50948172,CIENCIA DE DATOS E INTELIGENCIA ARTIFICIAL,Periodo 2025 - 2S,SEGUNDO SEMESTRE,LEGALIZADA,HABILIDADES PARA LA VIDA,1,62.0,8.13,6.13,0.0,7.13,APROBADO,41,
50948172,CIENCIA DE DATOS E INTELIGENCIA ARTIFICIAL,Periodo 2025 - 2S,SEGUNDO SEMESTRE,LEGALIZADA,PROGRAMACIÓN 2,1,92.0,5.05,7.79,9.0,7.71,APROBADO,41,
50948172,CIENCIA DE DATOS E INTELIGENCIA ARTIFICIAL,Periodo 2026 - 1S,SEGUNDO SEMESTRE,LEGALIZADA,FUNDAMENTOS DE CIENCIA DE DATOS E INTELIGENCIA ARTIFICIAL,1,0.0,6.9,0.0,0.0,0.0,,41,
50948172,CIENCIA DE DATOS E INTELIGENCIA ARTIFICIAL,Periodo 2026 - 1S,SEGUNDO SEMESTRE,LEGALIZADA,PROBABILIDAD Y ESTADÍSTICA,1,0.0,0.0,0.0,0.0,0.0,,41,
30108111,CIENCIA DE DATOS E INTELIGENCIA ARTIFICIAL,Periodo 2025 - 1S,PRIMER SEMESTRE,LEGALIZADA,ÁLGEBRA LINEAL,1,100.0,9.17,8.13,0.0,8.65,APROBADO,41,
30108111,CIENCIA DE DATOS E INTELIGENCIA ARTIFICIAL,Periodo 2025 - 1S,PRIMER SEMESTRE,LEGALIZADA,CÁLCULO EN UNA VARIABLE,1,93.0,7.79,7.02,0.0,7.4,APROBADO,41,
30108111,CIENCIA DE DATOS E INTELIGENCIA ARTIFICIAL,Periodo 2025 - 1S,PRIMER SEMESTRE,LEGALIZADA,COMUNICACIÓN EFECTIVA,1,86.0,8.63,8.68,0.0,8.65,APROBADO,41,
30108111,CIENCIA DE DATOS E INTELIGENCIA ARTIFICIAL,Periodo 2025 - 1S,PRIMER SEMESTRE,LEGALIZADA,FUNDAMENTOS DE METODOLOGÍA DE LA INVESTIGACIÓN,1,100.0,9.77,9.38,0.0,9.57,APROBADO,41,
30108111,CIENCIA DE DATOS E INTELIGENCIA ARTIFICIAL,Periodo 2025 - 1S,PRIMER SEMESTRE,LEGALIZADA,PROGRAMACIÓN 1,1,100.0,9.28,7.55,0.0,8.41,APROBADO,41,
30108111,CIENCIA DE DATOS E INTELIGENCIA ARTIFICIAL,Periodo 2025 - 2S,SEGUNDO SEMESTRE,LEGALIZADA,ESTRUCTURA DE DATOS,1,67.0,8.65,8.65,0.0,8.65,APROBADO,41,
30108111,CIENCIA DE DATOS E INTELIGENCIA ARTIFICIAL,Periodo 2025 - 2S,SEGUNDO SEMESTRE,LEGALIZADA,FUNDAMENTOS DE CIENCIA DE DATOS E INTELIGENCIA ARTIFICIAL,1,71.0,9.2,5.72,0.0,7.46,APROBADO,41,
30108111,CIENCIA DE DATOS E INTELIGENCIA ARTIFICIAL,Periodo 2025 - 2S,SEGUNDO SEMESTRE,LEGALIZADA,HABILIDADES PARA LA VIDA,1,69.0,9.29,5.49,0.0,7.39,APROBADO,41,
30108111,CIENCIA DE DATOS E INTELIGENCIA ARTIFICIAL,Periodo 2025 - 2S,SEGUNDO SEMESTRE,LEGALIZADA,PROBABILIDAD Y ESTADÍSTICA,1,73.0,9.13,6.49,0.0,7.81,APROBADO,41,
30108111,CIENCIA DE DATOS E INTELIGENCIA ARTIFICIAL,Periodo 2025 - 2S,SEGUNDO SEMESTRE,LEGALIZADA,PROGRAMACIÓN 2,1,92.0,7.24,7.7,0.0,7.47,APROBADO,41,
30108111,CIENCIA DE DATOS E INTELIGENCIA ARTIFICIAL,Periodo 2026 - 1S,TERCER SEMESTRE,RETIRO,CÁLCULO EN VARIAS VARIABLES,1,0.0,0.0,0.0,0.0,0.0,RETIRO,41,
30108111,CIENCIA DE DATOS E INTELIGENCIA ARTIFICIAL,Periodo 2026 - 1S,TERCER SEMESTRE,RETIRO,CULTURA DIGITAL Y SOCIEDAD,1,0.0,0.0,0.0,0.0,0.0,RETIRO,41,
30108111,CIENCIA DE DATOS E INTELIGENCIA ARTIFICIAL,Periodo 2026 - 1S,TERCER SEMESTRE,RETIRO,DISEÑO EXPERIMENTAL,1,0.0,0.0,0.0,0.0,0.0,RETIRO,41,
30108111,CIENCIA DE DATOS E INTELIGENCIA ARTIFICIAL,Periodo 2026 - 1S,TERCER SEMESTRE,RETIRO,FUNDAMENTOS DE BASE DE DATOS,1,0.0,0.0,0.0,0.0,0.0,RETIRO,41,
30108111,CIENCIA DE DATOS E INTELIGENCIA ARTIFICIAL,Periodo 2026 - 1S,TERCER SEMESTRE,RETIRO,MODELAMIENTO,1,0.0,0.0,0.0,0.0,0.0,RETIRO,41,
76731095,CIENCIA DE DATOS E INTELIGENCIA ARTIFICIAL,Periodo 2025 - 1S,PRIMER SEMESTRE,LEGALIZADA,ÁLGEBRA LINEAL,1,81.0,9.2,8.42,0.0,8.81,APROBADO,41,
76731095,CIENCIA DE DATOS E INTELIGENCIA ARTIFICIAL,Periodo 2025 - 1S,PRIMER SEMESTRE,LEGALIZADA,CÁLCULO EN UNA VARIABLE,1,100.0,8.0,7.44,0.0,7.72,APROBADO,41,
76731095,CIENCIA DE DATOS E INTELIGENCIA ARTIFICIAL,Periodo 2025 - 1S,PRIMER SEMESTRE,LEGALIZADA,COMUNICACIÓN EFECTIVA,1,94.0,8.69,9.67,0.0,9.18,APROBADO,41,
76731095,CIENCIA DE DATOS E INTELIGENCIA ARTIFICIAL,Periodo 2025 - 1S,PRIMER SEMESTRE,LEGALIZADA,FUNDAMENTOS DE METODOLOGÍA DE LA INVESTIGACIÓN,1,100.0,9.11,9.71,0.0,9.41,APROBADO,41,
76731095,CIENCIA DE DATOS E INTELIGENCIA ARTIFICIAL,Periodo 2025 - 1S,PRIMER SEMESTRE,LEGALIZADA,PROGRAMACIÓN 1,1,79.0,7.55,8.19,0.0,7.87,APROBADO,41,
76731095,CIENCIA DE DATOS E INTELIGENCIA ARTIFICIAL,Periodo 2025 - 2S,SEGUNDO SEMESTRE,LEGALIZADA,ESTRUCTURA DE DATOS,1,92.0,9.05,9.02,0.0,9.03,APROBADO,41,
76731095,CIENCIA DE DATOS E INTELIGENCIA ARTIFICIAL,Periodo 2025 - 2S,SEGUNDO SEMESTRE,LEGALIZADA,FUNDAMENTOS DE CIENCIA DE DATOS E INTELIGENCIA ARTIFICIAL,1,92.0,8.34,8.57,0.0,8.45,APROBADO,41,
76731095,CIENCIA DE DATOS E INTELIGENCIA ARTIFICIAL,Periodo 2025 - 2S,SEGUNDO SEMESTRE,LEGALIZADA,HABILIDADES PARA LA VIDA,1,77.0,9.5,8.39,0.0,8.94,APROBADO,41,
76731095,CIENCIA DE DATOS E INTELIGENCIA ARTIFICIAL,Periodo 2025 - 2S,SEGUNDO SEMESTRE,LEGALIZADA,PROBABILIDAD Y ESTADÍSTICA,1,75.0,8.18,8.59,0.0,8.38,APROBADO,41,
76731095,CIENCIA DE DATOS E INTELIGENCIA ARTIFICIAL,Periodo 2025 - 2S,SEGUNDO SEMESTRE,LEGALIZADA,PROGRAMACIÓN 2,1,100.0,8.48,9.95,0.0,9.21,APROBADO,41,
76731095,CIENCIA DE DATOS E INTELIGENCIA ARTIFICIAL,Periodo 2026 - 1S,TERCER SEMESTRE,LEGALIZADA,CÁLCULO EN VARIAS VARIABLES,1,0.0,0.0,0.0,0.0,0.0,,41,
76731095,CIENCIA DE DATOS E INTELIGENCIA ARTIFICIAL,Periodo 2026 - 1S,TERCER SEMESTRE,LEGALIZADA,CULTURA DIGITAL Y SOCIEDAD,1,0.0,0.0,0.0,0.0,0.0,,41,
76731095,CIENCIA DE DATOS E INTELIGENCIA ARTIFICIAL,Periodo 2026 - 1S,TERCER SEMESTRE,LEGALIZADA,DISEÑO EXPERIMENTAL,1,0.0,9.48,0.0,0.0,0.0,,41,
76731095,CIENCIA DE DATOS E INTELIGENCIA ARTIFICIAL,Periodo 2026 - 1S,TERCER SEMESTRE,LEGALIZADA,FUNDAMENTOS DE BASE DE DATOS,1,0.0,0.0,0.0,0.0,0.0,,41,
76731095,CIENCIA DE DATOS E INTELIGENCIA ARTIFICIAL,Periodo 2026 - 1S,TERCER SEMESTRE,LEGALIZADA,MODELAMIENTO,1,0.0,0.0,0.0,0.0,0.0,,41,
9606923,CIENCIA DE DATOS E INTELIGENCIA ARTIFICIAL,Periodo 2025 - 1S,PRIMER SEMESTRE,LEGALIZADA,ÁLGEBRA LINEAL,1,88.0,8.73,7.51,0.0,8.12,APROBADO,41,
9606923,CIENCIA DE DATOS E INTELIGENCIA ARTIFICIAL,Periodo 2025 - 1S,PRIMER SEMESTRE,LEGALIZADA,CÁLCULO EN UNA VARIABLE,1,100.0,8.13,8.55,0.0,8.34,APROBADO,41,
9606923,CIENCIA DE DATOS E INTELIGENCIA ARTIFICIAL,Periodo 2025 - 1S,PRIMER SEMESTRE,LEGALIZADA,COMUNICACIÓN EFECTIVA,1,88.0,8.46,8.25,0.0,8.35,APROBADO,41,
9606923,CIENCIA DE DATOS E INTELIGENCIA ARTIFICIAL,Periodo 2025 - 1S,PRIMER SEMESTRE,LEGALIZADA,FUNDAMENTOS DE METODOLOGÍA DE LA INVESTIGACIÓN,1,100.0,9.42,7.71,0.0,8.56,APROBADO,41,
9606923,CIENCIA DE DATOS E INTELIGENCIA ARTIFICIAL,Periodo 2025 - 1S,PRIMER SEMESTRE,LEGALIZADA,PROGRAMACIÓN 1,1,86.0,8.23,7.69,0.0,7.96,APROBADO,41,
9606923,CIENCIA DE DATOS E INTELIGENCIA ARTIFICIAL,Periodo 2025 - 2S,SEGUNDO SEMESTRE,LEGALIZADA,ESTRUCTURA DE DATOS,1,100.0,8.02,9.65,0.0,8.83,APROBADO,41,
9606923,CIENCIA DE DATOS E INTELIGENCIA ARTIFICIAL,Periodo 2025 - 2S,SEGUNDO SEMESTRE,LEGALIZADA,FUNDAMENTOS DE CIENCIA DE DATOS E INTELIGENCIA ARTIFICIAL,1,75.0,5.14,6.64,9.0,7.44,APROBADO,41,
9606923,CIENCIA DE DATOS E INTELIGENCIA ARTIFICIAL,Periodo 2025 - 2S,SEGUNDO SEMESTRE,LEGALIZADA,HABILIDADES PARA LA VIDA,1,77.0,4.24,8.34,8.0,7.14,APROBADO,41,
9606923,CIENCIA DE DATOS E INTELIGENCIA ARTIFICIAL,Periodo 2025 - 2S,SEGUNDO SEMESTRE,LEGALIZADA,PROBABILIDAD Y ESTADÍSTICA,1,94.0,8.22,8.66,0.0,8.44,APROBADO,41,
9606923,CIENCIA DE DATOS E INTELIGENCIA ARTIFICIAL,Periodo 2025 - 2S,SEGUNDO SEMESTRE,LEGALIZADA,PROGRAMACIÓN 2,1,92.0,3.93,8.32,9.0,7.56,APROBADO,41,
9606923,CIENCIA DE DATOS E INTELIGENCIA ARTIFICIAL,Periodo 2026 - 1S,TERCER SEMESTRE,LEGALIZADA,CÁLCULO EN VARIAS VARIABLES,1,0.0,0.0,0.0,0.0,0.0,,41,
9606923,CIENCIA DE DATOS E INTELIGENCIA ARTIFICIAL,Periodo 2026 - 1S,TERCER SEMESTRE,LEGALIZADA,CULTURA DIGITAL Y SOCIEDAD,1,0.0,0.0,0.0,0.0,0.0,,41,
9606923,CIENCIA DE DATOS E INTELIGENCIA ARTIFICIAL,Periodo 2026 - 1S,TERCER SEMESTRE,LEGALIZADA,DISEÑO EXPERIMENTAL,1,0.0,5.17,0.0,0.0,0.0,,41,
9606923,CIENCIA DE DATOS E INTELIGENCIA ARTIFICIAL,Periodo 2026 - 1S,TERCER SEMESTRE,LEGALIZADA,FUNDAMENTOS DE BASE DE DATOS,1,0.0,0.0,0.0,0.0,0.0,,41,
9606923,CIENCIA DE DATOS E INTELIGENCIA ARTIFICIAL,Periodo 2026 - 1S,TERCER SEMESTRE,LEGALIZADA,MODELAMIENTO,1,0.0,0.0,0.0,0.0,0.0,,41,
23538797,CIENCIA DE DATOS E INTELIGENCIA ARTIFICIAL,Periodo 2025 - 1S,PRIMER SEMESTRE,LEGALIZADA,ÁLGEBRA LINEAL,1,100.0,7.46,7.34,0.0,7.4,APROBADO,41,
23538797,CIENCIA DE DATOS E INTELIGENCIA ARTIFICIAL,Periodo 2025 - 1S,PRIMER SEMESTRE,LEGALIZADA,CÁLCULO EN UNA VARIABLE,1,93.0,7.46,6.11,5.0,5.89,REPROBADO,41,
23538797,CIENCIA DE DATOS E INTELIGENCIA ARTIFICIAL,Periodo 2025 - 1S,PRIMER SEMESTRE,LEGALIZADA,COMUNICACIÓN EFECTIVA,1,100.0,9.39,9.16,0.0,9.27,APROBADO,41,
23538797,CIENCIA DE DATOS E INTELIGENCIA ARTIFICIAL,Periodo 2025 - 1S,PRIMER SEMESTRE,LEGALIZADA,FUNDAMENTOS DE METODOLOGÍA DE LA INVESTIGACIÓN,1,100.0,9.53,8.18,0.0,8.85,APROBADO,41,
23538797,CIENCIA DE DATOS E INTELIGENCIA ARTIFICIAL,Periodo 2025 - 1S,PRIMER SEMESTRE,LEGALIZADA,PROGRAMACIÓN 1,1,100.0,7.82,7.73,0.0,7.77,APROBADO,41,
23538797,CIENCIA DE DATOS E INTELIGENCIA ARTIFICIAL,Periodo 2025 - 2S,PRIMER SEMESTRE,LEGALIZADA,CÁLCULO EN UNA VARIABLE,2,80.0,7.48,7.86,0.0,7.67,APROBADO,41,
23538797,CIENCIA DE DATOS E INTELIGENCIA ARTIFICIAL,Periodo 2026 - 1S,SEGUNDO SEMESTRE,LEGALIZADA,ESTRUCTURA DE DATOS,1,0.0,9.39,0.0,0.0,0.0,,41,
23538797,CIENCIA DE DATOS E INTELIGENCIA ARTIFICIAL,Periodo 2026 - 1S,SEGUNDO SEMESTRE,LEGALIZADA,FUNDAMENTOS DE CIENCIA DE DATOS E INTELIGENCIA ARTIFICIAL,1,0.0,0.0,0.0,0.0,0.0,,41,
23538797,CIENCIA DE DATOS E INTELIGENCIA ARTIFICIAL,Periodo 2026 - 1S,SEGUNDO SEMESTRE,LEGALIZADA,HABILIDADES PARA LA VIDA,1,0.0,0.0,0.0,0.0,0.0,,41,
23538797,CIENCIA DE DATOS E INTELIGENCIA ARTIFICIAL,Periodo 2026 - 1S,SEGUNDO SEMESTRE,LEGALIZADA,PROBABILIDAD Y ESTADÍSTICA,1,0.0,0.0,0.0,0.0,0.0,,41,
23538797,CIENCIA DE DATOS E INTELIGENCIA ARTIFICIAL,Periodo 2026 - 1S,SEGUNDO SEMESTRE,LEGALIZADA,PROGRAMACIÓN 2,1,0.0,9.54,0.0,0.0,0.0,,41,
60548618,CIENCIA DE DATOS E INTELIGENCIA ARTIFICIAL,Periodo 2025 - 1S,PRIMER SEMESTRE,LEGALIZADA,ÁLGEBRA LINEAL,1,79.0,7.42,7.21,0.0,7.31,APROBADO,41,
60548618,CIENCIA DE DATOS E INTELIGENCIA ARTIFICIAL,Periodo 2025 - 1S,PRIMER SEMESTRE,LEGALIZADA,CÁLCULO EN UNA VARIABLE,1,86.0,5.98,8.06,0.0,7.02,APROBADO,41,
60548618,CIENCIA DE DATOS E INTELIGENCIA ARTIFICIAL,Periodo 2025 - 1S,PRIMER SEMESTRE,LEGALIZADA,COMUNICACIÓN EFECTIVA,1,64.0,8.89,6.1,0.0,7.49,APROBADO,41,
60548618,CIENCIA DE DATOS E INTELIGENCIA ARTIFICIAL,Periodo 2025 - 1S,PRIMER SEMESTRE,LEGALIZADA,FUNDAMENTOS DE METODOLOGÍA DE LA INVESTIGACIÓN,1,69.0,9.02,9.53,0.0,9.27,APROBADO,41,
60548618,CIENCIA DE DATOS E INTELIGENCIA ARTIFICIAL,Periodo 2025 - 1S,PRIMER SEMESTRE,LEGALIZADA,PROGRAMACIÓN 1,1,81.0,6.55,5.6,6.0,6.03,REPROBADO,41,
60548618,CIENCIA DE DATOS E INTELIGENCIA ARTIFICIAL,Periodo 2025 - 2S,PRIMER SEMESTRE,LEGALIZADA,PROGRAMACIÓN 1,2,57.0,8.22,6.71,0.0,7.46,APROBADO,41,
60548618,CIENCIA DE DATOS E INTELIGENCIA ARTIFICIAL,Periodo 2026 - 1S,SEGUNDO SEMESTRE,LEGALIZADA,ESTRUCTURA DE DATOS,1,0.0,6.09,0.0,0.0,0.0,,41,
60548618,CIENCIA DE DATOS E INTELIGENCIA ARTIFICIAL,Periodo 2026 - 1S,SEGUNDO SEMESTRE,LEGALIZADA,FUNDAMENTOS DE CIENCIA DE DATOS E INTELIGENCIA ARTIFICIAL,1,0.0,6.66,0.0,0.0,0.0,,41,
60548618,CIENCIA DE DATOS E INTELIGENCIA ARTIFICIAL,Periodo 2026 - 1S,SEGUNDO SEMESTRE,LEGALIZADA,HABILIDADES PARA LA VIDA,1,0.0,0.0,0.0,0.0,0.0,,41,
60548618,CIENCIA DE DATOS E INTELIGENCIA ARTIFICIAL,Periodo 2026 - 1S,SEGUNDO SEMESTRE,LEGALIZADA,PROBABILIDAD Y ESTADÍSTICA,1,0.0,0.0,0.0,0.0,0.0,,41,
60548618,CIENCIA DE DATOS E INTELIGENCIA ARTIFICIAL,Periodo 2026 - 1S,SEGUNDO SEMESTRE,LEGALIZADA,PROGRAMACIÓN 2,1,0.0,7.79,0.0,0.0,0.0,,41,
82784853,CIENCIA DE DATOS E INTELIGENCIA ARTIFICIAL,Periodo 2025 - 1S,PRIMER SEMESTRE,LEGALIZADA,ÁLGEBRA LINEAL,1,57.0,8.26,7.75,0.0,8.0,APROBADO,41,
82784853,CIENCIA DE DATOS E INTELIGENCIA ARTIFICIAL,Periodo 2025 - 1S,PRIMER SEMESTRE,LEGALIZADA,CÁLCULO EN UNA VARIABLE,1,93.0,7.04,7.68,0.0,7.36,APROBADO,41,
82784853,CIENCIA DE DATOS E INTELIGENCIA ARTIFICIAL,Periodo 2025 - 1S,PRIMER SEMESTRE,LEGALIZADA,COMUNICACIÓN EFECTIVA,1,71.0,8.78,9.13,0.0,8.95,APROBADO,41,
82784853,CIENCIA DE DATOS E INTELIGENCIA ARTIFICIAL,Periodo 2025 - 1S,PRIMER SEMESTRE,LEGALIZADA,FUNDAMENTOS DE METODOLOGÍA DE LA INVESTIGACIÓN,1,92.0,9.65,9.51,0.0,9.58,APROBADO,41,
82784853,CIENCIA DE DATOS E INTELIGENCIA ARTIFICIAL,Periodo 2025 - 1S,PRIMER SEMESTRE,LEGALIZADA,PROGRAMACIÓN 1,1,69.0,7.61,7.37,0.0,7.49,APROBADO,41,
82784853,CIENCIA DE DATOS E INTELIGENCIA ARTIFICIAL,Periodo 2025 - 2S,SEGUNDO SEMESTRE,LEGALIZADA,ESTRUCTURA DE DATOS,1,83.0,9.15,9.15,0.0,9.15,APROBADO,41,
82784853,CIENCIA DE DATOS E INTELIGENCIA ARTIFICIAL,Periodo 2025 - 2S,SEGUNDO SEMESTRE,LEGALIZADA,FUNDAMENTOS DE CIENCIA DE DATOS E INTELIGENCIA ARTIFICIAL,1,71.0,8.99,8.4,0.0,8.69,APROBADO,41,
82784853,CIENCIA DE DATOS E INTELIGENCIA ARTIFICIAL,Periodo 2025 - 2S,SEGUNDO SEMESTRE,LEGALIZADA,HABILIDADES PARA LA VIDA,1,77.0,8.18,7.84,0.0,8.01,APROBADO,41,
82784853,CIENCIA DE DATOS E INTELIGENCIA ARTIFICIAL,Periodo 2025 - 2S,SEGUNDO SEMESTRE,LEGALIZADA,PROBABILIDAD Y ESTADÍSTICA,1,80.0,8.89,8.47,0.0,8.68,APROBADO,41,
82784853,CIENCIA DE DATOS E INTELIGENCIA ARTIFICIAL,Periodo 2025 - 2S,SEGUNDO SEMESTRE,LEGALIZADA,PROGRAMACIÓN 2,1,85.0,9.79,8.06,0.0,8.92,APROBADO,41,
82784853,CIENCIA DE DATOS E INTELIGENCIA ARTIFICIAL,Periodo 2026 - 1S,TERCER SEMESTRE,LEGALIZADA,CÁLCULO EN VARIAS VARIABLES,1,0.0,0.0,0.0,0.0,0.0,,41,
82784853,CIENCIA DE DATOS E INTELIGENCIA ARTIFICIAL,Periodo 2026 - 1S,TERCER SEMESTRE,LEGALIZADA,CULTURA DIGITAL Y SOCIEDAD,1,0.0,0.0,0.0,0.0,0.0,,41,
82784853,CIENCIA DE DATOS E INTELIGENCIA ARTIFICIAL,Periodo 2026 - 1S,TERCER SEMESTRE,LEGALIZADA,DISEÑO EXPERIMENTAL,1,0.0,8.97,0.0,0.0,0.0,,41,
82784853,CIENCIA DE DATOS E INTELIGENCIA ARTIFICIAL,Periodo 2026 - 1S,TERCER SEMESTRE,LEGALIZADA,FUNDAMENTOS DE BASE DE DATOS,1,0.0,0.0,0.0,0.0,0.0,,41,
82784853,CIENCIA DE DATOS E INTELIGENCIA ARTIFICIAL,Periodo 2026 - 1S,TERCER SEMESTRE,LEGALIZADA,MODELAMIENTO,1,0.0,0.0,0.0,0.0,0.0,,41,
50245364,CIENCIA DE DATOS E INTELIGENCIA ARTIFICIAL,Periodo 2025 - 1S,PRIMER SEMESTRE,LEGALIZADA,ÁLGEBRA LINEAL,1,100.0,6.18,8.32,0.0,7.25,APROBADO,41,
50245364,CIENCIA DE DATOS E INTELIGENCIA ARTIFICIAL,Periodo 2025 - 1S,PRIMER SEMESTRE,LEGALIZADA,CÁLCULO EN UNA VARIABLE,1,93.0,6.7,6.34,1.0,3.76,REPROBADO,41,
50245364,CIENCIA DE DATOS E INTELIGENCIA ARTIFICIAL,Periodo 2025 - 1S,PRIMER SEMESTRE,LEGALIZADA,COMUNICACIÓN EFECTIVA,1,100.0,7.48,9.02,0.0,8.25,APROBADO,41,
50245364,CIENCIA DE DATOS E INTELIGENCIA ARTIFICIAL,Periodo 2025 - 1S,PRIMER SEMESTRE,LEGALIZADA,FUNDAMENTOS DE METODOLOGÍA DE LA INVESTIGACIÓN,1,100.0,8.53,9.25,0.0,8.89,APROBADO,41,
50245364,CIENCIA DE DATOS E INTELIGENCIA ARTIFICIAL,Periodo 2025 - 1S,PRIMER SEMESTRE,LEGALIZADA,PROGRAMACIÓN 1,1,100.0,8.2,7.08,0.0,7.64,APROBADO,41,
50245364,CIENCIA DE DATOS E INTELIGENCIA ARTIFICIAL,Periodo 2025 - 2S,PRIMER SEMESTRE,LEGALIZADA,CÁLCULO EN UNA VARIABLE,2,100.0,6.17,7.63,1.0,3.95,REPROBADO,41,
13772581,CIENCIA DE DATOS E INTELIGENCIA ARTIFICIAL,Periodo 2025 - 1S,PRIMER SEMESTRE,LEGALIZADA,ÁLGEBRA LINEAL,1,100.0,8.68,8.18,0.0,8.43,APROBADO,41,
13772581,CIENCIA DE DATOS E INTELIGENCIA ARTIFICIAL,Periodo 2025 - 1S,PRIMER SEMESTRE,LEGALIZADA,CÁLCULO EN UNA VARIABLE,1,93.0,8.31,6.26,0.0,7.28,APROBADO,41,
13772581,CIENCIA DE DATOS E INTELIGENCIA ARTIFICIAL,Periodo 2025 - 1S,PRIMER SEMESTRE,LEGALIZADA,COMUNICACIÓN EFECTIVA,1,86.0,7.9,8.72,0.0,8.31,APROBADO,41,
13772581,CIENCIA DE DATOS E INTELIGENCIA ARTIFICIAL,Periodo 2025 - 1S,PRIMER SEMESTRE,LEGALIZADA,FUNDAMENTOS DE METODOLOGÍA DE LA INVESTIGACIÓN,1,100.0,5.39,7.77,7.5,7.04,APROBADO,41,
13772581,CIENCIA DE DATOS E INTELIGENCIA ARTIFICIAL,Periodo 2025 - 1S,PRIMER SEMESTRE,LEGALIZADA,PROGRAMACIÓN 1,1,94.0,8.94,6.11,0.0,7.52,APROBADO,41,
13772581,CIENCIA DE DATOS E INTELIGENCIA ARTIFICIAL,Periodo 2025 - 2S,SEGUNDO SEMESTRE,LEGALIZADA,ESTRUCTURA DE DATOS,1,100.0,9.04,9.04,0.0,9.04,APROBADO,41,
13772581,CIENCIA DE DATOS E INTELIGENCIA ARTIFICIAL,Periodo 2025 - 2S,SEGUNDO SEMESTRE,LEGALIZADA,FUNDAMENTOS DE CIENCIA DE DATOS E INTELIGENCIA ARTIFICIAL,1,93.0,9.17,8.95,0.0,9.06,APROBADO,41,
13772581,CIENCIA DE DATOS E INTELIGENCIA ARTIFICIAL,Periodo 2025 - 2S,SEGUNDO SEMESTRE,LEGALIZADA,HABILIDADES PARA LA VIDA,1,92.0,9.59,8.93,0.0,9.26,APROBADO,41,
13772581,CIENCIA DE DATOS E INTELIGENCIA ARTIFICIAL,Periodo 2025 - 2S,SEGUNDO SEMESTRE,LEGALIZADA,PROBABILIDAD Y ESTADÍSTICA,1,100.0,7.31,7.18,0.0,7.24,APROBADO,41,
13772581,CIENCIA DE DATOS E INTELIGENCIA ARTIFICIAL,Periodo 2025 - 2S,SEGUNDO SEMESTRE,LEGALIZADA,PROGRAMACIÓN 2,1,100.0,8.36,8.66,0.0,8.51,APROBADO,41,
13772581,CIENCIA DE DATOS E INTELIGENCIA ARTIFICIAL,Periodo 2026 - 1S,TERCER SEMESTRE,LEGALIZADA,CÁLCULO EN VARIAS VARIABLES,1,0.0,0.0,0.0,0.0,0.0,,41,
13772581,CIENCIA DE DATOS E INTELIGENCIA ARTIFICIAL,Periodo 2026 - 1S,TERCER SEMESTRE,LEGALIZADA,CULTURA DIGITAL Y SOCIEDAD,1,0.0,0.0,0.0,0.0,0.0,,41,
13772581,CIENCIA DE DATOS E INTELIGENCIA ARTIFICIAL,Periodo 2026 - 1S,TERCER SEMESTRE,LEGALIZADA,DISEÑO EXPERIMENTAL,1,0.0,4.79,0.0,0.0,0.0,,41,
13772581,CIENCIA DE DATOS E INTELIGENCIA ARTIFICIAL,Periodo 2026 - 1S,TERCER SEMESTRE,LEGALIZADA,FUNDAMENTOS DE BASE DE DATOS,1,0.0,0.0,0.0,0.0,0.0,,41,
13772581,CIENCIA DE DATOS E INTELIGENCIA ARTIFICIAL,Periodo 2026 - 1S,TERCER SEMESTRE,LEGALIZADA,MODELAMIENTO,1,0.0,0.0,0.0,0.0,0.0,,41,
39114918,CIENCIA DE DATOS E INTELIGENCIA ARTIFICIAL,Periodo 2025 - 1S,PRIMER SEMESTRE,LEGALIZADA,ÁLGEBRA LINEAL,1,88.0,7.43,7.92,0.0,7.67,APROBADO,41,
39114918,CIENCIA DE DATOS E INTELIGENCIA ARTIFICIAL,Periodo 2025 - 1S,PRIMER SEMESTRE,LEGALIZADA,CÁLCULO EN UNA VARIABLE,1,93.0,7.0,7.38,0.0,7.19,APROBADO,41,
39114918,CIENCIA DE DATOS E INTELIGENCIA ARTIFICIAL,Periodo 2025 - 1S,PRIMER SEMESTRE,LEGALIZADA,COMUNICACIÓN EFECTIVA,1,100.0,6.36,8.96,0.0,7.66,APROBADO,41,
39114918,CIENCIA DE DATOS E INTELIGENCIA ARTIFICIAL,Periodo 2025 - 1S,PRIMER SEMESTRE,LEGALIZADA,FUNDAMENTOS DE METODOLOGÍA DE LA INVESTIGACIÓN,1,92.0,8.81,9.34,0.0,9.07,APROBADO,41,
39114918,CIENCIA DE DATOS E INTELIGENCIA ARTIFICIAL,Periodo 2025 - 1S,PRIMER SEMESTRE,LEGALIZADA,PROGRAMACIÓN 1,1,94.0,6.94,7.73,0.0,7.33,APROBADO,41,
39114918,CIENCIA DE DATOS E INTELIGENCIA ARTIFICIAL,Periodo 2025 - 2S,SEGUNDO SEMESTRE,LEGALIZADA,ESTRUCTURA DE DATOS,1,100.0,8.72,8.98,0.0,8.85,APROBADO,41,
39114918,CIENCIA DE DATOS E INTELIGENCIA ARTIFICIAL,Periodo 2025 - 2S,SEGUNDO SEMESTRE,LEGALIZADA,FUNDAMENTOS DE CIENCIA DE DATOS E INTELIGENCIA ARTIFICIAL,1,100.0,7.02,9.52,0.0,8.27,APROBADO,41,
39114918,CIENCIA DE DATOS E INTELIGENCIA ARTIFICIAL,Periodo 2025 - 2S,SEGUNDO SEMESTRE,LEGALIZADA,HABILIDADES PARA LA VIDA,1,93.0,8.2,8.27,0.0,8.23,APROBADO,41,
39114918,CIENCIA DE DATOS E INTELIGENCIA ARTIFICIAL,Periodo 2025 - 2S,SEGUNDO SEMESTRE,LEGALIZADA,PROBABILIDAD Y ESTADÍSTICA,1,100.0,8.06,8.77,0.0,8.41,APROBADO,41,
39114918,CIENCIA DE DATOS E INTELIGENCIA ARTIFICIAL,Periodo 2025 - 2S,SEGUNDO SEMESTRE,LEGALIZADA,PROGRAMACIÓN 2,1,100.0,6.91,9.71,0.0,8.31,APROBADO,41,
39114918,CIENCIA DE DATOS E INTELIGENCIA ARTIFICIAL,Periodo 2026 - 1S,TERCER SEMESTRE,LEGALIZADA,CÁLCULO EN VARIAS VARIABLES,1,0.0,0.0,0.0,0.0,0.0,,41,
39114918,CIENCIA DE DATOS E INTELIGENCIA ARTIFICIAL,Periodo 2026 - 1S,TERCER SEMESTRE,LEGALIZADA,CULTURA DIGITAL Y SOCIEDAD,1,0.0,0.0,0.0,0.0,0.0,,41,
39114918,CIENCIA DE DATOS E INTELIGENCIA ARTIFICIAL,Periodo 2026 - 1S,TERCER SEMESTRE,LEGALIZADA,DISEÑO EXPERIMENTAL,1,0.0,9.13,0.0,0.0,0.0,,41,
39114918,CIENCIA DE DATOS E INTELIGENCIA ARTIFICIAL,Periodo 2026 - 1S,TERCER SEMESTRE,LEGALIZADA,FUNDAMENTOS DE BASE DE DATOS,1,0.0,0.0,0.0,0.0,0.0,,41,
39114918,CIENCIA DE DATOS E INTELIGENCIA ARTIFICIAL,Periodo 2026 - 1S,TERCER SEMESTRE,LEGALIZADA,MODELAMIENTO,1,0.0,0.0,0.0,0.0,0.0,,41,
87172143,CIENCIA DE DATOS E INTELIGENCIA ARTIFICIAL,Periodo 2025 - 2S,PRIMER SEMESTRE,LEGALIZADA,ÁLGEBRA LINEAL,1,27.0,0.12,0.03,0.0,0.07,REPROBADO,41,
87172143,CIENCIA DE DATOS E INTELIGENCIA ARTIFICIAL,Periodo 2025 - 2S,PRIMER SEMESTRE,LEGALIZADA,CÁLCULO EN UNA VARIABLE,1,47.0,0.0,0.0,0.0,0.0,REPROBADO,41,
87172143,CIENCIA DE DATOS E INTELIGENCIA ARTIFICIAL,Periodo 2025 - 2S,PRIMER SEMESTRE,LEGALIZADA,COMUNICACIÓN EFECTIVA,1,29.0,0.0,0.0,0.0,0.0,REPROBADO,41,
87172143,CIENCIA DE DATOS E INTELIGENCIA ARTIFICIAL,Periodo 2025 - 2S,PRIMER SEMESTRE,LEGALIZADA,FUNDAMENTOS DE METODOLOGÍA DE LA INVESTIGACIÓN,1,23.0,0.0,0.0,0.0,0.0,REPROBADO,41,
87172143,CIENCIA DE DATOS E INTELIGENCIA ARTIFICIAL,Periodo 2025 - 2S,PRIMER SEMESTRE,LEGALIZADA,PROGRAMACIÓN 1,1,27.0,0.03,0.0,0.0,0.01,REPROBADO,41,
4628577,CIENCIA DE DATOS E INTELIGENCIA ARTIFICIAL,Periodo 2025 - 1S,PRIMER SEMESTRE,LEGALIZADA,ÁLGEBRA LINEAL,1,75.0,7.7,7.11,0.0,7.4,APROBADO,41,
4628577,CIENCIA DE DATOS E INTELIGENCIA ARTIFICIAL,Periodo 2025 - 1S,PRIMER SEMESTRE,LEGALIZADA,CÁLCULO EN UNA VARIABLE,1,88.0,7.04,6.78,7.25,7.08,APROBADO,41,
4628577,CIENCIA DE DATOS E INTELIGENCIA ARTIFICIAL,Periodo 2025 - 1S,PRIMER SEMESTRE,LEGALIZADA,COMUNICACIÓN EFECTIVA,1,94.0,7.85,8.45,0.0,8.15,APROBADO,41,
4628577,CIENCIA DE DATOS E INTELIGENCIA ARTIFICIAL,Periodo 2025 - 1S,PRIMER SEMESTRE,LEGALIZADA,FUNDAMENTOS DE METODOLOGÍA DE LA INVESTIGACIÓN,1,100.0,6.62,9.06,0.0,7.84,APROBADO,41,
4628577,CIENCIA DE DATOS E INTELIGENCIA ARTIFICIAL,Periodo 2025 - 1S,PRIMER SEMESTRE,LEGALIZADA,PROGRAMACIÓN 1,1,79.0,6.65,7.03,9.0,7.92,APROBADO,41,
4628577,CIENCIA DE DATOS E INTELIGENCIA ARTIFICIAL,Periodo 2025 - 2S,SEGUNDO SEMESTRE,LEGALIZADA,ESTRUCTURA DE DATOS,1,100.0,7.28,8.91,0.0,8.09,APROBADO,41,
4628577,CIENCIA DE DATOS E INTELIGENCIA ARTIFICIAL,Periodo 2025 - 2S,SEGUNDO SEMESTRE,LEGALIZADA,FUNDAMENTOS DE CIENCIA DE DATOS E INTELIGENCIA ARTIFICIAL,1,75.0,7.33,6.96,0.0,7.14,APROBADO,41,
4628577,CIENCIA DE DATOS E INTELIGENCIA ARTIFICIAL,Periodo 2025 - 2S,SEGUNDO SEMESTRE,LEGALIZADA,HABILIDADES PARA LA VIDA,1,85.0,7.84,8.32,0.0,8.08,APROBADO,41,
4628577,CIENCIA DE DATOS E INTELIGENCIA ARTIFICIAL,Periodo 2025 - 2S,SEGUNDO SEMESTRE,LEGALIZADA,PROBABILIDAD Y ESTADÍSTICA,1,69.0,8.2,7.74,0.0,7.97,APROBADO,41,
4628577,CIENCIA DE DATOS E INTELIGENCIA ARTIFICIAL,Periodo 2025 - 2S,SEGUNDO SEMESTRE,LEGALIZADA,PROGRAMACIÓN 2,1,100.0,5.65,7.7,9.0,7.83,APROBADO,41,
4628577,CIENCIA DE DATOS E INTELIGENCIA ARTIFICIAL,Periodo 2026 - 1S,TERCER SEMESTRE,LEGALIZADA,CÁLCULO EN VARIAS VARIABLES,1,0.0,0.0,0.0,0.0,0.0,,41,
4628577,CIENCIA DE DATOS E INTELIGENCIA ARTIFICIAL,Periodo 2026 - 1S,TERCER SEMESTRE,LEGALIZADA,CULTURA DIGITAL Y SOCIEDAD,1,0.0,0.0,0.0,0.0,0.0,,41,
4628577,CIENCIA DE DATOS E INTELIGENCIA ARTIFICIAL,Periodo 2026 - 1S,TERCER SEMESTRE,LEGALIZADA,DISEÑO EXPERIMENTAL,1,0.0,7.66,0.0,0.0,0.0,,41,
4628577,CIENCIA DE DATOS E INTELIGENCIA ARTIFICIAL,Periodo 2026 - 1S,TERCER SEMESTRE,LEGALIZADA,FUNDAMENTOS DE BASE DE DATOS,1,0.0,0.0,0.0,0.0,0.0,,41,
4628577,CIENCIA DE DATOS E INTELIGENCIA ARTIFICIAL,Periodo 2026 - 1S,TERCER SEMESTRE,LEGALIZADA,MODELAMIENTO,1,0.0,0.0,0.0,0.0,0.0,,41,
83907611,CIENCIA DE DATOS E INTELIGENCIA ARTIFICIAL,Periodo 2025 - 1S,PRIMER SEMESTRE,LEGALIZADA,ÁLGEBRA LINEAL,1,75.0,7.94,8.73,0.0,8.33,APROBADO,41,
83907611,CIENCIA DE DATOS E INTELIGENCIA ARTIFICIAL,Periodo 2025 - 1S,PRIMER SEMESTRE,LEGALIZADA,CÁLCULO EN UNA VARIABLE,1,100.0,8.36,7.76,0.0,8.06,APROBADO,41,
83907611,CIENCIA DE DATOS E INTELIGENCIA ARTIFICIAL,Periodo 2025 - 1S,PRIMER SEMESTRE,LEGALIZADA,COMUNICACIÓN EFECTIVA,1,94.0,9.51,8.88,0.0,9.19,APROBADO,41,
83907611,CIENCIA DE DATOS E INTELIGENCIA ARTIFICIAL,Periodo 2025 - 1S,PRIMER SEMESTRE,LEGALIZADA,FUNDAMENTOS DE METODOLOGÍA DE LA INVESTIGACIÓN,1,100.0,9.79,9.85,0.0,9.82,APROBADO,41,
83907611,CIENCIA DE DATOS E INTELIGENCIA ARTIFICIAL,Periodo 2025 - 1S,PRIMER SEMESTRE,LEGALIZADA,PROGRAMACIÓN 1,1,100.0,8.77,8.29,0.0,8.53,APROBADO,41,
83907611,CIENCIA DE DATOS E INTELIGENCIA ARTIFICIAL,Periodo 2025 - 2S,SEGUNDO SEMESTRE,LEGALIZADA,ESTRUCTURA DE DATOS,1,92.0,9.91,9.69,0.0,9.8,APROBADO,41,
83907611,CIENCIA DE DATOS E INTELIGENCIA ARTIFICIAL,Periodo 2025 - 2S,SEGUNDO SEMESTRE,LEGALIZADA,FUNDAMENTOS DE CIENCIA DE DATOS E INTELIGENCIA ARTIFICIAL,1,83.0,8.62,9.57,0.0,9.09,APROBADO,41,
83907611,CIENCIA DE DATOS E INTELIGENCIA ARTIFICIAL,Periodo 2025 - 2S,SEGUNDO SEMESTRE,LEGALIZADA,HABILIDADES PARA LA VIDA,1,92.0,8.2,9.59,0.0,8.89,APROBADO,41,
83907611,CIENCIA DE DATOS E INTELIGENCIA ARTIFICIAL,Periodo 2025 - 2S,SEGUNDO SEMESTRE,LEGALIZADA,PROBABILIDAD Y ESTADÍSTICA,1,94.0,9.61,9.42,0.0,9.51,APROBADO,41,
83907611,CIENCIA DE DATOS E INTELIGENCIA ARTIFICIAL,Periodo 2025 - 2S,SEGUNDO SEMESTRE,LEGALIZADA,PROGRAMACIÓN 2,1,100.0,8.4,9.57,0.0,8.98,APROBADO,41,
83907611,CIENCIA DE DATOS E INTELIGENCIA ARTIFICIAL,Periodo 2026 - 1S,TERCER SEMESTRE,LEGALIZADA,CÁLCULO EN VARIAS VARIABLES,1,0.0,0.0,0.0,0.0,0.0,,41,
83907611,CIENCIA DE DATOS E INTELIGENCIA ARTIFICIAL,Periodo 2026 - 1S,TERCER SEMESTRE,LEGALIZADA,CULTURA DIGITAL Y SOCIEDAD,1,0.0,0.0,0.0,0.0,0.0,,41,
83907611,CIENCIA DE DATOS E INTELIGENCIA ARTIFICIAL,Periodo 2026 - 1S,TERCER SEMESTRE,LEGALIZADA,DISEÑO EXPERIMENTAL,1,0.0,9.21,0.0,0.0,0.0,,41,
83907611,CIENCIA DE DATOS E INTELIGENCIA ARTIFICIAL,Periodo 2026 - 1S,TERCER SEMESTRE,LEGALIZADA,FUNDAMENTOS DE BASE DE DATOS,1,0.0,0.0,0.0,0.0,0.0,,41,
83907611,CIENCIA DE DATOS E INTELIGENCIA ARTIFICIAL,Periodo 2026 - 1S,TERCER SEMESTRE,LEGALIZADA,MODELAMIENTO,1,0.0,0.0,0.0,0.0,0.0,,41,
53994346,CIENCIA DE DATOS E INTELIGENCIA ARTIFICIAL,Periodo 2025 - 1S,PRIMER SEMESTRE,LEGALIZADA,ÁLGEBRA LINEAL,1,31.0,4.97,6.41,0.0,5.69,REPROBADO,41,
53994346,CIENCIA DE DATOS E INTELIGENCIA ARTIFICIAL,Periodo 2025 - 1S,PRIMER SEMESTRE,LEGALIZADA,CÁLCULO EN UNA VARIABLE,1,63.0,3.61,4.49,6.75,5.4,REPROBADO,41,
53994346,CIENCIA DE DATOS E INTELIGENCIA ARTIFICIAL,Periodo 2025 - 1S,PRIMER SEMESTRE,LEGALIZADA,COMUNICACIÓN EFECTIVA,1,31.0,7.65,5.95,0.0,6.8,REPROBADO,41,
53994346,CIENCIA DE DATOS E INTELIGENCIA ARTIFICIAL,Periodo 2025 - 1S,PRIMER SEMESTRE,LEGALIZADA,FUNDAMENTOS DE METODOLOGÍA DE LA INVESTIGACIÓN,1,100.0,6.85,7.88,0.0,7.36,APROBADO,41,
53994346,CIENCIA DE DATOS E INTELIGENCIA ARTIFICIAL,Periodo 2025 - 1S,PRIMER SEMESTRE,LEGALIZADA,PROGRAMACIÓN 1,1,50.0,5.02,5.49,10.0,7.62,APROBADO,41,
53994346,CIENCIA DE DATOS E INTELIGENCIA ARTIFICIAL,Periodo 2025 - 2S,PRIMER SEMESTRE,LEGALIZADA,ÁLGEBRA LINEAL,2,53.0,8.18,1.9,0.01,2.52,REPROBADO,41,
53994346,CIENCIA DE DATOS E INTELIGENCIA ARTIFICIAL,Periodo 2025 - 2S,PRIMER SEMESTRE,LEGALIZADA,CÁLCULO EN UNA VARIABLE,2,67.0,5.17,0.78,0.0,2.97,REPROBADO,41,
53994346,CIENCIA DE DATOS E INTELIGENCIA ARTIFICIAL,Periodo 2025 - 2S,PRIMER SEMESTRE,LEGALIZADA,COMUNICACIÓN EFECTIVA,2,33.0,7.07,1.99,0.0,4.53,REPROBADO,41,
78258718,CIENCIA DE DATOS E INTELIGENCIA ARTIFICIAL,Periodo 2025 - 1S,PRIMER SEMESTRE,LEGALIZADA,ÁLGEBRA LINEAL,1,88.0,5.77,5.53,6.0,5.82,REPROBADO,41,
78258718,CIENCIA DE DATOS E INTELIGENCIA ARTIFICIAL,Periodo 2025 - 1S,PRIMER SEMESTRE,LEGALIZADA,CÁLCULO EN UNA VARIABLE,1,88.0,5.02,2.01,0.0,3.51,REPROBADO,41,
78258718,CIENCIA DE DATOS E INTELIGENCIA ARTIFICIAL,Periodo 2025 - 1S,PRIMER SEMESTRE,LEGALIZADA,COMUNICACIÓN EFECTIVA,1,50.0,3.37,4.83,0.0,4.1,,41,
78258718,CIENCIA DE DATOS E INTELIGENCIA ARTIFICIAL,Periodo 2025 - 1S,PRIMER SEMESTRE,LEGALIZADA,FUNDAMENTOS DE METODOLOGÍA DE LA INVESTIGACIÓN,1,100.0,5.25,4.06,10.0,7.32,APROBADO,41,
78258718,CIENCIA DE DATOS E INTELIGENCIA ARTIFICIAL,Periodo 2025 - 1S,PRIMER SEMESTRE,LEGALIZADA,PROGRAMACIÓN 1,1,93.0,5.43,4.29,10.0,7.43,APROBADO,41,
78258718,CIENCIA DE DATOS E INTELIGENCIA ARTIFICIAL,Periodo 2025 - 2S,PRIMER SEMESTRE,LEGALIZADA,ÁLGEBRA LINEAL,2,67.0,8.28,8.24,0.0,8.26,APROBADO,41,
78258718,CIENCIA DE DATOS E INTELIGENCIA ARTIFICIAL,Periodo 2025 - 2S,PRIMER SEMESTRE,LEGALIZADA,CÁLCULO EN UNA VARIABLE,2,100.0,4.63,6.59,2.0,3.8,REPROBADO,41,
78258718,CIENCIA DE DATOS E INTELIGENCIA ARTIFICIAL,Periodo 2025 - 2S,PRIMER SEMESTRE,LEGALIZADA,COMUNICACIÓN EFECTIVA,2,71.0,6.92,7.34,0.0,7.13,APROBADO,41,
78258718,CIENCIA DE DATOS E INTELIGENCIA ARTIFICIAL,Periodo 2026 - 1S,PRIMER SEMESTRE,LEGALIZADA,CÁLCULO EN UNA VARIABLE,3,0.0,0.0,0.0,0.0,0.0,,41,
60018192,CIENCIA DE DATOS E INTELIGENCIA ARTIFICIAL,Periodo 2025 - 1S,PRIMER SEMESTRE,LEGALIZADA,ÁLGEBRA LINEAL,1,100.0,7.04,6.9,2.5,4.73,REPROBADO,41,
60018192,CIENCIA DE DATOS E INTELIGENCIA ARTIFICIAL,Periodo 2025 - 1S,PRIMER SEMESTRE,LEGALIZADA,CÁLCULO EN UNA VARIABLE,1,100.0,8.1,7.16,0.0,7.63,APROBADO,41,
60018192,CIENCIA DE DATOS E INTELIGENCIA ARTIFICIAL,Periodo 2025 - 1S,PRIMER SEMESTRE,LEGALIZADA,COMUNICACIÓN EFECTIVA,1,93.0,8.72,8.34,0.0,8.53,APROBADO,41,
60018192,CIENCIA DE DATOS E INTELIGENCIA ARTIFICIAL,Periodo 2025 - 1S,PRIMER SEMESTRE,LEGALIZADA,FUNDAMENTOS DE METODOLOGÍA DE LA INVESTIGACIÓN,1,100.0,9.37,9.36,0.0,9.36,APROBADO,41,
60018192,CIENCIA DE DATOS E INTELIGENCIA ARTIFICIAL,Periodo 2025 - 1S,PRIMER SEMESTRE,LEGALIZADA,PROGRAMACIÓN 1,1,100.0,7.71,8.07,0.0,7.89,APROBADO,41,
60018192,CIENCIA DE DATOS E INTELIGENCIA ARTIFICIAL,Periodo 2025 - 2S,PRIMER SEMESTRE,LEGALIZADA,ÁLGEBRA LINEAL,2,80.0,8.12,7.56,0.0,7.84,APROBADO,41,
60018192,CIENCIA DE DATOS E INTELIGENCIA ARTIFICIAL,Periodo 2026 - 1S,SEGUNDO SEMESTRE,LEGALIZADA,ESTRUCTURA DE DATOS,1,0.0,8.04,0.0,0.0,0.0,,41,
60018192,CIENCIA DE DATOS E INTELIGENCIA ARTIFICIAL,Periodo 2026 - 1S,SEGUNDO SEMESTRE,LEGALIZADA,FUNDAMENTOS DE CIENCIA DE DATOS E INTELIGENCIA ARTIFICIAL,1,0.0,9.16,0.0,0.0,0.0,,41,
60018192,CIENCIA DE DATOS E INTELIGENCIA ARTIFICIAL,Periodo 2026 - 1S,SEGUNDO SEMESTRE,LEGALIZADA,HABILIDADES PARA LA VIDA,1,0.0,0.0,0.0,0.0,0.0,,41,
60018192,CIENCIA DE DATOS E INTELIGENCIA ARTIFICIAL,Periodo 2026 - 1S,SEGUNDO SEMESTRE,LEGALIZADA,PROBABILIDAD Y ESTADÍSTICA,1,0.0,0.0,0.0,0.0,0.0,,41,
60018192,CIENCIA DE DATOS E INTELIGENCIA ARTIFICIAL,Periodo 2026 - 1S,SEGUNDO SEMESTRE,LEGALIZADA,PROGRAMACIÓN 2,1,0.0,8.07,0.0,0.0,0.0,,41,
81562460,CIENCIA DE DATOS E INTELIGENCIA ARTIFICIAL,Periodo 2025 - 1S,PRIMER SEMESTRE,LEGALIZADA,ÁLGEBRA LINEAL,1,94.0,5.64,7.96,5.25,6.02,REPROBADO,41,
81562460,CIENCIA DE DATOS E INTELIGENCIA ARTIFICIAL,Periodo 2025 - 1S,PRIMER SEMESTRE,LEGALIZADA,CÁLCULO EN UNA VARIABLE,1,100.0,6.53,6.2,7.75,7.05,APROBADO,41,
81562460,CIENCIA DE DATOS E INTELIGENCIA ARTIFICIAL,Periodo 2025 - 1S,PRIMER SEMESTRE,LEGALIZADA,COMUNICACIÓN EFECTIVA,1,100.0,6.36,8.93,0.0,7.64,APROBADO,41,
81562460,CIENCIA DE DATOS E INTELIGENCIA ARTIFICIAL,Periodo 2025 - 1S,PRIMER SEMESTRE,LEGALIZADA,FUNDAMENTOS DE METODOLOGÍA DE LA INVESTIGACIÓN,1,100.0,8.18,9.83,0.0,9.0,APROBADO,41,
81562460,CIENCIA DE DATOS E INTELIGENCIA ARTIFICIAL,Periodo 2025 - 1S,PRIMER SEMESTRE,LEGALIZADA,PROGRAMACIÓN 1,1,100.0,6.36,8.18,0.0,7.27,APROBADO,41,
81562460,CIENCIA DE DATOS E INTELIGENCIA ARTIFICIAL,Periodo 2025 - 2S,SEGUNDO SEMESTRE,RETIRO,ÁLGEBRA LINEAL,2,0.0,0.0,0.0,0.0,0.0,RETIRO,41,
81562460,CIENCIA DE DATOS E INTELIGENCIA ARTIFICIAL,Periodo 2025 - 2S,SEGUNDO SEMESTRE,RETIRO,ESTRUCTURA DE DATOS,1,0.0,0.0,0.0,0.0,0.0,RETIRO,41,
81562460,CIENCIA DE DATOS E INTELIGENCIA ARTIFICIAL,Periodo 2025 - 2S,SEGUNDO SEMESTRE,RETIRO,HABILIDADES PARA LA VIDA,1,0.0,0.0,0.0,0.0,0.0,RETIRO,41,
81562460,CIENCIA DE DATOS E INTELIGENCIA ARTIFICIAL,Periodo 2025 - 2S,SEGUNDO SEMESTRE,RETIRO,PROGRAMACIÓN 2,1,0.0,0.0,0.0,0.0,0.0,RETIRO,41,
81562460,CIENCIA DE DATOS E INTELIGENCIA ARTIFICIAL,Periodo 2026 - 1S,SEGUNDO SEMESTRE,LEGALIZADA,ÁLGEBRA LINEAL,2,0.0,0.0,0.0,0.0,0.0,,41,
81562460,CIENCIA DE DATOS E INTELIGENCIA ARTIFICIAL,Periodo 2026 - 1S,SEGUNDO SEMESTRE,LEGALIZADA,ESTRUCTURA DE DATOS,1,0.0,7.22,0.0,0.0,0.0,,41,
81562460,CIENCIA DE DATOS E INTELIGENCIA ARTIFICIAL,Periodo 2026 - 1S,SEGUNDO SEMESTRE,LEGALIZADA,HABILIDADES PARA LA VIDA,1,0.0,0.0,0.0,0.0,0.0,,41,
81562460,CIENCIA DE DATOS E INTELIGENCIA ARTIFICIAL,Periodo 2026 - 1S,SEGUNDO SEMESTRE,LEGALIZADA,PROGRAMACIÓN 2,1,0.0,8.1,0.0,0.0,0.0,,41,
78018902,CIENCIA DE DATOS E INTELIGENCIA ARTIFICIAL,Periodo 2025 - 2S,PRIMER SEMESTRE,LEGALIZADA,ÁLGEBRA LINEAL,1,0.0,0.0,0.0,0.0,0.0,RETIRO,41,
78018902,CIENCIA DE DATOS E INTELIGENCIA ARTIFICIAL,Periodo 2025 - 2S,PRIMER SEMESTRE,LEGALIZADA,CÁLCULO EN UNA VARIABLE,1,0.0,0.0,0.0,0.0,0.0,RETIRO,41,
78018902,CIENCIA DE DATOS E INTELIGENCIA ARTIFICIAL,Periodo 2025 - 2S,PRIMER SEMESTRE,LEGALIZADA,COMUNICACIÓN EFECTIVA,1,47.0,5.58,5.57,0.0,5.57,REPROBADO,41,
78018902,CIENCIA DE DATOS E INTELIGENCIA ARTIFICIAL,Periodo 2025 - 2S,PRIMER SEMESTRE,LEGALIZADA,FUNDAMENTOS DE METODOLOGÍA DE LA INVESTIGACIÓN,1,50.0,6.83,6.35,7.8,7.19,APROBADO,41,
78018902,CIENCIA DE DATOS E INTELIGENCIA ARTIFICIAL,Periodo 2025 - 2S,PRIMER SEMESTRE,LEGALIZADA,PROGRAMACIÓN 1,1,0.0,0.0,0.0,0.0,0.0,RETIRO,41,
78018902,CIENCIA DE DATOS E INTELIGENCIA ARTIFICIAL,Periodo 2026 - 1S,PRIMER SEMESTRE,LEGALIZADA,ÁLGEBRA LINEAL,1,0.0,0.0,0.0,0.0,0.0,,41,
78018902,CIENCIA DE DATOS E INTELIGENCIA ARTIFICIAL,Periodo 2026 - 1S,PRIMER SEMESTRE,LEGALIZADA,CÁLCULO EN UNA VARIABLE,1,0.0,0.0,0.0,0.0,0.0,,41,
78018902,CIENCIA DE DATOS E INTELIGENCIA ARTIFICIAL,Periodo 2026 - 1S,PRIMER SEMESTRE,LEGALIZADA,COMUNICACIÓN EFECTIVA,2,0.0,0.0,0.0,0.0,0.0,,41,
78018902,CIENCIA DE DATOS E INTELIGENCIA ARTIFICIAL,Periodo 2026 - 1S,PRIMER SEMESTRE,LEGALIZADA,PROGRAMACIÓN 1,1,0.0,3.24,0.0,0.0,0.0,,41,
13260215,CIENCIA DE DATOS E INTELIGENCIA ARTIFICIAL,Periodo 2025 - 1S,PRIMER SEMESTRE,LEGALIZADA,ÁLGEBRA LINEAL,1,0.0,0.0,0.0,0.0,0.0,EXONERADA,41,
13260215,CIENCIA DE DATOS E INTELIGENCIA ARTIFICIAL,Periodo 2025 - 1S,PRIMER SEMESTRE,LEGALIZADA,CÁLCULO EN UNA VARIABLE,1,93.0,9.79,9.45,0.0,9.62,APROBADO,41,
13260215,CIENCIA DE DATOS E INTELIGENCIA ARTIFICIAL,Periodo 2025 - 1S,PRIMER SEMESTRE,LEGALIZADA,COMUNICACIÓN EFECTIVA,1,100.0,9.36,8.54,0.0,8.95,APROBADO,41,
13260215,CIENCIA DE DATOS E INTELIGENCIA ARTIFICIAL,Periodo 2025 - 1S,PRIMER SEMESTRE,LEGALIZADA,FUNDAMENTOS DE CIENCIA DE DATOS E INTELIGENCIA ARTIFICIAL,1,94.0,9.03,9.48,0.0,9.25,APROBADO,41,
13260215,CIENCIA DE DATOS E INTELIGENCIA ARTIFICIAL,Periodo 2025 - 1S,PRIMER SEMESTRE,LEGALIZADA,FUNDAMENTOS DE METODOLOGÍA DE LA INVESTIGACIÓN,1,0.0,0.0,0.0,0.0,0.0,EXONERADA,41,
13260215,CIENCIA DE DATOS E INTELIGENCIA ARTIFICIAL,Periodo 2025 - 1S,PRIMER SEMESTRE,LEGALIZADA,PROGRAMACIÓN 1,1,0.0,0.0,0.0,0.0,0.0,EXONERADA,41,
13260215,CIENCIA DE DATOS E INTELIGENCIA ARTIFICIAL,Periodo 2025 - 2S,SEGUNDO SEMESTRE,LEGALIZADA,ESTRUCTURA DE DATOS,1,100.0,8.49,9.62,0.0,9.05,APROBADO,41,
13260215,CIENCIA DE DATOS E INTELIGENCIA ARTIFICIAL,Periodo 2025 - 2S,SEGUNDO SEMESTRE,LEGALIZADA,HABILIDADES PARA LA VIDA,1,100.0,8.73,8.52,0.0,8.62,APROBADO,41,
13260215,CIENCIA DE DATOS E INTELIGENCIA ARTIFICIAL,Periodo 2025 - 2S,SEGUNDO SEMESTRE,LEGALIZADA,PROBABILIDAD Y ESTADÍSTICA,1,94.0,8.72,9.0,0.0,8.86,APROBADO,41,
13260215,CIENCIA DE DATOS E INTELIGENCIA ARTIFICIAL,Periodo 2025 - 2S,SEGUNDO SEMESTRE,LEGALIZADA,PROGRAMACIÓN 2,1,100.0,7.97,9.55,0.0,8.76,APROBADO,41,
13260215,CIENCIA DE DATOS E INTELIGENCIA ARTIFICIAL,Periodo 2026 - 1S,TERCER SEMESTRE,LEGALIZADA,CÁLCULO EN VARIAS VARIABLES,1,0.0,0.0,0.0,0.0,0.0,,41,
13260215,CIENCIA DE DATOS E INTELIGENCIA ARTIFICIAL,Periodo 2026 - 1S,TERCER SEMESTRE,LEGALIZADA,CULTURA DIGITAL Y SOCIEDAD,1,0.0,0.0,0.0,0.0,0.0,,41,
13260215,CIENCIA DE DATOS E INTELIGENCIA ARTIFICIAL,Periodo 2026 - 1S,TERCER SEMESTRE,LEGALIZADA,DISEÑO EXPERIMENTAL,1,0.0,9.15,0.0,0.0,0.0,,41,
13260215,CIENCIA DE DATOS E INTELIGENCIA ARTIFICIAL,Periodo 2026 - 1S,TERCER SEMESTRE,LEGALIZADA,FUNDAMENTOS DE BASE DE DATOS,1,0.0,0.0,0.0,0.0,0.0,,41,
13260215,CIENCIA DE DATOS E INTELIGENCIA ARTIFICIAL,Periodo 2026 - 1S,TERCER SEMESTRE,LEGALIZADA,MODELAMIENTO,1,0.0,0.0,0.0,0.0,0.0,,41,
46783432,CIENCIA DE DATOS E INTELIGENCIA ARTIFICIAL,Periodo 2025 - 1S,PRIMER SEMESTRE,LEGALIZADA,ÁLGEBRA LINEAL,1,94.0,7.98,8.66,0.0,8.32,APROBADO,41,
46783432,CIENCIA DE DATOS E INTELIGENCIA ARTIFICIAL,Periodo 2025 - 1S,PRIMER SEMESTRE,LEGALIZADA,CÁLCULO EN UNA VARIABLE,1,0.0,0.0,0.0,0.0,0.0,EXONERADA,41,
46783432,CIENCIA DE DATOS E INTELIGENCIA ARTIFICIAL,Periodo 2025 - 1S,PRIMER SEMESTRE,LEGALIZADA,COMUNICACIÓN EFECTIVA,1,0.0,0.0,0.0,0.0,0.0,EXONERADA,41,
46783432,CIENCIA DE DATOS E INTELIGENCIA ARTIFICIAL,Periodo 2025 - 1S,PRIMER SEMESTRE,LEGALIZADA,FUNDAMENTOS DE METODOLOGÍA DE LA INVESTIGACIÓN,1,0.0,0.0,0.0,0.0,0.0,EXONERADA,41,
46783432,CIENCIA DE DATOS E INTELIGENCIA ARTIFICIAL,Periodo 2025 - 1S,PRIMER SEMESTRE,LEGALIZADA,PROGRAMACIÓN 1,1,75.0,8.2,8.17,0.0,8.18,APROBADO,41,
46783432,CIENCIA DE DATOS E INTELIGENCIA ARTIFICIAL,Periodo 2025 - 2S,SEGUNDO SEMESTRE,LEGALIZADA,ESTRUCTURA DE DATOS,1,86.0,9.45,9.57,0.0,9.51,APROBADO,41,
46783432,CIENCIA DE DATOS E INTELIGENCIA ARTIFICIAL,Periodo 2025 - 2S,SEGUNDO SEMESTRE,LEGALIZADA,FUNDAMENTOS DE CIENCIA DE DATOS E INTELIGENCIA ARTIFICIAL,1,86.0,9.4,9.71,0.0,9.55,APROBADO,41,
46783432,CIENCIA DE DATOS E INTELIGENCIA ARTIFICIAL,Periodo 2025 - 2S,SEGUNDO SEMESTRE,LEGALIZADA,HABILIDADES PARA LA VIDA,1,93.0,9.17,9.38,0.0,9.27,APROBADO,41,
46783432,CIENCIA DE DATOS E INTELIGENCIA ARTIFICIAL,Periodo 2025 - 2S,SEGUNDO SEMESTRE,LEGALIZADA,PROBABILIDAD Y ESTADÍSTICA,1,88.0,9.33,9.34,0.0,9.33,APROBADO,41,
46783432,CIENCIA DE DATOS E INTELIGENCIA ARTIFICIAL,Periodo 2025 - 2S,SEGUNDO SEMESTRE,LEGALIZADA,PROGRAMACIÓN 2,1,100.0,9.8,9.71,0.0,9.75,APROBADO,41,
46783432,CIENCIA DE DATOS E INTELIGENCIA ARTIFICIAL,Periodo 2026 - 1S,TERCER SEMESTRE,LEGALIZADA,CÁLCULO EN VARIAS VARIABLES,1,0.0,0.0,0.0,0.0,0.0,,41,
46783432,CIENCIA DE DATOS E INTELIGENCIA ARTIFICIAL,Periodo 2026 - 1S,TERCER SEMESTRE,LEGALIZADA,CULTURA DIGITAL Y SOCIEDAD,1,0.0,0.0,0.0,0.0,0.0,,41,
46783432,CIENCIA DE DATOS E INTELIGENCIA ARTIFICIAL,Periodo 2026 - 1S,TERCER SEMESTRE,LEGALIZADA,DISEÑO EXPERIMENTAL,1,0.0,9.96,0.0,0.0,0.0,,41,
46783432,CIENCIA DE DATOS E INTELIGENCIA ARTIFICIAL,Periodo 2026 - 1S,TERCER SEMESTRE,LEGALIZADA,FUNDAMENTOS DE BASE DE DATOS,1,0.0,0.0,0.0,0.0,0.0,,41,
46783432,CIENCIA DE DATOS E INTELIGENCIA ARTIFICIAL,Periodo 2026 - 1S,TERCER SEMESTRE,LEGALIZADA,MODELAMIENTO,1,0.0,0.0,0.0,0.0,0.0,,41,
33505075,CIENCIA DE DATOS E INTELIGENCIA ARTIFICIAL,Periodo 2025 - 1S,PRIMER SEMESTRE,LEGALIZADA,ÁLGEBRA LINEAL,1,94.0,7.7,7.88,0.0,7.79,APROBADO,41,
33505075,CIENCIA DE DATOS E INTELIGENCIA ARTIFICIAL,Periodo 2025 - 1S,PRIMER SEMESTRE,LEGALIZADA,CÁLCULO EN UNA VARIABLE,1,0.0,0.0,0.0,0.0,0.0,EXONERADA,41,
33505075,CIENCIA DE DATOS E INTELIGENCIA ARTIFICIAL,Periodo 2025 - 1S,PRIMER SEMESTRE,LEGALIZADA,COMUNICACIÓN EFECTIVA,1,93.0,8.51,9.28,0.0,8.89,APROBADO,41,
33505075,CIENCIA DE DATOS E INTELIGENCIA ARTIFICIAL,Periodo 2025 - 1S,PRIMER SEMESTRE,LEGALIZADA,FUNDAMENTOS DE METODOLOGÍA DE LA INVESTIGACIÓN,1,92.0,8.89,7.65,0.0,8.27,APROBADO,41,
33505075,CIENCIA DE DATOS E INTELIGENCIA ARTIFICIAL,Periodo 2025 - 1S,PRIMER SEMESTRE,LEGALIZADA,PROGRAMACIÓN 1,1,100.0,7.69,8.68,0.0,8.18,APROBADO,41,
33505075,CIENCIA DE DATOS E INTELIGENCIA ARTIFICIAL,Periodo 2025 - 2S,SEGUNDO SEMESTRE,LEGALIZADA,ESTRUCTURA DE DATOS,1,100.0,9.39,9.09,0.0,9.24,APROBADO,41,
33505075,CIENCIA DE DATOS E INTELIGENCIA ARTIFICIAL,Periodo 2025 - 2S,SEGUNDO SEMESTRE,LEGALIZADA,FUNDAMENTOS DE CIENCIA DE DATOS E INTELIGENCIA ARTIFICIAL,1,100.0,8.91,8.86,0.0,8.88,APROBADO,41,
33505075,CIENCIA DE DATOS E INTELIGENCIA ARTIFICIAL,Periodo 2025 - 2S,SEGUNDO SEMESTRE,LEGALIZADA,HABILIDADES PARA LA VIDA,1,93.0,8.42,8.7,0.0,8.56,APROBADO,41,
33505075,CIENCIA DE DATOS E INTELIGENCIA ARTIFICIAL,Periodo 2025 - 2S,SEGUNDO SEMESTRE,LEGALIZADA,PROBABILIDAD Y ESTADÍSTICA,1,0.0,0.0,0.0,0.0,0.0,EXONERADA,41,
33505075,CIENCIA DE DATOS E INTELIGENCIA ARTIFICIAL,Periodo 2025 - 2S,SEGUNDO SEMESTRE,LEGALIZADA,PROGRAMACIÓN 2,1,100.0,8.25,9.68,0.0,8.96,APROBADO,41,
33505075,CIENCIA DE DATOS E INTELIGENCIA ARTIFICIAL,Periodo 2026 - 1S,TERCER SEMESTRE,LEGALIZADA,CÁLCULO EN VARIAS VARIABLES,1,0.0,0.0,0.0,0.0,0.0,,41,
33505075,CIENCIA DE DATOS E INTELIGENCIA ARTIFICIAL,Periodo 2026 - 1S,TERCER SEMESTRE,LEGALIZADA,CULTURA DIGITAL Y SOCIEDAD,1,0.0,0.0,0.0,0.0,0.0,,41,
33505075,CIENCIA DE DATOS E INTELIGENCIA ARTIFICIAL,Periodo 2026 - 1S,TERCER SEMESTRE,LEGALIZADA,DISEÑO EXPERIMENTAL,1,0.0,8.83,0.0,0.0,0.0,,41,
33505075,CIENCIA DE DATOS E INTELIGENCIA ARTIFICIAL,Periodo 2026 - 1S,TERCER SEMESTRE,LEGALIZADA,FUNDAMENTOS DE BASE DE DATOS,1,0.0,0.0,0.0,0.0,0.0,,41,
33505075,CIENCIA DE DATOS E INTELIGENCIA ARTIFICIAL,Periodo 2026 - 1S,TERCER SEMESTRE,LEGALIZADA,MODELAMIENTO,1,0.0,0.0,0.0,0.0,0.0,,41,
53908314,CIENCIA DE DATOS E INTELIGENCIA ARTIFICIAL,Periodo 2025 - 1S,PRIMER SEMESTRE,LEGALIZADA,ÁLGEBRA LINEAL,1,100.0,8.88,9.01,0.0,8.94,APROBADO,41,
53908314,CIENCIA DE DATOS E INTELIGENCIA ARTIFICIAL,Periodo 2025 - 1S,PRIMER SEMESTRE,LEGALIZADA,CÁLCULO EN UNA VARIABLE,1,93.0,9.49,9.82,0.0,9.65,APROBADO,41,
53908314,CIENCIA DE DATOS E INTELIGENCIA ARTIFICIAL,Periodo 2025 - 1S,PRIMER SEMESTRE,LEGALIZADA,COMUNICACIÓN EFECTIVA,1,100.0,9.63,9.31,0.0,9.47,APROBADO,41,
53908314,CIENCIA DE DATOS E INTELIGENCIA ARTIFICIAL,Periodo 2025 - 1S,PRIMER SEMESTRE,LEGALIZADA,FUNDAMENTOS DE METODOLOGÍA DE LA INVESTIGACIÓN,1,92.0,9.35,10.0,0.0,9.67,APROBADO,41,
53908314,CIENCIA DE DATOS E INTELIGENCIA ARTIFICIAL,Periodo 2025 - 1S,PRIMER SEMESTRE,LEGALIZADA,PROGRAMACIÓN 1,1,94.0,8.93,9.21,0.0,9.07,APROBADO,41,
53908314,CIENCIA DE DATOS E INTELIGENCIA ARTIFICIAL,Periodo 2025 - 2S,SEGUNDO SEMESTRE,LEGALIZADA,ESTRUCTURA DE DATOS,1,0.0,0.0,0.0,0.0,0.0,RETIRO,41,
53908314,CIENCIA DE DATOS E INTELIGENCIA ARTIFICIAL,Periodo 2025 - 2S,SEGUNDO SEMESTRE,LEGALIZADA,FUNDAMENTOS DE CIENCIA DE DATOS E INTELIGENCIA ARTIFICIAL,1,0.0,0.0,0.0,0.0,0.0,RETIRO,41,
53908314,CIENCIA DE DATOS E INTELIGENCIA ARTIFICIAL,Periodo 2025 - 2S,SEGUNDO SEMESTRE,LEGALIZADA,HABILIDADES PARA LA VIDA,1,100.0,9.73,9.4,0.0,9.56,APROBADO,41,
53908314,CIENCIA DE DATOS E INTELIGENCIA ARTIFICIAL,Periodo 2025 - 2S,SEGUNDO SEMESTRE,LEGALIZADA,PROBABILIDAD Y ESTADÍSTICA,1,100.0,9.77,9.28,0.0,9.52,APROBADO,41,
53908314,CIENCIA DE DATOS E INTELIGENCIA ARTIFICIAL,Periodo 2025 - 2S,SEGUNDO SEMESTRE,LEGALIZADA,PROGRAMACIÓN 2,1,100.0,9.86,9.98,0.0,9.92,APROBADO,41,
53908314,CIENCIA DE DATOS E INTELIGENCIA ARTIFICIAL,Periodo 2026 - 1S,SEGUNDO SEMESTRE,LEGALIZADA,CÁLCULO EN VARIAS VARIABLES,1,0.0,0.0,0.0,0.0,0.0,,41,
53908314,CIENCIA DE DATOS E INTELIGENCIA ARTIFICIAL,Periodo 2026 - 1S,SEGUNDO SEMESTRE,LEGALIZADA,ESTRUCTURA DE DATOS,1,0.0,9.11,0.0,0.0,0.0,,41,
53908314,CIENCIA DE DATOS E INTELIGENCIA ARTIFICIAL,Periodo 2026 - 1S,SEGUNDO SEMESTRE,LEGALIZADA,FUNDAMENTOS DE CIENCIA DE DATOS E INTELIGENCIA ARTIFICIAL,1,0.0,0.0,0.0,0.0,0.0,,41,
89934979,CIENCIA DE DATOS E INTELIGENCIA ARTIFICIAL,Periodo 2025 - 1S,PRIMER SEMESTRE,LEGALIZADA,ÁLGEBRA LINEAL,1,94.0,7.62,6.37,3.25,5.12,REPROBADO,41,
89934979,CIENCIA DE DATOS E INTELIGENCIA ARTIFICIAL,Periodo 2025 - 1S,PRIMER SEMESTRE,LEGALIZADA,CÁLCULO EN UNA VARIABLE,1,86.0,7.82,7.09,0.0,7.45,APROBADO,41,
89934979,CIENCIA DE DATOS E INTELIGENCIA ARTIFICIAL,Periodo 2025 - 1S,PRIMER SEMESTRE,LEGALIZADA,COMUNICACIÓN EFECTIVA,1,86.0,7.8,8.5,0.0,8.15,APROBADO,41,
89934979,CIENCIA DE DATOS E INTELIGENCIA ARTIFICIAL,Periodo 2025 - 1S,PRIMER SEMESTRE,LEGALIZADA,FUNDAMENTOS DE METODOLOGÍA DE LA INVESTIGACIÓN,1,100.0,8.99,9.01,0.0,9.0,APROBADO,41,
89934979,CIENCIA DE DATOS E INTELIGENCIA ARTIFICIAL,Periodo 2025 - 1S,PRIMER SEMESTRE,LEGALIZADA,PROGRAMACIÓN 1,1,94.0,6.82,6.97,8.0,7.44,APROBADO,41,
89934979,CIENCIA DE DATOS E INTELIGENCIA ARTIFICIAL,Periodo 2025 - 2S,SEGUNDO SEMESTRE,LEGALIZADA,ÁLGEBRA LINEAL,2,100.0,7.98,9.45,0.0,8.71,APROBADO,41,
89934979,CIENCIA DE DATOS E INTELIGENCIA ARTIFICIAL,Periodo 2025 - 2S,SEGUNDO SEMESTRE,LEGALIZADA,ESTRUCTURA DE DATOS,1,100.0,9.56,9.11,0.0,9.33,APROBADO,41,
89934979,CIENCIA DE DATOS E INTELIGENCIA ARTIFICIAL,Periodo 2025 - 2S,SEGUNDO SEMESTRE,LEGALIZADA,HABILIDADES PARA LA VIDA,1,86.0,9.3,9.04,0.0,9.17,APROBADO,41,
89934979,CIENCIA DE DATOS E INTELIGENCIA ARTIFICIAL,Periodo 2025 - 2S,SEGUNDO SEMESTRE,LEGALIZADA,PROGRAMACIÓN 2,1,100.0,8.44,8.53,0.0,8.48,APROBADO,41,
89934979,CIENCIA DE DATOS E INTELIGENCIA ARTIFICIAL,Periodo 2026 - 1S,SEGUNDO SEMESTRE,LEGALIZADA,FUNDAMENTOS DE CIENCIA DE DATOS E INTELIGENCIA ARTIFICIAL,1,0.0,0.0,0.0,0.0,0.0,,41,
89934979,CIENCIA DE DATOS E INTELIGENCIA ARTIFICIAL,Periodo 2026 - 1S,SEGUNDO SEMESTRE,LEGALIZADA,PROBABILIDAD Y ESTADÍSTICA,1,0.0,0.0,0.0,0.0,0.0,,41,
75938765,CIENCIA DE DATOS E INTELIGENCIA ARTIFICIAL,Periodo 2025 - 1S,PRIMER SEMESTRE,LEGALIZADA,ÁLGEBRA LINEAL,1,100.0,8.08,4.68,6.0,6.19,REPROBADO,41,
75938765,CIENCIA DE DATOS E INTELIGENCIA ARTIFICIAL,Periodo 2025 - 1S,PRIMER SEMESTRE,LEGALIZADA,CÁLCULO EN UNA VARIABLE,1,93.0,6.31,3.3,5.75,5.27,REPROBADO,41,
75938765,CIENCIA DE DATOS E INTELIGENCIA ARTIFICIAL,Periodo 2025 - 1S,PRIMER SEMESTRE,LEGALIZADA,COMUNICACIÓN EFECTIVA,1,100.0,8.62,6.25,0.0,7.43,APROBADO,41,
75938765,CIENCIA DE DATOS E INTELIGENCIA ARTIFICIAL,Periodo 2025 - 1S,PRIMER SEMESTRE,LEGALIZADA,FUNDAMENTOS DE METODOLOGÍA DE LA INVESTIGACIÓN,1,100.0,8.94,5.89,0.0,7.41,APROBADO,41,
75938765,CIENCIA DE DATOS E INTELIGENCIA ARTIFICIAL,Periodo 2025 - 1S,PRIMER SEMESTRE,LEGALIZADA,PROGRAMACIÓN 1,1,100.0,7.52,4.87,7.81,7.0,APROBADO,41,
75938765,CIENCIA DE DATOS E INTELIGENCIA ARTIFICIAL,Periodo 2025 - 2S,PRIMER SEMESTRE,LEGALIZADA,ÁLGEBRA LINEAL,2,100.0,8.23,8.78,0.0,8.5,APROBADO,41,
75938765,CIENCIA DE DATOS E INTELIGENCIA ARTIFICIAL,Periodo 2025 - 2S,PRIMER SEMESTRE,LEGALIZADA,CÁLCULO EN UNA VARIABLE,2,100.0,7.1,8.47,0.0,7.78,APROBADO,41,
75938765,CIENCIA DE DATOS E INTELIGENCIA ARTIFICIAL,Periodo 2026 - 1S,SEGUNDO SEMESTRE,LEGALIZADA,ESTRUCTURA DE DATOS,1,0.0,9.79,0.0,0.0,0.0,,41,
75938765,CIENCIA DE DATOS E INTELIGENCIA ARTIFICIAL,Periodo 2026 - 1S,SEGUNDO SEMESTRE,LEGALIZADA,FUNDAMENTOS DE CIENCIA DE DATOS E INTELIGENCIA ARTIFICIAL,1,0.0,0.0,0.0,0.0,0.0,,41,
75938765,CIENCIA DE DATOS E INTELIGENCIA ARTIFICIAL,Periodo 2026 - 1S,SEGUNDO SEMESTRE,LEGALIZADA,HABILIDADES PARA LA VIDA,1,0.0,0.0,0.0,0.0,0.0,,41,
75938765,CIENCIA DE DATOS E INTELIGENCIA ARTIFICIAL,Periodo 2026 - 1S,SEGUNDO SEMESTRE,LEGALIZADA,PROBABILIDAD Y ESTADÍSTICA,1,0.0,0.0,0.0,0.0,0.0,,41,
75938765,CIENCIA DE DATOS E INTELIGENCIA ARTIFICIAL,Periodo 2026 - 1S,SEGUNDO SEMESTRE,LEGALIZADA,PROGRAMACIÓN 2,1,0.0,9.76,0.0,0.0,0.0,,41,
96273071,CIENCIA DE DATOS E INTELIGENCIA ARTIFICIAL,Periodo 2025 - 1S,PRIMER SEMESTRE,LEGALIZADA,ÁLGEBRA LINEAL,1,100.0,8.52,9.89,0.0,9.2,APROBADO,41,
96273071,CIENCIA DE DATOS E INTELIGENCIA ARTIFICIAL,Periodo 2025 - 1S,PRIMER SEMESTRE,LEGALIZADA,CÁLCULO EN UNA VARIABLE,1,93.0,8.38,9.74,0.0,9.06,APROBADO,41,
96273071,CIENCIA DE DATOS E INTELIGENCIA ARTIFICIAL,Periodo 2025 - 1S,PRIMER SEMESTRE,LEGALIZADA,COMUNICACIÓN EFECTIVA,1,100.0,8.62,9.78,0.0,9.2,APROBADO,41,
96273071,CIENCIA DE DATOS E INTELIGENCIA ARTIFICIAL,Periodo 2025 - 1S,PRIMER SEMESTRE,LEGALIZADA,FUNDAMENTOS DE METODOLOGÍA DE LA INVESTIGACIÓN,1,92.0,9.53,9.98,0.0,9.75,APROBADO,41,
96273071,CIENCIA DE DATOS E INTELIGENCIA ARTIFICIAL,Periodo 2025 - 1S,PRIMER SEMESTRE,LEGALIZADA,PROGRAMACIÓN 1,1,100.0,9.13,8.79,0.0,8.96,APROBADO,41,
96273071,CIENCIA DE DATOS E INTELIGENCIA ARTIFICIAL,Periodo 2025 - 2S,SEGUNDO SEMESTRE,LEGALIZADA,ESTRUCTURA DE DATOS,1,100.0,9.5,9.63,0.0,9.56,APROBADO,41,
96273071,CIENCIA DE DATOS E INTELIGENCIA ARTIFICIAL,Periodo 2025 - 2S,SEGUNDO SEMESTRE,LEGALIZADA,FUNDAMENTOS DE CIENCIA DE DATOS E INTELIGENCIA ARTIFICIAL,1,100.0,9.56,9.44,0.0,9.5,APROBADO,41,
96273071,CIENCIA DE DATOS E INTELIGENCIA ARTIFICIAL,Periodo 2025 - 2S,SEGUNDO SEMESTRE,LEGALIZADA,HABILIDADES PARA LA VIDA,1,100.0,9.38,8.92,0.0,9.15,APROBADO,41,
96273071,CIENCIA DE DATOS E INTELIGENCIA ARTIFICIAL,Periodo 2025 - 2S,SEGUNDO SEMESTRE,LEGALIZADA,PROBABILIDAD Y ESTADÍSTICA,1,100.0,9.56,10.0,0.0,9.78,APROBADO,41,
96273071,CIENCIA DE DATOS E INTELIGENCIA ARTIFICIAL,Periodo 2025 - 2S,SEGUNDO SEMESTRE,LEGALIZADA,PROGRAMACIÓN 2,1,100.0,8.14,9.18,0.0,8.66,APROBADO,41,
96273071,CIENCIA DE DATOS E INTELIGENCIA ARTIFICIAL,Periodo 2026 - 1S,TERCER SEMESTRE,LEGALIZADA,CÁLCULO EN VARIAS VARIABLES,1,0.0,0.0,0.0,0.0,0.0,,41,
96273071,CIENCIA DE DATOS E INTELIGENCIA ARTIFICIAL,Periodo 2026 - 1S,TERCER SEMESTRE,LEGALIZADA,CULTURA DIGITAL Y SOCIEDAD,1,0.0,0.0,0.0,0.0,0.0,,41,
96273071,CIENCIA DE DATOS E INTELIGENCIA ARTIFICIAL,Periodo 2026 - 1S,TERCER SEMESTRE,LEGALIZADA,DISEÑO EXPERIMENTAL,1,0.0,9.44,0.0,0.0,0.0,,41,
96273071,CIENCIA DE DATOS E INTELIGENCIA ARTIFICIAL,Periodo 2026 - 1S,TERCER SEMESTRE,LEGALIZADA,FUNDAMENTOS DE BASE DE DATOS,1,0.0,0.0,0.0,0.0,0.0,,41,
96273071,CIENCIA DE DATOS E INTELIGENCIA ARTIFICIAL,Periodo 2026 - 1S,TERCER SEMESTRE,LEGALIZADA,MODELAMIENTO,1,0.0,0.0,0.0,0.0,0.0,,41,
80883330,CIENCIA DE DATOS E INTELIGENCIA ARTIFICIAL,Periodo 2025 - 1S,PRIMER SEMESTRE,LEGALIZADA,ÁLGEBRA LINEAL,1,81.0,6.89,9.19,0.0,8.04,APROBADO,41,
80883330,CIENCIA DE DATOS E INTELIGENCIA ARTIFICIAL,Periodo 2025 - 1S,PRIMER SEMESTRE,LEGALIZADA,CÁLCULO EN UNA VARIABLE,1,64.0,7.0,6.69,7.5,7.17,APROBADO,41,
80883330,CIENCIA DE DATOS E INTELIGENCIA ARTIFICIAL,Periodo 2025 - 1S,PRIMER SEMESTRE,LEGALIZADA,COMUNICACIÓN EFECTIVA,1,57.0,7.97,8.43,0.0,8.2,APROBADO,41,
80883330,CIENCIA DE DATOS E INTELIGENCIA ARTIFICIAL,Periodo 2025 - 1S,PRIMER SEMESTRE,LEGALIZADA,FUNDAMENTOS DE METODOLOGÍA DE LA INVESTIGACIÓN,1,100.0,6.91,6.08,10.0,8.24,APROBADO,41,
80883330,CIENCIA DE DATOS E INTELIGENCIA ARTIFICIAL,Periodo 2025 - 1S,PRIMER SEMESTRE,LEGALIZADA,PROGRAMACIÓN 1,1,75.0,6.7,5.43,10.0,8.03,APROBADO,41,
80883330,CIENCIA DE DATOS E INTELIGENCIA ARTIFICIAL,Periodo 2025 - 2S,SEGUNDO SEMESTRE,RETIRO,ESTRUCTURA DE DATOS,1,0.0,0.0,0.0,0.0,0.0,RETIRO,41,
80883330,CIENCIA DE DATOS E INTELIGENCIA ARTIFICIAL,Periodo 2025 - 2S,SEGUNDO SEMESTRE,RETIRO,FUNDAMENTOS DE CIENCIA DE DATOS E INTELIGENCIA ARTIFICIAL,1,0.0,0.0,0.0,0.0,0.0,RETIRO,41,
80883330,CIENCIA DE DATOS E INTELIGENCIA ARTIFICIAL,Periodo 2025 - 2S,SEGUNDO SEMESTRE,RETIRO,HABILIDADES PARA LA VIDA,1,0.0,0.0,0.0,0.0,0.0,RETIRO,41,
80883330,CIENCIA DE DATOS E INTELIGENCIA ARTIFICIAL,Periodo 2025 - 2S,SEGUNDO SEMESTRE,RETIRO,PROBABILIDAD Y ESTADÍSTICA,1,0.0,0.0,0.0,0.0,0.0,RETIRO,41,
80883330,CIENCIA DE DATOS E INTELIGENCIA ARTIFICIAL,Periodo 2025 - 2S,SEGUNDO SEMESTRE,RETIRO,PROGRAMACIÓN 2,1,0.0,0.0,0.0,0.0,0.0,RETIRO,41,
80883330,CIENCIA DE DATOS E INTELIGENCIA ARTIFICIAL,Periodo 2026 - 1S,SEGUNDO SEMESTRE,LEGALIZADA,ESTRUCTURA DE DATOS,1,0.0,8.58,0.0,0.0,0.0,,41,
80883330,CIENCIA DE DATOS E INTELIGENCIA ARTIFICIAL,Periodo 2026 - 1S,SEGUNDO SEMESTRE,LEGALIZADA,FUNDAMENTOS DE CIENCIA DE DATOS E INTELIGENCIA ARTIFICIAL,1,0.0,0.0,0.0,0.0,0.0,,41,
80883330,CIENCIA DE DATOS E INTELIGENCIA ARTIFICIAL,Periodo 2026 - 1S,SEGUNDO SEMESTRE,LEGALIZADA,HABILIDADES PARA LA VIDA,1,0.0,0.0,0.0,0.0,0.0,,41,
80883330,CIENCIA DE DATOS E INTELIGENCIA ARTIFICIAL,Periodo 2026 - 1S,SEGUNDO SEMESTRE,LEGALIZADA,PROBABILIDAD Y ESTADÍSTICA,1,0.0,0.0,0.0,0.0,0.0,,41,
80883330,CIENCIA DE DATOS E INTELIGENCIA ARTIFICIAL,Periodo 2026 - 1S,SEGUNDO SEMESTRE,LEGALIZADA,PROGRAMACIÓN 2,1,0.0,7.89,0.0,0.0,0.0,,41,
4841963,CIENCIA DE DATOS E INTELIGENCIA ARTIFICIAL,Periodo 2025 - 1S,PRIMER SEMESTRE,LEGALIZADA,ÁLGEBRA LINEAL,1,81.0,3.73,0.87,0.0,2.3,REPROBADO,41,
4841963,CIENCIA DE DATOS E INTELIGENCIA ARTIFICIAL,Periodo 2025 - 1S,PRIMER SEMESTRE,LEGALIZADA,CÁLCULO EN UNA VARIABLE,1,50.0,1.34,0.88,0.0,1.11,REPROBADO,41,
4841963,CIENCIA DE DATOS E INTELIGENCIA ARTIFICIAL,Periodo 2025 - 1S,PRIMER SEMESTRE,LEGALIZADA,COMUNICACIÓN EFECTIVA,1,57.0,6.01,1.04,0.0,3.52,REPROBADO,41,
4841963,CIENCIA DE DATOS E INTELIGENCIA ARTIFICIAL,Periodo 2025 - 1S,PRIMER SEMESTRE,LEGALIZADA,FUNDAMENTOS DE METODOLOGÍA DE LA INVESTIGACIÓN,1,100.0,3.74,0.41,0.0,2.07,REPROBADO,41,
4841963,CIENCIA DE DATOS E INTELIGENCIA ARTIFICIAL,Periodo 2025 - 1S,PRIMER SEMESTRE,LEGALIZADA,PROGRAMACIÓN 1,1,44.0,1.86,0.96,0.0,1.41,REPROBADO,41,
4841963,CIENCIA DE DATOS E INTELIGENCIA ARTIFICIAL,Periodo 2025 - 2S,PRIMER SEMESTRE,LEGALIZADA,ÁLGEBRA LINEAL,2,53.0,0.67,2.51,0.0,1.59,REPROBADO,41,
4841963,CIENCIA DE DATOS E INTELIGENCIA ARTIFICIAL,Periodo 2025 - 2S,PRIMER SEMESTRE,LEGALIZADA,CÁLCULO EN UNA VARIABLE,2,33.0,0.06,1.27,0.0,0.66,REPROBADO,41,
4841963,CIENCIA DE DATOS E INTELIGENCIA ARTIFICIAL,Periodo 2025 - 2S,PRIMER SEMESTRE,LEGALIZADA,COMUNICACIÓN EFECTIVA,2,29.0,0.0,0.0,0.0,0.0,REPROBADO,41,
4841963,CIENCIA DE DATOS E INTELIGENCIA ARTIFICIAL,Periodo 2025 - 2S,PRIMER SEMESTRE,LEGALIZADA,FUNDAMENTOS DE METODOLOGÍA DE LA INVESTIGACIÓN,2,38.0,1.56,0.0,0.0,0.78,REPROBADO,41,
4841963,CIENCIA DE DATOS E INTELIGENCIA ARTIFICIAL,Periodo 2025 - 2S,PRIMER SEMESTRE,LEGALIZADA,PROGRAMACIÓN 1,2,13.0,1.02,0.06,0.0,0.54,REPROBADO,41,
98725459,CIENCIA DE DATOS E INTELIGENCIA ARTIFICIAL,Periodo 2025 - 1S,PRIMER SEMESTRE,LEGALIZADA,ÁLGEBRA LINEAL,1,100.0,8.7,8.07,0.0,8.38,APROBADO,41,
98725459,CIENCIA DE DATOS E INTELIGENCIA ARTIFICIAL,Periodo 2025 - 1S,PRIMER SEMESTRE,LEGALIZADA,CÁLCULO EN UNA VARIABLE,1,71.0,8.77,7.93,0.0,8.35,APROBADO,41,
98725459,CIENCIA DE DATOS E INTELIGENCIA ARTIFICIAL,Periodo 2025 - 1S,PRIMER SEMESTRE,LEGALIZADA,COMUNICACIÓN EFECTIVA,1,71.0,9.74,8.69,0.0,9.21,APROBADO,41,
98725459,CIENCIA DE DATOS E INTELIGENCIA ARTIFICIAL,Periodo 2025 - 1S,PRIMER SEMESTRE,LEGALIZADA,FUNDAMENTOS DE METODOLOGÍA DE LA INVESTIGACIÓN,1,92.0,8.21,7.82,0.0,8.01,APROBADO,41,
98725459,CIENCIA DE DATOS E INTELIGENCIA ARTIFICIAL,Periodo 2025 - 1S,PRIMER SEMESTRE,LEGALIZADA,PROGRAMACIÓN 1,1,100.0,9.6,7.46,0.0,8.53,APROBADO,41,
98725459,CIENCIA DE DATOS E INTELIGENCIA ARTIFICIAL,Periodo 2025 - 2S,SEGUNDO SEMESTRE,LEGALIZADA,ESTRUCTURA DE DATOS,1,93.0,9.34,8.72,0.0,9.03,APROBADO,41,
98725459,CIENCIA DE DATOS E INTELIGENCIA ARTIFICIAL,Periodo 2025 - 2S,SEGUNDO SEMESTRE,LEGALIZADA,FUNDAMENTOS DE CIENCIA DE DATOS E INTELIGENCIA ARTIFICIAL,1,57.0,7.24,8.28,0.0,7.76,APROBADO,41,
98725459,CIENCIA DE DATOS E INTELIGENCIA ARTIFICIAL,Periodo 2025 - 2S,SEGUNDO SEMESTRE,LEGALIZADA,HABILIDADES PARA LA VIDA,1,64.0,9.36,6.98,0.0,8.17,APROBADO,41,
98725459,CIENCIA DE DATOS E INTELIGENCIA ARTIFICIAL,Periodo 2025 - 2S,SEGUNDO SEMESTRE,LEGALIZADA,PROBABILIDAD Y ESTADÍSTICA,1,69.0,7.21,6.48,7.5,7.17,APROBADO,41,
98725459,CIENCIA DE DATOS E INTELIGENCIA ARTIFICIAL,Periodo 2025 - 2S,SEGUNDO SEMESTRE,LEGALIZADA,PROGRAMACIÓN 2,1,100.0,7.09,8.86,0.0,7.97,APROBADO,41,
98725459,CIENCIA DE DATOS E INTELIGENCIA ARTIFICIAL,Periodo 2026 - 1S,TERCER SEMESTRE,LEGALIZADA,CÁLCULO EN VARIAS VARIABLES,1,0.0,0.0,0.0,0.0,0.0,,41,
98725459,CIENCIA DE DATOS E INTELIGENCIA ARTIFICIAL,Periodo 2026 - 1S,TERCER SEMESTRE,LEGALIZADA,CULTURA DIGITAL Y SOCIEDAD,1,0.0,0.0,0.0,0.0,0.0,,41,
98725459,CIENCIA DE DATOS E INTELIGENCIA ARTIFICIAL,Periodo 2026 - 1S,TERCER SEMESTRE,LEGALIZADA,DISEÑO EXPERIMENTAL,1,0.0,7.58,0.0,0.0,0.0,,41,
98725459,CIENCIA DE DATOS E INTELIGENCIA ARTIFICIAL,Periodo 2026 - 1S,TERCER SEMESTRE,LEGALIZADA,FUNDAMENTOS DE BASE DE DATOS,1,0.0,0.0,0.0,0.0,0.0,,41,
98725459,CIENCIA DE DATOS E INTELIGENCIA ARTIFICIAL,Periodo 2026 - 1S,TERCER SEMESTRE,LEGALIZADA,MODELAMIENTO,1,0.0,0.0,0.0,0.0,0.0,,41,
62535044,CIENCIA DE DATOS E INTELIGENCIA ARTIFICIAL,Periodo 2025 - 1S,PRIMER SEMESTRE,LEGALIZADA,ÁLGEBRA LINEAL,1,94.0,8.47,8.15,0.0,8.31,APROBADO,41,
62535044,CIENCIA DE DATOS E INTELIGENCIA ARTIFICIAL,Periodo 2025 - 1S,PRIMER SEMESTRE,LEGALIZADA,CÁLCULO EN UNA VARIABLE,1,86.0,7.98,7.78,0.0,7.88,APROBADO,41,
62535044,CIENCIA DE DATOS E INTELIGENCIA ARTIFICIAL,Periodo 2025 - 1S,PRIMER SEMESTRE,LEGALIZADA,COMUNICACIÓN EFECTIVA,1,79.0,8.13,7.22,0.0,7.67,APROBADO,41,
62535044,CIENCIA DE DATOS E INTELIGENCIA ARTIFICIAL,Periodo 2025 - 1S,PRIMER SEMESTRE,LEGALIZADA,FUNDAMENTOS DE METODOLOGÍA DE LA INVESTIGACIÓN,1,100.0,7.92,8.08,0.0,8.0,APROBADO,41,
62535044,CIENCIA DE DATOS E INTELIGENCIA ARTIFICIAL,Periodo 2025 - 1S,PRIMER SEMESTRE,LEGALIZADA,PROGRAMACIÓN 1,1,69.0,7.41,7.52,0.0,7.46,APROBADO,41,
62535044,CIENCIA DE DATOS E INTELIGENCIA ARTIFICIAL,Periodo 2025 - 2S,SEGUNDO SEMESTRE,LEGALIZADA,ESTRUCTURA DE DATOS,1,79.0,8.54,9.36,0.0,8.95,APROBADO,41,
62535044,CIENCIA DE DATOS E INTELIGENCIA ARTIFICIAL,Periodo 2025 - 2S,SEGUNDO SEMESTRE,LEGALIZADA,FUNDAMENTOS DE CIENCIA DE DATOS E INTELIGENCIA ARTIFICIAL,1,79.0,7.91,7.71,0.0,7.81,APROBADO,41,
62535044,CIENCIA DE DATOS E INTELIGENCIA ARTIFICIAL,Periodo 2025 - 2S,SEGUNDO SEMESTRE,LEGALIZADA,HABILIDADES PARA LA VIDA,1,71.0,7.43,7.21,0.0,7.32,APROBADO,41,
62535044,CIENCIA DE DATOS E INTELIGENCIA ARTIFICIAL,Periodo 2025 - 2S,SEGUNDO SEMESTRE,LEGALIZADA,PROBABILIDAD Y ESTADÍSTICA,1,69.0,7.06,7.71,0.0,7.38,APROBADO,41,
62535044,CIENCIA DE DATOS E INTELIGENCIA ARTIFICIAL,Periodo 2025 - 2S,SEGUNDO SEMESTRE,LEGALIZADA,PROGRAMACIÓN 2,1,100.0,6.26,7.87,0.0,7.06,APROBADO,41,
62535044,CIENCIA DE DATOS E INTELIGENCIA ARTIFICIAL,Periodo 2026 - 1S,TERCER SEMESTRE,LEGALIZADA,CÁLCULO EN VARIAS VARIABLES,1,0.0,0.0,0.0,0.0,0.0,,41,
62535044,CIENCIA DE DATOS E INTELIGENCIA ARTIFICIAL,Periodo 2026 - 1S,TERCER SEMESTRE,LEGALIZADA,CULTURA DIGITAL Y SOCIEDAD,1,0.0,0.0,0.0,0.0,0.0,,41,
62535044,CIENCIA DE DATOS E INTELIGENCIA ARTIFICIAL,Periodo 2026 - 1S,TERCER SEMESTRE,LEGALIZADA,DISEÑO EXPERIMENTAL,1,0.0,8.76,0.0,0.0,0.0,,41,
62535044,CIENCIA DE DATOS E INTELIGENCIA ARTIFICIAL,Periodo 2026 - 1S,TERCER SEMESTRE,LEGALIZADA,FUNDAMENTOS DE BASE DE DATOS,1,0.0,0.0,0.0,0.0,0.0,,41,
62535044,CIENCIA DE DATOS E INTELIGENCIA ARTIFICIAL,Periodo 2026 - 1S,TERCER SEMESTRE,LEGALIZADA,MODELAMIENTO,1,0.0,0.0,0.0,0.0,0.0,,41,
76880872,CIENCIA DE DATOS E INTELIGENCIA ARTIFICIAL,Periodo 2025 - 1S,PRIMER SEMESTRE,LEGALIZADA,ÁLGEBRA LINEAL,1,69.0,7.84,8.07,0.0,7.95,APROBADO,41,
76880872,CIENCIA DE DATOS E INTELIGENCIA ARTIFICIAL,Periodo 2025 - 1S,PRIMER SEMESTRE,LEGALIZADA,CÁLCULO EN UNA VARIABLE,1,81.0,8.31,7.37,0.0,7.84,APROBADO,41,
76880872,CIENCIA DE DATOS E INTELIGENCIA ARTIFICIAL,Periodo 2025 - 1S,PRIMER SEMESTRE,LEGALIZADA,COMUNICACIÓN EFECTIVA,1,75.0,7.69,9.12,0.0,8.4,APROBADO,41,
76880872,CIENCIA DE DATOS E INTELIGENCIA ARTIFICIAL,Periodo 2025 - 1S,PRIMER SEMESTRE,LEGALIZADA,FUNDAMENTOS DE METODOLOGÍA DE LA INVESTIGACIÓN,1,100.0,8.65,9.6,0.0,9.12,APROBADO,41,
76880872,CIENCIA DE DATOS E INTELIGENCIA ARTIFICIAL,Periodo 2025 - 1S,PRIMER SEMESTRE,LEGALIZADA,PROGRAMACIÓN 1,1,93.0,8.01,8.61,0.0,8.31,APROBADO,41,
76880872,CIENCIA DE DATOS E INTELIGENCIA ARTIFICIAL,Periodo 2025 - 2S,SEGUNDO SEMESTRE,LEGALIZADA,ESTRUCTURA DE DATOS,1,92.0,8.46,9.73,0.0,9.09,APROBADO,41,
76880872,CIENCIA DE DATOS E INTELIGENCIA ARTIFICIAL,Periodo 2025 - 2S,SEGUNDO SEMESTRE,LEGALIZADA,FUNDAMENTOS DE CIENCIA DE DATOS E INTELIGENCIA ARTIFICIAL,1,100.0,8.87,8.91,0.0,8.89,APROBADO,41,
76880872,CIENCIA DE DATOS E INTELIGENCIA ARTIFICIAL,Periodo 2025 - 2S,SEGUNDO SEMESTRE,LEGALIZADA,HABILIDADES PARA LA VIDA,1,92.0,8.71,9.38,0.0,9.04,APROBADO,41,
76880872,CIENCIA DE DATOS E INTELIGENCIA ARTIFICIAL,Periodo 2025 - 2S,SEGUNDO SEMESTRE,LEGALIZADA,PROBABILIDAD Y ESTADÍSTICA,1,88.0,8.49,9.14,0.0,8.81,APROBADO,41,
76880872,CIENCIA DE DATOS E INTELIGENCIA ARTIFICIAL,Periodo 2025 - 2S,SEGUNDO SEMESTRE,LEGALIZADA,PROGRAMACIÓN 2,1,92.0,8.77,9.83,0.0,9.3,APROBADO,41,
76880872,CIENCIA DE DATOS E INTELIGENCIA ARTIFICIAL,Periodo 2026 - 1S,TERCER SEMESTRE,LEGALIZADA,CÁLCULO EN VARIAS VARIABLES,1,0.0,0.0,0.0,0.0,0.0,,41,
76880872,CIENCIA DE DATOS E INTELIGENCIA ARTIFICIAL,Periodo 2026 - 1S,TERCER SEMESTRE,LEGALIZADA,CULTURA DIGITAL Y SOCIEDAD,1,0.0,0.0,0.0,0.0,0.0,,41,
76880872,CIENCIA DE DATOS E INTELIGENCIA ARTIFICIAL,Periodo 2026 - 1S,TERCER SEMESTRE,LEGALIZADA,DISEÑO EXPERIMENTAL,1,0.0,8.48,0.0,0.0,0.0,,41,
76880872,CIENCIA DE DATOS E INTELIGENCIA ARTIFICIAL,Periodo 2026 - 1S,TERCER SEMESTRE,LEGALIZADA,FUNDAMENTOS DE BASE DE DATOS,1,0.0,0.0,0.0,0.0,0.0,,41,
76880872,CIENCIA DE DATOS E INTELIGENCIA ARTIFICIAL,Periodo 2026 - 1S,TERCER SEMESTRE,LEGALIZADA,MODELAMIENTO,1,0.0,0.0,0.0,0.0,0.0,,41,
17617074,CIENCIA DE DATOS E INTELIGENCIA ARTIFICIAL,Periodo 2025 - 1S,PRIMER SEMESTRE,LEGALIZADA,ÁLGEBRA LINEAL,1,94.0,7.52,7.52,0.0,7.52,APROBADO,41,
17617074,CIENCIA DE DATOS E INTELIGENCIA ARTIFICIAL,Periodo 2025 - 1S,PRIMER SEMESTRE,LEGALIZADA,CÁLCULO EN UNA VARIABLE,1,86.0,7.27,7.16,0.0,7.21,APROBADO,41,
17617074,CIENCIA DE DATOS E INTELIGENCIA ARTIFICIAL,Periodo 2025 - 1S,PRIMER SEMESTRE,LEGALIZADA,COMUNICACIÓN EFECTIVA,1,79.0,8.13,7.41,0.0,7.77,APROBADO,41,
17617074,CIENCIA DE DATOS E INTELIGENCIA ARTIFICIAL,Periodo 2025 - 1S,PRIMER SEMESTRE,LEGALIZADA,FUNDAMENTOS DE METODOLOGÍA DE LA INVESTIGACIÓN,1,100.0,8.22,5.54,0.0,6.88,REPROBADO,41,
17617074,CIENCIA DE DATOS E INTELIGENCIA ARTIFICIAL,Periodo 2025 - 1S,PRIMER SEMESTRE,LEGALIZADA,PROGRAMACIÓN 1,1,94.0,5.85,7.04,7.0,6.72,REPROBADO,41,
17617074,CIENCIA DE DATOS E INTELIGENCIA ARTIFICIAL,Periodo 2025 - 2S,PRIMER SEMESTRE,LEGALIZADA,FUNDAMENTOS DE METODOLOGÍA DE LA INVESTIGACIÓN,2,77.0,8.44,8.73,0.0,8.58,APROBADO,41,
17617074,CIENCIA DE DATOS E INTELIGENCIA ARTIFICIAL,Periodo 2025 - 2S,PRIMER SEMESTRE,LEGALIZADA,PROGRAMACIÓN 1,2,100.0,8.91,6.3,0.0,7.6,APROBADO,41,
17617074,CIENCIA DE DATOS E INTELIGENCIA ARTIFICIAL,Periodo 2026 - 1S,SEGUNDO SEMESTRE,LEGALIZADA,ESTRUCTURA DE DATOS,1,0.0,8.37,0.0,0.0,0.0,,41,
17617074,CIENCIA DE DATOS E INTELIGENCIA ARTIFICIAL,Periodo 2026 - 1S,SEGUNDO SEMESTRE,LEGALIZADA,FUNDAMENTOS DE CIENCIA DE DATOS E INTELIGENCIA ARTIFICIAL,1,0.0,0.0,0.0,0.0,0.0,,41,
17617074,CIENCIA DE DATOS E INTELIGENCIA ARTIFICIAL,Periodo 2026 - 1S,SEGUNDO SEMESTRE,LEGALIZADA,HABILIDADES PARA LA VIDA,1,0.0,0.0,0.0,0.0,0.0,,41,
17617074,CIENCIA DE DATOS E INTELIGENCIA ARTIFICIAL,Periodo 2026 - 1S,SEGUNDO SEMESTRE,LEGALIZADA,PROBABILIDAD Y ESTADÍSTICA,1,0.0,0.0,0.0,0.0,0.0,,41,
17617074,CIENCIA DE DATOS E INTELIGENCIA ARTIFICIAL,Periodo 2026 - 1S,SEGUNDO SEMESTRE,LEGALIZADA,PROGRAMACIÓN 2,1,0.0,9.0,0.0,0.0,0.0,,41,
23012892,CIENCIA DE DATOS E INTELIGENCIA ARTIFICIAL,Periodo 2025 - 1S,PRIMER SEMESTRE,LEGALIZADA,ÁLGEBRA LINEAL,1,79.0,9.33,8.98,0.0,9.15,APROBADO,41,
23012892,CIENCIA DE DATOS E INTELIGENCIA ARTIFICIAL,Periodo 2025 - 1S,PRIMER SEMESTRE,LEGALIZADA,CÁLCULO EN UNA VARIABLE,1,93.0,8.65,9.79,0.0,9.22,APROBADO,41,
23012892,CIENCIA DE DATOS E INTELIGENCIA ARTIFICIAL,Periodo 2025 - 1S,PRIMER SEMESTRE,LEGALIZADA,COMUNICACIÓN EFECTIVA,1,86.0,8.29,7.38,0.0,7.83,APROBADO,41,
23012892,CIENCIA DE DATOS E INTELIGENCIA ARTIFICIAL,Periodo 2025 - 1S,PRIMER SEMESTRE,LEGALIZADA,FUNDAMENTOS DE METODOLOGÍA DE LA INVESTIGACIÓN,1,100.0,9.66,9.71,0.0,9.68,APROBADO,41,
23012892,CIENCIA DE DATOS E INTELIGENCIA ARTIFICIAL,Periodo 2025 - 1S,PRIMER SEMESTRE,LEGALIZADA,PROGRAMACIÓN 1,1,100.0,7.84,9.35,0.0,8.59,APROBADO,41,
23012892,CIENCIA DE DATOS E INTELIGENCIA ARTIFICIAL,Periodo 2025 - 2S,SEGUNDO SEMESTRE,LEGALIZADA,ESTRUCTURA DE DATOS,1,92.0,9.31,9.09,0.0,9.2,APROBADO,41,
23012892,CIENCIA DE DATOS E INTELIGENCIA ARTIFICIAL,Periodo 2025 - 2S,SEGUNDO SEMESTRE,LEGALIZADA,FUNDAMENTOS DE CIENCIA DE DATOS E INTELIGENCIA ARTIFICIAL,1,100.0,8.95,9.6,0.0,9.27,APROBADO,41,
23012892,CIENCIA DE DATOS E INTELIGENCIA ARTIFICIAL,Periodo 2025 - 2S,SEGUNDO SEMESTRE,LEGALIZADA,HABILIDADES PARA LA VIDA,1,77.0,9.6,9.33,0.0,9.46,APROBADO,41,
23012892,CIENCIA DE DATOS E INTELIGENCIA ARTIFICIAL,Periodo 2025 - 2S,SEGUNDO SEMESTRE,LEGALIZADA,PROBABILIDAD Y ESTADÍSTICA,1,87.0,9.36,9.22,0.0,9.29,APROBADO,41,
23012892,CIENCIA DE DATOS E INTELIGENCIA ARTIFICIAL,Periodo 2025 - 2S,SEGUNDO SEMESTRE,LEGALIZADA,PROGRAMACIÓN 2,1,100.0,9.51,9.84,0.0,9.67,APROBADO,41,
23012892,CIENCIA DE DATOS E INTELIGENCIA ARTIFICIAL,Periodo 2026 - 1S,TERCER SEMESTRE,LEGALIZADA,CÁLCULO EN VARIAS VARIABLES,1,0.0,0.0,0.0,0.0,0.0,,41,
23012892,CIENCIA DE DATOS E INTELIGENCIA ARTIFICIAL,Periodo 2026 - 1S,TERCER SEMESTRE,LEGALIZADA,CULTURA DIGITAL Y SOCIEDAD,1,0.0,0.0,0.0,0.0,0.0,,41,
23012892,CIENCIA DE DATOS E INTELIGENCIA ARTIFICIAL,Periodo 2026 - 1S,TERCER SEMESTRE,LEGALIZADA,DISEÑO EXPERIMENTAL,1,0.0,9.64,0.0,0.0,0.0,,41,
23012892,CIENCIA DE DATOS E INTELIGENCIA ARTIFICIAL,Periodo 2026 - 1S,TERCER SEMESTRE,LEGALIZADA,FUNDAMENTOS DE BASE DE DATOS,1,0.0,0.0,0.0,0.0,0.0,,41,
23012892,CIENCIA DE DATOS E INTELIGENCIA ARTIFICIAL,Periodo 2026 - 1S,TERCER SEMESTRE,LEGALIZADA,MODELAMIENTO,1,0.0,0.0,0.0,0.0,0.0,,41,
33855656,CIENCIA DE DATOS E INTELIGENCIA ARTIFICIAL,Periodo 2025 - 1S,PRIMER SEMESTRE,LEGALIZADA,ÁLGEBRA LINEAL,1,38.0,0.41,0.03,0.0,0.22,REPROBADO,41,
33855656,CIENCIA DE DATOS E INTELIGENCIA ARTIFICIAL,Periodo 2025 - 1S,PRIMER SEMESTRE,LEGALIZADA,CÁLCULO EN UNA VARIABLE,1,7.0,0.97,0.0,0.0,0.48,REPROBADO,41,
33855656,CIENCIA DE DATOS E INTELIGENCIA ARTIFICIAL,Periodo 2025 - 1S,PRIMER SEMESTRE,LEGALIZADA,COMUNICACIÓN EFECTIVA,1,36.0,0.17,0.0,0.0,0.08,REPROBADO,41,
33855656,CIENCIA DE DATOS E INTELIGENCIA ARTIFICIAL,Periodo 2025 - 1S,PRIMER SEMESTRE,LEGALIZADA,FUNDAMENTOS DE METODOLOGÍA DE LA INVESTIGACIÓN,1,92.0,3.05,0.0,0.0,1.52,REPROBADO,41,
33855656,CIENCIA DE DATOS E INTELIGENCIA ARTIFICIAL,Periodo 2025 - 1S,PRIMER SEMESTRE,LEGALIZADA,PROGRAMACIÓN 1,1,31.0,0.82,0.3,0.0,0.56,REPROBADO,41,
33855656,CIENCIA DE DATOS E INTELIGENCIA ARTIFICIAL,Periodo 2025 - 2S,PRIMER SEMESTRE,LEGALIZADA,ÁLGEBRA LINEAL,2,33.0,0.12,0.03,0.0,0.07,REPROBADO,41,
33855656,CIENCIA DE DATOS E INTELIGENCIA ARTIFICIAL,Periodo 2025 - 2S,PRIMER SEMESTRE,LEGALIZADA,CÁLCULO EN UNA VARIABLE,2,33.0,0.05,0.0,0.0,0.02,REPROBADO,41,
33855656,CIENCIA DE DATOS E INTELIGENCIA ARTIFICIAL,Periodo 2025 - 2S,PRIMER SEMESTRE,LEGALIZADA,COMUNICACIÓN EFECTIVA,2,57.0,0.14,0.0,0.0,0.07,REPROBADO,41,
33855656,CIENCIA DE DATOS E INTELIGENCIA ARTIFICIAL,Periodo 2025 - 2S,PRIMER SEMESTRE,LEGALIZADA,FUNDAMENTOS DE METODOLOGÍA DE LA INVESTIGACIÓN,2,46.0,0.1,0.0,0.0,0.05,REPROBADO,41,
33855656,CIENCIA DE DATOS E INTELIGENCIA ARTIFICIAL,Periodo 2025 - 2S,PRIMER SEMESTRE,LEGALIZADA,PROGRAMACIÓN 1,2,33.0,0.26,0.0,0.0,0.13,REPROBADO,41,
20749020,CIENCIA DE DATOS E INTELIGENCIA ARTIFICIAL,Periodo 2025 - 1S,PRIMER SEMESTRE,LEGALIZADA,ÁLGEBRA LINEAL,1,100.0,7.07,8.42,0.0,7.74,APROBADO,41,
20749020,CIENCIA DE DATOS E INTELIGENCIA ARTIFICIAL,Periodo 2025 - 1S,PRIMER SEMESTRE,LEGALIZADA,CÁLCULO EN UNA VARIABLE,1,86.0,8.2,7.83,0.0,8.01,APROBADO,41,
20749020,CIENCIA DE DATOS E INTELIGENCIA ARTIFICIAL,Periodo 2025 - 1S,PRIMER SEMESTRE,LEGALIZADA,COMUNICACIÓN EFECTIVA,1,93.0,7.61,8.63,0.0,8.12,APROBADO,41,
20749020,CIENCIA DE DATOS E INTELIGENCIA ARTIFICIAL,Periodo 2025 - 1S,PRIMER SEMESTRE,LEGALIZADA,FUNDAMENTOS DE METODOLOGÍA DE LA INVESTIGACIÓN,1,100.0,9.46,9.53,0.0,9.49,APROBADO,41,
20749020,CIENCIA DE DATOS E INTELIGENCIA ARTIFICIAL,Periodo 2025 - 1S,PRIMER SEMESTRE,LEGALIZADA,PROGRAMACIÓN 1,1,100.0,7.55,8.04,0.0,7.79,APROBADO,41,
20749020,CIENCIA DE DATOS E INTELIGENCIA ARTIFICIAL,Periodo 2025 - 2S,SEGUNDO SEMESTRE,LEGALIZADA,ESTRUCTURA DE DATOS,1,93.0,9.51,9.38,0.0,9.44,APROBADO,41,
20749020,CIENCIA DE DATOS E INTELIGENCIA ARTIFICIAL,Periodo 2025 - 2S,SEGUNDO SEMESTRE,LEGALIZADA,FUNDAMENTOS DE CIENCIA DE DATOS E INTELIGENCIA ARTIFICIAL,1,93.0,8.1,8.77,0.0,8.43,APROBADO,41,
20749020,CIENCIA DE DATOS E INTELIGENCIA ARTIFICIAL,Periodo 2025 - 2S,SEGUNDO SEMESTRE,LEGALIZADA,HABILIDADES PARA LA VIDA,1,93.0,8.96,9.24,0.0,9.1,APROBADO,41,
20749020,CIENCIA DE DATOS E INTELIGENCIA ARTIFICIAL,Periodo 2025 - 2S,SEGUNDO SEMESTRE,LEGALIZADA,PROBABILIDAD Y ESTADÍSTICA,1,100.0,7.35,9.19,0.0,8.27,APROBADO,41,
20749020,CIENCIA DE DATOS E INTELIGENCIA ARTIFICIAL,Periodo 2025 - 2S,SEGUNDO SEMESTRE,LEGALIZADA,PROGRAMACIÓN 2,1,100.0,7.9,8.32,0.0,8.11,APROBADO,41,
20749020,CIENCIA DE DATOS E INTELIGENCIA ARTIFICIAL,Periodo 2026 - 1S,TERCER SEMESTRE,LEGALIZADA,CÁLCULO EN VARIAS VARIABLES,1,0.0,0.0,0.0,0.0,0.0,,41,
20749020,CIENCIA DE DATOS E INTELIGENCIA ARTIFICIAL,Periodo 2026 - 1S,TERCER SEMESTRE,LEGALIZADA,CULTURA DIGITAL Y SOCIEDAD,1,0.0,0.0,0.0,0.0,0.0,,41,
20749020,CIENCIA DE DATOS E INTELIGENCIA ARTIFICIAL,Periodo 2026 - 1S,TERCER SEMESTRE,LEGALIZADA,DISEÑO EXPERIMENTAL,1,0.0,8.77,0.0,0.0,0.0,,41,
20749020,CIENCIA DE DATOS E INTELIGENCIA ARTIFICIAL,Periodo 2026 - 1S,TERCER SEMESTRE,LEGALIZADA,FUNDAMENTOS DE BASE DE DATOS,1,0.0,0.0,0.0,0.0,0.0,,41,
20749020,CIENCIA DE DATOS E INTELIGENCIA ARTIFICIAL,Periodo 2026 - 1S,TERCER SEMESTRE,LEGALIZADA,MODELAMIENTO,1,0.0,0.0,0.0,0.0,0.0,,41,
38501759,CIENCIA DE DATOS E INTELIGENCIA ARTIFICIAL,Periodo 2025 - 1S,PRIMER SEMESTRE,LEGALIZADA,ÁLGEBRA LINEAL,1,100.0,6.03,6.83,8.0,7.21,APROBADO,41,
38501759,CIENCIA DE DATOS E INTELIGENCIA ARTIFICIAL,Periodo 2025 - 1S,PRIMER SEMESTRE,LEGALIZADA,CÁLCULO EN UNA VARIABLE,1,93.0,8.3,6.66,0.0,7.48,APROBADO,41,
38501759,CIENCIA DE DATOS E INTELIGENCIA ARTIFICIAL,Periodo 2025 - 1S,PRIMER SEMESTRE,LEGALIZADA,COMUNICACIÓN EFECTIVA,1,86.0,7.76,9.33,0.0,8.54,APROBADO,41,
38501759,CIENCIA DE DATOS E INTELIGENCIA ARTIFICIAL,Periodo 2025 - 1S,PRIMER SEMESTRE,LEGALIZADA,FUNDAMENTOS DE METODOLOGÍA DE LA INVESTIGACIÓN,1,100.0,8.98,9.72,0.0,9.35,APROBADO,41,
38501759,CIENCIA DE DATOS E INTELIGENCIA ARTIFICIAL,Periodo 2025 - 1S,PRIMER SEMESTRE,LEGALIZADA,PROGRAMACIÓN 1,1,100.0,6.15,7.47,5.0,5.9,REPROBADO,41,
38501759,CIENCIA DE DATOS E INTELIGENCIA ARTIFICIAL,Periodo 2025 - 2S,PRIMER SEMESTRE,LEGALIZADA,PROBABILIDAD Y ESTADÍSTICA,1,100.0,9.11,8.09,0.0,8.6,APROBADO,41,
38501759,CIENCIA DE DATOS E INTELIGENCIA ARTIFICIAL,Periodo 2025 - 2S,PRIMER SEMESTRE,LEGALIZADA,PROGRAMACIÓN 1,2,100.0,9.03,8.5,0.0,8.76,APROBADO,41,
38501759,CIENCIA DE DATOS E INTELIGENCIA ARTIFICIAL,Periodo 2026 - 1S,SEGUNDO SEMESTRE,LEGALIZADA,ESTRUCTURA DE DATOS,1,0.0,8.45,0.0,0.0,0.0,,41,
38501759,CIENCIA DE DATOS E INTELIGENCIA ARTIFICIAL,Periodo 2026 - 1S,SEGUNDO SEMESTRE,LEGALIZADA,FUNDAMENTOS DE CIENCIA DE DATOS E INTELIGENCIA ARTIFICIAL,1,0.0,0.0,0.0,0.0,0.0,,41,
38501759,CIENCIA DE DATOS E INTELIGENCIA ARTIFICIAL,Periodo 2026 - 1S,SEGUNDO SEMESTRE,LEGALIZADA,HABILIDADES PARA LA VIDA,1,0.0,0.0,0.0,0.0,0.0,,41,
38501759,CIENCIA DE DATOS E INTELIGENCIA ARTIFICIAL,Periodo 2026 - 1S,SEGUNDO SEMESTRE,LEGALIZADA,PROGRAMACIÓN 2,1,0.0,9.3,0.0,0.0,0.0,,41,
33504550,CIENCIA DE DATOS E INTELIGENCIA ARTIFICIAL,Periodo 2025 - 2S,PRIMER SEMESTRE,LEGALIZADA,ÁLGEBRA LINEAL,1,93.0,8.87,8.36,0.0,8.61,APROBADO,41,
33504550,CIENCIA DE DATOS E INTELIGENCIA ARTIFICIAL,Periodo 2025 - 2S,PRIMER SEMESTRE,LEGALIZADA,CÁLCULO EN UNA VARIABLE,1,100.0,7.63,7.35,0.0,7.49,APROBADO,41,
33504550,CIENCIA DE DATOS E INTELIGENCIA ARTIFICIAL,Periodo 2025 - 2S,PRIMER SEMESTRE,LEGALIZADA,COMUNICACIÓN EFECTIVA,1,87.0,8.82,9.64,0.0,9.23,APROBADO,41,
33504550,CIENCIA DE DATOS E INTELIGENCIA ARTIFICIAL,Periodo 2025 - 2S,PRIMER SEMESTRE,LEGALIZADA,FUNDAMENTOS DE METODOLOGÍA DE LA INVESTIGACIÓN,1,100.0,9.46,9.11,0.0,9.28,APROBADO,41,
33504550,CIENCIA DE DATOS E INTELIGENCIA ARTIFICIAL,Periodo 2025 - 2S,PRIMER SEMESTRE,LEGALIZADA,PROGRAMACIÓN 1,1,100.0,8.78,7.06,0.0,7.92,APROBADO,41,
33504550,CIENCIA DE DATOS E INTELIGENCIA ARTIFICIAL,Periodo 2026 - 1S,SEGUNDO SEMESTRE,LEGALIZADA,ESTRUCTURA DE DATOS,1,0.0,9.73,0.0,0.0,0.0,,41,
33504550,CIENCIA DE DATOS E INTELIGENCIA ARTIFICIAL,Periodo 2026 - 1S,SEGUNDO SEMESTRE,LEGALIZADA,FUNDAMENTOS DE CIENCIA DE DATOS E INTELIGENCIA ARTIFICIAL,1,0.0,9.62,0.0,0.0,0.0,,41,
33504550,CIENCIA DE DATOS E INTELIGENCIA ARTIFICIAL,Periodo 2026 - 1S,SEGUNDO SEMESTRE,LEGALIZADA,HABILIDADES PARA LA VIDA,1,0.0,0.0,0.0,0.0,0.0,,41,
33504550,CIENCIA DE DATOS E INTELIGENCIA ARTIFICIAL,Periodo 2026 - 1S,SEGUNDO SEMESTRE,LEGALIZADA,PROBABILIDAD Y ESTADÍSTICA,1,0.0,0.0,0.0,0.0,0.0,,41,
33504550,CIENCIA DE DATOS E INTELIGENCIA ARTIFICIAL,Periodo 2026 - 1S,SEGUNDO SEMESTRE,LEGALIZADA,PROGRAMACIÓN 2,1,0.0,9.63,0.0,0.0,0.0,,41,
13118612,CIENCIA DE DATOS E INTELIGENCIA ARTIFICIAL,Periodo 2025 - 2S,PRIMER SEMESTRE,LEGALIZADA,ÁLGEBRA LINEAL,1,40.0,6.58,1.45,0.0,4.01,REPROBADO,41,
13118612,CIENCIA DE DATOS E INTELIGENCIA ARTIFICIAL,Periodo 2025 - 2S,PRIMER SEMESTRE,LEGALIZADA,CÁLCULO EN UNA VARIABLE,1,56.0,3.69,1.61,0.0,2.65,REPROBADO,41,
13118612,CIENCIA DE DATOS E INTELIGENCIA ARTIFICIAL,Periodo 2025 - 2S,PRIMER SEMESTRE,LEGALIZADA,COMUNICACIÓN EFECTIVA,1,40.0,4.0,1.27,0.0,2.63,REPROBADO,41,
13118612,CIENCIA DE DATOS E INTELIGENCIA ARTIFICIAL,Periodo 2025 - 2S,PRIMER SEMESTRE,LEGALIZADA,FUNDAMENTOS DE METODOLOGÍA DE LA INVESTIGACIÓN,1,89.0,4.52,1.21,0.0,2.86,REPROBADO,41,
13118612,CIENCIA DE DATOS E INTELIGENCIA ARTIFICIAL,Periodo 2025 - 2S,PRIMER SEMESTRE,LEGALIZADA,PROGRAMACIÓN 1,1,50.0,3.89,0.87,0.0,2.38,REPROBADO,41,
95542232,CIENCIA DE DATOS E INTELIGENCIA ARTIFICIAL,Periodo 2025 - 2S,PRIMER SEMESTRE,LEGALIZADA,ÁLGEBRA LINEAL,1,87.0,8.58,8.85,0.0,8.71,APROBADO,41,
95542232,CIENCIA DE DATOS E INTELIGENCIA ARTIFICIAL,Periodo 2025 - 2S,PRIMER SEMESTRE,LEGALIZADA,CÁLCULO EN UNA VARIABLE,1,100.0,9.15,9.19,0.0,9.17,APROBADO,41,
95542232,CIENCIA DE DATOS E INTELIGENCIA ARTIFICIAL,Periodo 2025 - 2S,PRIMER SEMESTRE,LEGALIZADA,COMUNICACIÓN EFECTIVA,1,80.0,9.37,8.67,0.0,9.02,APROBADO,41,
95542232,CIENCIA DE DATOS E INTELIGENCIA ARTIFICIAL,Periodo 2025 - 2S,PRIMER SEMESTRE,LEGALIZADA,FUNDAMENTOS DE METODOLOGÍA DE LA INVESTIGACIÓN,1,100.0,9.42,8.79,0.0,9.1,APROBADO,41,
95542232,CIENCIA DE DATOS E INTELIGENCIA ARTIFICIAL,Periodo 2025 - 2S,PRIMER SEMESTRE,LEGALIZADA,PROGRAMACIÓN 1,1,93.0,7.85,8.39,0.0,8.12,APROBADO,41,
95542232,CIENCIA DE DATOS E INTELIGENCIA ARTIFICIAL,Periodo 2026 - 1S,SEGUNDO SEMESTRE,LEGALIZADA,ESTRUCTURA DE DATOS,1,0.0,8.52,0.0,0.0,0.0,,41,
95542232,CIENCIA DE DATOS E INTELIGENCIA ARTIFICIAL,Periodo 2026 - 1S,SEGUNDO SEMESTRE,LEGALIZADA,FUNDAMENTOS DE CIENCIA DE DATOS E INTELIGENCIA ARTIFICIAL,1,0.0,8.94,0.0,0.0,0.0,,41,
95542232,CIENCIA DE DATOS E INTELIGENCIA ARTIFICIAL,Periodo 2026 - 1S,SEGUNDO SEMESTRE,LEGALIZADA,HABILIDADES PARA LA VIDA,1,0.0,0.0,0.0,0.0,0.0,,41,
95542232,CIENCIA DE DATOS E INTELIGENCIA ARTIFICIAL,Periodo 2026 - 1S,SEGUNDO SEMESTRE,LEGALIZADA,PROBABILIDAD Y ESTADÍSTICA,1,0.0,0.0,0.0,0.0,0.0,,41,
95542232,CIENCIA DE DATOS E INTELIGENCIA ARTIFICIAL,Periodo 2026 - 1S,SEGUNDO SEMESTRE,LEGALIZADA,PROGRAMACIÓN 2,1,0.0,8.44,0.0,0.0,0.0,,41,
7524605,CIENCIA DE DATOS E INTELIGENCIA ARTIFICIAL,Periodo 2025 - 2S,PRIMER SEMESTRE,LEGALIZADA,ÁLGEBRA LINEAL,1,93.0,6.91,8.94,0.0,7.92,APROBADO,41,
7524605,CIENCIA DE DATOS E INTELIGENCIA ARTIFICIAL,Periodo 2025 - 2S,PRIMER SEMESTRE,LEGALIZADA,CÁLCULO EN UNA VARIABLE,1,100.0,7.95,8.86,0.0,8.4,APROBADO,41,
7524605,CIENCIA DE DATOS E INTELIGENCIA ARTIFICIAL,Periodo 2025 - 2S,PRIMER SEMESTRE,LEGALIZADA,COMUNICACIÓN EFECTIVA,1,87.0,7.42,8.6,0.0,8.01,APROBADO,41,
7524605,CIENCIA DE DATOS E INTELIGENCIA ARTIFICIAL,Periodo 2025 - 2S,PRIMER SEMESTRE,LEGALIZADA,FUNDAMENTOS DE METODOLOGÍA DE LA INVESTIGACIÓN,1,64.0,9.59,9.45,0.0,9.52,APROBADO,41,
7524605,CIENCIA DE DATOS E INTELIGENCIA ARTIFICIAL,Periodo 2025 - 2S,PRIMER SEMESTRE,LEGALIZADA,PROGRAMACIÓN 1,1,100.0,7.45,8.15,0.0,7.8,APROBADO,41,
7524605,CIENCIA DE DATOS E INTELIGENCIA ARTIFICIAL,Periodo 2026 - 1S,SEGUNDO SEMESTRE,LEGALIZADA,ESTRUCTURA DE DATOS,1,0.0,8.56,0.0,0.0,0.0,,41,
7524605,CIENCIA DE DATOS E INTELIGENCIA ARTIFICIAL,Periodo 2026 - 1S,SEGUNDO SEMESTRE,LEGALIZADA,FUNDAMENTOS DE CIENCIA DE DATOS E INTELIGENCIA ARTIFICIAL,1,0.0,7.77,0.0,0.0,0.0,,41,
7524605,CIENCIA DE DATOS E INTELIGENCIA ARTIFICIAL,Periodo 2026 - 1S,SEGUNDO SEMESTRE,LEGALIZADA,HABILIDADES PARA LA VIDA,1,0.0,0.0,0.0,0.0,0.0,,41,
7524605,CIENCIA DE DATOS E INTELIGENCIA ARTIFICIAL,Periodo 2026 - 1S,SEGUNDO SEMESTRE,LEGALIZADA,PROBABILIDAD Y ESTADÍSTICA,1,0.0,0.0,0.0,0.0,0.0,,41,
7524605,CIENCIA DE DATOS E INTELIGENCIA ARTIFICIAL,Periodo 2026 - 1S,SEGUNDO SEMESTRE,LEGALIZADA,PROGRAMACIÓN 2,1,0.0,8.11,0.0,0.0,0.0,,41,
68992615,CIENCIA DE DATOS E INTELIGENCIA ARTIFICIAL,Periodo 2025 - 2S,PRIMER SEMESTRE,LEGALIZADA,ÁLGEBRA LINEAL,1,87.0,8.62,9.01,0.0,8.81,APROBADO,41,
68992615,CIENCIA DE DATOS E INTELIGENCIA ARTIFICIAL,Periodo 2025 - 2S,PRIMER SEMESTRE,LEGALIZADA,CÁLCULO EN UNA VARIABLE,1,87.0,7.23,7.71,0.0,7.47,APROBADO,41,
68992615,CIENCIA DE DATOS E INTELIGENCIA ARTIFICIAL,Periodo 2025 - 2S,PRIMER SEMESTRE,LEGALIZADA,COMUNICACIÓN EFECTIVA,1,60.0,6.04,8.22,0.0,7.13,APROBADO,41,
68992615,CIENCIA DE DATOS E INTELIGENCIA ARTIFICIAL,Periodo 2025 - 2S,PRIMER SEMESTRE,LEGALIZADA,FUNDAMENTOS DE METODOLOGÍA DE LA INVESTIGACIÓN,1,79.0,8.22,7.96,0.0,8.09,APROBADO,41,
68992615,CIENCIA DE DATOS E INTELIGENCIA ARTIFICIAL,Periodo 2025 - 2S,PRIMER SEMESTRE,LEGALIZADA,PROGRAMACIÓN 1,1,86.0,8.07,7.72,0.0,7.89,APROBADO,41,
68992615,CIENCIA DE DATOS E INTELIGENCIA ARTIFICIAL,Periodo 2026 - 1S,SEGUNDO SEMESTRE,LEGALIZADA,ESTRUCTURA DE DATOS,1,0.0,5.31,0.0,0.0,0.0,,41,
68992615,CIENCIA DE DATOS E INTELIGENCIA ARTIFICIAL,Periodo 2026 - 1S,SEGUNDO SEMESTRE,LEGALIZADA,FUNDAMENTOS DE CIENCIA DE DATOS E INTELIGENCIA ARTIFICIAL,1,0.0,7.16,0.0,0.0,0.0,,41,
68992615,CIENCIA DE DATOS E INTELIGENCIA ARTIFICIAL,Periodo 2026 - 1S,SEGUNDO SEMESTRE,LEGALIZADA,HABILIDADES PARA LA VIDA,1,0.0,0.0,0.0,0.0,0.0,,41,
68992615,CIENCIA DE DATOS E INTELIGENCIA ARTIFICIAL,Periodo 2026 - 1S,SEGUNDO SEMESTRE,LEGALIZADA,PROBABILIDAD Y ESTADÍSTICA,1,0.0,0.0,0.0,0.0,0.0,,41,
68992615,CIENCIA DE DATOS E INTELIGENCIA ARTIFICIAL,Periodo 2026 - 1S,SEGUNDO SEMESTRE,LEGALIZADA,PROGRAMACIÓN 2,1,0.0,7.58,0.0,0.0,0.0,,41,
95833667,CIENCIA DE DATOS E INTELIGENCIA ARTIFICIAL,Periodo 2025 - 2S,PRIMER SEMESTRE,LEGALIZADA,ÁLGEBRA LINEAL,1,13.0,0.03,0.03,0.0,0.03,REPROBADO,41,
95833667,CIENCIA DE DATOS E INTELIGENCIA ARTIFICIAL,Periodo 2025 - 2S,PRIMER SEMESTRE,LEGALIZADA,CÁLCULO EN UNA VARIABLE,1,20.0,0.0,0.0,0.0,0.0,REPROBADO,41,
95833667,CIENCIA DE DATOS E INTELIGENCIA ARTIFICIAL,Periodo 2025 - 2S,PRIMER SEMESTRE,LEGALIZADA,COMUNICACIÓN EFECTIVA,1,13.0,0.0,0.0,0.0,0.0,REPROBADO,41,
95833667,CIENCIA DE DATOS E INTELIGENCIA ARTIFICIAL,Periodo 2025 - 2S,PRIMER SEMESTRE,LEGALIZADA,FUNDAMENTOS DE METODOLOGÍA DE LA INVESTIGACIÓN,1,14.0,0.0,0.0,0.0,0.0,REPROBADO,41,
95833667,CIENCIA DE DATOS E INTELIGENCIA ARTIFICIAL,Periodo 2025 - 2S,PRIMER SEMESTRE,LEGALIZADA,PROGRAMACIÓN 1,1,7.0,0.07,0.03,0.0,0.05,REPROBADO,41,
95833667,CIENCIA DE DATOS E INTELIGENCIA ARTIFICIAL,Periodo 2026 - 1S,PRIMER SEMESTRE,LEGALIZADA,ÁLGEBRA LINEAL,2,0.0,0.0,0.0,0.0,0.0,,41,
95833667,CIENCIA DE DATOS E INTELIGENCIA ARTIFICIAL,Periodo 2026 - 1S,PRIMER SEMESTRE,LEGALIZADA,CÁLCULO EN UNA VARIABLE,2,0.0,0.0,0.0,0.0,0.0,,41,
95833667,CIENCIA DE DATOS E INTELIGENCIA ARTIFICIAL,Periodo 2026 - 1S,PRIMER SEMESTRE,LEGALIZADA,COMUNICACIÓN EFECTIVA,2,0.0,0.0,0.0,0.0,0.0,,41,
95833667,CIENCIA DE DATOS E INTELIGENCIA ARTIFICIAL,Periodo 2026 - 1S,PRIMER SEMESTRE,LEGALIZADA,FUNDAMENTOS DE METODOLOGÍA DE LA INVESTIGACIÓN,2,0.0,0.91,0.0,0.0,0.0,,41,
95833667,CIENCIA DE DATOS E INTELIGENCIA ARTIFICIAL,Periodo 2026 - 1S,PRIMER SEMESTRE,LEGALIZADA,PROGRAMACIÓN 1,2,0.0,1.68,0.0,0.0,0.0,,41,
7782015,CIENCIA DE DATOS E INTELIGENCIA ARTIFICIAL,Periodo 2025 - 2S,PRIMER SEMESTRE,LEGALIZADA,ÁLGEBRA LINEAL,1,93.0,8.22,9.38,0.0,8.8,APROBADO,41,
7782015,CIENCIA DE DATOS E INTELIGENCIA ARTIFICIAL,Periodo 2025 - 2S,PRIMER SEMESTRE,LEGALIZADA,CÁLCULO EN UNA VARIABLE,1,93.0,6.4,8.23,0.0,7.31,APROBADO,41,
7782015,CIENCIA DE DATOS E INTELIGENCIA ARTIFICIAL,Periodo 2025 - 2S,PRIMER SEMESTRE,LEGALIZADA,COMUNICACIÓN EFECTIVA,1,93.0,8.55,8.97,0.0,8.76,APROBADO,41,
7782015,CIENCIA DE DATOS E INTELIGENCIA ARTIFICIAL,Periodo 2025 - 2S,PRIMER SEMESTRE,LEGALIZADA,FUNDAMENTOS DE METODOLOGÍA DE LA INVESTIGACIÓN,1,85.0,9.14,8.69,0.0,8.91,APROBADO,41,
7782015,CIENCIA DE DATOS E INTELIGENCIA ARTIFICIAL,Periodo 2025 - 2S,PRIMER SEMESTRE,LEGALIZADA,PROGRAMACIÓN 1,1,100.0,7.57,8.2,0.0,7.88,APROBADO,41,
7782015,CIENCIA DE DATOS E INTELIGENCIA ARTIFICIAL,Periodo 2026 - 1S,SEGUNDO SEMESTRE,LEGALIZADA,ESTRUCTURA DE DATOS,1,0.0,8.07,0.0,0.0,0.0,,41,
7782015,CIENCIA DE DATOS E INTELIGENCIA ARTIFICIAL,Periodo 2026 - 1S,SEGUNDO SEMESTRE,LEGALIZADA,FUNDAMENTOS DE CIENCIA DE DATOS E INTELIGENCIA ARTIFICIAL,1,0.0,0.0,0.0,0.0,0.0,,41,
7782015,CIENCIA DE DATOS E INTELIGENCIA ARTIFICIAL,Periodo 2026 - 1S,SEGUNDO SEMESTRE,LEGALIZADA,HABILIDADES PARA LA VIDA,1,0.0,0.0,0.0,0.0,0.0,,41,
7782015,CIENCIA DE DATOS E INTELIGENCIA ARTIFICIAL,Periodo 2026 - 1S,SEGUNDO SEMESTRE,LEGALIZADA,PROBABILIDAD Y ESTADÍSTICA,1,0.0,0.0,0.0,0.0,0.0,,41,
7782015,CIENCIA DE DATOS E INTELIGENCIA ARTIFICIAL,Periodo 2026 - 1S,SEGUNDO SEMESTRE,LEGALIZADA,PROGRAMACIÓN 2,1,0.0,9.14,0.0,0.0,0.0,,41,
68354550,CIENCIA DE DATOS E INTELIGENCIA ARTIFICIAL,Periodo 2025 - 2S,PRIMER SEMESTRE,LEGALIZADA,ÁLGEBRA LINEAL,1,93.0,7.48,7.54,0.0,7.51,APROBADO,41,
68354550,CIENCIA DE DATOS E INTELIGENCIA ARTIFICIAL,Periodo 2025 - 2S,PRIMER SEMESTRE,LEGALIZADA,CÁLCULO EN UNA VARIABLE,1,73.0,6.17,7.82,7.1,7.04,APROBADO,41,
68354550,CIENCIA DE DATOS E INTELIGENCIA ARTIFICIAL,Periodo 2025 - 2S,PRIMER SEMESTRE,LEGALIZADA,COMUNICACIÓN EFECTIVA,1,64.0,7.09,5.67,0.0,6.38,REPROBADO,41,
68354550,CIENCIA DE DATOS E INTELIGENCIA ARTIFICIAL,Periodo 2025 - 2S,PRIMER SEMESTRE,LEGALIZADA,FUNDAMENTOS DE METODOLOGÍA DE LA INVESTIGACIÓN,1,62.0,8.83,8.8,0.0,8.81,APROBADO,41,
68354550,CIENCIA DE DATOS E INTELIGENCIA ARTIFICIAL,Periodo 2025 - 2S,PRIMER SEMESTRE,LEGALIZADA,PROGRAMACIÓN 1,1,87.0,5.88,5.66,1.0,3.38,REPROBADO,41,
68354550,CIENCIA DE DATOS E INTELIGENCIA ARTIFICIAL,Periodo 2026 - 1S,PRIMER SEMESTRE,LEGALIZADA,COMUNICACIÓN EFECTIVA,2,0.0,0.0,0.0,0.0,0.0,,41,
68354550,CIENCIA DE DATOS E INTELIGENCIA ARTIFICIAL,Periodo 2026 - 1S,PRIMER SEMESTRE,LEGALIZADA,PROGRAMACIÓN 1,2,0.0,8.45,0.0,0.0,0.0,,41,
5146230,CIENCIA DE DATOS E INTELIGENCIA ARTIFICIAL,Periodo 2025 - 2S,PRIMER SEMESTRE,LEGALIZADA,ÁLGEBRA LINEAL,1,67.0,6.87,9.02,0.0,7.94,APROBADO,41,
5146230,CIENCIA DE DATOS E INTELIGENCIA ARTIFICIAL,Periodo 2025 - 2S,PRIMER SEMESTRE,LEGALIZADA,CÁLCULO EN UNA VARIABLE,1,87.0,6.34,7.23,7.25,7.01,APROBADO,41,
5146230,CIENCIA DE DATOS E INTELIGENCIA ARTIFICIAL,Periodo 2025 - 2S,PRIMER SEMESTRE,LEGALIZADA,COMUNICACIÓN EFECTIVA,1,73.0,7.58,8.58,0.0,8.08,APROBADO,41,
5146230,CIENCIA DE DATOS E INTELIGENCIA ARTIFICIAL,Periodo 2025 - 2S,PRIMER SEMESTRE,LEGALIZADA,FUNDAMENTOS DE METODOLOGÍA DE LA INVESTIGACIÓN,1,93.0,9.11,9.46,0.0,9.28,APROBADO,41,
5146230,CIENCIA DE DATOS E INTELIGENCIA ARTIFICIAL,Periodo 2025 - 2S,PRIMER SEMESTRE,LEGALIZADA,PROGRAMACIÓN 1,1,100.0,7.21,7.41,0.0,7.31,APROBADO,41,
5146230,CIENCIA DE DATOS E INTELIGENCIA ARTIFICIAL,Periodo 2026 - 1S,SEGUNDO SEMESTRE,LEGALIZADA,ESTRUCTURA DE DATOS,1,0.0,8.43,0.0,0.0,0.0,,41,
5146230,CIENCIA DE DATOS E INTELIGENCIA ARTIFICIAL,Periodo 2026 - 1S,SEGUNDO SEMESTRE,LEGALIZADA,FUNDAMENTOS DE CIENCIA DE DATOS E INTELIGENCIA ARTIFICIAL,1,0.0,9.15,0.0,0.0,0.0,,41,
5146230,CIENCIA DE DATOS E INTELIGENCIA ARTIFICIAL,Periodo 2026 - 1S,SEGUNDO SEMESTRE,LEGALIZADA,HABILIDADES PARA LA VIDA,1,0.0,0.0,0.0,0.0,0.0,,41,
5146230,CIENCIA DE DATOS E INTELIGENCIA ARTIFICIAL,Periodo 2026 - 1S,SEGUNDO SEMESTRE,LEGALIZADA,PROBABILIDAD Y ESTADÍSTICA,1,0.0,0.0,0.0,0.0,0.0,,41,
5146230,CIENCIA DE DATOS E INTELIGENCIA ARTIFICIAL,Periodo 2026 - 1S,SEGUNDO SEMESTRE,LEGALIZADA,PROGRAMACIÓN 2,1,0.0,8.26,0.0,0.0,0.0,,41,
64312821,CIENCIA DE DATOS E INTELIGENCIA ARTIFICIAL,Periodo 2025 - 2S,PRIMER SEMESTRE,LEGALIZADA,ÁLGEBRA LINEAL,1,93.0,9.05,9.07,0.0,9.06,APROBADO,41,
64312821,CIENCIA DE DATOS E INTELIGENCIA ARTIFICIAL,Periodo 2025 - 2S,PRIMER SEMESTRE,LEGALIZADA,CÁLCULO EN UNA VARIABLE,1,87.0,8.88,9.95,0.0,9.41,APROBADO,41,
64312821,CIENCIA DE DATOS E INTELIGENCIA ARTIFICIAL,Periodo 2025 - 2S,PRIMER SEMESTRE,LEGALIZADA,COMUNICACIÓN EFECTIVA,1,71.0,8.22,8.36,0.0,8.29,APROBADO,41,
64312821,CIENCIA DE DATOS E INTELIGENCIA ARTIFICIAL,Periodo 2025 - 2S,PRIMER SEMESTRE,LEGALIZADA,FUNDAMENTOS DE METODOLOGÍA DE LA INVESTIGACIÓN,1,77.0,9.14,9.37,0.0,9.25,APROBADO,41,
64312821,CIENCIA DE DATOS E INTELIGENCIA ARTIFICIAL,Periodo 2025 - 2S,PRIMER SEMESTRE,LEGALIZADA,PROGRAMACIÓN 1,1,100.0,9.19,7.98,0.0,8.58,APROBADO,41,
64312821,CIENCIA DE DATOS E INTELIGENCIA ARTIFICIAL,Periodo 2026 - 1S,SEGUNDO SEMESTRE,LEGALIZADA,ESTRUCTURA DE DATOS,1,0.0,9.01,0.0,0.0,0.0,,41,
64312821,CIENCIA DE DATOS E INTELIGENCIA ARTIFICIAL,Periodo 2026 - 1S,SEGUNDO SEMESTRE,LEGALIZADA,FUNDAMENTOS DE CIENCIA DE DATOS E INTELIGENCIA ARTIFICIAL,1,0.0,0.0,0.0,0.0,0.0,,41,
64312821,CIENCIA DE DATOS E INTELIGENCIA ARTIFICIAL,Periodo 2026 - 1S,SEGUNDO SEMESTRE,LEGALIZADA,HABILIDADES PARA LA VIDA,1,0.0,0.0,0.0,0.0,0.0,,41,
64312821,CIENCIA DE DATOS E INTELIGENCIA ARTIFICIAL,Periodo 2026 - 1S,SEGUNDO SEMESTRE,LEGALIZADA,PROBABILIDAD Y ESTADÍSTICA,1,0.0,0.0,0.0,0.0,0.0,,41,
64312821,CIENCIA DE DATOS E INTELIGENCIA ARTIFICIAL,Periodo 2026 - 1S,SEGUNDO SEMESTRE,LEGALIZADA,PROGRAMACIÓN 2,1,0.0,9.27,0.0,0.0,0.0,,41,
54749196,CIENCIA DE DATOS E INTELIGENCIA ARTIFICIAL,Periodo 2025 - 2S,PRIMER SEMESTRE,LEGALIZADA,ÁLGEBRA LINEAL,1,100.0,8.67,9.56,0.0,9.11,APROBADO,41,
54749196,CIENCIA DE DATOS E INTELIGENCIA ARTIFICIAL,Periodo 2025 - 2S,PRIMER SEMESTRE,LEGALIZADA,CÁLCULO EN UNA VARIABLE,1,100.0,7.87,9.42,0.0,8.64,APROBADO,41,
54749196,CIENCIA DE DATOS E INTELIGENCIA ARTIFICIAL,Periodo 2025 - 2S,PRIMER SEMESTRE,LEGALIZADA,COMUNICACIÓN EFECTIVA,1,93.0,8.4,8.68,0.0,8.54,APROBADO,41,
54749196,CIENCIA DE DATOS E INTELIGENCIA ARTIFICIAL,Periodo 2025 - 2S,PRIMER SEMESTRE,LEGALIZADA,FUNDAMENTOS DE METODOLOGÍA DE LA INVESTIGACIÓN,1,100.0,9.55,8.87,0.0,9.21,APROBADO,41,
54749196,CIENCIA DE DATOS E INTELIGENCIA ARTIFICIAL,Periodo 2025 - 2S,PRIMER SEMESTRE,LEGALIZADA,PROGRAMACIÓN 1,1,100.0,7.89,8.48,0.0,8.18,APROBADO,41,
54749196,CIENCIA DE DATOS E INTELIGENCIA ARTIFICIAL,Periodo 2026 - 1S,SEGUNDO SEMESTRE,LEGALIZADA,ESTRUCTURA DE DATOS,1,0.0,9.35,0.0,0.0,0.0,,41,
54749196,CIENCIA DE DATOS E INTELIGENCIA ARTIFICIAL,Periodo 2026 - 1S,SEGUNDO SEMESTRE,LEGALIZADA,FUNDAMENTOS DE CIENCIA DE DATOS E INTELIGENCIA ARTIFICIAL,1,0.0,9.05,0.0,0.0,0.0,,41,
54749196,CIENCIA DE DATOS E INTELIGENCIA ARTIFICIAL,Periodo 2026 - 1S,SEGUNDO SEMESTRE,LEGALIZADA,HABILIDADES PARA LA VIDA,1,0.0,0.0,0.0,0.0,0.0,,41,
54749196,CIENCIA DE DATOS E INTELIGENCIA ARTIFICIAL,Periodo 2026 - 1S,SEGUNDO SEMESTRE,LEGALIZADA,PROBABILIDAD Y ESTADÍSTICA,1,0.0,0.0,0.0,0.0,0.0,,41,
54749196,CIENCIA DE DATOS E INTELIGENCIA ARTIFICIAL,Periodo 2026 - 1S,SEGUNDO SEMESTRE,LEGALIZADA,PROGRAMACIÓN 2,1,0.0,9.16,0.0,0.0,0.0,,41,
83184870,CIENCIA DE DATOS E INTELIGENCIA ARTIFICIAL,Periodo 2025 - 2S,PRIMER SEMESTRE,LEGALIZADA,ÁLGEBRA LINEAL,1,80.0,7.23,9.09,0.0,8.16,APROBADO,41,
83184870,CIENCIA DE DATOS E INTELIGENCIA ARTIFICIAL,Periodo 2025 - 2S,PRIMER SEMESTRE,LEGALIZADA,CÁLCULO EN UNA VARIABLE,1,94.0,7.48,8.63,0.0,8.05,APROBADO,41,
83184870,CIENCIA DE DATOS E INTELIGENCIA ARTIFICIAL,Periodo 2025 - 2S,PRIMER SEMESTRE,LEGALIZADA,COMUNICACIÓN EFECTIVA,1,100.0,8.53,8.72,0.0,8.62,APROBADO,41,
83184870,CIENCIA DE DATOS E INTELIGENCIA ARTIFICIAL,Periodo 2025 - 2S,PRIMER SEMESTRE,LEGALIZADA,FUNDAMENTOS DE METODOLOGÍA DE LA INVESTIGACIÓN,1,100.0,9.37,8.91,0.0,9.14,APROBADO,41,
83184870,CIENCIA DE DATOS E INTELIGENCIA ARTIFICIAL,Periodo 2025 - 2S,PRIMER SEMESTRE,LEGALIZADA,PROGRAMACIÓN 1,1,93.0,9.44,7.81,0.0,8.62,APROBADO,41,
83184870,CIENCIA DE DATOS E INTELIGENCIA ARTIFICIAL,Periodo 2026 - 1S,SEGUNDO SEMESTRE,LEGALIZADA,ESTRUCTURA DE DATOS,1,0.0,9.42,0.0,0.0,0.0,,41,
83184870,CIENCIA DE DATOS E INTELIGENCIA ARTIFICIAL,Periodo 2026 - 1S,SEGUNDO SEMESTRE,LEGALIZADA,FUNDAMENTOS DE CIENCIA DE DATOS E INTELIGENCIA ARTIFICIAL,1,0.0,9.21,0.0,0.0,0.0,,41,
83184870,CIENCIA DE DATOS E INTELIGENCIA ARTIFICIAL,Periodo 2026 - 1S,SEGUNDO SEMESTRE,LEGALIZADA,HABILIDADES PARA LA VIDA,1,0.0,0.0,0.0,0.0,0.0,,41,
83184870,CIENCIA DE DATOS E INTELIGENCIA ARTIFICIAL,Periodo 2026 - 1S,SEGUNDO SEMESTRE,LEGALIZADA,PROBABILIDAD Y ESTADÍSTICA,1,0.0,0.0,0.0,0.0,0.0,,41,
83184870,CIENCIA DE DATOS E INTELIGENCIA ARTIFICIAL,Periodo 2026 - 1S,SEGUNDO SEMESTRE,LEGALIZADA,PROGRAMACIÓN 2,1,0.0,8.73,0.0,0.0,0.0,,41,
38961414,CIENCIA DE DATOS E INTELIGENCIA ARTIFICIAL,Periodo 2025 - 2S,PRIMER SEMESTRE,LEGALIZADA,ÁLGEBRA LINEAL,1,73.0,6.82,8.79,0.0,7.8,APROBADO,41,
38961414,CIENCIA DE DATOS E INTELIGENCIA ARTIFICIAL,Periodo 2025 - 2S,PRIMER SEMESTRE,LEGALIZADA,CÁLCULO EN UNA VARIABLE,1,100.0,6.92,6.92,2.0,4.46,REPROBADO,41,
38961414,CIENCIA DE DATOS E INTELIGENCIA ARTIFICIAL,Periodo 2025 - 2S,PRIMER SEMESTRE,LEGALIZADA,COMUNICACIÓN EFECTIVA,1,60.0,8.12,9.16,0.0,8.64,APROBADO,41,
38961414,CIENCIA DE DATOS E INTELIGENCIA ARTIFICIAL,Periodo 2025 - 2S,PRIMER SEMESTRE,LEGALIZADA,FUNDAMENTOS DE METODOLOGÍA DE LA INVESTIGACIÓN,1,78.0,9.03,8.22,0.0,8.62,APROBADO,41,
38961414,CIENCIA DE DATOS E INTELIGENCIA ARTIFICIAL,Periodo 2025 - 2S,PRIMER SEMESTRE,LEGALIZADA,PROGRAMACIÓN 1,1,86.0,7.69,7.6,0.0,7.64,APROBADO,41,
38961414,CIENCIA DE DATOS E INTELIGENCIA ARTIFICIAL,Periodo 2026 - 1S,PRIMER SEMESTRE,LEGALIZADA,CÁLCULO EN UNA VARIABLE,2,0.0,0.0,0.0,0.0,0.0,,41,
77987691,CIENCIA DE DATOS E INTELIGENCIA ARTIFICIAL,Periodo 2025 - 2S,PRIMER SEMESTRE,LEGALIZADA,ÁLGEBRA LINEAL,1,13.0,1.39,0.03,0.0,0.71,REPROBADO,41,
77987691,CIENCIA DE DATOS E INTELIGENCIA ARTIFICIAL,Periodo 2025 - 2S,PRIMER SEMESTRE,LEGALIZADA,CÁLCULO EN UNA VARIABLE,1,20.0,1.57,0.0,0.0,0.78,REPROBADO,41,
77987691,CIENCIA DE DATOS E INTELIGENCIA ARTIFICIAL,Periodo 2025 - 2S,PRIMER SEMESTRE,LEGALIZADA,COMUNICACIÓN EFECTIVA,1,20.0,1.28,0.0,0.0,0.64,REPROBADO,41,
77987691,CIENCIA DE DATOS E INTELIGENCIA ARTIFICIAL,Periodo 2025 - 2S,PRIMER SEMESTRE,LEGALIZADA,FUNDAMENTOS DE METODOLOGÍA DE LA INVESTIGACIÓN,1,14.0,0.87,0.0,0.0,0.43,REPROBADO,41,
77987691,CIENCIA DE DATOS E INTELIGENCIA ARTIFICIAL,Periodo 2025 - 2S,PRIMER SEMESTRE,LEGALIZADA,PROGRAMACIÓN 1,1,14.0,1.37,0.03,0.0,0.7,REPROBADO,41,
9709199,CIENCIA DE DATOS E INTELIGENCIA ARTIFICIAL,Periodo 2025 - 2S,PRIMER SEMESTRE,LEGALIZADA,ÁLGEBRA LINEAL,1,93.0,8.99,9.09,0.0,9.04,APROBADO,41,
9709199,CIENCIA DE DATOS E INTELIGENCIA ARTIFICIAL,Periodo 2025 - 2S,PRIMER SEMESTRE,LEGALIZADA,CÁLCULO EN UNA VARIABLE,1,100.0,7.39,7.48,0.0,7.43,APROBADO,41,
9709199,CIENCIA DE DATOS E INTELIGENCIA ARTIFICIAL,Periodo 2025 - 2S,PRIMER SEMESTRE,LEGALIZADA,COMUNICACIÓN EFECTIVA,1,93.0,8.75,8.6,0.0,8.67,APROBADO,41,
9709199,CIENCIA DE DATOS E INTELIGENCIA ARTIFICIAL,Periodo 2025 - 2S,PRIMER SEMESTRE,LEGALIZADA,FUNDAMENTOS DE METODOLOGÍA DE LA INVESTIGACIÓN,1,86.0,9.24,9.35,0.0,9.29,APROBADO,41,
9709199,CIENCIA DE DATOS E INTELIGENCIA ARTIFICIAL,Periodo 2025 - 2S,PRIMER SEMESTRE,LEGALIZADA,PROGRAMACIÓN 1,1,100.0,8.15,8.46,0.0,8.3,APROBADO,41,
9709199,CIENCIA DE DATOS E INTELIGENCIA ARTIFICIAL,Periodo 2026 - 1S,SEGUNDO SEMESTRE,LEGALIZADA,ESTRUCTURA DE DATOS,1,0.0,7.97,0.0,0.0,0.0,,41,
9709199,CIENCIA DE DATOS E INTELIGENCIA ARTIFICIAL,Periodo 2026 - 1S,SEGUNDO SEMESTRE,LEGALIZADA,FUNDAMENTOS DE CIENCIA DE DATOS E INTELIGENCIA ARTIFICIAL,1,0.0,9.36,0.0,0.0,0.0,,41,
9709199,CIENCIA DE DATOS E INTELIGENCIA ARTIFICIAL,Periodo 2026 - 1S,SEGUNDO SEMESTRE,LEGALIZADA,HABILIDADES PARA LA VIDA,1,0.0,0.0,0.0,0.0,0.0,,41,
9709199,CIENCIA DE DATOS E INTELIGENCIA ARTIFICIAL,Periodo 2026 - 1S,SEGUNDO SEMESTRE,LEGALIZADA,PROBABILIDAD Y ESTADÍSTICA,1,0.0,0.0,0.0,0.0,0.0,,41,
9709199,CIENCIA DE DATOS E INTELIGENCIA ARTIFICIAL,Periodo 2026 - 1S,SEGUNDO SEMESTRE,LEGALIZADA,PROGRAMACIÓN 2,1,0.0,9.81,0.0,0.0,0.0,,41,
18134627,CIENCIA DE DATOS E INTELIGENCIA ARTIFICIAL,Periodo 2025 - 2S,PRIMER SEMESTRE,LEGALIZADA,ÁLGEBRA LINEAL,1,67.0,8.42,2.06,0.01,2.62,REPROBADO,41,
18134627,CIENCIA DE DATOS E INTELIGENCIA ARTIFICIAL,Periodo 2025 - 2S,PRIMER SEMESTRE,LEGALIZADA,CÁLCULO EN UNA VARIABLE,1,69.0,7.4,1.44,0.0,4.42,REPROBADO,41,
18134627,CIENCIA DE DATOS E INTELIGENCIA ARTIFICIAL,Periodo 2025 - 2S,PRIMER SEMESTRE,LEGALIZADA,COMUNICACIÓN EFECTIVA,1,60.0,8.93,1.42,9.0,7.08,APROBADO,41,
18134627,CIENCIA DE DATOS E INTELIGENCIA ARTIFICIAL,Periodo 2025 - 2S,PRIMER SEMESTRE,LEGALIZADA,FUNDAMENTOS DE METODOLOGÍA DE LA INVESTIGACIÓN,1,89.0,9.44,1.74,0.01,2.8,REPROBADO,41,
18134627,CIENCIA DE DATOS E INTELIGENCIA ARTIFICIAL,Periodo 2025 - 2S,PRIMER SEMESTRE,LEGALIZADA,PROGRAMACIÓN 1,1,64.0,7.56,1.52,0.0,4.54,REPROBADO,41,
71039862,CIENCIA DE DATOS E INTELIGENCIA ARTIFICIAL,Periodo 2025 - 2S,PRIMER SEMESTRE,LEGALIZADA,ÁLGEBRA LINEAL,1,73.0,7.83,9.36,0.0,8.59,APROBADO,41,
71039862,CIENCIA DE DATOS E INTELIGENCIA ARTIFICIAL,Periodo 2025 - 2S,PRIMER SEMESTRE,LEGALIZADA,CÁLCULO EN UNA VARIABLE,1,80.0,8.43,7.77,0.0,8.1,APROBADO,41,
71039862,CIENCIA DE DATOS E INTELIGENCIA ARTIFICIAL,Periodo 2025 - 2S,PRIMER SEMESTRE,LEGALIZADA,COMUNICACIÓN EFECTIVA,1,67.0,8.03,8.54,0.0,8.28,APROBADO,41,
71039862,CIENCIA DE DATOS E INTELIGENCIA ARTIFICIAL,Periodo 2025 - 2S,PRIMER SEMESTRE,LEGALIZADA,FUNDAMENTOS DE METODOLOGÍA DE LA INVESTIGACIÓN,1,71.0,9.1,9.21,0.0,9.15,APROBADO,41,
71039862,CIENCIA DE DATOS E INTELIGENCIA ARTIFICIAL,Periodo 2025 - 2S,PRIMER SEMESTRE,LEGALIZADA,PROGRAMACIÓN 1,1,93.0,8.54,8.81,0.0,8.67,APROBADO,41,
71039862,CIENCIA DE DATOS E INTELIGENCIA ARTIFICIAL,Periodo 2026 - 1S,SEGUNDO SEMESTRE,LEGALIZADA,ESTRUCTURA DE DATOS,1,0.0,7.53,0.0,0.0,0.0,,41,
71039862,CIENCIA DE DATOS E INTELIGENCIA ARTIFICIAL,Periodo 2026 - 1S,SEGUNDO SEMESTRE,LEGALIZADA,FUNDAMENTOS DE CIENCIA DE DATOS E INTELIGENCIA ARTIFICIAL,1,0.0,9.27,0.0,0.0,0.0,,41,
71039862,CIENCIA DE DATOS E INTELIGENCIA ARTIFICIAL,Periodo 2026 - 1S,SEGUNDO SEMESTRE,LEGALIZADA,HABILIDADES PARA LA VIDA,1,0.0,0.0,0.0,0.0,0.0,,41,
71039862,CIENCIA DE DATOS E INTELIGENCIA ARTIFICIAL,Periodo 2026 - 1S,SEGUNDO SEMESTRE,LEGALIZADA,PROBABILIDAD Y ESTADÍSTICA,1,0.0,0.0,0.0,0.0,0.0,,41,
71039862,CIENCIA DE DATOS E INTELIGENCIA ARTIFICIAL,Periodo 2026 - 1S,SEGUNDO SEMESTRE,LEGALIZADA,PROGRAMACIÓN 2,1,0.0,7.58,0.0,0.0,0.0,,41,
66113919,CIENCIA DE DATOS E INTELIGENCIA ARTIFICIAL,Periodo 2025 - 2S,PRIMER SEMESTRE,LEGALIZADA,ÁLGEBRA LINEAL,1,87.0,7.73,9.51,0.0,8.62,APROBADO,41,
66113919,CIENCIA DE DATOS E INTELIGENCIA ARTIFICIAL,Periodo 2025 - 2S,PRIMER SEMESTRE,LEGALIZADA,CÁLCULO EN UNA VARIABLE,1,100.0,8.43,9.01,0.0,8.72,APROBADO,41,
66113919,CIENCIA DE DATOS E INTELIGENCIA ARTIFICIAL,Periodo 2025 - 2S,PRIMER SEMESTRE,LEGALIZADA,COMUNICACIÓN EFECTIVA,1,100.0,8.76,9.61,0.0,9.18,APROBADO,41,
66113919,CIENCIA DE DATOS E INTELIGENCIA ARTIFICIAL,Periodo 2025 - 2S,PRIMER SEMESTRE,LEGALIZADA,FUNDAMENTOS DE METODOLOGÍA DE LA INVESTIGACIÓN,1,100.0,9.51,8.98,0.0,9.24,APROBADO,41,
66113919,CIENCIA DE DATOS E INTELIGENCIA ARTIFICIAL,Periodo 2025 - 2S,PRIMER SEMESTRE,LEGALIZADA,PROGRAMACIÓN 1,1,100.0,9.68,9.08,0.0,9.38,APROBADO,41,
66113919,CIENCIA DE DATOS E INTELIGENCIA ARTIFICIAL,Periodo 2026 - 1S,SEGUNDO SEMESTRE,LEGALIZADA,ESTRUCTURA DE DATOS,1,0.0,8.65,0.0,0.0,0.0,,41,
66113919,CIENCIA DE DATOS E INTELIGENCIA ARTIFICIAL,Periodo 2026 - 1S,SEGUNDO SEMESTRE,LEGALIZADA,FUNDAMENTOS DE CIENCIA DE DATOS E INTELIGENCIA ARTIFICIAL,1,0.0,9.68,0.0,0.0,0.0,,41,
66113919,CIENCIA DE DATOS E INTELIGENCIA ARTIFICIAL,Periodo 2026 - 1S,SEGUNDO SEMESTRE,LEGALIZADA,HABILIDADES PARA LA VIDA,1,0.0,0.0,0.0,0.0,0.0,,41,
66113919,CIENCIA DE DATOS E INTELIGENCIA ARTIFICIAL,Periodo 2026 - 1S,SEGUNDO SEMESTRE,LEGALIZADA,PROBABILIDAD Y ESTADÍSTICA,1,0.0,0.0,0.0,0.0,0.0,,41,
66113919,CIENCIA DE DATOS E INTELIGENCIA ARTIFICIAL,Periodo 2026 - 1S,SEGUNDO SEMESTRE,LEGALIZADA,PROGRAMACIÓN 2,1,0.0,9.13,0.0,0.0,0.0,,41,
47277098,CIENCIA DE DATOS E INTELIGENCIA ARTIFICIAL,Periodo 2025 - 2S,PRIMER SEMESTRE,LEGALIZADA,ÁLGEBRA LINEAL,1,93.0,7.75,9.63,0.0,8.69,APROBADO,41,
47277098,CIENCIA DE DATOS E INTELIGENCIA ARTIFICIAL,Periodo 2025 - 2S,PRIMER SEMESTRE,LEGALIZADA,CÁLCULO EN UNA VARIABLE,1,100.0,7.42,9.3,0.0,8.36,APROBADO,41,
47277098,CIENCIA DE DATOS E INTELIGENCIA ARTIFICIAL,Periodo 2025 - 2S,PRIMER SEMESTRE,LEGALIZADA,COMUNICACIÓN EFECTIVA,1,86.0,8.48,8.99,0.0,8.73,APROBADO,41,
47277098,CIENCIA DE DATOS E INTELIGENCIA ARTIFICIAL,Periodo 2025 - 2S,PRIMER SEMESTRE,LEGALIZADA,FUNDAMENTOS DE METODOLOGÍA DE LA INVESTIGACIÓN,1,85.0,9.15,9.51,0.0,9.33,APROBADO,41,
47277098,CIENCIA DE DATOS E INTELIGENCIA ARTIFICIAL,Periodo 2025 - 2S,PRIMER SEMESTRE,LEGALIZADA,PROGRAMACIÓN 1,1,100.0,8.48,7.57,0.0,8.02,APROBADO,41,
47277098,CIENCIA DE DATOS E INTELIGENCIA ARTIFICIAL,Periodo 2026 - 1S,SEGUNDO SEMESTRE,LEGALIZADA,ESTRUCTURA DE DATOS,1,0.0,9.66,0.0,0.0,0.0,,41,
47277098,CIENCIA DE DATOS E INTELIGENCIA ARTIFICIAL,Periodo 2026 - 1S,SEGUNDO SEMESTRE,LEGALIZADA,FUNDAMENTOS DE CIENCIA DE DATOS E INTELIGENCIA ARTIFICIAL,1,0.0,0.0,0.0,0.0,0.0,,41,
47277098,CIENCIA DE DATOS E INTELIGENCIA ARTIFICIAL,Periodo 2026 - 1S,SEGUNDO SEMESTRE,LEGALIZADA,HABILIDADES PARA LA VIDA,1,0.0,0.0,0.0,0.0,0.0,,41,
47277098,CIENCIA DE DATOS E INTELIGENCIA ARTIFICIAL,Periodo 2026 - 1S,SEGUNDO SEMESTRE,LEGALIZADA,PROBABILIDAD Y ESTADÍSTICA,1,0.0,0.0,0.0,0.0,0.0,,41,
47277098,CIENCIA DE DATOS E INTELIGENCIA ARTIFICIAL,Periodo 2026 - 1S,SEGUNDO SEMESTRE,LEGALIZADA,PROGRAMACIÓN 2,1,0.0,9.53,0.0,0.0,0.0,,41,
23391066,CIENCIA DE DATOS E INTELIGENCIA ARTIFICIAL,Periodo 2025 - 2S,PRIMER SEMESTRE,LEGALIZADA,ÁLGEBRA LINEAL,1,93.0,8.02,9.24,0.0,8.63,APROBADO,41,
23391066,CIENCIA DE DATOS E INTELIGENCIA ARTIFICIAL,Periodo 2025 - 2S,PRIMER SEMESTRE,LEGALIZADA,CÁLCULO EN UNA VARIABLE,1,93.0,7.48,8.48,0.0,7.98,APROBADO,41,
23391066,CIENCIA DE DATOS E INTELIGENCIA ARTIFICIAL,Periodo 2025 - 2S,PRIMER SEMESTRE,LEGALIZADA,COMUNICACIÓN EFECTIVA,1,71.0,6.1,9.13,0.0,7.61,APROBADO,41,
23391066,CIENCIA DE DATOS E INTELIGENCIA ARTIFICIAL,Periodo 2025 - 2S,PRIMER SEMESTRE,LEGALIZADA,FUNDAMENTOS DE METODOLOGÍA DE LA INVESTIGACIÓN,1,69.0,8.9,6.84,0.0,7.87,APROBADO,41,
23391066,CIENCIA DE DATOS E INTELIGENCIA ARTIFICIAL,Periodo 2025 - 2S,PRIMER SEMESTRE,LEGALIZADA,PROGRAMACIÓN 1,1,87.0,6.89,7.12,0.0,7.0,APROBADO,41,
23391066,CIENCIA DE DATOS E INTELIGENCIA ARTIFICIAL,Periodo 2026 - 1S,SEGUNDO SEMESTRE,LEGALIZADA,ESTRUCTURA DE DATOS,1,0.0,8.53,0.0,0.0,0.0,,41,
23391066,CIENCIA DE DATOS E INTELIGENCIA ARTIFICIAL,Periodo 2026 - 1S,SEGUNDO SEMESTRE,LEGALIZADA,FUNDAMENTOS DE CIENCIA DE DATOS E INTELIGENCIA ARTIFICIAL,1,0.0,0.0,0.0,0.0,0.0,,41,
23391066,CIENCIA DE DATOS E INTELIGENCIA ARTIFICIAL,Periodo 2026 - 1S,SEGUNDO SEMESTRE,LEGALIZADA,HABILIDADES PARA LA VIDA,1,0.0,0.0,0.0,0.0,0.0,,41,
23391066,CIENCIA DE DATOS E INTELIGENCIA ARTIFICIAL,Periodo 2026 - 1S,SEGUNDO SEMESTRE,LEGALIZADA,PROBABILIDAD Y ESTADÍSTICA,1,0.0,0.0,0.0,0.0,0.0,,41,
23391066,CIENCIA DE DATOS E INTELIGENCIA ARTIFICIAL,Periodo 2026 - 1S,SEGUNDO SEMESTRE,LEGALIZADA,PROGRAMACIÓN 2,1,0.0,8.53,0.0,0.0,0.0,,41,
4065892,CIENCIA DE DATOS E INTELIGENCIA ARTIFICIAL,Periodo 2025 - 2S,PRIMER SEMESTRE,LEGALIZADA,ÁLGEBRA LINEAL,1,100.0,7.92,5.29,7.4,7.0,APROBADO,41,
4065892,CIENCIA DE DATOS E INTELIGENCIA ARTIFICIAL,Periodo 2025 - 2S,PRIMER SEMESTRE,LEGALIZADA,CÁLCULO EN UNA VARIABLE,1,100.0,3.98,2.74,0.0,3.36,REPROBADO,41,
4065892,CIENCIA DE DATOS E INTELIGENCIA ARTIFICIAL,Periodo 2025 - 2S,PRIMER SEMESTRE,LEGALIZADA,COMUNICACIÓN EFECTIVA,1,79.0,3.74,3.99,0.0,3.86,REPROBADO,41,
4065892,CIENCIA DE DATOS E INTELIGENCIA ARTIFICIAL,Periodo 2025 - 2S,PRIMER SEMESTRE,LEGALIZADA,FUNDAMENTOS DE METODOLOGÍA DE LA INVESTIGACIÓN,1,54.0,4.72,4.7,1.0,2.85,REPROBADO,41,
4065892,CIENCIA DE DATOS E INTELIGENCIA ARTIFICIAL,Periodo 2025 - 2S,PRIMER SEMESTRE,LEGALIZADA,PROGRAMACIÓN 1,1,93.0,6.94,4.73,7.0,6.41,REPROBADO,41,
4065892,CIENCIA DE DATOS E INTELIGENCIA ARTIFICIAL,Periodo 2026 - 1S,PRIMER SEMESTRE,LEGALIZADA,CÁLCULO EN UNA VARIABLE,2,0.0,0.0,0.0,0.0,0.0,,41,
4065892,CIENCIA DE DATOS E INTELIGENCIA ARTIFICIAL,Periodo 2026 - 1S,PRIMER SEMESTRE,LEGALIZADA,COMUNICACIÓN EFECTIVA,2,0.0,0.0,0.0,0.0,0.0,,41,
4065892,CIENCIA DE DATOS E INTELIGENCIA ARTIFICIAL,Periodo 2026 - 1S,PRIMER SEMESTRE,LEGALIZADA,FUNDAMENTOS DE METODOLOGÍA DE LA INVESTIGACIÓN,2,0.0,8.87,0.0,0.0,0.0,,41,
4065892,CIENCIA DE DATOS E INTELIGENCIA ARTIFICIAL,Periodo 2026 - 1S,PRIMER SEMESTRE,LEGALIZADA,PROGRAMACIÓN 1,2,0.0,7.88,0.0,0.0,0.0,,41,
31747381,CIENCIA DE DATOS E INTELIGENCIA ARTIFICIAL,Periodo 2025 - 2S,PRIMER SEMESTRE,LEGALIZADA,ÁLGEBRA LINEAL,1,87.0,8.13,9.41,0.0,8.77,APROBADO,41,
31747381,CIENCIA DE DATOS E INTELIGENCIA ARTIFICIAL,Periodo 2025 - 2S,PRIMER SEMESTRE,LEGALIZADA,CÁLCULO EN UNA VARIABLE,1,93.0,6.58,7.81,0.0,7.19,APROBADO,41,
31747381,CIENCIA DE DATOS E INTELIGENCIA ARTIFICIAL,Periodo 2025 - 2S,PRIMER SEMESTRE,LEGALIZADA,COMUNICACIÓN EFECTIVA,1,87.0,7.56,9.12,0.0,8.34,APROBADO,41,
31747381,CIENCIA DE DATOS E INTELIGENCIA ARTIFICIAL,Periodo 2025 - 2S,PRIMER SEMESTRE,LEGALIZADA,FUNDAMENTOS DE METODOLOGÍA DE LA INVESTIGACIÓN,1,86.0,9.67,9.43,0.0,9.55,APROBADO,41,
31747381,CIENCIA DE DATOS E INTELIGENCIA ARTIFICIAL,Periodo 2025 - 2S,PRIMER SEMESTRE,LEGALIZADA,PROGRAMACIÓN 1,1,100.0,8.71,8.03,0.0,8.37,APROBADO,41,
31747381,CIENCIA DE DATOS E INTELIGENCIA ARTIFICIAL,Periodo 2026 - 1S,SEGUNDO SEMESTRE,LEGALIZADA,ESTRUCTURA DE DATOS,1,0.0,7.5,0.0,0.0,0.0,,41,
31747381,CIENCIA DE DATOS E INTELIGENCIA ARTIFICIAL,Periodo 2026 - 1S,SEGUNDO SEMESTRE,LEGALIZADA,FUNDAMENTOS DE CIENCIA DE DATOS E INTELIGENCIA ARTIFICIAL,1,0.0,8.3,0.0,0.0,0.0,,41,
31747381,CIENCIA DE DATOS E INTELIGENCIA ARTIFICIAL,Periodo 2026 - 1S,SEGUNDO SEMESTRE,LEGALIZADA,HABILIDADES PARA LA VIDA,1,0.0,0.0,0.0,0.0,0.0,,41,
31747381,CIENCIA DE DATOS E INTELIGENCIA ARTIFICIAL,Periodo 2026 - 1S,SEGUNDO SEMESTRE,LEGALIZADA,PROBABILIDAD Y ESTADÍSTICA,1,0.0,0.0,0.0,0.0,0.0,,41,
31747381,CIENCIA DE DATOS E INTELIGENCIA ARTIFICIAL,Periodo 2026 - 1S,SEGUNDO SEMESTRE,LEGALIZADA,PROGRAMACIÓN 2,1,0.0,7.76,0.0,0.0,0.0,,41,
78313729,CIENCIA DE DATOS E INTELIGENCIA ARTIFICIAL,Periodo 2025 - 2S,PRIMER SEMESTRE,LEGALIZADA,ÁLGEBRA LINEAL,1,27.0,0.97,0.03,0.0,0.5,REPROBADO,41,
78313729,CIENCIA DE DATOS E INTELIGENCIA ARTIFICIAL,Periodo 2025 - 2S,PRIMER SEMESTRE,LEGALIZADA,CÁLCULO EN UNA VARIABLE,1,33.0,0.97,0.0,0.0,0.48,REPROBADO,41,
78313729,CIENCIA DE DATOS E INTELIGENCIA ARTIFICIAL,Periodo 2025 - 2S,PRIMER SEMESTRE,LEGALIZADA,COMUNICACIÓN EFECTIVA,1,36.0,0.88,0.0,0.0,0.44,REPROBADO,41,
78313729,CIENCIA DE DATOS E INTELIGENCIA ARTIFICIAL,Periodo 2025 - 2S,PRIMER SEMESTRE,LEGALIZADA,FUNDAMENTOS DE METODOLOGÍA DE LA INVESTIGACIÓN,1,31.0,0.17,0.0,0.0,0.08,REPROBADO,41,
78313729,CIENCIA DE DATOS E INTELIGENCIA ARTIFICIAL,Periodo 2025 - 2S,PRIMER SEMESTRE,LEGALIZADA,PROGRAMACIÓN 1,1,27.0,1.03,0.0,0.0,0.51,REPROBADO,41,
9901571,CIENCIA DE DATOS E INTELIGENCIA ARTIFICIAL,Periodo 2025 - 2S,PRIMER SEMESTRE,LEGALIZADA,ÁLGEBRA LINEAL,1,87.0,8.58,9.56,0.0,9.07,APROBADO,41,
9901571,CIENCIA DE DATOS E INTELIGENCIA ARTIFICIAL,Periodo 2025 - 2S,PRIMER SEMESTRE,LEGALIZADA,CÁLCULO EN UNA VARIABLE,1,87.0,7.08,6.62,1.0,3.92,REPROBADO,41,
9901571,CIENCIA DE DATOS E INTELIGENCIA ARTIFICIAL,Periodo 2025 - 2S,PRIMER SEMESTRE,LEGALIZADA,COMUNICACIÓN EFECTIVA,1,80.0,8.61,8.78,0.0,8.69,APROBADO,41,
9901571,CIENCIA DE DATOS E INTELIGENCIA ARTIFICIAL,Periodo 2025 - 2S,PRIMER SEMESTRE,LEGALIZADA,FUNDAMENTOS DE METODOLOGÍA DE LA INVESTIGACIÓN,1,93.0,9.32,9.43,0.0,9.37,APROBADO,41,
9901571,CIENCIA DE DATOS E INTELIGENCIA ARTIFICIAL,Periodo 2025 - 2S,PRIMER SEMESTRE,LEGALIZADA,PROGRAMACIÓN 1,1,86.0,7.48,7.85,0.0,7.66,APROBADO,41,
9901571,CIENCIA DE DATOS E INTELIGENCIA ARTIFICIAL,Periodo 2026 - 1S,PRIMER SEMESTRE,LEGALIZADA,CÁLCULO EN UNA VARIABLE,2,0.0,0.0,0.0,0.0,0.0,,41,
71322232,CIENCIA DE DATOS E INTELIGENCIA ARTIFICIAL,Periodo 2025 - 2S,PRIMER SEMESTRE,LEGALIZADA,ÁLGEBRA LINEAL,1,80.0,9.1,9.52,0.0,9.31,APROBADO,41,
71322232,CIENCIA DE DATOS E INTELIGENCIA ARTIFICIAL,Periodo 2025 - 2S,PRIMER SEMESTRE,LEGALIZADA,CÁLCULO EN UNA VARIABLE,1,88.0,8.58,9.16,0.0,8.87,APROBADO,41,
71322232,CIENCIA DE DATOS E INTELIGENCIA ARTIFICIAL,Periodo 2025 - 2S,PRIMER SEMESTRE,LEGALIZADA,COMUNICACIÓN EFECTIVA,1,87.0,8.38,8.28,0.0,8.33,APROBADO,41,
71322232,CIENCIA DE DATOS E INTELIGENCIA ARTIFICIAL,Periodo 2025 - 2S,PRIMER SEMESTRE,LEGALIZADA,FUNDAMENTOS DE METODOLOGÍA DE LA INVESTIGACIÓN,1,100.0,9.5,8.96,0.0,9.23,APROBADO,41,
71322232,CIENCIA DE DATOS E INTELIGENCIA ARTIFICIAL,Periodo 2025 - 2S,PRIMER SEMESTRE,LEGALIZADA,PROGRAMACIÓN 1,1,93.0,8.47,8.63,0.0,8.55,APROBADO,41,
71322232,CIENCIA DE DATOS E INTELIGENCIA ARTIFICIAL,Periodo 2026 - 1S,SEGUNDO SEMESTRE,LEGALIZADA,ESTRUCTURA DE DATOS,1,0.0,9.47,0.0,0.0,0.0,,41,
71322232,CIENCIA DE DATOS E INTELIGENCIA ARTIFICIAL,Periodo 2026 - 1S,SEGUNDO SEMESTRE,LEGALIZADA,FUNDAMENTOS DE CIENCIA DE DATOS E INTELIGENCIA ARTIFICIAL,1,0.0,7.88,0.0,0.0,0.0,,41,
71322232,CIENCIA DE DATOS E INTELIGENCIA ARTIFICIAL,Periodo 2026 - 1S,SEGUNDO SEMESTRE,LEGALIZADA,HABILIDADES PARA LA VIDA,1,0.0,0.0,0.0,0.0,0.0,,41,
71322232,CIENCIA DE DATOS E INTELIGENCIA ARTIFICIAL,Periodo 2026 - 1S,SEGUNDO SEMESTRE,LEGALIZADA,PROBABILIDAD Y ESTADÍSTICA,1,0.0,0.0,0.0,0.0,0.0,,41,
71322232,CIENCIA DE DATOS E INTELIGENCIA ARTIFICIAL,Periodo 2026 - 1S,SEGUNDO SEMESTRE,LEGALIZADA,PROGRAMACIÓN 2,1,0.0,9.03,0.0,0.0,0.0,,41,
53057298,CIENCIA DE DATOS E INTELIGENCIA ARTIFICIAL,Periodo 2025 - 2S,PRIMER SEMESTRE,LEGALIZADA,ÁLGEBRA LINEAL,1,93.0,8.38,8.05,0.0,8.21,APROBADO,41,
53057298,CIENCIA DE DATOS E INTELIGENCIA ARTIFICIAL,Periodo 2025 - 2S,PRIMER SEMESTRE,LEGALIZADA,CÁLCULO EN UNA VARIABLE,1,100.0,6.74,7.06,5.75,6.32,REPROBADO,41,
53057298,CIENCIA DE DATOS E INTELIGENCIA ARTIFICIAL,Periodo 2025 - 2S,PRIMER SEMESTRE,LEGALIZADA,COMUNICACIÓN EFECTIVA,1,100.0,8.65,7.08,0.0,7.86,APROBADO,41,
53057298,CIENCIA DE DATOS E INTELIGENCIA ARTIFICIAL,Periodo 2025 - 2S,PRIMER SEMESTRE,LEGALIZADA,FUNDAMENTOS DE METODOLOGÍA DE LA INVESTIGACIÓN,1,100.0,9.46,8.86,0.0,9.16,APROBADO,41,
53057298,CIENCIA DE DATOS E INTELIGENCIA ARTIFICIAL,Periodo 2025 - 2S,PRIMER SEMESTRE,LEGALIZADA,PROGRAMACIÓN 1,1,93.0,5.52,7.61,5.0,5.78,REPROBADO,41,
44195360,CIENCIA DE DATOS E INTELIGENCIA ARTIFICIAL,Periodo 2025 - 2S,PRIMER SEMESTRE,LEGALIZADA,ÁLGEBRA LINEAL,1,100.0,7.12,9.16,0.0,8.14,APROBADO,41,
44195360,CIENCIA DE DATOS E INTELIGENCIA ARTIFICIAL,Periodo 2025 - 2S,PRIMER SEMESTRE,LEGALIZADA,CÁLCULO EN UNA VARIABLE,1,100.0,7.33,6.95,0.0,7.14,APROBADO,41,
44195360,CIENCIA DE DATOS E INTELIGENCIA ARTIFICIAL,Periodo 2025 - 2S,PRIMER SEMESTRE,LEGALIZADA,COMUNICACIÓN EFECTIVA,1,87.0,7.02,7.58,0.0,7.3,APROBADO,41,
44195360,CIENCIA DE DATOS E INTELIGENCIA ARTIFICIAL,Periodo 2025 - 2S,PRIMER SEMESTRE,LEGALIZADA,FUNDAMENTOS DE METODOLOGÍA DE LA INVESTIGACIÓN,1,93.0,9.57,9.28,0.0,9.42,APROBADO,41,
44195360,CIENCIA DE DATOS E INTELIGENCIA ARTIFICIAL,Periodo 2025 - 2S,PRIMER SEMESTRE,LEGALIZADA,PROGRAMACIÓN 1,1,86.0,7.21,7.61,0.0,7.41,APROBADO,41,
44195360,CIENCIA DE DATOS E INTELIGENCIA ARTIFICIAL,Periodo 2026 - 1S,SEGUNDO SEMESTRE,LEGALIZADA,ESTRUCTURA DE DATOS,1,0.0,9.02,0.0,0.0,0.0,,41,
44195360,CIENCIA DE DATOS E INTELIGENCIA ARTIFICIAL,Periodo 2026 - 1S,SEGUNDO SEMESTRE,LEGALIZADA,FUNDAMENTOS DE CIENCIA DE DATOS E INTELIGENCIA ARTIFICIAL,1,0.0,8.33,0.0,0.0,0.0,,41,
44195360,CIENCIA DE DATOS E INTELIGENCIA ARTIFICIAL,Periodo 2026 - 1S,SEGUNDO SEMESTRE,LEGALIZADA,HABILIDADES PARA LA VIDA,1,0.0,0.0,0.0,0.0,0.0,,41,
44195360,CIENCIA DE DATOS E INTELIGENCIA ARTIFICIAL,Periodo 2026 - 1S,SEGUNDO SEMESTRE,LEGALIZADA,PROBABILIDAD Y ESTADÍSTICA,1,0.0,0.0,0.0,0.0,0.0,,41,
44195360,CIENCIA DE DATOS E INTELIGENCIA ARTIFICIAL,Periodo 2026 - 1S,SEGUNDO SEMESTRE,LEGALIZADA,PROGRAMACIÓN 2,1,0.0,8.84,0.0,0.0,0.0,,41,
90245649,CIENCIA DE DATOS E INTELIGENCIA ARTIFICIAL,Periodo 2025 - 2S,PRIMER SEMESTRE,LEGALIZADA,ÁLGEBRA LINEAL,1,87.0,7.29,8.77,0.0,8.03,APROBADO,41,
90245649,CIENCIA DE DATOS E INTELIGENCIA ARTIFICIAL,Periodo 2025 - 2S,PRIMER SEMESTRE,LEGALIZADA,CÁLCULO EN UNA VARIABLE,1,100.0,9.18,7.29,0.0,8.23,APROBADO,41,
90245649,CIENCIA DE DATOS E INTELIGENCIA ARTIFICIAL,Periodo 2025 - 2S,PRIMER SEMESTRE,LEGALIZADA,COMUNICACIÓN EFECTIVA,1,87.0,8.81,8.51,0.0,8.66,APROBADO,41,
90245649,CIENCIA DE DATOS E INTELIGENCIA ARTIFICIAL,Periodo 2025 - 2S,PRIMER SEMESTRE,LEGALIZADA,FUNDAMENTOS DE METODOLOGÍA DE LA INVESTIGACIÓN,1,100.0,9.15,8.93,0.0,9.04,APROBADO,41,
90245649,CIENCIA DE DATOS E INTELIGENCIA ARTIFICIAL,Periodo 2025 - 2S,PRIMER SEMESTRE,LEGALIZADA,PROGRAMACIÓN 1,1,100.0,8.74,8.0,0.0,8.37,APROBADO,41,
90245649,CIENCIA DE DATOS E INTELIGENCIA ARTIFICIAL,Periodo 2026 - 1S,SEGUNDO SEMESTRE,LEGALIZADA,ESTRUCTURA DE DATOS,1,0.0,8.2,0.0,0.0,0.0,,41,
90245649,CIENCIA DE DATOS E INTELIGENCIA ARTIFICIAL,Periodo 2026 - 1S,SEGUNDO SEMESTRE,LEGALIZADA,FUNDAMENTOS DE CIENCIA DE DATOS E INTELIGENCIA ARTIFICIAL,1,0.0,8.91,0.0,0.0,0.0,,41,
90245649,CIENCIA DE DATOS E INTELIGENCIA ARTIFICIAL,Periodo 2026 - 1S,SEGUNDO SEMESTRE,LEGALIZADA,HABILIDADES PARA LA VIDA,1,0.0,0.0,0.0,0.0,0.0,,41,
90245649,CIENCIA DE DATOS E INTELIGENCIA ARTIFICIAL,Periodo 2026 - 1S,SEGUNDO SEMESTRE,LEGALIZADA,PROBABILIDAD Y ESTADÍSTICA,1,0.0,0.0,0.0,0.0,0.0,,41,
90245649,CIENCIA DE DATOS E INTELIGENCIA ARTIFICIAL,Periodo 2026 - 1S,SEGUNDO SEMESTRE,LEGALIZADA,PROGRAMACIÓN 2,1,0.0,9.4,0.0,0.0,0.0,,41,
46965893,CIENCIA DE DATOS E INTELIGENCIA ARTIFICIAL,Periodo 2025 - 2S,PRIMER SEMESTRE,LEGALIZADA,ÁLGEBRA LINEAL,1,87.0,6.66,6.97,2.0,4.4,REPROBADO,41,
46965893,CIENCIA DE DATOS E INTELIGENCIA ARTIFICIAL,Periodo 2025 - 2S,PRIMER SEMESTRE,LEGALIZADA,CÁLCULO EN UNA VARIABLE,1,93.0,4.45,5.18,0.0,4.81,REPROBADO,41,
46965893,CIENCIA DE DATOS E INTELIGENCIA ARTIFICIAL,Periodo 2025 - 2S,PRIMER SEMESTRE,LEGALIZADA,COMUNICACIÓN EFECTIVA,1,87.0,4.83,7.53,8.0,7.09,APROBADO,41,
46965893,CIENCIA DE DATOS E INTELIGENCIA ARTIFICIAL,Periodo 2025 - 2S,PRIMER SEMESTRE,LEGALIZADA,FUNDAMENTOS DE METODOLOGÍA DE LA INVESTIGACIÓN,1,71.0,9.59,9.52,0.0,9.55,APROBADO,41,
46965893,CIENCIA DE DATOS E INTELIGENCIA ARTIFICIAL,Periodo 2025 - 2S,PRIMER SEMESTRE,LEGALIZADA,PROGRAMACIÓN 1,1,93.0,6.67,6.3,3.0,4.74,REPROBADO,41,
46965893,CIENCIA DE DATOS E INTELIGENCIA ARTIFICIAL,Periodo 2026 - 1S,PRIMER SEMESTRE,LEGALIZADA,ÁLGEBRA LINEAL,2,0.0,0.0,0.0,0.0,0.0,,41,
46965893,CIENCIA DE DATOS E INTELIGENCIA ARTIFICIAL,Periodo 2026 - 1S,PRIMER SEMESTRE,LEGALIZADA,CÁLCULO EN UNA VARIABLE,2,0.0,0.0,0.0,0.0,0.0,,41,
46965893,CIENCIA DE DATOS E INTELIGENCIA ARTIFICIAL,Periodo 2026 - 1S,PRIMER SEMESTRE,LEGALIZADA,PROGRAMACIÓN 1,2,0.0,7.15,0.0,0.0,0.0,,41,
53028163,CIENCIA DE DATOS E INTELIGENCIA ARTIFICIAL,Periodo 2025 - 2S,PRIMER SEMESTRE,LEGALIZADA,ÁLGEBRA LINEAL,1,73.0,7.56,8.86,0.0,8.21,APROBADO,41,
53028163,CIENCIA DE DATOS E INTELIGENCIA ARTIFICIAL,Periodo 2025 - 2S,PRIMER SEMESTRE,LEGALIZADA,CÁLCULO EN UNA VARIABLE,1,88.0,6.03,9.31,0.0,7.67,APROBADO,41,
53028163,CIENCIA DE DATOS E INTELIGENCIA ARTIFICIAL,Periodo 2025 - 2S,PRIMER SEMESTRE,LEGALIZADA,COMUNICACIÓN EFECTIVA,1,87.0,5.13,6.53,10.0,7.91,APROBADO,41,
53028163,CIENCIA DE DATOS E INTELIGENCIA ARTIFICIAL,Periodo 2025 - 2S,PRIMER SEMESTRE,LEGALIZADA,FUNDAMENTOS DE METODOLOGÍA DE LA INVESTIGACIÓN,1,100.0,7.99,7.43,0.0,7.71,APROBADO,41,
53028163,CIENCIA DE DATOS E INTELIGENCIA ARTIFICIAL,Periodo 2025 - 2S,PRIMER SEMESTRE,LEGALIZADA,PROGRAMACIÓN 1,1,93.0,6.82,8.27,0.0,7.54,APROBADO,41,
53028163,CIENCIA DE DATOS E INTELIGENCIA ARTIFICIAL,Periodo 2026 - 1S,SEGUNDO SEMESTRE,LEGALIZADA,ESTRUCTURA DE DATOS,1,0.0,8.62,0.0,0.0,0.0,,41,
53028163,CIENCIA DE DATOS E INTELIGENCIA ARTIFICIAL,Periodo 2026 - 1S,SEGUNDO SEMESTRE,LEGALIZADA,FUNDAMENTOS DE CIENCIA DE DATOS E INTELIGENCIA ARTIFICIAL,1,0.0,7.57,0.0,0.0,0.0,,41,
53028163,CIENCIA DE DATOS E INTELIGENCIA ARTIFICIAL,Periodo 2026 - 1S,SEGUNDO SEMESTRE,LEGALIZADA,HABILIDADES PARA LA VIDA,1,0.0,0.0,0.0,0.0,0.0,,41,
53028163,CIENCIA DE DATOS E INTELIGENCIA ARTIFICIAL,Periodo 2026 - 1S,SEGUNDO SEMESTRE,LEGALIZADA,PROBABILIDAD Y ESTADÍSTICA,1,0.0,0.0,0.0,0.0,0.0,,41,
53028163,CIENCIA DE DATOS E INTELIGENCIA ARTIFICIAL,Periodo 2026 - 1S,SEGUNDO SEMESTRE,LEGALIZADA,PROGRAMACIÓN 2,1,0.0,8.31,0.0,0.0,0.0,,41,
4261953,CIENCIA DE DATOS E INTELIGENCIA ARTIFICIAL,Periodo 2025 - 2S,PRIMER SEMESTRE,LEGALIZADA,ÁLGEBRA LINEAL,1,93.0,6.56,9.11,0.0,7.83,APROBADO,41,
4261953,CIENCIA DE DATOS E INTELIGENCIA ARTIFICIAL,Periodo 2025 - 2S,PRIMER SEMESTRE,LEGALIZADA,CÁLCULO EN UNA VARIABLE,1,100.0,6.49,6.6,1.0,3.77,REPROBADO,41,
4261953,CIENCIA DE DATOS E INTELIGENCIA ARTIFICIAL,Periodo 2025 - 2S,PRIMER SEMESTRE,LEGALIZADA,COMUNICACIÓN EFECTIVA,1,67.0,7.26,7.64,0.0,7.45,APROBADO,41,
4261953,CIENCIA DE DATOS E INTELIGENCIA ARTIFICIAL,Periodo 2025 - 2S,PRIMER SEMESTRE,LEGALIZADA,FUNDAMENTOS DE METODOLOGÍA DE LA INVESTIGACIÓN,1,93.0,7.45,9.31,0.0,8.38,APROBADO,41,
4261953,CIENCIA DE DATOS E INTELIGENCIA ARTIFICIAL,Periodo 2025 - 2S,PRIMER SEMESTRE,LEGALIZADA,PROGRAMACIÓN 1,1,100.0,6.05,7.58,8.0,7.4,APROBADO,41,
4261953,CIENCIA DE DATOS E INTELIGENCIA ARTIFICIAL,Periodo 2026 - 1S,PRIMER SEMESTRE,LEGALIZADA,CÁLCULO EN UNA VARIABLE,2,0.0,0.0,0.0,0.0,0.0,,41,
25022310,CIENCIA DE DATOS E INTELIGENCIA ARTIFICIAL,Periodo 2025 - 2S,PRIMER SEMESTRE,LEGALIZADA,ÁLGEBRA LINEAL,1,93.0,7.24,9.43,0.0,8.33,APROBADO,41,
25022310,CIENCIA DE DATOS E INTELIGENCIA ARTIFICIAL,Periodo 2025 - 2S,PRIMER SEMESTRE,LEGALIZADA,CÁLCULO EN UNA VARIABLE,1,100.0,7.63,7.04,0.0,7.33,APROBADO,41,
25022310,CIENCIA DE DATOS E INTELIGENCIA ARTIFICIAL,Periodo 2025 - 2S,PRIMER SEMESTRE,LEGALIZADA,COMUNICACIÓN EFECTIVA,1,87.0,8.04,7.5,0.0,7.77,APROBADO,41,
25022310,CIENCIA DE DATOS E INTELIGENCIA ARTIFICIAL,Periodo 2025 - 2S,PRIMER SEMESTRE,LEGALIZADA,FUNDAMENTOS DE METODOLOGÍA DE LA INVESTIGACIÓN,1,86.0,8.82,8.35,0.0,8.58,APROBADO,41,
25022310,CIENCIA DE DATOS E INTELIGENCIA ARTIFICIAL,Periodo 2025 - 2S,PRIMER SEMESTRE,LEGALIZADA,PROGRAMACIÓN 1,1,100.0,7.47,6.85,0.0,7.16,APROBADO,41,
25022310,CIENCIA DE DATOS E INTELIGENCIA ARTIFICIAL,Periodo 2026 - 1S,SEGUNDO SEMESTRE,LEGALIZADA,ESTRUCTURA DE DATOS,1,0.0,7.3,0.0,0.0,0.0,,41,
25022310,CIENCIA DE DATOS E INTELIGENCIA ARTIFICIAL,Periodo 2026 - 1S,SEGUNDO SEMESTRE,LEGALIZADA,FUNDAMENTOS DE CIENCIA DE DATOS E INTELIGENCIA ARTIFICIAL,1,0.0,8.93,0.0,0.0,0.0,,41,
25022310,CIENCIA DE DATOS E INTELIGENCIA ARTIFICIAL,Periodo 2026 - 1S,SEGUNDO SEMESTRE,LEGALIZADA,HABILIDADES PARA LA VIDA,1,0.0,0.0,0.0,0.0,0.0,,41,
25022310,CIENCIA DE DATOS E INTELIGENCIA ARTIFICIAL,Periodo 2026 - 1S,SEGUNDO SEMESTRE,LEGALIZADA,PROBABILIDAD Y ESTADÍSTICA,1,0.0,0.0,0.0,0.0,0.0,,41,
25022310,CIENCIA DE DATOS E INTELIGENCIA ARTIFICIAL,Periodo 2026 - 1S,SEGUNDO SEMESTRE,LEGALIZADA,PROGRAMACIÓN 2,1,0.0,9.08,0.0,0.0,0.0,,41,
36840945,CIENCIA DE DATOS E INTELIGENCIA ARTIFICIAL,Periodo 2025 - 2S,PRIMER SEMESTRE,LEGALIZADA,ÁLGEBRA LINEAL,1,80.0,7.61,8.72,0.0,8.16,APROBADO,41,
36840945,CIENCIA DE DATOS E INTELIGENCIA ARTIFICIAL,Periodo 2025 - 2S,PRIMER SEMESTRE,LEGALIZADA,CÁLCULO EN UNA VARIABLE,1,100.0,7.95,7.96,0.0,7.95,APROBADO,41,
36840945,CIENCIA DE DATOS E INTELIGENCIA ARTIFICIAL,Periodo 2025 - 2S,PRIMER SEMESTRE,LEGALIZADA,COMUNICACIÓN EFECTIVA,1,73.0,7.53,7.81,0.0,7.67,APROBADO,41,
36840945,CIENCIA DE DATOS E INTELIGENCIA ARTIFICIAL,Periodo 2025 - 2S,PRIMER SEMESTRE,LEGALIZADA,FUNDAMENTOS DE METODOLOGÍA DE LA INVESTIGACIÓN,1,100.0,8.73,8.91,0.0,8.82,APROBADO,41,
36840945,CIENCIA DE DATOS E INTELIGENCIA ARTIFICIAL,Periodo 2025 - 2S,PRIMER SEMESTRE,LEGALIZADA,PROGRAMACIÓN 1,1,100.0,8.17,7.38,0.0,7.77,APROBADO,41,
36840945,CIENCIA DE DATOS E INTELIGENCIA ARTIFICIAL,Periodo 2026 - 1S,SEGUNDO SEMESTRE,LEGALIZADA,ESTRUCTURA DE DATOS,1,0.0,8.54,0.0,0.0,0.0,,41,
36840945,CIENCIA DE DATOS E INTELIGENCIA ARTIFICIAL,Periodo 2026 - 1S,SEGUNDO SEMESTRE,LEGALIZADA,FUNDAMENTOS DE CIENCIA DE DATOS E INTELIGENCIA ARTIFICIAL,1,0.0,8.01,0.0,0.0,0.0,,41,
36840945,CIENCIA DE DATOS E INTELIGENCIA ARTIFICIAL,Periodo 2026 - 1S,SEGUNDO SEMESTRE,LEGALIZADA,HABILIDADES PARA LA VIDA,1,0.0,0.0,0.0,0.0,0.0,,41,
36840945,CIENCIA DE DATOS E INTELIGENCIA ARTIFICIAL,Periodo 2026 - 1S,SEGUNDO SEMESTRE,LEGALIZADA,PROBABILIDAD Y ESTADÍSTICA,1,0.0,0.0,0.0,0.0,0.0,,41,
36840945,CIENCIA DE DATOS E INTELIGENCIA ARTIFICIAL,Periodo 2026 - 1S,SEGUNDO SEMESTRE,LEGALIZADA,PROGRAMACIÓN 2,1,0.0,8.62,0.0,0.0,0.0,,41,
47156164,CIENCIA DE DATOS E INTELIGENCIA ARTIFICIAL,Periodo 2025 - 2S,PRIMER SEMESTRE,LEGALIZADA,ÁLGEBRA LINEAL,1,47.0,5.86,8.49,0.0,7.17,REPROBADO,41,
47156164,CIENCIA DE DATOS E INTELIGENCIA ARTIFICIAL,Periodo 2025 - 2S,PRIMER SEMESTRE,LEGALIZADA,CÁLCULO EN UNA VARIABLE,1,94.0,6.16,5.92,3.25,4.64,REPROBADO,41,
47156164,CIENCIA DE DATOS E INTELIGENCIA ARTIFICIAL,Periodo 2025 - 2S,PRIMER SEMESTRE,LEGALIZADA,COMUNICACIÓN EFECTIVA,1,53.0,6.59,6.41,8.0,7.25,APROBADO,41,
47156164,CIENCIA DE DATOS E INTELIGENCIA ARTIFICIAL,Periodo 2025 - 2S,PRIMER SEMESTRE,LEGALIZADA,FUNDAMENTOS DE METODOLOGÍA DE LA INVESTIGACIÓN,1,89.0,8.78,8.97,0.0,8.87,APROBADO,41,
47156164,CIENCIA DE DATOS E INTELIGENCIA ARTIFICIAL,Periodo 2025 - 2S,PRIMER SEMESTRE,LEGALIZADA,PROGRAMACIÓN 1,1,86.0,7.16,5.87,1.0,3.75,REPROBADO,41,
47156164,CIENCIA DE DATOS E INTELIGENCIA ARTIFICIAL,Periodo 2026 - 1S,PRIMER SEMESTRE,LEGALIZADA,ÁLGEBRA LINEAL,2,0.0,0.0,0.0,0.0,0.0,,41,
47156164,CIENCIA DE DATOS E INTELIGENCIA ARTIFICIAL,Periodo 2026 - 1S,PRIMER SEMESTRE,LEGALIZADA,CÁLCULO EN UNA VARIABLE,2,0.0,0.0,0.0,0.0,0.0,,41,
47156164,CIENCIA DE DATOS E INTELIGENCIA ARTIFICIAL,Periodo 2026 - 1S,PRIMER SEMESTRE,LEGALIZADA,PROGRAMACIÓN 1,2,0.0,8.79,0.0,0.0,0.0,,41,
66351377,CIENCIA DE DATOS E INTELIGENCIA ARTIFICIAL,Periodo 2025 - 2S,PRIMER SEMESTRE,LEGALIZADA,ÁLGEBRA LINEAL,1,93.0,8.96,9.27,0.0,9.11,APROBADO,41,
66351377,CIENCIA DE DATOS E INTELIGENCIA ARTIFICIAL,Periodo 2025 - 2S,PRIMER SEMESTRE,LEGALIZADA,CÁLCULO EN UNA VARIABLE,1,93.0,9.04,9.39,0.0,9.21,APROBADO,41,
66351377,CIENCIA DE DATOS E INTELIGENCIA ARTIFICIAL,Periodo 2025 - 2S,PRIMER SEMESTRE,LEGALIZADA,COMUNICACIÓN EFECTIVA,1,93.0,8.9,8.42,0.0,8.66,APROBADO,41,
66351377,CIENCIA DE DATOS E INTELIGENCIA ARTIFICIAL,Periodo 2025 - 2S,PRIMER SEMESTRE,LEGALIZADA,FUNDAMENTOS DE METODOLOGÍA DE LA INVESTIGACIÓN,1,79.0,9.13,9.71,0.0,9.42,APROBADO,41,
66351377,CIENCIA DE DATOS E INTELIGENCIA ARTIFICIAL,Periodo 2025 - 2S,PRIMER SEMESTRE,LEGALIZADA,PROGRAMACIÓN 1,1,86.0,8.09,8.91,0.0,8.5,APROBADO,41,
66351377,CIENCIA DE DATOS E INTELIGENCIA ARTIFICIAL,Periodo 2026 - 1S,SEGUNDO SEMESTRE,LEGALIZADA,ESTRUCTURA DE DATOS,1,0.0,9.66,0.0,0.0,0.0,,41,
66351377,CIENCIA DE DATOS E INTELIGENCIA ARTIFICIAL,Periodo 2026 - 1S,SEGUNDO SEMESTRE,LEGALIZADA,FUNDAMENTOS DE CIENCIA DE DATOS E INTELIGENCIA ARTIFICIAL,1,0.0,8.77,0.0,0.0,0.0,,41,
66351377,CIENCIA DE DATOS E INTELIGENCIA ARTIFICIAL,Periodo 2026 - 1S,SEGUNDO SEMESTRE,LEGALIZADA,HABILIDADES PARA LA VIDA,1,0.0,0.0,0.0,0.0,0.0,,41,
66351377,CIENCIA DE DATOS E INTELIGENCIA ARTIFICIAL,Periodo 2026 - 1S,SEGUNDO SEMESTRE,LEGALIZADA,PROBABILIDAD Y ESTADÍSTICA,1,0.0,0.0,0.0,0.0,0.0,,41,
66351377,CIENCIA DE DATOS E INTELIGENCIA ARTIFICIAL,Periodo 2026 - 1S,SEGUNDO SEMESTRE,LEGALIZADA,PROGRAMACIÓN 2,1,0.0,9.09,0.0,0.0,0.0,,41,
81747721,CIENCIA DE DATOS E INTELIGENCIA ARTIFICIAL,Periodo 2025 - 2S,PRIMER SEMESTRE,LEGALIZADA,ÁLGEBRA LINEAL,1,80.0,9.46,8.73,0.0,9.09,APROBADO,41,
81747721,CIENCIA DE DATOS E INTELIGENCIA ARTIFICIAL,Periodo 2025 - 2S,PRIMER SEMESTRE,LEGALIZADA,CÁLCULO EN UNA VARIABLE,1,94.0,7.38,9.05,0.0,8.21,APROBADO,41,
81747721,CIENCIA DE DATOS E INTELIGENCIA ARTIFICIAL,Periodo 2025 - 2S,PRIMER SEMESTRE,LEGALIZADA,COMUNICACIÓN EFECTIVA,1,93.0,8.34,9.5,0.0,8.92,APROBADO,41,
81747721,CIENCIA DE DATOS E INTELIGENCIA ARTIFICIAL,Periodo 2025 - 2S,PRIMER SEMESTRE,LEGALIZADA,FUNDAMENTOS DE METODOLOGÍA DE LA INVESTIGACIÓN,1,89.0,9.49,8.91,0.0,9.2,APROBADO,41,
81747721,CIENCIA DE DATOS E INTELIGENCIA ARTIFICIAL,Periodo 2025 - 2S,PRIMER SEMESTRE,LEGALIZADA,PROGRAMACIÓN 1,1,93.0,7.0,8.93,0.0,7.96,APROBADO,41,
81747721,CIENCIA DE DATOS E INTELIGENCIA ARTIFICIAL,Periodo 2026 - 1S,SEGUNDO SEMESTRE,LEGALIZADA,ESTRUCTURA DE DATOS,1,0.0,9.65,0.0,0.0,0.0,,41,
81747721,CIENCIA DE DATOS E INTELIGENCIA ARTIFICIAL,Periodo 2026 - 1S,SEGUNDO SEMESTRE,LEGALIZADA,FUNDAMENTOS DE CIENCIA DE DATOS E INTELIGENCIA ARTIFICIAL,1,0.0,9.01,0.0,0.0,0.0,,41,
81747721,CIENCIA DE DATOS E INTELIGENCIA ARTIFICIAL,Periodo 2026 - 1S,SEGUNDO SEMESTRE,LEGALIZADA,HABILIDADES PARA LA VIDA,1,0.0,0.0,0.0,0.0,0.0,,41,
81747721,CIENCIA DE DATOS E INTELIGENCIA ARTIFICIAL,Periodo 2026 - 1S,SEGUNDO SEMESTRE,LEGALIZADA,PROBABILIDAD Y ESTADÍSTICA,1,0.0,0.0,0.0,0.0,0.0,,41,
81747721,CIENCIA DE DATOS E INTELIGENCIA ARTIFICIAL,Periodo 2026 - 1S,SEGUNDO SEMESTRE,LEGALIZADA,PROGRAMACIÓN 2,1,0.0,9.81,0.0,0.0,0.0,,41,
62867517,CIENCIA DE DATOS E INTELIGENCIA ARTIFICIAL,Periodo 2025 - 2S,PRIMER SEMESTRE,LEGALIZADA,ÁLGEBRA LINEAL,1,100.0,8.31,8.77,0.0,8.54,APROBADO,41,
62867517,CIENCIA DE DATOS E INTELIGENCIA ARTIFICIAL,Periodo 2025 - 2S,PRIMER SEMESTRE,LEGALIZADA,CÁLCULO EN UNA VARIABLE,1,93.0,8.11,7.7,0.0,7.9,APROBADO,41,
62867517,CIENCIA DE DATOS E INTELIGENCIA ARTIFICIAL,Periodo 2025 - 2S,PRIMER SEMESTRE,LEGALIZADA,COMUNICACIÓN EFECTIVA,1,87.0,7.49,7.84,0.0,7.66,APROBADO,41,
62867517,CIENCIA DE DATOS E INTELIGENCIA ARTIFICIAL,Periodo 2025 - 2S,PRIMER SEMESTRE,LEGALIZADA,FUNDAMENTOS DE METODOLOGÍA DE LA INVESTIGACIÓN,1,93.0,9.12,9.44,0.0,9.28,APROBADO,41,
62867517,CIENCIA DE DATOS E INTELIGENCIA ARTIFICIAL,Periodo 2025 - 2S,PRIMER SEMESTRE,LEGALIZADA,PROGRAMACIÓN 1,1,86.0,7.72,6.89,0.0,7.3,APROBADO,41,
62867517,CIENCIA DE DATOS E INTELIGENCIA ARTIFICIAL,Periodo 2026 - 1S,SEGUNDO SEMESTRE,LEGALIZADA,ESTRUCTURA DE DATOS,1,0.0,8.11,0.0,0.0,0.0,,41,
62867517,CIENCIA DE DATOS E INTELIGENCIA ARTIFICIAL,Periodo 2026 - 1S,SEGUNDO SEMESTRE,LEGALIZADA,FUNDAMENTOS DE CIENCIA DE DATOS E INTELIGENCIA ARTIFICIAL,1,0.0,9.04,0.0,0.0,0.0,,41,
62867517,CIENCIA DE DATOS E INTELIGENCIA ARTIFICIAL,Periodo 2026 - 1S,SEGUNDO SEMESTRE,LEGALIZADA,HABILIDADES PARA LA VIDA,1,0.0,0.0,0.0,0.0,0.0,,41,
62867517,CIENCIA DE DATOS E INTELIGENCIA ARTIFICIAL,Periodo 2026 - 1S,SEGUNDO SEMESTRE,LEGALIZADA,PROBABILIDAD Y ESTADÍSTICA,1,0.0,0.0,0.0,0.0,0.0,,41,
62867517,CIENCIA DE DATOS E INTELIGENCIA ARTIFICIAL,Periodo 2026 - 1S,SEGUNDO SEMESTRE,LEGALIZADA,PROGRAMACIÓN 2,1,0.0,8.8,0.0,0.0,0.0,,41,
60408666,CIENCIA DE DATOS E INTELIGENCIA ARTIFICIAL,Periodo 2025 - 2S,PRIMER SEMESTRE,LEGALIZADA,ÁLGEBRA LINEAL,1,100.0,7.08,8.94,0.0,8.01,APROBADO,41,
60408666,CIENCIA DE DATOS E INTELIGENCIA ARTIFICIAL,Periodo 2025 - 2S,PRIMER SEMESTRE,LEGALIZADA,CÁLCULO EN UNA VARIABLE,1,87.0,9.02,9.36,0.0,9.19,APROBADO,41,
60408666,CIENCIA DE DATOS E INTELIGENCIA ARTIFICIAL,Periodo 2025 - 2S,PRIMER SEMESTRE,LEGALIZADA,COMUNICACIÓN EFECTIVA,1,87.0,7.67,9.11,0.0,8.39,APROBADO,41,
60408666,CIENCIA DE DATOS E INTELIGENCIA ARTIFICIAL,Periodo 2025 - 2S,PRIMER SEMESTRE,LEGALIZADA,FUNDAMENTOS DE METODOLOGÍA DE LA INVESTIGACIÓN,1,71.0,9.17,9.63,0.0,9.4,APROBADO,41,
60408666,CIENCIA DE DATOS E INTELIGENCIA ARTIFICIAL,Periodo 2025 - 2S,PRIMER SEMESTRE,LEGALIZADA,PROGRAMACIÓN 1,1,93.0,8.72,8.3,0.0,8.51,APROBADO,41,
60408666,CIENCIA DE DATOS E INTELIGENCIA ARTIFICIAL,Periodo 2026 - 1S,SEGUNDO SEMESTRE,LEGALIZADA,ESTRUCTURA DE DATOS,1,0.0,8.25,0.0,0.0,0.0,,41,
60408666,CIENCIA DE DATOS E INTELIGENCIA ARTIFICIAL,Periodo 2026 - 1S,SEGUNDO SEMESTRE,LEGALIZADA,FUNDAMENTOS DE CIENCIA DE DATOS E INTELIGENCIA ARTIFICIAL,1,0.0,9.29,0.0,0.0,0.0,,41,
60408666,CIENCIA DE DATOS E INTELIGENCIA ARTIFICIAL,Periodo 2026 - 1S,SEGUNDO SEMESTRE,LEGALIZADA,HABILIDADES PARA LA VIDA,1,0.0,0.0,0.0,0.0,0.0,,41,
60408666,CIENCIA DE DATOS E INTELIGENCIA ARTIFICIAL,Periodo 2026 - 1S,SEGUNDO SEMESTRE,LEGALIZADA,PROBABILIDAD Y ESTADÍSTICA,1,0.0,0.0,0.0,0.0,0.0,,41,
60408666,CIENCIA DE DATOS E INTELIGENCIA ARTIFICIAL,Periodo 2026 - 1S,SEGUNDO SEMESTRE,LEGALIZADA,PROGRAMACIÓN 2,1,0.0,8.67,0.0,0.0,0.0,,41,
87220473,CIENCIA DE DATOS E INTELIGENCIA ARTIFICIAL,Periodo 2025 - 2S,PRIMER SEMESTRE,LEGALIZADA,ÁLGEBRA LINEAL,1,93.0,7.28,8.66,0.0,7.97,APROBADO,41,
87220473,CIENCIA DE DATOS E INTELIGENCIA ARTIFICIAL,Periodo 2025 - 2S,PRIMER SEMESTRE,LEGALIZADA,CÁLCULO EN UNA VARIABLE,1,100.0,6.64,7.48,0.0,7.06,APROBADO,41,
87220473,CIENCIA DE DATOS E INTELIGENCIA ARTIFICIAL,Periodo 2025 - 2S,PRIMER SEMESTRE,LEGALIZADA,COMUNICACIÓN EFECTIVA,1,93.0,8.06,8.02,0.0,8.04,APROBADO,41,
87220473,CIENCIA DE DATOS E INTELIGENCIA ARTIFICIAL,Periodo 2025 - 2S,PRIMER SEMESTRE,LEGALIZADA,FUNDAMENTOS DE METODOLOGÍA DE LA INVESTIGACIÓN,1,100.0,9.2,8.96,0.0,9.08,APROBADO,41,
87220473,CIENCIA DE DATOS E INTELIGENCIA ARTIFICIAL,Periodo 2025 - 2S,PRIMER SEMESTRE,LEGALIZADA,PROGRAMACIÓN 1,1,100.0,8.17,7.81,0.0,7.99,APROBADO,41,
87220473,CIENCIA DE DATOS E INTELIGENCIA ARTIFICIAL,Periodo 2026 - 1S,SEGUNDO SEMESTRE,LEGALIZADA,ESTRUCTURA DE DATOS,1,0.0,8.38,0.0,0.0,0.0,,41,
87220473,CIENCIA DE DATOS E INTELIGENCIA ARTIFICIAL,Periodo 2026 - 1S,SEGUNDO SEMESTRE,LEGALIZADA,FUNDAMENTOS DE CIENCIA DE DATOS E INTELIGENCIA ARTIFICIAL,1,0.0,9.14,0.0,0.0,0.0,,41,
87220473,CIENCIA DE DATOS E INTELIGENCIA ARTIFICIAL,Periodo 2026 - 1S,SEGUNDO SEMESTRE,LEGALIZADA,HABILIDADES PARA LA VIDA,1,0.0,0.0,0.0,0.0,0.0,,41,
87220473,CIENCIA DE DATOS E INTELIGENCIA ARTIFICIAL,Periodo 2026 - 1S,SEGUNDO SEMESTRE,LEGALIZADA,PROBABILIDAD Y ESTADÍSTICA,1,0.0,0.0,0.0,0.0,0.0,,41,
87220473,CIENCIA DE DATOS E INTELIGENCIA ARTIFICIAL,Periodo 2026 - 1S,SEGUNDO SEMESTRE,LEGALIZADA,PROGRAMACIÓN 2,1,0.0,8.35,0.0,0.0,0.0,,41,
96670485,CIENCIA DE DATOS E INTELIGENCIA ARTIFICIAL,Periodo 2025 - 2S,PRIMER SEMESTRE,LEGALIZADA,ÁLGEBRA LINEAL,1,87.0,9.18,9.56,0.0,9.37,APROBADO,41,
96670485,CIENCIA DE DATOS E INTELIGENCIA ARTIFICIAL,Periodo 2025 - 2S,PRIMER SEMESTRE,LEGALIZADA,CÁLCULO EN UNA VARIABLE,1,93.0,7.91,8.01,0.0,7.96,APROBADO,41,
96670485,CIENCIA DE DATOS E INTELIGENCIA ARTIFICIAL,Periodo 2025 - 2S,PRIMER SEMESTRE,LEGALIZADA,COMUNICACIÓN EFECTIVA,1,80.0,8.24,8.45,0.0,8.34,APROBADO,41,
96670485,CIENCIA DE DATOS E INTELIGENCIA ARTIFICIAL,Periodo 2025 - 2S,PRIMER SEMESTRE,LEGALIZADA,FUNDAMENTOS DE METODOLOGÍA DE LA INVESTIGACIÓN,1,93.0,8.96,9.61,0.0,9.28,APROBADO,41,
96670485,CIENCIA DE DATOS E INTELIGENCIA ARTIFICIAL,Periodo 2025 - 2S,PRIMER SEMESTRE,LEGALIZADA,PROGRAMACIÓN 1,1,86.0,8.92,8.28,0.0,8.6,APROBADO,41,
96670485,CIENCIA DE DATOS E INTELIGENCIA ARTIFICIAL,Periodo 2026 - 1S,SEGUNDO SEMESTRE,LEGALIZADA,ESTRUCTURA DE DATOS,1,0.0,8.59,0.0,0.0,0.0,,41,
96670485,CIENCIA DE DATOS E INTELIGENCIA ARTIFICIAL,Periodo 2026 - 1S,SEGUNDO SEMESTRE,LEGALIZADA,FUNDAMENTOS DE CIENCIA DE DATOS E INTELIGENCIA ARTIFICIAL,1,0.0,9.46,0.0,0.0,0.0,,41,
96670485,CIENCIA DE DATOS E INTELIGENCIA ARTIFICIAL,Periodo 2026 - 1S,SEGUNDO SEMESTRE,LEGALIZADA,HABILIDADES PARA LA VIDA,1,0.0,0.0,0.0,0.0,0.0,,41,
96670485,CIENCIA DE DATOS E INTELIGENCIA ARTIFICIAL,Periodo 2026 - 1S,SEGUNDO SEMESTRE,LEGALIZADA,PROBABILIDAD Y ESTADÍSTICA,1,0.0,0.0,0.0,0.0,0.0,,41,
96670485,CIENCIA DE DATOS E INTELIGENCIA ARTIFICIAL,Periodo 2026 - 1S,SEGUNDO SEMESTRE,LEGALIZADA,PROGRAMACIÓN 2,1,0.0,9.56,0.0,0.0,0.0,,41,
10649473,CIENCIA DE DATOS E INTELIGENCIA ARTIFICIAL,Periodo 2025 - 2S,PRIMER SEMESTRE,LEGALIZADA,ÁLGEBRA LINEAL,1,93.0,7.47,7.29,0.0,7.38,APROBADO,41,
10649473,CIENCIA DE DATOS E INTELIGENCIA ARTIFICIAL,Periodo 2025 - 2S,PRIMER SEMESTRE,LEGALIZADA,CÁLCULO EN UNA VARIABLE,1,94.0,7.98,8.47,0.0,8.22,APROBADO,41,
10649473,CIENCIA DE DATOS E INTELIGENCIA ARTIFICIAL,Periodo 2025 - 2S,PRIMER SEMESTRE,LEGALIZADA,COMUNICACIÓN EFECTIVA,1,100.0,6.63,8.69,0.0,7.66,APROBADO,41,
10649473,CIENCIA DE DATOS E INTELIGENCIA ARTIFICIAL,Periodo 2025 - 2S,PRIMER SEMESTRE,LEGALIZADA,FUNDAMENTOS DE METODOLOGÍA DE LA INVESTIGACIÓN,1,100.0,8.02,7.5,0.0,7.76,APROBADO,41,
10649473,CIENCIA DE DATOS E INTELIGENCIA ARTIFICIAL,Periodo 2025 - 2S,PRIMER SEMESTRE,LEGALIZADA,PROGRAMACIÓN 1,1,100.0,8.87,8.0,0.0,8.43,APROBADO,41,
10649473,CIENCIA DE DATOS E INTELIGENCIA ARTIFICIAL,Periodo 2026 - 1S,SEGUNDO SEMESTRE,LEGALIZADA,ESTRUCTURA DE DATOS,1,0.0,8.95,0.0,0.0,0.0,,41,
10649473,CIENCIA DE DATOS E INTELIGENCIA ARTIFICIAL,Periodo 2026 - 1S,SEGUNDO SEMESTRE,LEGALIZADA,FUNDAMENTOS DE CIENCIA DE DATOS E INTELIGENCIA ARTIFICIAL,1,0.0,8.42,0.0,0.0,0.0,,41,
10649473,CIENCIA DE DATOS E INTELIGENCIA ARTIFICIAL,Periodo 2026 - 1S,SEGUNDO SEMESTRE,LEGALIZADA,HABILIDADES PARA LA VIDA,1,0.0,0.0,0.0,0.0,0.0,,41,
10649473,CIENCIA DE DATOS E INTELIGENCIA ARTIFICIAL,Periodo 2026 - 1S,SEGUNDO SEMESTRE,LEGALIZADA,PROBABILIDAD Y ESTADÍSTICA,1,0.0,0.0,0.0,0.0,0.0,,41,
10649473,CIENCIA DE DATOS E INTELIGENCIA ARTIFICIAL,Periodo 2026 - 1S,SEGUNDO SEMESTRE,LEGALIZADA,PROGRAMACIÓN 2,1,0.0,8.88,0.0,0.0,0.0,,41,
65615168,CIENCIA DE DATOS E INTELIGENCIA ARTIFICIAL,Periodo 2025 - 2S,PRIMER SEMESTRE,LEGALIZADA,ÁLGEBRA LINEAL,1,80.0,9.39,6.96,0.0,8.17,APROBADO,41,
65615168,CIENCIA DE DATOS E INTELIGENCIA ARTIFICIAL,Periodo 2025 - 2S,PRIMER SEMESTRE,LEGALIZADA,CÁLCULO EN UNA VARIABLE,1,100.0,7.49,7.41,0.0,7.45,APROBADO,41,
65615168,CIENCIA DE DATOS E INTELIGENCIA ARTIFICIAL,Periodo 2025 - 2S,PRIMER SEMESTRE,LEGALIZADA,COMUNICACIÓN EFECTIVA,1,87.0,9.31,9.48,0.0,9.39,APROBADO,41,
65615168,CIENCIA DE DATOS E INTELIGENCIA ARTIFICIAL,Periodo 2025 - 2S,PRIMER SEMESTRE,LEGALIZADA,FUNDAMENTOS DE METODOLOGÍA DE LA INVESTIGACIÓN,1,100.0,9.41,8.94,0.0,9.17,APROBADO,41,
65615168,CIENCIA DE DATOS E INTELIGENCIA ARTIFICIAL,Periodo 2025 - 2S,PRIMER SEMESTRE,LEGALIZADA,PROGRAMACIÓN 1,1,93.0,8.81,6.85,0.0,7.83,APROBADO,41,
65615168,CIENCIA DE DATOS E INTELIGENCIA ARTIFICIAL,Periodo 2026 - 1S,SEGUNDO SEMESTRE,LEGALIZADA,ESTRUCTURA DE DATOS,1,0.0,9.77,0.0,0.0,0.0,,41,
65615168,CIENCIA DE DATOS E INTELIGENCIA ARTIFICIAL,Periodo 2026 - 1S,SEGUNDO SEMESTRE,LEGALIZADA,FUNDAMENTOS DE CIENCIA DE DATOS E INTELIGENCIA ARTIFICIAL,1,0.0,9.6,0.0,0.0,0.0,,41,
65615168,CIENCIA DE DATOS E INTELIGENCIA ARTIFICIAL,Periodo 2026 - 1S,SEGUNDO SEMESTRE,LEGALIZADA,HABILIDADES PARA LA VIDA,1,0.0,0.0,0.0,0.0,0.0,,41,
65615168,CIENCIA DE DATOS E INTELIGENCIA ARTIFICIAL,Periodo 2026 - 1S,SEGUNDO SEMESTRE,LEGALIZADA,PROBABILIDAD Y ESTADÍSTICA,1,0.0,0.0,0.0,0.0,0.0,,41,
65615168,CIENCIA DE DATOS E INTELIGENCIA ARTIFICIAL,Periodo 2026 - 1S,SEGUNDO SEMESTRE,LEGALIZADA,PROGRAMACIÓN 2,1,0.0,9.61,0.0,0.0,0.0,,41,
7231612,CIENCIA DE DATOS E INTELIGENCIA ARTIFICIAL,Periodo 2025 - 2S,PRIMER SEMESTRE,LEGALIZADA,ÁLGEBRA LINEAL,1,87.0,8.26,9.37,0.0,8.81,APROBADO,41,
7231612,CIENCIA DE DATOS E INTELIGENCIA ARTIFICIAL,Periodo 2025 - 2S,PRIMER SEMESTRE,LEGALIZADA,CÁLCULO EN UNA VARIABLE,1,87.0,6.13,8.48,0.0,7.3,APROBADO,41,
7231612,CIENCIA DE DATOS E INTELIGENCIA ARTIFICIAL,Periodo 2025 - 2S,PRIMER SEMESTRE,LEGALIZADA,COMUNICACIÓN EFECTIVA,1,73.0,8.47,6.61,0.0,7.54,APROBADO,41,
7231612,CIENCIA DE DATOS E INTELIGENCIA ARTIFICIAL,Periodo 2025 - 2S,PRIMER SEMESTRE,LEGALIZADA,FUNDAMENTOS DE METODOLOGÍA DE LA INVESTIGACIÓN,1,93.0,7.79,8.4,0.0,8.09,APROBADO,41,
7231612,CIENCIA DE DATOS E INTELIGENCIA ARTIFICIAL,Periodo 2025 - 2S,PRIMER SEMESTRE,LEGALIZADA,PROGRAMACIÓN 1,1,86.0,6.78,6.33,8.0,7.27,APROBADO,41,
7231612,CIENCIA DE DATOS E INTELIGENCIA ARTIFICIAL,Periodo 2026 - 1S,SEGUNDO SEMESTRE,LEGALIZADA,ESTRUCTURA DE DATOS,1,0.0,7.61,0.0,0.0,0.0,,41,
7231612,CIENCIA DE DATOS E INTELIGENCIA ARTIFICIAL,Periodo 2026 - 1S,SEGUNDO SEMESTRE,LEGALIZADA,FUNDAMENTOS DE CIENCIA DE DATOS E INTELIGENCIA ARTIFICIAL,1,0.0,8.42,0.0,0.0,0.0,,41,
7231612,CIENCIA DE DATOS E INTELIGENCIA ARTIFICIAL,Periodo 2026 - 1S,SEGUNDO SEMESTRE,LEGALIZADA,HABILIDADES PARA LA VIDA,1,0.0,0.0,0.0,0.0,0.0,,41,
7231612,CIENCIA DE DATOS E INTELIGENCIA ARTIFICIAL,Periodo 2026 - 1S,SEGUNDO SEMESTRE,LEGALIZADA,PROBABILIDAD Y ESTADÍSTICA,1,0.0,0.0,0.0,0.0,0.0,,41,
7231612,CIENCIA DE DATOS E INTELIGENCIA ARTIFICIAL,Periodo 2026 - 1S,SEGUNDO SEMESTRE,LEGALIZADA,PROGRAMACIÓN 2,1,0.0,7.11,0.0,0.0,0.0,,41,
98576121,CIENCIA DE DATOS E INTELIGENCIA ARTIFICIAL,Periodo 2025 - 2S,PRIMER SEMESTRE,LEGALIZADA,ÁLGEBRA LINEAL,1,40.0,8.81,2.31,0.0,5.56,REPROBADO,41,
98576121,CIENCIA DE DATOS E INTELIGENCIA ARTIFICIAL,Periodo 2025 - 2S,PRIMER SEMESTRE,LEGALIZADA,CÁLCULO EN UNA VARIABLE,1,75.0,6.53,1.57,0.0,4.05,REPROBADO,41,
98576121,CIENCIA DE DATOS E INTELIGENCIA ARTIFICIAL,Periodo 2025 - 2S,PRIMER SEMESTRE,LEGALIZADA,COMUNICACIÓN EFECTIVA,1,40.0,7.71,1.62,0.0,4.66,REPROBADO,41,
98576121,CIENCIA DE DATOS E INTELIGENCIA ARTIFICIAL,Periodo 2025 - 2S,PRIMER SEMESTRE,LEGALIZADA,FUNDAMENTOS DE METODOLOGÍA DE LA INVESTIGACIÓN,1,89.0,8.79,3.46,0.01,3.06,REPROBADO,41,
98576121,CIENCIA DE DATOS E INTELIGENCIA ARTIFICIAL,Periodo 2025 - 2S,PRIMER SEMESTRE,LEGALIZADA,PROGRAMACIÓN 1,1,50.0,7.06,2.14,0.0,4.6,REPROBADO,41,
97674308,CIENCIA DE DATOS E INTELIGENCIA ARTIFICIAL,Periodo 2025 - 2S,PRIMER SEMESTRE,LEGALIZADA,ÁLGEBRA LINEAL,1,87.0,7.54,8.71,0.0,8.12,APROBADO,41,
97674308,CIENCIA DE DATOS E INTELIGENCIA ARTIFICIAL,Periodo 2025 - 2S,PRIMER SEMESTRE,LEGALIZADA,CÁLCULO EN UNA VARIABLE,1,100.0,8.7,8.32,0.0,8.51,APROBADO,41,
97674308,CIENCIA DE DATOS E INTELIGENCIA ARTIFICIAL,Periodo 2025 - 2S,PRIMER SEMESTRE,LEGALIZADA,COMUNICACIÓN EFECTIVA,1,93.0,8.62,7.96,0.0,8.29,APROBADO,41,
97674308,CIENCIA DE DATOS E INTELIGENCIA ARTIFICIAL,Periodo 2025 - 2S,PRIMER SEMESTRE,LEGALIZADA,FUNDAMENTOS DE METODOLOGÍA DE LA INVESTIGACIÓN,1,89.0,9.56,8.71,0.0,9.13,APROBADO,41,
97674308,CIENCIA DE DATOS E INTELIGENCIA ARTIFICIAL,Periodo 2025 - 2S,PRIMER SEMESTRE,LEGALIZADA,PROGRAMACIÓN 1,1,93.0,8.78,9.13,0.0,8.95,APROBADO,41,
97674308,CIENCIA DE DATOS E INTELIGENCIA ARTIFICIAL,Periodo 2026 - 1S,SEGUNDO SEMESTRE,LEGALIZADA,ESTRUCTURA DE DATOS,1,0.0,8.21,0.0,0.0,0.0,,41,
97674308,CIENCIA DE DATOS E INTELIGENCIA ARTIFICIAL,Periodo 2026 - 1S,SEGUNDO SEMESTRE,LEGALIZADA,FUNDAMENTOS DE CIENCIA DE DATOS E INTELIGENCIA ARTIFICIAL,1,0.0,9.53,0.0,0.0,0.0,,41,
97674308,CIENCIA DE DATOS E INTELIGENCIA ARTIFICIAL,Periodo 2026 - 1S,SEGUNDO SEMESTRE,LEGALIZADA,HABILIDADES PARA LA VIDA,1,0.0,0.0,0.0,0.0,0.0,,41,
97674308,CIENCIA DE DATOS E INTELIGENCIA ARTIFICIAL,Periodo 2026 - 1S,SEGUNDO SEMESTRE,LEGALIZADA,PROBABILIDAD Y ESTADÍSTICA,1,0.0,0.0,0.0,0.0,0.0,,41,
97674308,CIENCIA DE DATOS E INTELIGENCIA ARTIFICIAL,Periodo 2026 - 1S,SEGUNDO SEMESTRE,LEGALIZADA,PROGRAMACIÓN 2,1,0.0,8.9,0.0,0.0,0.0,,41,
13551314,CIENCIA DE DATOS E INTELIGENCIA ARTIFICIAL,Periodo 2025 - 2S,PRIMER SEMESTRE,LEGALIZADA,ÁLGEBRA LINEAL,1,60.0,8.02,8.84,0.0,8.43,APROBADO,41,
13551314,CIENCIA DE DATOS E INTELIGENCIA ARTIFICIAL,Periodo 2025 - 2S,PRIMER SEMESTRE,LEGALIZADA,CÁLCULO EN UNA VARIABLE,1,88.0,6.89,8.04,0.0,7.46,APROBADO,41,
13551314,CIENCIA DE DATOS E INTELIGENCIA ARTIFICIAL,Periodo 2025 - 2S,PRIMER SEMESTRE,LEGALIZADA,COMUNICACIÓN EFECTIVA,1,53.0,9.0,8.3,0.0,8.65,APROBADO,41,
13551314,CIENCIA DE DATOS E INTELIGENCIA ARTIFICIAL,Periodo 2025 - 2S,PRIMER SEMESTRE,LEGALIZADA,FUNDAMENTOS DE METODOLOGÍA DE LA INVESTIGACIÓN,1,100.0,9.47,8.1,0.0,8.78,APROBADO,41,
13551314,CIENCIA DE DATOS E INTELIGENCIA ARTIFICIAL,Periodo 2025 - 2S,PRIMER SEMESTRE,LEGALIZADA,PROGRAMACIÓN 1,1,79.0,8.19,7.83,0.0,8.01,APROBADO,41,
13551314,CIENCIA DE DATOS E INTELIGENCIA ARTIFICIAL,Periodo 2026 - 1S,SEGUNDO SEMESTRE,LEGALIZADA,ESTRUCTURA DE DATOS,1,0.0,8.69,0.0,0.0,0.0,,41,
13551314,CIENCIA DE DATOS E INTELIGENCIA ARTIFICIAL,Periodo 2026 - 1S,SEGUNDO SEMESTRE,LEGALIZADA,FUNDAMENTOS DE CIENCIA DE DATOS E INTELIGENCIA ARTIFICIAL,1,0.0,8.57,0.0,0.0,0.0,,41,
13551314,CIENCIA DE DATOS E INTELIGENCIA ARTIFICIAL,Periodo 2026 - 1S,SEGUNDO SEMESTRE,LEGALIZADA,HABILIDADES PARA LA VIDA,1,0.0,0.0,0.0,0.0,0.0,,41,
13551314,CIENCIA DE DATOS E INTELIGENCIA ARTIFICIAL,Periodo 2026 - 1S,SEGUNDO SEMESTRE,LEGALIZADA,PROBABILIDAD Y ESTADÍSTICA,1,0.0,0.0,0.0,0.0,0.0,,41,
13551314,CIENCIA DE DATOS E INTELIGENCIA ARTIFICIAL,Periodo 2026 - 1S,SEGUNDO SEMESTRE,LEGALIZADA,PROGRAMACIÓN 2,1,0.0,6.83,0.0,0.0,0.0,,41,
36824545,CIENCIA DE DATOS E INTELIGENCIA ARTIFICIAL,Periodo 2025 - 2S,PRIMER SEMESTRE,LEGALIZADA,ÁLGEBRA LINEAL,1,80.0,6.65,2.56,0.01,2.3,REPROBADO,41,
36824545,CIENCIA DE DATOS E INTELIGENCIA ARTIFICIAL,Periodo 2025 - 2S,PRIMER SEMESTRE,LEGALIZADA,CÁLCULO EN UNA VARIABLE,1,80.0,3.21,1.6,0.0,2.4,REPROBADO,41,
36824545,CIENCIA DE DATOS E INTELIGENCIA ARTIFICIAL,Periodo 2025 - 2S,PRIMER SEMESTRE,LEGALIZADA,COMUNICACIÓN EFECTIVA,1,43.0,4.91,0.67,0.0,2.79,REPROBADO,41,
36824545,CIENCIA DE DATOS E INTELIGENCIA ARTIFICIAL,Periodo 2025 - 2S,PRIMER SEMESTRE,LEGALIZADA,FUNDAMENTOS DE METODOLOGÍA DE LA INVESTIGACIÓN,1,54.0,9.14,0.42,1.0,2.89,REPROBADO,41,
36824545,CIENCIA DE DATOS E INTELIGENCIA ARTIFICIAL,Periodo 2025 - 2S,PRIMER SEMESTRE,LEGALIZADA,PROGRAMACIÓN 1,1,67.0,4.48,0.24,0.0,2.36,REPROBADO,41,
36824545,CIENCIA DE DATOS E INTELIGENCIA ARTIFICIAL,Periodo 2026 - 1S,PRIMER SEMESTRE,LEGALIZADA,ÁLGEBRA LINEAL,2,0.0,0.0,0.0,0.0,0.0,,41,
36824545,CIENCIA DE DATOS E INTELIGENCIA ARTIFICIAL,Periodo 2026 - 1S,PRIMER SEMESTRE,LEGALIZADA,CÁLCULO EN UNA VARIABLE,2,0.0,0.0,0.0,0.0,0.0,,41,
36824545,CIENCIA DE DATOS E INTELIGENCIA ARTIFICIAL,Periodo 2026 - 1S,PRIMER SEMESTRE,LEGALIZADA,COMUNICACIÓN EFECTIVA,2,0.0,0.0,0.0,0.0,0.0,,41,
36824545,CIENCIA DE DATOS E INTELIGENCIA ARTIFICIAL,Periodo 2026 - 1S,PRIMER SEMESTRE,LEGALIZADA,FUNDAMENTOS DE METODOLOGÍA DE LA INVESTIGACIÓN,2,0.0,8.49,0.0,0.0,0.0,,41,
36824545,CIENCIA DE DATOS E INTELIGENCIA ARTIFICIAL,Periodo 2026 - 1S,PRIMER SEMESTRE,LEGALIZADA,PROGRAMACIÓN 1,2,0.0,6.66,0.0,0.0,0.0,,41,
52996376,CIENCIA DE DATOS E INTELIGENCIA ARTIFICIAL,Periodo 2025 - 2S,PRIMER SEMESTRE,LEGALIZADA,ÁLGEBRA LINEAL,1,73.0,8.99,9.33,0.0,9.16,APROBADO,41,
52996376,CIENCIA DE DATOS E INTELIGENCIA ARTIFICIAL,Periodo 2025 - 2S,PRIMER SEMESTRE,LEGALIZADA,CÁLCULO EN UNA VARIABLE,1,100.0,7.67,9.37,0.0,8.52,APROBADO,41,
52996376,CIENCIA DE DATOS E INTELIGENCIA ARTIFICIAL,Periodo 2025 - 2S,PRIMER SEMESTRE,LEGALIZADA,COMUNICACIÓN EFECTIVA,1,73.0,8.71,8.48,0.0,8.59,APROBADO,41,
52996376,CIENCIA DE DATOS E INTELIGENCIA ARTIFICIAL,Periodo 2025 - 2S,PRIMER SEMESTRE,LEGALIZADA,FUNDAMENTOS DE METODOLOGÍA DE LA INVESTIGACIÓN,1,100.0,9.57,8.28,0.0,8.92,APROBADO,41,
52996376,CIENCIA DE DATOS E INTELIGENCIA ARTIFICIAL,Periodo 2025 - 2S,PRIMER SEMESTRE,LEGALIZADA,PROGRAMACIÓN 1,1,93.0,8.86,8.15,0.0,8.5,APROBADO,41,
52996376,CIENCIA DE DATOS E INTELIGENCIA ARTIFICIAL,Periodo 2026 - 1S,SEGUNDO SEMESTRE,LEGALIZADA,ESTRUCTURA DE DATOS,1,0.0,9.19,0.0,0.0,0.0,,41,
52996376,CIENCIA DE DATOS E INTELIGENCIA ARTIFICIAL,Periodo 2026 - 1S,SEGUNDO SEMESTRE,LEGALIZADA,FUNDAMENTOS DE CIENCIA DE DATOS E INTELIGENCIA ARTIFICIAL,1,0.0,7.53,0.0,0.0,0.0,,41,
52996376,CIENCIA DE DATOS E INTELIGENCIA ARTIFICIAL,Periodo 2026 - 1S,SEGUNDO SEMESTRE,LEGALIZADA,HABILIDADES PARA LA VIDA,1,0.0,0.0,0.0,0.0,0.0,,41,
52996376,CIENCIA DE DATOS E INTELIGENCIA ARTIFICIAL,Periodo 2026 - 1S,SEGUNDO SEMESTRE,LEGALIZADA,PROBABILIDAD Y ESTADÍSTICA,1,0.0,0.0,0.0,0.0,0.0,,41,
52996376,CIENCIA DE DATOS E INTELIGENCIA ARTIFICIAL,Periodo 2026 - 1S,SEGUNDO SEMESTRE,LEGALIZADA,PROGRAMACIÓN 2,1,0.0,8.07,0.0,0.0,0.0,,41,
51296501,CIENCIA DE DATOS E INTELIGENCIA ARTIFICIAL,Periodo 2025 - 2S,PRIMER SEMESTRE,LEGALIZADA,ÁLGEBRA LINEAL,1,87.0,9.55,9.1,0.0,9.32,APROBADO,41,
51296501,CIENCIA DE DATOS E INTELIGENCIA ARTIFICIAL,Periodo 2025 - 2S,PRIMER SEMESTRE,LEGALIZADA,CÁLCULO EN UNA VARIABLE,1,100.0,7.63,7.15,0.0,7.39,APROBADO,41,
51296501,CIENCIA DE DATOS E INTELIGENCIA ARTIFICIAL,Periodo 2025 - 2S,PRIMER SEMESTRE,LEGALIZADA,COMUNICACIÓN EFECTIVA,1,87.0,7.45,8.48,0.0,7.96,APROBADO,41,
51296501,CIENCIA DE DATOS E INTELIGENCIA ARTIFICIAL,Periodo 2025 - 2S,PRIMER SEMESTRE,LEGALIZADA,FUNDAMENTOS DE METODOLOGÍA DE LA INVESTIGACIÓN,1,100.0,8.83,8.43,0.0,8.63,APROBADO,41,
51296501,CIENCIA DE DATOS E INTELIGENCIA ARTIFICIAL,Periodo 2025 - 2S,PRIMER SEMESTRE,LEGALIZADA,PROGRAMACIÓN 1,1,100.0,6.23,7.32,5.0,5.88,REPROBADO,41,
51296501,CIENCIA DE DATOS E INTELIGENCIA ARTIFICIAL,Periodo 2026 - 1S,PRIMER SEMESTRE,LEGALIZADA,PROGRAMACIÓN 1,2,0.0,8.5,0.0,0.0,0.0,,41,
19329067,CIENCIA DE DATOS E INTELIGENCIA ARTIFICIAL,Periodo 2025 - 2S,PRIMER SEMESTRE,LEGALIZADA,ÁLGEBRA LINEAL,1,73.0,8.08,3.66,0.01,2.94,REPROBADO,41,
19329067,CIENCIA DE DATOS E INTELIGENCIA ARTIFICIAL,Periodo 2025 - 2S,PRIMER SEMESTRE,LEGALIZADA,CÁLCULO EN UNA VARIABLE,1,81.0,7.39,1.9,0.0,4.64,REPROBADO,41,
19329067,CIENCIA DE DATOS E INTELIGENCIA ARTIFICIAL,Periodo 2025 - 2S,PRIMER SEMESTRE,LEGALIZADA,COMUNICACIÓN EFECTIVA,1,67.0,7.81,1.68,0.0,4.74,REPROBADO,41,
19329067,CIENCIA DE DATOS E INTELIGENCIA ARTIFICIAL,Periodo 2025 - 2S,PRIMER SEMESTRE,LEGALIZADA,FUNDAMENTOS DE METODOLOGÍA DE LA INVESTIGACIÓN,1,89.0,9.32,2.53,0.01,2.96,REPROBADO,41,
19329067,CIENCIA DE DATOS E INTELIGENCIA ARTIFICIAL,Periodo 2025 - 2S,PRIMER SEMESTRE,LEGALIZADA,PROGRAMACIÓN 1,1,64.0,8.92,2.07,0.0,5.49,REPROBADO,41,
48239796,CIENCIA DE DATOS E INTELIGENCIA ARTIFICIAL,Periodo 2025 - 2S,PRIMER SEMESTRE,LEGALIZADA,ÁLGEBRA LINEAL,1,73.0,7.69,7.32,0.0,7.5,APROBADO,41,
48239796,CIENCIA DE DATOS E INTELIGENCIA ARTIFICIAL,Periodo 2025 - 2S,PRIMER SEMESTRE,LEGALIZADA,CÁLCULO EN UNA VARIABLE,1,94.0,7.43,7.07,0.0,7.25,APROBADO,41,
48239796,CIENCIA DE DATOS E INTELIGENCIA ARTIFICIAL,Periodo 2025 - 2S,PRIMER SEMESTRE,LEGALIZADA,COMUNICACIÓN EFECTIVA,1,60.0,4.19,7.91,9.0,7.52,APROBADO,41,
48239796,CIENCIA DE DATOS E INTELIGENCIA ARTIFICIAL,Periodo 2025 - 2S,PRIMER SEMESTRE,LEGALIZADA,FUNDAMENTOS DE METODOLOGÍA DE LA INVESTIGACIÓN,1,78.0,7.08,7.7,0.0,7.39,APROBADO,41,
48239796,CIENCIA DE DATOS E INTELIGENCIA ARTIFICIAL,Periodo 2025 - 2S,PRIMER SEMESTRE,LEGALIZADA,PROGRAMACIÓN 1,1,86.0,5.68,7.54,5.0,5.8,REPROBADO,41,
48239796,CIENCIA DE DATOS E INTELIGENCIA ARTIFICIAL,Periodo 2026 - 1S,SEGUNDO SEMESTRE,LEGALIZADA,ESTRUCTURA DE DATOS,1,0.0,5.09,0.0,0.0,0.0,,41,
48239796,CIENCIA DE DATOS E INTELIGENCIA ARTIFICIAL,Periodo 2026 - 1S,SEGUNDO SEMESTRE,LEGALIZADA,FUNDAMENTOS DE CIENCIA DE DATOS E INTELIGENCIA ARTIFICIAL,1,0.0,7.52,0.0,0.0,0.0,,41,
48239796,CIENCIA DE DATOS E INTELIGENCIA ARTIFICIAL,Periodo 2026 - 1S,SEGUNDO SEMESTRE,LEGALIZADA,HABILIDADES PARA LA VIDA,1,0.0,0.0,0.0,0.0,0.0,,41,
48239796,CIENCIA DE DATOS E INTELIGENCIA ARTIFICIAL,Periodo 2026 - 1S,SEGUNDO SEMESTRE,LEGALIZADA,PROGRAMACIÓN 1,2,0.0,6.1,0.0,0.0,0.0,,41,
32178461,CIENCIA DE DATOS E INTELIGENCIA ARTIFICIAL,Periodo 2025 - 2S,PRIMER SEMESTRE,LEGALIZADA,ÁLGEBRA LINEAL,1,73.0,8.58,8.03,0.0,8.3,APROBADO,41,
32178461,CIENCIA DE DATOS E INTELIGENCIA ARTIFICIAL,Periodo 2025 - 2S,PRIMER SEMESTRE,LEGALIZADA,CÁLCULO EN UNA VARIABLE,1,88.0,6.85,6.45,4.0,5.32,REPROBADO,41,
32178461,CIENCIA DE DATOS E INTELIGENCIA ARTIFICIAL,Periodo 2025 - 2S,PRIMER SEMESTRE,LEGALIZADA,COMUNICACIÓN EFECTIVA,1,87.0,7.94,8.0,0.0,7.97,APROBADO,41,
32178461,CIENCIA DE DATOS E INTELIGENCIA ARTIFICIAL,Periodo 2025 - 2S,PRIMER SEMESTRE,LEGALIZADA,FUNDAMENTOS DE METODOLOGÍA DE LA INVESTIGACIÓN,1,100.0,8.77,8.33,0.0,8.55,APROBADO,41,
32178461,CIENCIA DE DATOS E INTELIGENCIA ARTIFICIAL,Periodo 2025 - 2S,PRIMER SEMESTRE,LEGALIZADA,PROGRAMACIÓN 1,1,93.0,7.81,7.02,0.0,7.41,APROBADO,41,
67910732,CIENCIA DE DATOS E INTELIGENCIA ARTIFICIAL,Periodo 2025 - 2S,PRIMER SEMESTRE,LEGALIZADA,ÁLGEBRA LINEAL,1,80.0,8.74,9.38,0.0,9.06,APROBADO,41,
67910732,CIENCIA DE DATOS E INTELIGENCIA ARTIFICIAL,Periodo 2025 - 2S,PRIMER SEMESTRE,LEGALIZADA,CÁLCULO EN UNA VARIABLE,1,94.0,8.22,7.58,0.0,7.9,APROBADO,41,
67910732,CIENCIA DE DATOS E INTELIGENCIA ARTIFICIAL,Periodo 2025 - 2S,PRIMER SEMESTRE,LEGALIZADA,COMUNICACIÓN EFECTIVA,1,87.0,8.43,8.39,0.0,8.41,APROBADO,41,
67910732,CIENCIA DE DATOS E INTELIGENCIA ARTIFICIAL,Periodo 2025 - 2S,PRIMER SEMESTRE,LEGALIZADA,FUNDAMENTOS DE METODOLOGÍA DE LA INVESTIGACIÓN,1,78.0,9.51,8.76,0.0,9.13,APROBADO,41,
67910732,CIENCIA DE DATOS E INTELIGENCIA ARTIFICIAL,Periodo 2025 - 2S,PRIMER SEMESTRE,LEGALIZADA,PROGRAMACIÓN 1,1,93.0,9.18,7.33,0.0,8.25,APROBADO,41,
67910732,CIENCIA DE DATOS E INTELIGENCIA ARTIFICIAL,Periodo 2026 - 1S,SEGUNDO SEMESTRE,LEGALIZADA,ESTRUCTURA DE DATOS,1,0.0,9.23,0.0,0.0,0.0,,41,
67910732,CIENCIA DE DATOS E INTELIGENCIA ARTIFICIAL,Periodo 2026 - 1S,SEGUNDO SEMESTRE,LEGALIZADA,FUNDAMENTOS DE CIENCIA DE DATOS E INTELIGENCIA ARTIFICIAL,1,0.0,9.54,0.0,0.0,0.0,,41,
67910732,CIENCIA DE DATOS E INTELIGENCIA ARTIFICIAL,Periodo 2026 - 1S,SEGUNDO SEMESTRE,LEGALIZADA,HABILIDADES PARA LA VIDA,1,0.0,0.0,0.0,0.0,0.0,,41,
67910732,CIENCIA DE DATOS E INTELIGENCIA ARTIFICIAL,Periodo 2026 - 1S,SEGUNDO SEMESTRE,LEGALIZADA,PROBABILIDAD Y ESTADÍSTICA,1,0.0,0.0,0.0,0.0,0.0,,41,
67910732,CIENCIA DE DATOS E INTELIGENCIA ARTIFICIAL,Periodo 2026 - 1S,SEGUNDO SEMESTRE,LEGALIZADA,PROGRAMACIÓN 2,1,0.0,8.8,0.0,0.0,0.0,,41,
7292384,CIENCIA DE DATOS E INTELIGENCIA ARTIFICIAL,Periodo 2025 - 2S,PRIMER SEMESTRE,LEGALIZADA,ÁLGEBRA LINEAL,1,100.0,8.31,9.38,0.0,8.84,APROBADO,41,
7292384,CIENCIA DE DATOS E INTELIGENCIA ARTIFICIAL,Periodo 2025 - 2S,PRIMER SEMESTRE,LEGALIZADA,CÁLCULO EN UNA VARIABLE,1,93.0,6.85,8.58,0.0,7.71,APROBADO,41,
7292384,CIENCIA DE DATOS E INTELIGENCIA ARTIFICIAL,Periodo 2025 - 2S,PRIMER SEMESTRE,LEGALIZADA,COMUNICACIÓN EFECTIVA,1,93.0,7.17,8.57,0.0,7.87,APROBADO,41,
7292384,CIENCIA DE DATOS E INTELIGENCIA ARTIFICIAL,Periodo 2025 - 2S,PRIMER SEMESTRE,LEGALIZADA,FUNDAMENTOS DE METODOLOGÍA DE LA INVESTIGACIÓN,1,85.0,8.98,8.99,0.0,8.98,APROBADO,41,
7292384,CIENCIA DE DATOS E INTELIGENCIA ARTIFICIAL,Periodo 2025 - 2S,PRIMER SEMESTRE,LEGALIZADA,PROGRAMACIÓN 1,1,100.0,7.6,6.8,0.0,7.2,APROBADO,41,
7292384,CIENCIA DE DATOS E INTELIGENCIA ARTIFICIAL,Periodo 2026 - 1S,SEGUNDO SEMESTRE,LEGALIZADA,ESTRUCTURA DE DATOS,1,0.0,7.19,0.0,0.0,0.0,,41,
7292384,CIENCIA DE DATOS E INTELIGENCIA ARTIFICIAL,Periodo 2026 - 1S,SEGUNDO SEMESTRE,LEGALIZADA,FUNDAMENTOS DE CIENCIA DE DATOS E INTELIGENCIA ARTIFICIAL,1,0.0,0.0,0.0,0.0,0.0,,41,
7292384,CIENCIA DE DATOS E INTELIGENCIA ARTIFICIAL,Periodo 2026 - 1S,SEGUNDO SEMESTRE,LEGALIZADA,HABILIDADES PARA LA VIDA,1,0.0,0.0,0.0,0.0,0.0,,41,
7292384,CIENCIA DE DATOS E INTELIGENCIA ARTIFICIAL,Periodo 2026 - 1S,SEGUNDO SEMESTRE,LEGALIZADA,PROBABILIDAD Y ESTADÍSTICA,1,0.0,0.0,0.0,0.0,0.0,,41,
7292384,CIENCIA DE DATOS E INTELIGENCIA ARTIFICIAL,Periodo 2026 - 1S,SEGUNDO SEMESTRE,LEGALIZADA,PROGRAMACIÓN 2,1,0.0,8.44,0.0,0.0,0.0,,41,
61992434,CIENCIA DE DATOS E INTELIGENCIA ARTIFICIAL,Periodo 2025 - 2S,PRIMER SEMESTRE,LEGALIZADA,ÁLGEBRA LINEAL,1,87.0,8.26,8.65,0.0,8.45,APROBADO,41,
61992434,CIENCIA DE DATOS E INTELIGENCIA ARTIFICIAL,Periodo 2025 - 2S,PRIMER SEMESTRE,LEGALIZADA,CÁLCULO EN UNA VARIABLE,1,94.0,6.76,7.23,7.1,7.04,APROBADO,41,
61992434,CIENCIA DE DATOS E INTELIGENCIA ARTIFICIAL,Periodo 2025 - 2S,PRIMER SEMESTRE,LEGALIZADA,COMUNICACIÓN EFECTIVA,1,100.0,7.84,8.85,0.0,8.34,APROBADO,41,
61992434,CIENCIA DE DATOS E INTELIGENCIA ARTIFICIAL,Periodo 2025 - 2S,PRIMER SEMESTRE,LEGALIZADA,FUNDAMENTOS DE METODOLOGÍA DE LA INVESTIGACIÓN,1,100.0,9.49,8.88,0.0,9.18,APROBADO,41,
61992434,CIENCIA DE DATOS E INTELIGENCIA ARTIFICIAL,Periodo 2025 - 2S,PRIMER SEMESTRE,LEGALIZADA,PROGRAMACIÓN 1,1,100.0,8.48,8.03,0.0,8.25,APROBADO,41,
61992434,CIENCIA DE DATOS E INTELIGENCIA ARTIFICIAL,Periodo 2026 - 1S,SEGUNDO SEMESTRE,LEGALIZADA,ESTRUCTURA DE DATOS,1,0.0,8.63,0.0,0.0,0.0,,41,
61992434,CIENCIA DE DATOS E INTELIGENCIA ARTIFICIAL,Periodo 2026 - 1S,SEGUNDO SEMESTRE,LEGALIZADA,FUNDAMENTOS DE CIENCIA DE DATOS E INTELIGENCIA ARTIFICIAL,1,0.0,9.15,0.0,0.0,0.0,,41,
61992434,CIENCIA DE DATOS E INTELIGENCIA ARTIFICIAL,Periodo 2026 - 1S,SEGUNDO SEMESTRE,LEGALIZADA,HABILIDADES PARA LA VIDA,1,0.0,0.0,0.0,0.0,0.0,,41,
61992434,CIENCIA DE DATOS E INTELIGENCIA ARTIFICIAL,Periodo 2026 - 1S,SEGUNDO SEMESTRE,LEGALIZADA,PROBABILIDAD Y ESTADÍSTICA,1,0.0,0.0,0.0,0.0,0.0,,41,
61992434,CIENCIA DE DATOS E INTELIGENCIA ARTIFICIAL,Periodo 2026 - 1S,SEGUNDO SEMESTRE,LEGALIZADA,PROGRAMACIÓN 2,1,0.0,9.41,0.0,0.0,0.0,,41,
83641683,CIENCIA DE DATOS E INTELIGENCIA ARTIFICIAL,Periodo 2025 - 2S,PRIMER SEMESTRE,LEGALIZADA,ÁLGEBRA LINEAL,1,67.0,7.65,7.11,0.0,7.38,APROBADO,41,
83641683,CIENCIA DE DATOS E INTELIGENCIA ARTIFICIAL,Periodo 2025 - 2S,PRIMER SEMESTRE,LEGALIZADA,CÁLCULO EN UNA VARIABLE,1,94.0,4.97,6.61,8.21,7.0,APROBADO,41,
83641683,CIENCIA DE DATOS E INTELIGENCIA ARTIFICIAL,Periodo 2025 - 2S,PRIMER SEMESTRE,LEGALIZADA,COMUNICACIÓN EFECTIVA,1,73.0,8.25,7.36,0.0,7.8,APROBADO,41,
83641683,CIENCIA DE DATOS E INTELIGENCIA ARTIFICIAL,Periodo 2025 - 2S,PRIMER SEMESTRE,LEGALIZADA,FUNDAMENTOS DE METODOLOGÍA DE LA INVESTIGACIÓN,1,78.0,9.38,8.98,0.0,9.18,APROBADO,41,
83641683,CIENCIA DE DATOS E INTELIGENCIA ARTIFICIAL,Periodo 2025 - 2S,PRIMER SEMESTRE,LEGALIZADA,PROGRAMACIÓN 1,1,93.0,7.25,5.44,9.0,7.67,APROBADO,41,
48963084,CIENCIA DE DATOS E INTELIGENCIA ARTIFICIAL,Periodo 2025 - 2S,PRIMER SEMESTRE,LEGALIZADA,ÁLGEBRA LINEAL,1,73.0,7.47,6.65,0.0,7.06,APROBADO,41,
48963084,CIENCIA DE DATOS E INTELIGENCIA ARTIFICIAL,Periodo 2025 - 2S,PRIMER SEMESTRE,LEGALIZADA,CÁLCULO EN UNA VARIABLE,1,94.0,6.07,3.42,1.0,2.87,REPROBADO,41,
48963084,CIENCIA DE DATOS E INTELIGENCIA ARTIFICIAL,Periodo 2025 - 2S,PRIMER SEMESTRE,LEGALIZADA,COMUNICACIÓN EFECTIVA,1,73.0,5.27,5.43,6.0,5.67,REPROBADO,41,
48963084,CIENCIA DE DATOS E INTELIGENCIA ARTIFICIAL,Periodo 2025 - 2S,PRIMER SEMESTRE,LEGALIZADA,FUNDAMENTOS DE METODOLOGÍA DE LA INVESTIGACIÓN,1,100.0,8.37,6.37,0.0,7.37,APROBADO,41,
48963084,CIENCIA DE DATOS E INTELIGENCIA ARTIFICIAL,Periodo 2025 - 2S,PRIMER SEMESTRE,LEGALIZADA,PROGRAMACIÓN 1,1,93.0,5.97,6.43,8.0,7.1,APROBADO,41,
48963084,CIENCIA DE DATOS E INTELIGENCIA ARTIFICIAL,Periodo 2026 - 1S,PRIMER SEMESTRE,LEGALIZADA,CÁLCULO EN UNA VARIABLE,2,0.0,0.0,0.0,0.0,0.0,,41,
48963084,CIENCIA DE DATOS E INTELIGENCIA ARTIFICIAL,Periodo 2026 - 1S,PRIMER SEMESTRE,LEGALIZADA,COMUNICACIÓN EFECTIVA,2,0.0,0.0,0.0,0.0,0.0,,41,
77682256,CIENCIA DE DATOS E INTELIGENCIA ARTIFICIAL,Periodo 2025 - 2S,PRIMER SEMESTRE,LEGALIZADA,ÁLGEBRA LINEAL,1,67.0,9.19,1.93,0.01,2.78,REPROBADO,41,
77682256,CIENCIA DE DATOS E INTELIGENCIA ARTIFICIAL,Periodo 2025 - 2S,PRIMER SEMESTRE,LEGALIZADA,CÁLCULO EN UNA VARIABLE,1,60.0,7.38,0.38,0.0,3.88,REPROBADO,41,
77682256,CIENCIA DE DATOS E INTELIGENCIA ARTIFICIAL,Periodo 2025 - 2S,PRIMER SEMESTRE,LEGALIZADA,COMUNICACIÓN EFECTIVA,1,60.0,6.88,0.44,0.0,3.66,REPROBADO,41,
77682256,CIENCIA DE DATOS E INTELIGENCIA ARTIFICIAL,Periodo 2025 - 2S,PRIMER SEMESTRE,LEGALIZADA,FUNDAMENTOS DE METODOLOGÍA DE LA INVESTIGACIÓN,1,64.0,3.78,0.59,0.0,2.18,REPROBADO,41,
77682256,CIENCIA DE DATOS E INTELIGENCIA ARTIFICIAL,Periodo 2025 - 2S,PRIMER SEMESTRE,LEGALIZADA,PROGRAMACIÓN 1,1,64.0,6.81,0.67,0.0,3.74,REPROBADO,41,
94557741,CIENCIA DE DATOS E INTELIGENCIA ARTIFICIAL,Periodo 2025 - 2S,PRIMER SEMESTRE,LEGALIZADA,ÁLGEBRA LINEAL,1,80.0,7.73,9.61,0.0,8.67,APROBADO,41,
94557741,CIENCIA DE DATOS E INTELIGENCIA ARTIFICIAL,Periodo 2025 - 2S,PRIMER SEMESTRE,LEGALIZADA,CÁLCULO EN UNA VARIABLE,1,87.0,7.4,8.45,0.0,7.92,APROBADO,41,
94557741,CIENCIA DE DATOS E INTELIGENCIA ARTIFICIAL,Periodo 2025 - 2S,PRIMER SEMESTRE,LEGALIZADA,COMUNICACIÓN EFECTIVA,1,73.0,9.41,8.59,0.0,9.0,APROBADO,41,
94557741,CIENCIA DE DATOS E INTELIGENCIA ARTIFICIAL,Periodo 2025 - 2S,PRIMER SEMESTRE,LEGALIZADA,FUNDAMENTOS DE METODOLOGÍA DE LA INVESTIGACIÓN,1,86.0,9.59,9.39,0.0,9.49,APROBADO,41,
94557741,CIENCIA DE DATOS E INTELIGENCIA ARTIFICIAL,Periodo 2025 - 2S,PRIMER SEMESTRE,LEGALIZADA,PROGRAMACIÓN 1,1,86.0,8.34,8.53,0.0,8.43,APROBADO,41,
94557741,CIENCIA DE DATOS E INTELIGENCIA ARTIFICIAL,Periodo 2026 - 1S,SEGUNDO SEMESTRE,LEGALIZADA,ESTRUCTURA DE DATOS,1,0.0,8.99,0.0,0.0,0.0,,41,
94557741,CIENCIA DE DATOS E INTELIGENCIA ARTIFICIAL,Periodo 2026 - 1S,SEGUNDO SEMESTRE,LEGALIZADA,FUNDAMENTOS DE CIENCIA DE DATOS E INTELIGENCIA ARTIFICIAL,1,0.0,9.95,0.0,0.0,0.0,,41,
94557741,CIENCIA DE DATOS E INTELIGENCIA ARTIFICIAL,Periodo 2026 - 1S,SEGUNDO SEMESTRE,LEGALIZADA,HABILIDADES PARA LA VIDA,1,0.0,0.0,0.0,0.0,0.0,,41,
94557741,CIENCIA DE DATOS E INTELIGENCIA ARTIFICIAL,Periodo 2026 - 1S,SEGUNDO SEMESTRE,LEGALIZADA,PROBABILIDAD Y ESTADÍSTICA,1,0.0,0.0,0.0,0.0,0.0,,41,
94557741,CIENCIA DE DATOS E INTELIGENCIA ARTIFICIAL,Periodo 2026 - 1S,SEGUNDO SEMESTRE,LEGALIZADA,PROGRAMACIÓN 2,1,0.0,9.83,0.0,0.0,0.0,,41,
47037193,CIENCIA DE DATOS E INTELIGENCIA ARTIFICIAL,Periodo 2025 - 2S,PRIMER SEMESTRE,LEGALIZADA,ÁLGEBRA LINEAL,1,87.0,9.01,9.56,0.0,9.28,APROBADO,41,
47037193,CIENCIA DE DATOS E INTELIGENCIA ARTIFICIAL,Periodo 2025 - 2S,PRIMER SEMESTRE,LEGALIZADA,CÁLCULO EN UNA VARIABLE,1,100.0,9.53,9.58,0.0,9.55,APROBADO,41,
47037193,CIENCIA DE DATOS E INTELIGENCIA ARTIFICIAL,Periodo 2025 - 2S,PRIMER SEMESTRE,LEGALIZADA,COMUNICACIÓN EFECTIVA,1,67.0,9.51,8.86,0.0,9.18,APROBADO,41,
47037193,CIENCIA DE DATOS E INTELIGENCIA ARTIFICIAL,Periodo 2025 - 2S,PRIMER SEMESTRE,LEGALIZADA,FUNDAMENTOS DE METODOLOGÍA DE LA INVESTIGACIÓN,1,89.0,9.53,8.9,0.0,9.21,APROBADO,41,
47037193,CIENCIA DE DATOS E INTELIGENCIA ARTIFICIAL,Periodo 2025 - 2S,PRIMER SEMESTRE,LEGALIZADA,PROGRAMACIÓN 1,1,86.0,8.68,7.39,0.0,8.03,APROBADO,41,
47037193,CIENCIA DE DATOS E INTELIGENCIA ARTIFICIAL,Periodo 2026 - 1S,SEGUNDO SEMESTRE,LEGALIZADA,ESTRUCTURA DE DATOS,1,0.0,9.47,0.0,0.0,0.0,,41,
47037193,CIENCIA DE DATOS E INTELIGENCIA ARTIFICIAL,Periodo 2026 - 1S,SEGUNDO SEMESTRE,LEGALIZADA,FUNDAMENTOS DE CIENCIA DE DATOS E INTELIGENCIA ARTIFICIAL,1,0.0,9.08,0.0,0.0,0.0,,41,
47037193,CIENCIA DE DATOS E INTELIGENCIA ARTIFICIAL,Periodo 2026 - 1S,SEGUNDO SEMESTRE,LEGALIZADA,HABILIDADES PARA LA VIDA,1,0.0,0.0,0.0,0.0,0.0,,41,
47037193,CIENCIA DE DATOS E INTELIGENCIA ARTIFICIAL,Periodo 2026 - 1S,SEGUNDO SEMESTRE,LEGALIZADA,PROBABILIDAD Y ESTADÍSTICA,1,0.0,0.0,0.0,0.0,0.0,,41,
47037193,CIENCIA DE DATOS E INTELIGENCIA ARTIFICIAL,Periodo 2026 - 1S,SEGUNDO SEMESTRE,LEGALIZADA,PROGRAMACIÓN 2,1,0.0,8.91,0.0,0.0,0.0,,41,
83362216,CIENCIA DE DATOS E INTELIGENCIA ARTIFICIAL,Periodo 2025 - 2S,PRIMER SEMESTRE,LEGALIZADA,ÁLGEBRA LINEAL,1,87.0,8.25,8.81,0.0,8.53,APROBADO,41,
83362216,CIENCIA DE DATOS E INTELIGENCIA ARTIFICIAL,Periodo 2025 - 2S,PRIMER SEMESTRE,LEGALIZADA,CÁLCULO EN UNA VARIABLE,1,80.0,8.61,9.93,0.0,9.27,APROBADO,41,
83362216,CIENCIA DE DATOS E INTELIGENCIA ARTIFICIAL,Periodo 2025 - 2S,PRIMER SEMESTRE,LEGALIZADA,COMUNICACIÓN EFECTIVA,1,71.0,8.93,8.92,0.0,8.92,APROBADO,41,
83362216,CIENCIA DE DATOS E INTELIGENCIA ARTIFICIAL,Periodo 2025 - 2S,PRIMER SEMESTRE,LEGALIZADA,FUNDAMENTOS DE METODOLOGÍA DE LA INVESTIGACIÓN,1,77.0,9.61,9.41,0.0,9.51,APROBADO,41,
83362216,CIENCIA DE DATOS E INTELIGENCIA ARTIFICIAL,Periodo 2025 - 2S,PRIMER SEMESTRE,LEGALIZADA,PROGRAMACIÓN 1,1,60.0,9.03,9.4,0.0,9.21,APROBADO,41,
83362216,CIENCIA DE DATOS E INTELIGENCIA ARTIFICIAL,Periodo 2026 - 1S,SEGUNDO SEMESTRE,LEGALIZADA,ESTRUCTURA DE DATOS,1,0.0,9.05,0.0,0.0,0.0,,41,
83362216,CIENCIA DE DATOS E INTELIGENCIA ARTIFICIAL,Periodo 2026 - 1S,SEGUNDO SEMESTRE,LEGALIZADA,FUNDAMENTOS DE CIENCIA DE DATOS E INTELIGENCIA ARTIFICIAL,1,0.0,0.0,0.0,0.0,0.0,,41,
83362216,CIENCIA DE DATOS E INTELIGENCIA ARTIFICIAL,Periodo 2026 - 1S,SEGUNDO SEMESTRE,LEGALIZADA,HABILIDADES PARA LA VIDA,1,0.0,0.0,0.0,0.0,0.0,,41,
83362216,CIENCIA DE DATOS E INTELIGENCIA ARTIFICIAL,Periodo 2026 - 1S,SEGUNDO SEMESTRE,LEGALIZADA,PROBABILIDAD Y ESTADÍSTICA,1,0.0,0.0,0.0,0.0,0.0,,41,
83362216,CIENCIA DE DATOS E INTELIGENCIA ARTIFICIAL,Periodo 2026 - 1S,SEGUNDO SEMESTRE,LEGALIZADA,PROGRAMACIÓN 2,1,0.0,8.5,0.0,0.0,0.0,,41,
46656153,CIENCIA DE DATOS E INTELIGENCIA ARTIFICIAL,Periodo 2025 - 2S,PRIMER SEMESTRE,LEGALIZADA,ÁLGEBRA LINEAL,1,93.0,8.2,9.28,0.0,8.74,APROBADO,41,
46656153,CIENCIA DE DATOS E INTELIGENCIA ARTIFICIAL,Periodo 2025 - 2S,PRIMER SEMESTRE,LEGALIZADA,CÁLCULO EN UNA VARIABLE,1,100.0,7.1,7.19,0.0,7.14,APROBADO,41,
46656153,CIENCIA DE DATOS E INTELIGENCIA ARTIFICIAL,Periodo 2025 - 2S,PRIMER SEMESTRE,LEGALIZADA,COMUNICACIÓN EFECTIVA,1,93.0,8.42,8.67,0.0,8.54,APROBADO,41,
46656153,CIENCIA DE DATOS E INTELIGENCIA ARTIFICIAL,Periodo 2025 - 2S,PRIMER SEMESTRE,LEGALIZADA,FUNDAMENTOS DE METODOLOGÍA DE LA INVESTIGACIÓN,1,100.0,9.18,9.38,0.0,9.28,APROBADO,41,
46656153,CIENCIA DE DATOS E INTELIGENCIA ARTIFICIAL,Periodo 2025 - 2S,PRIMER SEMESTRE,LEGALIZADA,PROGRAMACIÓN 1,1,100.0,6.82,7.71,0.0,7.26,APROBADO,41,
46656153,CIENCIA DE DATOS E INTELIGENCIA ARTIFICIAL,Periodo 2026 - 1S,SEGUNDO SEMESTRE,LEGALIZADA,ESTRUCTURA DE DATOS,1,0.0,7.48,0.0,0.0,0.0,,41,
46656153,CIENCIA DE DATOS E INTELIGENCIA ARTIFICIAL,Periodo 2026 - 1S,SEGUNDO SEMESTRE,LEGALIZADA,FUNDAMENTOS DE CIENCIA DE DATOS E INTELIGENCIA ARTIFICIAL,1,0.0,9.28,0.0,0.0,0.0,,41,
46656153,CIENCIA DE DATOS E INTELIGENCIA ARTIFICIAL,Periodo 2026 - 1S,SEGUNDO SEMESTRE,LEGALIZADA,HABILIDADES PARA LA VIDA,1,0.0,0.0,0.0,0.0,0.0,,41,
46656153,CIENCIA DE DATOS E INTELIGENCIA ARTIFICIAL,Periodo 2026 - 1S,SEGUNDO SEMESTRE,LEGALIZADA,PROBABILIDAD Y ESTADÍSTICA,1,0.0,0.0,0.0,0.0,0.0,,41,
46656153,CIENCIA DE DATOS E INTELIGENCIA ARTIFICIAL,Periodo 2026 - 1S,SEGUNDO SEMESTRE,LEGALIZADA,PROGRAMACIÓN 2,1,0.0,8.5,0.0,0.0,0.0,,41,
12712216,CIENCIA DE DATOS E INTELIGENCIA ARTIFICIAL,Periodo 2025 - 2S,PRIMER SEMESTRE,LEGALIZADA,ÁLGEBRA LINEAL,1,60.0,7.43,2.85,0.01,2.57,REPROBADO,41,
12712216,CIENCIA DE DATOS E INTELIGENCIA ARTIFICIAL,Periodo 2025 - 2S,PRIMER SEMESTRE,LEGALIZADA,CÁLCULO EN UNA VARIABLE,1,69.0,5.45,0.76,0.0,3.1,REPROBADO,41,
12712216,CIENCIA DE DATOS E INTELIGENCIA ARTIFICIAL,Periodo 2025 - 2S,PRIMER SEMESTRE,LEGALIZADA,COMUNICACIÓN EFECTIVA,1,47.0,5.75,1.09,0.0,3.42,REPROBADO,41,
12712216,CIENCIA DE DATOS E INTELIGENCIA ARTIFICIAL,Periodo 2025 - 2S,PRIMER SEMESTRE,LEGALIZADA,FUNDAMENTOS DE METODOLOGÍA DE LA INVESTIGACIÓN,1,78.0,7.55,0.5,0.01,2.01,REPROBADO,41,
12712216,CIENCIA DE DATOS E INTELIGENCIA ARTIFICIAL,Periodo 2025 - 2S,PRIMER SEMESTRE,LEGALIZADA,PROGRAMACIÓN 1,1,57.0,4.8,1.16,0.0,2.98,REPROBADO,41,
56985860,CIENCIA DE DATOS E INTELIGENCIA ARTIFICIAL,Periodo 2025 - 2S,PRIMER SEMESTRE,LEGALIZADA,ÁLGEBRA LINEAL,1,93.0,7.07,9.11,0.0,8.09,APROBADO,41,
56985860,CIENCIA DE DATOS E INTELIGENCIA ARTIFICIAL,Periodo 2025 - 2S,PRIMER SEMESTRE,LEGALIZADA,CÁLCULO EN UNA VARIABLE,1,93.0,7.22,7.47,0.0,7.34,APROBADO,41,
56985860,CIENCIA DE DATOS E INTELIGENCIA ARTIFICIAL,Periodo 2025 - 2S,PRIMER SEMESTRE,LEGALIZADA,COMUNICACIÓN EFECTIVA,1,80.0,8.12,9.1,0.0,8.61,APROBADO,41,
56985860,CIENCIA DE DATOS E INTELIGENCIA ARTIFICIAL,Periodo 2025 - 2S,PRIMER SEMESTRE,LEGALIZADA,FUNDAMENTOS DE METODOLOGÍA DE LA INVESTIGACIÓN,1,93.0,8.88,9.71,0.0,9.29,APROBADO,41,
56985860,CIENCIA DE DATOS E INTELIGENCIA ARTIFICIAL,Periodo 2025 - 2S,PRIMER SEMESTRE,LEGALIZADA,PROGRAMACIÓN 1,1,93.0,7.29,7.09,0.0,7.19,APROBADO,41,
56985860,CIENCIA DE DATOS E INTELIGENCIA ARTIFICIAL,Periodo 2026 - 1S,SEGUNDO SEMESTRE,LEGALIZADA,ESTRUCTURA DE DATOS,1,0.0,6.78,0.0,0.0,0.0,,41,
56985860,CIENCIA DE DATOS E INTELIGENCIA ARTIFICIAL,Periodo 2026 - 1S,SEGUNDO SEMESTRE,LEGALIZADA,FUNDAMENTOS DE CIENCIA DE DATOS E INTELIGENCIA ARTIFICIAL,1,0.0,9.62,0.0,0.0,0.0,,41,
56985860,CIENCIA DE DATOS E INTELIGENCIA ARTIFICIAL,Periodo 2026 - 1S,SEGUNDO SEMESTRE,LEGALIZADA,HABILIDADES PARA LA VIDA,1,0.0,0.0,0.0,0.0,0.0,,41,
56985860,CIENCIA DE DATOS E INTELIGENCIA ARTIFICIAL,Periodo 2026 - 1S,SEGUNDO SEMESTRE,LEGALIZADA,PROBABILIDAD Y ESTADÍSTICA,1,0.0,0.0,0.0,0.0,0.0,,41,
56985860,CIENCIA DE DATOS E INTELIGENCIA ARTIFICIAL,Periodo 2026 - 1S,SEGUNDO SEMESTRE,LEGALIZADA,PROGRAMACIÓN 2,1,0.0,9.13,0.0,0.0,0.0,,41,
57924484,CIENCIA DE DATOS E INTELIGENCIA ARTIFICIAL,Periodo 2025 - 2S,PRIMER SEMESTRE,LEGALIZADA,ÁLGEBRA LINEAL,1,93.0,8.53,8.66,0.0,8.59,APROBADO,41,
57924484,CIENCIA DE DATOS E INTELIGENCIA ARTIFICIAL,Periodo 2025 - 2S,PRIMER SEMESTRE,LEGALIZADA,CÁLCULO EN UNA VARIABLE,1,87.0,5.53,6.7,5.5,5.8,REPROBADO,41,
57924484,CIENCIA DE DATOS E INTELIGENCIA ARTIFICIAL,Periodo 2025 - 2S,PRIMER SEMESTRE,LEGALIZADA,COMUNICACIÓN EFECTIVA,1,67.0,6.26,7.03,7.0,6.82,REPROBADO,41,
57924484,CIENCIA DE DATOS E INTELIGENCIA ARTIFICIAL,Periodo 2025 - 2S,PRIMER SEMESTRE,LEGALIZADA,FUNDAMENTOS DE METODOLOGÍA DE LA INVESTIGACIÓN,1,86.0,8.7,9.59,0.0,9.14,APROBADO,41,
57924484,CIENCIA DE DATOS E INTELIGENCIA ARTIFICIAL,Periodo 2025 - 2S,PRIMER SEMESTRE,LEGALIZADA,PROGRAMACIÓN 1,1,86.0,5.54,6.78,8.0,7.08,APROBADO,41,
57924484,CIENCIA DE DATOS E INTELIGENCIA ARTIFICIAL,Periodo 2026 - 1S,PRIMER SEMESTRE,LEGALIZADA,CÁLCULO EN UNA VARIABLE,2,0.0,0.0,0.0,0.0,0.0,,41,
57924484,CIENCIA DE DATOS E INTELIGENCIA ARTIFICIAL,Periodo 2026 - 1S,PRIMER SEMESTRE,LEGALIZADA,COMUNICACIÓN EFECTIVA,2,0.0,0.0,0.0,0.0,0.0,,41,
2749357,CIENCIA DE DATOS E INTELIGENCIA ARTIFICIAL,Periodo 2025 - 2S,PRIMER SEMESTRE,LEGALIZADA,ÁLGEBRA LINEAL,1,13.0,2.68,0.03,0.0,1.35,REPROBADO,41,
2749357,CIENCIA DE DATOS E INTELIGENCIA ARTIFICIAL,Periodo 2025 - 2S,PRIMER SEMESTRE,LEGALIZADA,CÁLCULO EN UNA VARIABLE,1,50.0,1.69,0.0,0.0,0.84,REPROBADO,41,
2749357,CIENCIA DE DATOS E INTELIGENCIA ARTIFICIAL,Periodo 2025 - 2S,PRIMER SEMESTRE,LEGALIZADA,COMUNICACIÓN EFECTIVA,1,13.0,2.17,0.0,0.0,1.08,REPROBADO,41,
2749357,CIENCIA DE DATOS E INTELIGENCIA ARTIFICIAL,Periodo 2025 - 2S,PRIMER SEMESTRE,LEGALIZADA,FUNDAMENTOS DE METODOLOGÍA DE LA INVESTIGACIÓN,1,44.0,2.26,0.03,0.0,1.14,REPROBADO,41,
2749357,CIENCIA DE DATOS E INTELIGENCIA ARTIFICIAL,Periodo 2025 - 2S,PRIMER SEMESTRE,LEGALIZADA,PROGRAMACIÓN 1,1,14.0,1.14,0.0,0.0,0.57,REPROBADO,41,
6131946,CIENCIA DE DATOS E INTELIGENCIA ARTIFICIAL,Periodo 2025 - 2S,PRIMER SEMESTRE,LEGALIZADA,ÁLGEBRA LINEAL,1,93.0,8.54,8.98,0.0,8.76,APROBADO,41,
6131946,CIENCIA DE DATOS E INTELIGENCIA ARTIFICIAL,Periodo 2025 - 2S,PRIMER SEMESTRE,LEGALIZADA,CÁLCULO EN UNA VARIABLE,1,93.0,9.31,9.67,0.0,9.49,APROBADO,41,
6131946,CIENCIA DE DATOS E INTELIGENCIA ARTIFICIAL,Periodo 2025 - 2S,PRIMER SEMESTRE,LEGALIZADA,COMUNICACIÓN EFECTIVA,1,86.0,9.19,8.75,0.0,8.97,APROBADO,41,
6131946,CIENCIA DE DATOS E INTELIGENCIA ARTIFICIAL,Periodo 2025 - 2S,PRIMER SEMESTRE,LEGALIZADA,FUNDAMENTOS DE METODOLOGÍA DE LA INVESTIGACIÓN,1,69.0,9.3,8.87,0.0,9.08,APROBADO,41,
6131946,CIENCIA DE DATOS E INTELIGENCIA ARTIFICIAL,Periodo 2025 - 2S,PRIMER SEMESTRE,LEGALIZADA,PROGRAMACIÓN 1,1,100.0,8.26,7.8,0.0,8.03,APROBADO,41,
6131946,CIENCIA DE DATOS E INTELIGENCIA ARTIFICIAL,Periodo 2026 - 1S,SEGUNDO SEMESTRE,LEGALIZADA,ESTRUCTURA DE DATOS,1,0.0,9.53,0.0,0.0,0.0,,41,
6131946,CIENCIA DE DATOS E INTELIGENCIA ARTIFICIAL,Periodo 2026 - 1S,SEGUNDO SEMESTRE,LEGALIZADA,FUNDAMENTOS DE CIENCIA DE DATOS E INTELIGENCIA ARTIFICIAL,1,0.0,0.0,0.0,0.0,0.0,,41,
6131946,CIENCIA DE DATOS E INTELIGENCIA ARTIFICIAL,Periodo 2026 - 1S,SEGUNDO SEMESTRE,LEGALIZADA,HABILIDADES PARA LA VIDA,1,0.0,0.0,0.0,0.0,0.0,,41,
6131946,CIENCIA DE DATOS E INTELIGENCIA ARTIFICIAL,Periodo 2026 - 1S,SEGUNDO SEMESTRE,LEGALIZADA,PROBABILIDAD Y ESTADÍSTICA,1,0.0,0.0,0.0,0.0,0.0,,41,
6131946,CIENCIA DE DATOS E INTELIGENCIA ARTIFICIAL,Periodo 2026 - 1S,SEGUNDO SEMESTRE,LEGALIZADA,PROGRAMACIÓN 2,1,0.0,9.59,0.0,0.0,0.0,,41,
91715854,CIENCIA DE DATOS E INTELIGENCIA ARTIFICIAL,Periodo 2025 - 2S,PRIMER SEMESTRE,LEGALIZADA,ÁLGEBRA LINEAL,1,80.0,6.94,8.9,0.0,7.92,APROBADO,41,
91715854,CIENCIA DE DATOS E INTELIGENCIA ARTIFICIAL,Periodo 2025 - 2S,PRIMER SEMESTRE,LEGALIZADA,CÁLCULO EN UNA VARIABLE,1,100.0,8.01,8.38,0.0,8.19,APROBADO,41,
91715854,CIENCIA DE DATOS E INTELIGENCIA ARTIFICIAL,Periodo 2025 - 2S,PRIMER SEMESTRE,LEGALIZADA,COMUNICACIÓN EFECTIVA,1,87.0,7.98,8.43,0.0,8.2,APROBADO,41,
91715854,CIENCIA DE DATOS E INTELIGENCIA ARTIFICIAL,Periodo 2025 - 2S,PRIMER SEMESTRE,LEGALIZADA,FUNDAMENTOS DE METODOLOGÍA DE LA INVESTIGACIÓN,1,89.0,9.34,8.68,0.0,9.01,APROBADO,41,
91715854,CIENCIA DE DATOS E INTELIGENCIA ARTIFICIAL,Periodo 2025 - 2S,PRIMER SEMESTRE,LEGALIZADA,PROGRAMACIÓN 1,1,100.0,8.12,8.82,0.0,8.47,APROBADO,41,
91715854,CIENCIA DE DATOS E INTELIGENCIA ARTIFICIAL,Periodo 2026 - 1S,SEGUNDO SEMESTRE,LEGALIZADA,ESTRUCTURA DE DATOS,1,0.0,7.36,0.0,0.0,0.0,,41,
91715854,CIENCIA DE DATOS E INTELIGENCIA ARTIFICIAL,Periodo 2026 - 1S,SEGUNDO SEMESTRE,LEGALIZADA,FUNDAMENTOS DE CIENCIA DE DATOS E INTELIGENCIA ARTIFICIAL,1,0.0,7.5,0.0,0.0,0.0,,41,
91715854,CIENCIA DE DATOS E INTELIGENCIA ARTIFICIAL,Periodo 2026 - 1S,SEGUNDO SEMESTRE,LEGALIZADA,HABILIDADES PARA LA VIDA,1,0.0,0.0,0.0,0.0,0.0,,41,
91715854,CIENCIA DE DATOS E INTELIGENCIA ARTIFICIAL,Periodo 2026 - 1S,SEGUNDO SEMESTRE,LEGALIZADA,PROBABILIDAD Y ESTADÍSTICA,1,0.0,0.0,0.0,0.0,0.0,,41,
91715854,CIENCIA DE DATOS E INTELIGENCIA ARTIFICIAL,Periodo 2026 - 1S,SEGUNDO SEMESTRE,LEGALIZADA,PROGRAMACIÓN 2,1,0.0,6.78,0.0,0.0,0.0,,41,
13111678,CIENCIA DE DATOS E INTELIGENCIA ARTIFICIAL,Periodo 2025 - 2S,PRIMER SEMESTRE,LEGALIZADA,ÁLGEBRA LINEAL,1,93.0,7.87,9.48,0.0,8.67,APROBADO,41,
13111678,CIENCIA DE DATOS E INTELIGENCIA ARTIFICIAL,Periodo 2025 - 2S,PRIMER SEMESTRE,LEGALIZADA,CÁLCULO EN UNA VARIABLE,1,93.0,8.91,7.24,0.0,8.07,APROBADO,41,
13111678,CIENCIA DE DATOS E INTELIGENCIA ARTIFICIAL,Periodo 2025 - 2S,PRIMER SEMESTRE,LEGALIZADA,COMUNICACIÓN EFECTIVA,1,73.0,7.6,8.34,0.0,7.97,APROBADO,41,
13111678,CIENCIA DE DATOS E INTELIGENCIA ARTIFICIAL,Periodo 2025 - 2S,PRIMER SEMESTRE,LEGALIZADA,FUNDAMENTOS DE METODOLOGÍA DE LA INVESTIGACIÓN,1,93.0,9.58,9.59,0.0,9.58,APROBADO,41,
13111678,CIENCIA DE DATOS E INTELIGENCIA ARTIFICIAL,Periodo 2025 - 2S,PRIMER SEMESTRE,LEGALIZADA,PROGRAMACIÓN 1,1,100.0,8.51,8.11,0.0,8.31,APROBADO,41,
13111678,CIENCIA DE DATOS E INTELIGENCIA ARTIFICIAL,Periodo 2026 - 1S,SEGUNDO SEMESTRE,LEGALIZADA,ESTRUCTURA DE DATOS,1,0.0,7.44,0.0,0.0,0.0,,41,
13111678,CIENCIA DE DATOS E INTELIGENCIA ARTIFICIAL,Periodo 2026 - 1S,SEGUNDO SEMESTRE,LEGALIZADA,FUNDAMENTOS DE CIENCIA DE DATOS E INTELIGENCIA ARTIFICIAL,1,0.0,8.24,0.0,0.0,0.0,,41,
13111678,CIENCIA DE DATOS E INTELIGENCIA ARTIFICIAL,Periodo 2026 - 1S,SEGUNDO SEMESTRE,LEGALIZADA,HABILIDADES PARA LA VIDA,1,0.0,0.0,0.0,0.0,0.0,,41,
13111678,CIENCIA DE DATOS E INTELIGENCIA ARTIFICIAL,Periodo 2026 - 1S,SEGUNDO SEMESTRE,LEGALIZADA,PROBABILIDAD Y ESTADÍSTICA,1,0.0,0.0,0.0,0.0,0.0,,41,
13111678,CIENCIA DE DATOS E INTELIGENCIA ARTIFICIAL,Periodo 2026 - 1S,SEGUNDO SEMESTRE,LEGALIZADA,PROGRAMACIÓN 2,1,0.0,8.12,0.0,0.0,0.0,,41,
42782242,CIENCIA DE DATOS E INTELIGENCIA ARTIFICIAL,Periodo 2025 - 2S,PRIMER SEMESTRE,LEGALIZADA,ÁLGEBRA LINEAL,1,73.0,8.35,9.63,0.0,8.99,APROBADO,41,
42782242,CIENCIA DE DATOS E INTELIGENCIA ARTIFICIAL,Periodo 2025 - 2S,PRIMER SEMESTRE,LEGALIZADA,CÁLCULO EN UNA VARIABLE,1,100.0,7.4,8.12,0.0,7.76,APROBADO,41,
42782242,CIENCIA DE DATOS E INTELIGENCIA ARTIFICIAL,Periodo 2025 - 2S,PRIMER SEMESTRE,LEGALIZADA,COMUNICACIÓN EFECTIVA,1,93.0,7.75,8.88,0.0,8.31,APROBADO,41,
42782242,CIENCIA DE DATOS E INTELIGENCIA ARTIFICIAL,Periodo 2025 - 2S,PRIMER SEMESTRE,LEGALIZADA,FUNDAMENTOS DE METODOLOGÍA DE LA INVESTIGACIÓN,1,100.0,9.69,8.98,0.0,9.33,APROBADO,41,
42782242,CIENCIA DE DATOS E INTELIGENCIA ARTIFICIAL,Periodo 2025 - 2S,PRIMER SEMESTRE,LEGALIZADA,PROGRAMACIÓN 1,1,100.0,8.63,8.18,0.0,8.4,APROBADO,41,
42782242,CIENCIA DE DATOS E INTELIGENCIA ARTIFICIAL,Periodo 2026 - 1S,SEGUNDO SEMESTRE,LEGALIZADA,ESTRUCTURA DE DATOS,1,0.0,9.42,0.0,0.0,0.0,,41,
42782242,CIENCIA DE DATOS E INTELIGENCIA ARTIFICIAL,Periodo 2026 - 1S,SEGUNDO SEMESTRE,LEGALIZADA,FUNDAMENTOS DE CIENCIA DE DATOS E INTELIGENCIA ARTIFICIAL,1,0.0,9.79,0.0,0.0,0.0,,41,
42782242,CIENCIA DE DATOS E INTELIGENCIA ARTIFICIAL,Periodo 2026 - 1S,SEGUNDO SEMESTRE,LEGALIZADA,HABILIDADES PARA LA VIDA,1,0.0,0.0,0.0,0.0,0.0,,41,
42782242,CIENCIA DE DATOS E INTELIGENCIA ARTIFICIAL,Periodo 2026 - 1S,SEGUNDO SEMESTRE,LEGALIZADA,PROBABILIDAD Y ESTADÍSTICA,1,0.0,0.0,0.0,0.0,0.0,,41,
42782242,CIENCIA DE DATOS E INTELIGENCIA ARTIFICIAL,Periodo 2026 - 1S,SEGUNDO SEMESTRE,LEGALIZADA,PROGRAMACIÓN 2,1,0.0,9.93,0.0,0.0,0.0,,41,
87966206,CIENCIA DE DATOS E INTELIGENCIA ARTIFICIAL,Periodo 2025 - 2S,PRIMER SEMESTRE,LEGALIZADA,ÁLGEBRA LINEAL,1,93.0,8.62,9.57,0.0,9.09,APROBADO,41,
87966206,CIENCIA DE DATOS E INTELIGENCIA ARTIFICIAL,Periodo 2025 - 2S,PRIMER SEMESTRE,LEGALIZADA,CÁLCULO EN UNA VARIABLE,1,93.0,8.01,7.97,0.0,7.99,APROBADO,41,
87966206,CIENCIA DE DATOS E INTELIGENCIA ARTIFICIAL,Periodo 2025 - 2S,PRIMER SEMESTRE,LEGALIZADA,COMUNICACIÓN EFECTIVA,1,80.0,9.21,9.09,0.0,9.15,APROBADO,41,
87966206,CIENCIA DE DATOS E INTELIGENCIA ARTIFICIAL,Periodo 2025 - 2S,PRIMER SEMESTRE,LEGALIZADA,FUNDAMENTOS DE METODOLOGÍA DE LA INVESTIGACIÓN,1,86.0,9.82,9.59,0.0,9.7,APROBADO,41,
87966206,CIENCIA DE DATOS E INTELIGENCIA ARTIFICIAL,Periodo 2025 - 2S,PRIMER SEMESTRE,LEGALIZADA,PROGRAMACIÓN 1,1,93.0,8.57,8.84,0.0,8.7,APROBADO,41,
87966206,CIENCIA DE DATOS E INTELIGENCIA ARTIFICIAL,Periodo 2026 - 1S,SEGUNDO SEMESTRE,LEGALIZADA,ESTRUCTURA DE DATOS,1,0.0,8.54,0.0,0.0,0.0,,41,
87966206,CIENCIA DE DATOS E INTELIGENCIA ARTIFICIAL,Periodo 2026 - 1S,SEGUNDO SEMESTRE,LEGALIZADA,FUNDAMENTOS DE CIENCIA DE DATOS E INTELIGENCIA ARTIFICIAL,1,0.0,9.0,0.0,0.0,0.0,,41,
87966206,CIENCIA DE DATOS E INTELIGENCIA ARTIFICIAL,Periodo 2026 - 1S,SEGUNDO SEMESTRE,LEGALIZADA,HABILIDADES PARA LA VIDA,1,0.0,0.0,0.0,0.0,0.0,,41,
87966206,CIENCIA DE DATOS E INTELIGENCIA ARTIFICIAL,Periodo 2026 - 1S,SEGUNDO SEMESTRE,LEGALIZADA,PROBABILIDAD Y ESTADÍSTICA,1,0.0,0.0,0.0,0.0,0.0,,41,
87966206,CIENCIA DE DATOS E INTELIGENCIA ARTIFICIAL,Periodo 2026 - 1S,SEGUNDO SEMESTRE,LEGALIZADA,PROGRAMACIÓN 2,1,0.0,8.92,0.0,0.0,0.0,,41,
66458867,CIENCIA DE DATOS E INTELIGENCIA ARTIFICIAL,Periodo 2025 - 2S,PRIMER SEMESTRE,LEGALIZADA,ÁLGEBRA LINEAL,1,60.0,7.36,9.12,0.0,8.24,APROBADO,41,
66458867,CIENCIA DE DATOS E INTELIGENCIA ARTIFICIAL,Periodo 2025 - 2S,PRIMER SEMESTRE,LEGALIZADA,CÁLCULO EN UNA VARIABLE,1,81.0,6.06,7.94,0.0,7.0,APROBADO,41,
66458867,CIENCIA DE DATOS E INTELIGENCIA ARTIFICIAL,Periodo 2025 - 2S,PRIMER SEMESTRE,LEGALIZADA,COMUNICACIÓN EFECTIVA,1,67.0,7.3,8.34,0.0,7.82,APROBADO,41,
66458867,CIENCIA DE DATOS E INTELIGENCIA ARTIFICIAL,Periodo 2025 - 2S,PRIMER SEMESTRE,LEGALIZADA,FUNDAMENTOS DE METODOLOGÍA DE LA INVESTIGACIÓN,1,89.0,8.75,9.01,0.0,8.88,APROBADO,41,
66458867,CIENCIA DE DATOS E INTELIGENCIA ARTIFICIAL,Periodo 2025 - 2S,PRIMER SEMESTRE,LEGALIZADA,PROGRAMACIÓN 1,1,64.0,8.04,7.26,0.0,7.65,APROBADO,41,
66458867,CIENCIA DE DATOS E INTELIGENCIA ARTIFICIAL,Periodo 2026 - 1S,SEGUNDO SEMESTRE,LEGALIZADA,ESTRUCTURA DE DATOS,1,0.0,7.77,0.0,0.0,0.0,,41,
66458867,CIENCIA DE DATOS E INTELIGENCIA ARTIFICIAL,Periodo 2026 - 1S,SEGUNDO SEMESTRE,LEGALIZADA,FUNDAMENTOS DE CIENCIA DE DATOS E INTELIGENCIA ARTIFICIAL,1,0.0,5.97,0.0,0.0,0.0,,41,
66458867,CIENCIA DE DATOS E INTELIGENCIA ARTIFICIAL,Periodo 2026 - 1S,SEGUNDO SEMESTRE,LEGALIZADA,HABILIDADES PARA LA VIDA,1,0.0,0.0,0.0,0.0,0.0,,41,
66458867,CIENCIA DE DATOS E INTELIGENCIA ARTIFICIAL,Periodo 2026 - 1S,SEGUNDO SEMESTRE,LEGALIZADA,PROBABILIDAD Y ESTADÍSTICA,1,0.0,0.0,0.0,0.0,0.0,,41,
66458867,CIENCIA DE DATOS E INTELIGENCIA ARTIFICIAL,Periodo 2026 - 1S,SEGUNDO SEMESTRE,LEGALIZADA,PROGRAMACIÓN 2,1,0.0,6.83,0.0,0.0,0.0,,41,
70691883,CIENCIA DE DATOS E INTELIGENCIA ARTIFICIAL,Periodo 2025 - 2S,PRIMER SEMESTRE,LEGALIZADA,ÁLGEBRA LINEAL,1,73.0,5.11,0.41,0.0,2.76,REPROBADO,41,
70691883,CIENCIA DE DATOS E INTELIGENCIA ARTIFICIAL,Periodo 2025 - 2S,PRIMER SEMESTRE,LEGALIZADA,CÁLCULO EN UNA VARIABLE,1,67.0,4.4,0.06,0.0,2.23,REPROBADO,41,
70691883,CIENCIA DE DATOS E INTELIGENCIA ARTIFICIAL,Periodo 2025 - 2S,PRIMER SEMESTRE,LEGALIZADA,COMUNICACIÓN EFECTIVA,1,57.0,5.71,0.0,0.0,2.85,REPROBADO,41,
70691883,CIENCIA DE DATOS E INTELIGENCIA ARTIFICIAL,Periodo 2025 - 2S,PRIMER SEMESTRE,LEGALIZADA,FUNDAMENTOS DE METODOLOGÍA DE LA INVESTIGACIÓN,1,38.0,6.66,0.0,0.0,3.33,REPROBADO,41,
70691883,CIENCIA DE DATOS E INTELIGENCIA ARTIFICIAL,Periodo 2025 - 2S,PRIMER SEMESTRE,LEGALIZADA,PROGRAMACIÓN 1,1,67.0,3.46,0.06,0.0,1.76,REPROBADO,41,
94870097,CIENCIA DE DATOS E INTELIGENCIA ARTIFICIAL,Periodo 2025 - 2S,PRIMER SEMESTRE,LEGALIZADA,ÁLGEBRA LINEAL,1,13.0,0.03,0.03,0.0,0.03,REPROBADO,41,
94870097,CIENCIA DE DATOS E INTELIGENCIA ARTIFICIAL,Periodo 2025 - 2S,PRIMER SEMESTRE,LEGALIZADA,CÁLCULO EN UNA VARIABLE,1,33.0,0.0,0.0,0.0,0.0,REPROBADO,41,
94870097,CIENCIA DE DATOS E INTELIGENCIA ARTIFICIAL,Periodo 2025 - 2S,PRIMER SEMESTRE,LEGALIZADA,COMUNICACIÓN EFECTIVA,1,21.0,0.0,0.0,0.0,0.0,REPROBADO,41,
94870097,CIENCIA DE DATOS E INTELIGENCIA ARTIFICIAL,Periodo 2025 - 2S,PRIMER SEMESTRE,LEGALIZADA,FUNDAMENTOS DE METODOLOGÍA DE LA INVESTIGACIÓN,1,15.0,0.0,0.0,0.0,0.0,REPROBADO,41,
94870097,CIENCIA DE DATOS E INTELIGENCIA ARTIFICIAL,Periodo 2025 - 2S,PRIMER SEMESTRE,LEGALIZADA,PROGRAMACIÓN 1,1,20.0,0.03,0.0,0.0,0.01,REPROBADO,41,
16848489,CIENCIA DE DATOS E INTELIGENCIA ARTIFICIAL,Periodo 2025 - 2S,PRIMER SEMESTRE,LEGALIZADA,ÁLGEBRA LINEAL,1,87.0,8.62,8.4,0.0,8.51,APROBADO,41,
16848489,CIENCIA DE DATOS E INTELIGENCIA ARTIFICIAL,Periodo 2025 - 2S,PRIMER SEMESTRE,LEGALIZADA,CÁLCULO EN UNA VARIABLE,1,100.0,8.25,7.19,0.0,7.72,APROBADO,41,
16848489,CIENCIA DE DATOS E INTELIGENCIA ARTIFICIAL,Periodo 2025 - 2S,PRIMER SEMESTRE,LEGALIZADA,COMUNICACIÓN EFECTIVA,1,86.0,7.92,8.7,0.0,8.31,APROBADO,41,
16848489,CIENCIA DE DATOS E INTELIGENCIA ARTIFICIAL,Periodo 2025 - 2S,PRIMER SEMESTRE,LEGALIZADA,FUNDAMENTOS DE METODOLOGÍA DE LA INVESTIGACIÓN,1,85.0,9.05,9.52,0.0,9.28,APROBADO,41,
16848489,CIENCIA DE DATOS E INTELIGENCIA ARTIFICIAL,Periodo 2025 - 2S,PRIMER SEMESTRE,LEGALIZADA,PROGRAMACIÓN 1,1,87.0,8.17,7.78,0.0,7.97,APROBADO,41,
16848489,CIENCIA DE DATOS E INTELIGENCIA ARTIFICIAL,Periodo 2026 - 1S,SEGUNDO SEMESTRE,LEGALIZADA,ESTRUCTURA DE DATOS,1,0.0,7.61,0.0,0.0,0.0,,41,
16848489,CIENCIA DE DATOS E INTELIGENCIA ARTIFICIAL,Periodo 2026 - 1S,SEGUNDO SEMESTRE,LEGALIZADA,FUNDAMENTOS DE CIENCIA DE DATOS E INTELIGENCIA ARTIFICIAL,1,0.0,0.0,0.0,0.0,0.0,,41,
16848489,CIENCIA DE DATOS E INTELIGENCIA ARTIFICIAL,Periodo 2026 - 1S,SEGUNDO SEMESTRE,LEGALIZADA,HABILIDADES PARA LA VIDA,1,0.0,0.0,0.0,0.0,0.0,,41,
16848489,CIENCIA DE DATOS E INTELIGENCIA ARTIFICIAL,Periodo 2026 - 1S,SEGUNDO SEMESTRE,LEGALIZADA,PROBABILIDAD Y ESTADÍSTICA,1,0.0,0.0,0.0,0.0,0.0,,41,
16848489,CIENCIA DE DATOS E INTELIGENCIA ARTIFICIAL,Periodo 2026 - 1S,SEGUNDO SEMESTRE,LEGALIZADA,PROGRAMACIÓN 2,1,0.0,9.31,0.0,0.0,0.0,,41,
75768830,CIENCIA DE DATOS E INTELIGENCIA ARTIFICIAL,Periodo 2025 - 2S,PRIMER SEMESTRE,LEGALIZADA,ÁLGEBRA LINEAL,1,93.0,7.84,9.2,0.0,8.52,APROBADO,41,
75768830,CIENCIA DE DATOS E INTELIGENCIA ARTIFICIAL,Periodo 2025 - 2S,PRIMER SEMESTRE,LEGALIZADA,CÁLCULO EN UNA VARIABLE,1,80.0,9.36,9.94,0.0,9.65,APROBADO,41,
75768830,CIENCIA DE DATOS E INTELIGENCIA ARTIFICIAL,Periodo 2025 - 2S,PRIMER SEMESTRE,LEGALIZADA,COMUNICACIÓN EFECTIVA,1,79.0,8.02,8.16,0.0,8.09,APROBADO,41,
75768830,CIENCIA DE DATOS E INTELIGENCIA ARTIFICIAL,Periodo 2025 - 2S,PRIMER SEMESTRE,LEGALIZADA,FUNDAMENTOS DE METODOLOGÍA DE LA INVESTIGACIÓN,1,77.0,9.08,8.12,0.0,8.6,APROBADO,41,
75768830,CIENCIA DE DATOS E INTELIGENCIA ARTIFICIAL,Periodo 2025 - 2S,PRIMER SEMESTRE,LEGALIZADA,PROGRAMACIÓN 1,1,93.0,8.44,8.28,0.0,8.36,APROBADO,41,
75768830,CIENCIA DE DATOS E INTELIGENCIA ARTIFICIAL,Periodo 2026 - 1S,SEGUNDO SEMESTRE,LEGALIZADA,ESTRUCTURA DE DATOS,1,0.0,7.12,0.0,0.0,0.0,,41,
75768830,CIENCIA DE DATOS E INTELIGENCIA ARTIFICIAL,Periodo 2026 - 1S,SEGUNDO SEMESTRE,LEGALIZADA,FUNDAMENTOS DE CIENCIA DE DATOS E INTELIGENCIA ARTIFICIAL,1,0.0,0.0,0.0,0.0,0.0,,41,
75768830,CIENCIA DE DATOS E INTELIGENCIA ARTIFICIAL,Periodo 2026 - 1S,SEGUNDO SEMESTRE,LEGALIZADA,HABILIDADES PARA LA VIDA,1,0.0,0.0,0.0,0.0,0.0,,41,
75768830,CIENCIA DE DATOS E INTELIGENCIA ARTIFICIAL,Periodo 2026 - 1S,SEGUNDO SEMESTRE,LEGALIZADA,PROBABILIDAD Y ESTADÍSTICA,1,0.0,0.0,0.0,0.0,0.0,,41,
75768830,CIENCIA DE DATOS E INTELIGENCIA ARTIFICIAL,Periodo 2026 - 1S,SEGUNDO SEMESTRE,LEGALIZADA,PROGRAMACIÓN 2,1,0.0,8.57,0.0,0.0,0.0,,41,
79747120,CIENCIA DE DATOS E INTELIGENCIA ARTIFICIAL,Periodo 2025 - 2S,PRIMER SEMESTRE,LEGALIZADA,ÁLGEBRA LINEAL,1,67.0,8.17,9.11,0.0,8.64,APROBADO,41,
79747120,CIENCIA DE DATOS E INTELIGENCIA ARTIFICIAL,Periodo 2025 - 2S,PRIMER SEMESTRE,LEGALIZADA,CÁLCULO EN UNA VARIABLE,1,93.0,8.12,8.96,0.0,8.54,APROBADO,41,
79747120,CIENCIA DE DATOS E INTELIGENCIA ARTIFICIAL,Periodo 2025 - 2S,PRIMER SEMESTRE,LEGALIZADA,COMUNICACIÓN EFECTIVA,1,79.0,8.5,8.8,0.0,8.65,APROBADO,41,
79747120,CIENCIA DE DATOS E INTELIGENCIA ARTIFICIAL,Periodo 2025 - 2S,PRIMER SEMESTRE,LEGALIZADA,FUNDAMENTOS DE METODOLOGÍA DE LA INVESTIGACIÓN,1,77.0,8.58,9.64,0.0,9.11,APROBADO,41,
79747120,CIENCIA DE DATOS E INTELIGENCIA ARTIFICIAL,Periodo 2025 - 2S,PRIMER SEMESTRE,LEGALIZADA,PROGRAMACIÓN 1,1,93.0,7.05,7.47,0.0,7.26,APROBADO,41,
79747120,CIENCIA DE DATOS E INTELIGENCIA ARTIFICIAL,Periodo 2026 - 1S,SEGUNDO SEMESTRE,LEGALIZADA,ESTRUCTURA DE DATOS,1,0.0,9.6,0.0,0.0,0.0,,41,
79747120,CIENCIA DE DATOS E INTELIGENCIA ARTIFICIAL,Periodo 2026 - 1S,SEGUNDO SEMESTRE,LEGALIZADA,FUNDAMENTOS DE CIENCIA DE DATOS E INTELIGENCIA ARTIFICIAL,1,0.0,0.0,0.0,0.0,0.0,,41,
79747120,CIENCIA DE DATOS E INTELIGENCIA ARTIFICIAL,Periodo 2026 - 1S,SEGUNDO SEMESTRE,LEGALIZADA,HABILIDADES PARA LA VIDA,1,0.0,0.0,0.0,0.0,0.0,,41,
79747120,CIENCIA DE DATOS E INTELIGENCIA ARTIFICIAL,Periodo 2026 - 1S,SEGUNDO SEMESTRE,LEGALIZADA,PROBABILIDAD Y ESTADÍSTICA,1,0.0,0.0,0.0,0.0,0.0,,41,
79747120,CIENCIA DE DATOS E INTELIGENCIA ARTIFICIAL,Periodo 2026 - 1S,SEGUNDO SEMESTRE,LEGALIZADA,PROGRAMACIÓN 2,1,0.0,9.89,0.0,0.0,0.0,,41,
49010216,CIENCIA DE DATOS E INTELIGENCIA ARTIFICIAL,Periodo 2025 - 2S,PRIMER SEMESTRE,LEGALIZADA,ÁLGEBRA LINEAL,1,93.0,8.09,7.26,0.0,7.67,APROBADO,41,
49010216,CIENCIA DE DATOS E INTELIGENCIA ARTIFICIAL,Periodo 2025 - 2S,PRIMER SEMESTRE,LEGALIZADA,CÁLCULO EN UNA VARIABLE,1,93.0,5.89,7.03,3.5,4.98,REPROBADO,41,
49010216,CIENCIA DE DATOS E INTELIGENCIA ARTIFICIAL,Periodo 2025 - 2S,PRIMER SEMESTRE,LEGALIZADA,COMUNICACIÓN EFECTIVA,1,93.0,6.06,8.0,0.0,7.03,APROBADO,41,
49010216,CIENCIA DE DATOS E INTELIGENCIA ARTIFICIAL,Periodo 2025 - 2S,PRIMER SEMESTRE,LEGALIZADA,FUNDAMENTOS DE METODOLOGÍA DE LA INVESTIGACIÓN,1,92.0,7.92,8.26,0.0,8.09,APROBADO,41,
49010216,CIENCIA DE DATOS E INTELIGENCIA ARTIFICIAL,Periodo 2025 - 2S,PRIMER SEMESTRE,LEGALIZADA,PROGRAMACIÓN 1,1,93.0,5.19,7.83,8.0,7.25,APROBADO,41,
49010216,CIENCIA DE DATOS E INTELIGENCIA ARTIFICIAL,Periodo 2026 - 1S,PRIMER SEMESTRE,LEGALIZADA,CÁLCULO EN UNA VARIABLE,2,0.0,0.0,0.0,0.0,0.0,,41,
29366711,CIENCIA DE DATOS E INTELIGENCIA ARTIFICIAL,Periodo 2025 - 2S,PRIMER SEMESTRE,LEGALIZADA,ÁLGEBRA LINEAL,1,80.0,8.69,8.27,0.0,8.48,APROBADO,41,
29366711,CIENCIA DE DATOS E INTELIGENCIA ARTIFICIAL,Periodo 2025 - 2S,PRIMER SEMESTRE,LEGALIZADA,CÁLCULO EN UNA VARIABLE,1,73.0,8.08,8.77,0.0,8.42,APROBADO,41,
29366711,CIENCIA DE DATOS E INTELIGENCIA ARTIFICIAL,Periodo 2025 - 2S,PRIMER SEMESTRE,LEGALIZADA,COMUNICACIÓN EFECTIVA,1,79.0,7.7,8.82,0.0,8.26,APROBADO,41,
29366711,CIENCIA DE DATOS E INTELIGENCIA ARTIFICIAL,Periodo 2025 - 2S,PRIMER SEMESTRE,LEGALIZADA,FUNDAMENTOS DE METODOLOGÍA DE LA INVESTIGACIÓN,1,69.0,9.04,8.95,0.0,8.99,APROBADO,41,
29366711,CIENCIA DE DATOS E INTELIGENCIA ARTIFICIAL,Periodo 2025 - 2S,PRIMER SEMESTRE,LEGALIZADA,PROGRAMACIÓN 1,1,100.0,8.04,7.48,0.0,7.76,APROBADO,41,
29366711,CIENCIA DE DATOS E INTELIGENCIA ARTIFICIAL,Periodo 2026 - 1S,SEGUNDO SEMESTRE,LEGALIZADA,ESTRUCTURA DE DATOS,1,0.0,5.23,0.0,0.0,0.0,,41,
29366711,CIENCIA DE DATOS E INTELIGENCIA ARTIFICIAL,Periodo 2026 - 1S,SEGUNDO SEMESTRE,LEGALIZADA,FUNDAMENTOS DE CIENCIA DE DATOS E INTELIGENCIA ARTIFICIAL,1,0.0,0.0,0.0,0.0,0.0,,41,
29366711,CIENCIA DE DATOS E INTELIGENCIA ARTIFICIAL,Periodo 2026 - 1S,SEGUNDO SEMESTRE,LEGALIZADA,HABILIDADES PARA LA VIDA,1,0.0,0.0,0.0,0.0,0.0,,41,
29366711,CIENCIA DE DATOS E INTELIGENCIA ARTIFICIAL,Periodo 2026 - 1S,SEGUNDO SEMESTRE,LEGALIZADA,PROBABILIDAD Y ESTADÍSTICA,1,0.0,0.0,0.0,0.0,0.0,,41,
29366711,CIENCIA DE DATOS E INTELIGENCIA ARTIFICIAL,Periodo 2026 - 1S,SEGUNDO SEMESTRE,LEGALIZADA,PROGRAMACIÓN 2,1,0.0,6.32,0.0,0.0,0.0,,41,
4363531,CIENCIA DE DATOS E INTELIGENCIA ARTIFICIAL,Periodo 2025 - 2S,PRIMER SEMESTRE,LEGALIZADA,ÁLGEBRA LINEAL,1,87.0,7.8,9.26,0.0,8.53,APROBADO,41,
4363531,CIENCIA DE DATOS E INTELIGENCIA ARTIFICIAL,Periodo 2025 - 2S,PRIMER SEMESTRE,LEGALIZADA,CÁLCULO EN UNA VARIABLE,1,100.0,6.06,7.44,7.25,7.0,APROBADO,41,
4363531,CIENCIA DE DATOS E INTELIGENCIA ARTIFICIAL,Periodo 2025 - 2S,PRIMER SEMESTRE,LEGALIZADA,COMUNICACIÓN EFECTIVA,1,80.0,7.72,9.11,0.0,8.41,APROBADO,41,
4363531,CIENCIA DE DATOS E INTELIGENCIA ARTIFICIAL,Periodo 2025 - 2S,PRIMER SEMESTRE,LEGALIZADA,FUNDAMENTOS DE METODOLOGÍA DE LA INVESTIGACIÓN,1,89.0,9.27,7.45,0.0,8.36,APROBADO,41,
4363531,CIENCIA DE DATOS E INTELIGENCIA ARTIFICIAL,Periodo 2025 - 2S,PRIMER SEMESTRE,LEGALIZADA,PROGRAMACIÓN 1,1,100.0,6.11,7.98,0.0,7.04,APROBADO,41,
4363531,CIENCIA DE DATOS E INTELIGENCIA ARTIFICIAL,Periodo 2026 - 1S,SEGUNDO SEMESTRE,LEGALIZADA,ESTRUCTURA DE DATOS,1,0.0,8.13,0.0,0.0,0.0,,41,
4363531,CIENCIA DE DATOS E INTELIGENCIA ARTIFICIAL,Periodo 2026 - 1S,SEGUNDO SEMESTRE,LEGALIZADA,FUNDAMENTOS DE CIENCIA DE DATOS E INTELIGENCIA ARTIFICIAL,1,0.0,9.36,0.0,0.0,0.0,,41,
4363531,CIENCIA DE DATOS E INTELIGENCIA ARTIFICIAL,Periodo 2026 - 1S,SEGUNDO SEMESTRE,LEGALIZADA,HABILIDADES PARA LA VIDA,1,0.0,0.0,0.0,0.0,0.0,,41,
4363531,CIENCIA DE DATOS E INTELIGENCIA ARTIFICIAL,Periodo 2026 - 1S,SEGUNDO SEMESTRE,LEGALIZADA,PROBABILIDAD Y ESTADÍSTICA,1,0.0,0.0,0.0,0.0,0.0,,41,
4363531,CIENCIA DE DATOS E INTELIGENCIA ARTIFICIAL,Periodo 2026 - 1S,SEGUNDO SEMESTRE,LEGALIZADA,PROGRAMACIÓN 2,1,0.0,8.44,0.0,0.0,0.0,,41,
11858359,CIENCIA DE DATOS E INTELIGENCIA ARTIFICIAL,Periodo 2025 - 2S,PRIMER SEMESTRE,LEGALIZADA,ÁLGEBRA LINEAL,1,100.0,6.81,9.01,0.0,7.91,APROBADO,41,
11858359,CIENCIA DE DATOS E INTELIGENCIA ARTIFICIAL,Periodo 2025 - 2S,PRIMER SEMESTRE,LEGALIZADA,CÁLCULO EN UNA VARIABLE,1,100.0,6.97,8.69,0.0,7.83,APROBADO,41,
11858359,CIENCIA DE DATOS E INTELIGENCIA ARTIFICIAL,Periodo 2025 - 2S,PRIMER SEMESTRE,LEGALIZADA,COMUNICACIÓN EFECTIVA,1,93.0,9.28,9.04,0.0,9.16,APROBADO,41,
11858359,CIENCIA DE DATOS E INTELIGENCIA ARTIFICIAL,Periodo 2025 - 2S,PRIMER SEMESTRE,LEGALIZADA,FUNDAMENTOS DE METODOLOGÍA DE LA INVESTIGACIÓN,1,93.0,9.0,9.51,0.0,9.25,APROBADO,41,
11858359,CIENCIA DE DATOS E INTELIGENCIA ARTIFICIAL,Periodo 2025 - 2S,PRIMER SEMESTRE,LEGALIZADA,PROGRAMACIÓN 1,1,100.0,8.09,8.6,0.0,8.34,APROBADO,41,
11858359,CIENCIA DE DATOS E INTELIGENCIA ARTIFICIAL,Periodo 2026 - 1S,SEGUNDO SEMESTRE,LEGALIZADA,ESTRUCTURA DE DATOS,1,0.0,9.44,0.0,0.0,0.0,,41,
11858359,CIENCIA DE DATOS E INTELIGENCIA ARTIFICIAL,Periodo 2026 - 1S,SEGUNDO SEMESTRE,LEGALIZADA,FUNDAMENTOS DE CIENCIA DE DATOS E INTELIGENCIA ARTIFICIAL,1,0.0,8.43,0.0,0.0,0.0,,41,
11858359,CIENCIA DE DATOS E INTELIGENCIA ARTIFICIAL,Periodo 2026 - 1S,SEGUNDO SEMESTRE,LEGALIZADA,HABILIDADES PARA LA VIDA,1,0.0,0.0,0.0,0.0,0.0,,41,
11858359,CIENCIA DE DATOS E INTELIGENCIA ARTIFICIAL,Periodo 2026 - 1S,SEGUNDO SEMESTRE,LEGALIZADA,PROBABILIDAD Y ESTADÍSTICA,1,0.0,0.0,0.0,0.0,0.0,,41,
11858359,CIENCIA DE DATOS E INTELIGENCIA ARTIFICIAL,Periodo 2026 - 1S,SEGUNDO SEMESTRE,LEGALIZADA,PROGRAMACIÓN 2,1,0.0,8.47,0.0,0.0,0.0,,41,
92518198,CIENCIA DE DATOS E INTELIGENCIA ARTIFICIAL,Periodo 2025 - 2S,PRIMER SEMESTRE,LEGALIZADA,ÁLGEBRA LINEAL,1,27.0,1.1,0.03,0.0,0.56,REPROBADO,41,
92518198,CIENCIA DE DATOS E INTELIGENCIA ARTIFICIAL,Periodo 2025 - 2S,PRIMER SEMESTRE,LEGALIZADA,CÁLCULO EN UNA VARIABLE,1,47.0,1.68,0.0,0.0,0.84,REPROBADO,41,
92518198,CIENCIA DE DATOS E INTELIGENCIA ARTIFICIAL,Periodo 2025 - 2S,PRIMER SEMESTRE,LEGALIZADA,COMUNICACIÓN EFECTIVA,1,36.0,1.39,0.0,0.0,0.69,REPROBADO,41,
92518198,CIENCIA DE DATOS E INTELIGENCIA ARTIFICIAL,Periodo 2025 - 2S,PRIMER SEMESTRE,LEGALIZADA,FUNDAMENTOS DE METODOLOGÍA DE LA INVESTIGACIÓN,1,31.0,1.83,0.0,0.0,0.91,REPROBADO,41,
92518198,CIENCIA DE DATOS E INTELIGENCIA ARTIFICIAL,Periodo 2025 - 2S,PRIMER SEMESTRE,LEGALIZADA,PROGRAMACIÓN 1,1,40.0,0.06,0.0,0.0,0.03,REPROBADO,41,
73561166,CIENCIA DE DATOS E INTELIGENCIA ARTIFICIAL,Periodo 2025 - 2S,PRIMER SEMESTRE,LEGALIZADA,ÁLGEBRA LINEAL,1,93.0,8.47,7.65,0.0,8.06,APROBADO,41,
73561166,CIENCIA DE DATOS E INTELIGENCIA ARTIFICIAL,Periodo 2025 - 2S,PRIMER SEMESTRE,LEGALIZADA,CÁLCULO EN UNA VARIABLE,1,100.0,8.56,8.66,0.0,8.61,APROBADO,41,
73561166,CIENCIA DE DATOS E INTELIGENCIA ARTIFICIAL,Periodo 2025 - 2S,PRIMER SEMESTRE,LEGALIZADA,COMUNICACIÓN EFECTIVA,1,93.0,8.21,8.57,0.0,8.39,APROBADO,41,
73561166,CIENCIA DE DATOS E INTELIGENCIA ARTIFICIAL,Periodo 2025 - 2S,PRIMER SEMESTRE,LEGALIZADA,FUNDAMENTOS DE METODOLOGÍA DE LA INVESTIGACIÓN,1,92.0,9.13,8.11,0.0,8.62,APROBADO,41,
73561166,CIENCIA DE DATOS E INTELIGENCIA ARTIFICIAL,Periodo 2025 - 2S,PRIMER SEMESTRE,LEGALIZADA,PROGRAMACIÓN 1,1,100.0,7.26,6.15,7.5,7.1,APROBADO,41,
73561166,CIENCIA DE DATOS E INTELIGENCIA ARTIFICIAL,Periodo 2026 - 1S,SEGUNDO SEMESTRE,RETIRO,ESTRUCTURA DE DATOS,1,0.0,0.0,0.0,0.0,0.0,RETIRO,41,
73561166,CIENCIA DE DATOS E INTELIGENCIA ARTIFICIAL,Periodo 2026 - 1S,SEGUNDO SEMESTRE,RETIRO,FUNDAMENTOS DE CIENCIA DE DATOS E INTELIGENCIA ARTIFICIAL,1,0.0,0.0,0.0,0.0,0.0,RETIRO,41,
73561166,CIENCIA DE DATOS E INTELIGENCIA ARTIFICIAL,Periodo 2026 - 1S,SEGUNDO SEMESTRE,RETIRO,HABILIDADES PARA LA VIDA,1,0.0,0.0,0.0,0.0,0.0,RETIRO,41,
73561166,CIENCIA DE DATOS E INTELIGENCIA ARTIFICIAL,Periodo 2026 - 1S,SEGUNDO SEMESTRE,RETIRO,PROBABILIDAD Y ESTADÍSTICA,1,0.0,0.0,0.0,0.0,0.0,RETIRO,41,
73561166,CIENCIA DE DATOS E INTELIGENCIA ARTIFICIAL,Periodo 2026 - 1S,SEGUNDO SEMESTRE,RETIRO,PROGRAMACIÓN 2,1,0.0,0.0,0.0,0.0,0.0,RETIRO,41,
32106615,CIENCIA DE DATOS E INTELIGENCIA ARTIFICIAL,Periodo 2025 - 2S,PRIMER SEMESTRE,LEGALIZADA,ÁLGEBRA LINEAL,1,73.0,8.51,2.04,0.01,2.64,REPROBADO,41,
32106615,CIENCIA DE DATOS E INTELIGENCIA ARTIFICIAL,Periodo 2025 - 2S,PRIMER SEMESTRE,LEGALIZADA,CÁLCULO EN UNA VARIABLE,1,80.0,6.74,0.34,0.0,3.54,REPROBADO,41,
32106615,CIENCIA DE DATOS E INTELIGENCIA ARTIFICIAL,Periodo 2025 - 2S,PRIMER SEMESTRE,LEGALIZADA,COMUNICACIÓN EFECTIVA,1,57.0,6.9,0.98,0.0,3.94,REPROBADO,41,
32106615,CIENCIA DE DATOS E INTELIGENCIA ARTIFICIAL,Periodo 2025 - 2S,PRIMER SEMESTRE,LEGALIZADA,FUNDAMENTOS DE METODOLOGÍA DE LA INVESTIGACIÓN,1,77.0,7.88,0.1,0.0,3.99,REPROBADO,41,
32106615,CIENCIA DE DATOS E INTELIGENCIA ARTIFICIAL,Periodo 2025 - 2S,PRIMER SEMESTRE,LEGALIZADA,PROGRAMACIÓN 1,1,73.0,6.21,0.43,0.0,3.32,REPROBADO,41,
57295347,CIENCIA DE DATOS E INTELIGENCIA ARTIFICIAL,Periodo 2025 - 2S,PRIMER SEMESTRE,LEGALIZADA,ÁLGEBRA LINEAL,1,100.0,7.49,7.65,0.0,7.57,APROBADO,41,
57295347,CIENCIA DE DATOS E INTELIGENCIA ARTIFICIAL,Periodo 2025 - 2S,PRIMER SEMESTRE,LEGALIZADA,CÁLCULO EN UNA VARIABLE,1,93.0,8.28,10.0,0.0,9.14,APROBADO,41,
57295347,CIENCIA DE DATOS E INTELIGENCIA ARTIFICIAL,Periodo 2025 - 2S,PRIMER SEMESTRE,LEGALIZADA,COMUNICACIÓN EFECTIVA,1,86.0,8.93,9.67,0.0,9.3,APROBADO,41,
57295347,CIENCIA DE DATOS E INTELIGENCIA ARTIFICIAL,Periodo 2025 - 2S,PRIMER SEMESTRE,LEGALIZADA,FUNDAMENTOS DE METODOLOGÍA DE LA INVESTIGACIÓN,1,92.0,9.01,9.26,0.0,9.13,APROBADO,41,
57295347,CIENCIA DE DATOS E INTELIGENCIA ARTIFICIAL,Periodo 2025 - 2S,PRIMER SEMESTRE,LEGALIZADA,PROGRAMACIÓN 1,1,100.0,9.01,7.45,0.0,8.23,APROBADO,41,
57295347,CIENCIA DE DATOS E INTELIGENCIA ARTIFICIAL,Periodo 2026 - 1S,SEGUNDO SEMESTRE,LEGALIZADA,ESTRUCTURA DE DATOS,1,0.0,8.4,0.0,0.0,0.0,,41,
57295347,CIENCIA DE DATOS E INTELIGENCIA ARTIFICIAL,Periodo 2026 - 1S,SEGUNDO SEMESTRE,LEGALIZADA,FUNDAMENTOS DE CIENCIA DE DATOS E INTELIGENCIA ARTIFICIAL,1,0.0,0.0,0.0,0.0,0.0,,41,
57295347,CIENCIA DE DATOS E INTELIGENCIA ARTIFICIAL,Periodo 2026 - 1S,SEGUNDO SEMESTRE,LEGALIZADA,HABILIDADES PARA LA VIDA,1,0.0,0.0,0.0,0.0,0.0,,41,
57295347,CIENCIA DE DATOS E INTELIGENCIA ARTIFICIAL,Periodo 2026 - 1S,SEGUNDO SEMESTRE,LEGALIZADA,PROBABILIDAD Y ESTADÍSTICA,1,0.0,0.0,0.0,0.0,0.0,,41,
57295347,CIENCIA DE DATOS E INTELIGENCIA ARTIFICIAL,Periodo 2026 - 1S,SEGUNDO SEMESTRE,LEGALIZADA,PROGRAMACIÓN 2,1,0.0,9.28,0.0,0.0,0.0,,41,
80565362,CIENCIA DE DATOS E INTELIGENCIA ARTIFICIAL,Periodo 2025 - 2S,PRIMER SEMESTRE,LEGALIZADA,ÁLGEBRA LINEAL,1,100.0,6.34,8.31,0.0,7.32,APROBADO,41,
80565362,CIENCIA DE DATOS E INTELIGENCIA ARTIFICIAL,Periodo 2025 - 2S,PRIMER SEMESTRE,LEGALIZADA,CÁLCULO EN UNA VARIABLE,1,93.0,5.09,6.37,8.3,7.01,APROBADO,41,
80565362,CIENCIA DE DATOS E INTELIGENCIA ARTIFICIAL,Periodo 2025 - 2S,PRIMER SEMESTRE,LEGALIZADA,COMUNICACIÓN EFECTIVA,1,64.0,7.18,7.29,0.0,7.23,APROBADO,41,
80565362,CIENCIA DE DATOS E INTELIGENCIA ARTIFICIAL,Periodo 2025 - 2S,PRIMER SEMESTRE,LEGALIZADA,FUNDAMENTOS DE METODOLOGÍA DE LA INVESTIGACIÓN,1,69.0,8.9,7.62,0.0,8.26,APROBADO,41,
80565362,CIENCIA DE DATOS E INTELIGENCIA ARTIFICIAL,Periodo 2025 - 2S,PRIMER SEMESTRE,LEGALIZADA,PROGRAMACIÓN 1,1,87.0,4.18,5.93,9.0,7.02,APROBADO,41,
80565362,CIENCIA DE DATOS E INTELIGENCIA ARTIFICIAL,Periodo 2026 - 1S,SEGUNDO SEMESTRE,LEGALIZADA,ESTRUCTURA DE DATOS,1,0.0,7.75,0.0,0.0,0.0,,41,
80565362,CIENCIA DE DATOS E INTELIGENCIA ARTIFICIAL,Periodo 2026 - 1S,SEGUNDO SEMESTRE,LEGALIZADA,FUNDAMENTOS DE CIENCIA DE DATOS E INTELIGENCIA ARTIFICIAL,1,0.0,0.0,0.0,0.0,0.0,,41,
80565362,CIENCIA DE DATOS E INTELIGENCIA ARTIFICIAL,Periodo 2026 - 1S,SEGUNDO SEMESTRE,LEGALIZADA,HABILIDADES PARA LA VIDA,1,0.0,0.0,0.0,0.0,0.0,,41,
80565362,CIENCIA DE DATOS E INTELIGENCIA ARTIFICIAL,Periodo 2026 - 1S,SEGUNDO SEMESTRE,LEGALIZADA,PROBABILIDAD Y ESTADÍSTICA,1,0.0,0.0,0.0,0.0,0.0,,41,
80565362,CIENCIA DE DATOS E INTELIGENCIA ARTIFICIAL,Periodo 2026 - 1S,SEGUNDO SEMESTRE,LEGALIZADA,PROGRAMACIÓN 2,1,0.0,7.82,0.0,0.0,0.0,,41,
